Cod_IBGE,Região,UF,Município,Cadinsan_absoluto_com_PBF,Cadinsan_absoluto_sem_PBF,Cadastros_Cadunico,Cadinsan_proporcional_com_PBF,Cadinsan_proporcional_sem_PBF
3304557,Sudeste,Rio de Janeiro,Rio de Janeiro,97708,144648,521373,"18,7%","27,7%"
3550308,Sudeste,São Paulo,São Paulo,81179,119251,724672,"11,2%","16,5%"
2927408,Nordeste,Bahia,Salvador,57160,76754,292251,"19,6%","26,3%"
1302603,Norte,Amazonas,Manaus,51682,158736,257490,"20,1%","61,6%"
1501402,Norte,Pará,Belém,45879,104488,178059,"25,8%","58,7%"
2304400,Nordeste,Ceará,Fortaleza,44890,43139,297358,"15,1%","14,5%"
3303500,Sudeste,Rio de Janeiro,Nova Iguaçu,26041,35069,125840,"20,7%","27,9%"
5300108,Centro-Oeste,Distrito Federal,Brasília,21632,24544,204511,"10,6%","12,0%"
3301702,Sudeste,Rio de Janeiro,Duque de Caxias,19454,33206,115682,"16,8%","28,7%"
2611606,Nordeste,Pernambuco,Recife,19107,38701,157438,"12,1%","24,6%"
3300456,Sudeste,Rio de Janeiro,Belford Roxo,17156,24187,76506,"22,4%","31,6%"
3106200,Sudeste,Minas Gerais,Belo Horizonte,16819,23234,126550,"13,3%","18,4%"
2704302,Nordeste,Alagoas,Maceió,16039,26126,110102,"14,6%","23,7%"
2607901,Nordeste,Pernambuco,Jaboatão dos Guararapes,15538,24594,88586,"17,5%","27,8%"
3304904,Sudeste,Rio de Janeiro,São Gonçalo,14377,20406,80896,"17,8%","25,2%"
2111300,Nordeste,Maranhão,São Luís,13794,30439,124185,"11,1%","24,5%"
2507507,Nordeste,Paraíba,João Pessoa,11585,16673,82648,"14,0%","20,2%"
4314902,Sul,Rio Grande do Sul,Porto Alegre,11558,13090,101007,"11,4%","13,0%"
2211001,Nordeste,Piauí,Teresina,11510,11454,88516,"13,0%","12,9%"
3518800,Sudeste,São Paulo,Guarulhos,11389,18529,101281,"11,2%","18,3%"
1600303,Norte,Amapá,Macapá,9358,31405,61153,"15,3%","51,4%"
1506807,Norte,Pará,Santarém,9271,33062,60388,"15,4%","54,7%"
2800308,Nordeste,Sergipe,Aracaju,9165,14116,62080,"14,8%","22,7%"
1100205,Norte,Rondônia,Porto Velho,9097,26697,59567,"15,3%","44,8%"
5208707,Centro-Oeste,Goiás,Goiânia,9097,15182,94998,"9,6%","16,0%"
5002704,Centro-Oeste,Mato Grosso do Sul,Campo Grande,9031,10949,77673,"11,6%","14,1%"
2910800,Nordeste,Bahia,Feira de Santana,8576,18740,80100,"10,7%","23,4%"
1500107,Norte,Pará,Abaetetuba,8469,17363,30926,"27,4%","56,1%"
3303302,Sudeste,Rio de Janeiro,Niterói,8431,11641,42200,"20,0%","27,6%"
2609600,Nordeste,Pernambuco,Olinda,8352,16301,56469,"14,8%","28,9%"
2303709,Nordeste,Ceará,Caucaia,7891,7818,54885,"14,4%","14,2%"
2408102,Nordeste,Rio Grande do Norte,Natal,7594,7761,52574,"14,4%","14,8%"
3118601,Sudeste,Minas Gerais,Contagem,7368,9283,46022,"16,0%","20,2%"
3302502,Sudeste,Rio de Janeiro,Magé,7161,9724,37082,"19,3%","26,2%"
3305109,Sudeste,Rio de Janeiro,São João de Meriti,6709,9174,36450,"18,4%","25,2%"
3301009,Sudeste,Rio de Janeiro,Campos dos Goytacazes,6550,10563,46993,"13,9%","22,5%"
2610707,Nordeste,Pernambuco,Paulista,6382,12142,47191,"13,5%","25,7%"
2604106,Nordeste,Pernambuco,Caruaru,6065,11372,63798,"9,5%","17,8%"
5103403,Centro-Oeste,Mato Grosso,Cuiabá,5994,8551,56280,"10,7%","15,2%"
3509502,Sudeste,São Paulo,Campinas,5976,10339,64535,"9,3%","16,0%"
1721000,Norte,Tocantins,Palmas,5973,12347,31517,"19,0%","39,2%"
3205002,Sudeste,Espírito Santo,Serra,5701,7553,43824,"13,0%","17,2%"
5108402,Centro-Oeste,Mato Grosso,Várzea Grande,5443,10338,43894,"12,4%","23,6%"
3201308,Sudeste,Espírito Santo,Cariacica,5396,7397,39956,"13,5%","18,5%"
3301900,Sudeste,Rio de Janeiro,Itaboraí,5364,7274,29403,"18,2%","24,7%"
3547809,Sudeste,São Paulo,Santo André,5199,6497,38020,"13,7%","17,1%"
4106902,Sul,Paraná,Curitiba,5174,8957,74714,"6,9%","12,0%"
2905701,Nordeste,Bahia,Camaçari,5159,10991,40097,"12,9%","27,4%"
3534401,Sudeste,São Paulo,Osasco,5064,7132,42987,"11,8%","16,6%"
1200401,Norte,Acre,Rio Branco,4957,16465,40606,"12,2%","40,5%"
2933307,Nordeste,Bahia,Vitória da Con- quista,4912,8226,49953,"9,8%","16,5%"
3154606,Sudeste,Minas Gerais,Ribeirão das Neves,4767,5733,29298,"16,3%","19,6%"
1400100,Norte,Roraima,Boa Vista,4715,15973,34477,"13,7%","46,3%"
1500800,Norte,Pará,Ananindeua,4641,27793,49572,"9,4%","56,1%"
3523107,Sudeste,São Paulo,Itaquaquece- tuba,4519,7098,37305,"12,1%","19,0%"
3548708,Sudeste,São Paulo,São Bernardo do Campo,4445,6244,39274,"11,3%","15,9%"
2504009,Nordeste,Paraíba,Campina Grande,4332,10182,44145,"9,8%","23,1%"
1502103,Norte,Pará,Cametá,4319,12643,20240,"21,3%","62,5%"
2611101,Nordeste,Pernambuco,Petrolina,4285,4658,46218,"9,3%","10,1%"
2307650,Nordeste,Ceará,Maracanaú,4162,3615,30838,"13,5%","11,7%"
3515004,Sudeste,São Paulo,Embu das Artes,4157,6709,30084,"13,8%","22,3%"
2919207,Nordeste,Bahia,Lauro de Freitas,4141,2549,22716,"18,2%","11,2%"
2604007,Nordeste,Pernambuco,Carpina,4127,4117,17963,"23,0%","22,9%"
3302858,Sudeste,Rio de Janeiro,Mesquita,4103,5829,20997,"19,5%","27,8%"
2900702,Nordeste,Bahia,Alagoinhas,3941,4333,23689,"16,6%","18,3%"
2408003,Nordeste,Rio Grande do Norte,Mossoró,3919,6510,33645,"11,6%","19,3%"
4304606,Sul,Rio Grande do Sul,Canoas,3900,5007,50340,"7,7%","9,9%"
3549904,Sudeste,São Paulo,São José dos Campos,3881,5172,41892,"9,3%","12,3%"
2918407,Nordeste,Bahia,Juazeiro,3876,4348,31103,"12,5%","14,0%"
1504422,Norte,Pará,Marituba,3825,7166,16681,"22,9%","43,0%"
3510609,Sudeste,São Paulo,Carapicuíba,3792,4731,28671,"13,2%","16,5%"
3304144,Sudeste,Rio de Janeiro,Queimados,3761,5092,19159,"19,6%","26,6%"
3205200,Sudeste,Espírito Santo,Vila Velha,3741,5194,29814,"12,5%","17,4%"
2606002,Nordeste,Pernambuco,Garanhuns,3534,5526,25835,"13,7%","21,4%"
3300704,Sudeste,Rio de Janeiro,Cabo Frio,3438,4838,23514,"14,6%","20,6%"
1300300,Norte,Amazonas,Autazes,3429,7945,11286,"30,4%","70,4%"
3551009,Sudeste,São Paulo,São Vicente,3413,4639,22822,"15,0%","20,3%"
3136702,Sudeste,Minas Gerais,Juiz de Fora,3381,4522,34782,"9,7%","13,0%"
3106705,Sudeste,Minas Gerais,Betim,3372,5972,32485,"10,4%","18,4%"
3302403,Sudeste,Rio de Janeiro,Macaé,3338,4926,22209,"15,0%","22,2%"
3205309,Sudeste,Espírito Santo,Vitória,3293,3947,20925,"15,7%","18,9%"
2602902,Nordeste,Pernambuco,Cabo de Santo Agostinho,3167,5521,27801,"11,4%","19,9%"
2930709,Nordeste,Bahia,Simões Filho,3077,6124,18149,"17,0%","33,7%"
5200258,Centro-Oeste,Goiás,Águas Lindas de Goiás,3068,4927,25697,"11,9%","19,2%"
4113700,Sul,Paraná,Londrina,3045,3930,29822,"10,2%","13,2%"
3530607,Sudeste,São Paulo,Mogi das Cruzes,3041,4251,30251,"10,1%","14,1%"
1600600,Norte,Amapá,Santana,3022,11434,20989,"14,4%","54,5%"
3170206,Sudeste,Minas Gerais,Uberlândia,3018,4929,40205,"7,5%","12,3%"
3552205,Sudeste,São Paulo,Sorocaba,3006,5208,38752,"7,8%","13,4%"
5212501,Centro-Oeste,Goiás,Luziânia,2937,5220,27472,"10,7%","19,0%"
2610905,Nordeste,Pernambuco,Pesqueira,2929,3701,14363,"20,4%","25,8%"
3306305,Sudeste,Rio de Janeiro,Volta Redonda,2900,3345,20688,"14,0%","16,2%"
3302270,Sudeste,Rio de Janeiro,Japeri,2890,3437,12845,"22,5%","26,8%"
1503606,Norte,Pará,Itaituba,2882,8302,17294,"16,7%","48,0%"
3303906,Sudeste,Rio de Janeiro,Petrópolis,2881,3529,25417,"11,3%","13,9%"
1504208,Norte,Pará,Marabá,2867,14349,28333,"10,1%","50,6%"
4314407,Sul,Rio Grande do Sul,Pelotas,2854,4796,26744,"10,7%","17,9%"
2112209,Nordeste,Maranhão,Timon,2810,5024,23236,"12,1%","21,6%"
3157807,Sudeste,Minas Gerais,Santa Luzia,2761,3424,18945,"14,6%","18,1%"
2403251,Nordeste,Rio Grande do Norte,Parnamirim,2740,4043,22693,"12,1%","17,8%"
2616407,Nordeste,Pernambuco,Vitória de Santo Antão,2713,4221,22873,"11,9%","18,5%"
3302700,Sudeste,Rio de Janeiro,Maricá,2710,3849,27727,"9,8%","13,9%"
2201200,Nordeste,Piauí,Barras,2662,3837,10234,"26,0%","37,5%"
2804805,Nordeste,Sergipe,Nossa Senhora do Socorro,2634,6632,28919,"9,1%","22,9%"
4108304,Sul,Paraná,Foz do Iguaçu,2617,3788,26104,"10,0%","14,5%"
1500602,Norte,Pará,Altamira,2616,5779,14656,"17,8%","39,4%"
3522208,Sudeste,São Paulo,Itapecerica da Serra,2588,3849,18400,"14,1%","20,9%"
2930501,Nordeste,Bahia,Serrinha,2545,3525,17086,"14,9%","20,6%"
3552809,Sudeste,São Paulo,Taboão da Serra,2503,3217,19689,"12,7%","16,3%"
3516309,Sudeste,São Paulo,Francisco Morato,2499,3108,18250,"13,7%","17,0%"
3529401,Sudeste,São Paulo,Mauá,2496,3609,18446,"13,5%","19,6%"
2603454,Nordeste,Pernambuco,Camaragibe,2482,4916,20364,"12,2%","24,1%"
3305802,Sudeste,Rio de Janeiro,Teresópolis,2454,3717,19267,"12,7%","19,3%"
2307304,Nordeste,Ceará,Juazeiro do Norte,2452,7745,38659,"6,3%","20,0%"
3513801,Sudeste,São Paulo,Diadema,2448,3810,25424,"9,6%","15,0%"
3543402,Sudeste,São Paulo,Ribeirão Preto,2447,3345,27194,"9,0%","12,3%"
3300209,Sudeste,Rio de Janeiro,Araruama,2432,3806,17125,"14,2%","22,2%"
1600501,Norte,Amapá,Oiapoque,2429,5572,7364,"33,0%","75,7%"
2103208,Nordeste,Maranhão,Chapadinha,2418,5168,16472,"14,7%","31,4%"
3300100,Sudeste,Rio de Janeiro,Angra dos Reis,2411,3013,18691,"12,9%","16,1%"
2601904,Nordeste,Pernambuco,Bezerros,2393,5782,16406,"14,6%","35,2%"
1302405,Norte,Amazonas,Lábrea,2380,4268,10415,"22,9%","41,0%"
2706307,Nordeste,Alagoas,Palmeira dos Índios,2372,4143,13233,"17,9%","31,3%"
2607208,Nordeste,Pernambuco,Ipojuca,2369,4622,17367,"13,6%","26,6%"
1501709,Norte,Pará,Bragança,2368,12086,19811,"12,0%","61,0%"
3552502,Sudeste,São Paulo,Suzano,2368,5021,25357,"9,3%","19,8%"
3143302,Sudeste,Minas Gerais,Montes Claros,2332,6165,40139,"5,8%","15,4%"
2105302,Nordeste,Maranhão,Imperatriz,2317,5410,32182,"7,2%","16,8%"
2501807,Nordeste,Paraíba,Bayeux,2312,2569,15602,"14,8%","16,5%"
2924009,Nordeste,Bahia,Paulo Afonso,2309,4835,18017,"12,8%","26,8%"
2921500,Nordeste,Bahia,Monte Santo,2298,2592,12421,"18,5%","20,9%"
3505708,Sudeste,São Paulo,Barueri,2280,3345,20532,"11,1%","16,3%"
2925303,Nordeste,Bahia,Porto Seguro,2279,3888,23827,"9,6%","16,3%"
3302007,Sudeste,Rio de Janeiro,Itaguaí,2276,3180,15024,"15,1%","21,2%"
2914802,Nordeste,Bahia,Itabuna,2262,4269,24446,"9,3%","17,5%"
2933208,Nordeste,Bahia,Vera Cruz,2244,3308,10853,"20,7%","30,5%"
2606804,Nordeste,Pernambuco,Igarassu,2243,3551,18564,"12,1%","19,1%"
3518701,Sudeste,São Paulo,Guarujá,2243,3121,16449,"13,6%","19,0%"
2307700,Nordeste,Ceará,Maranguape,2214,2341,20071,"11,0%","11,7%"
2700300,Nordeste,Alagoas,Arapiraca,2200,2193,22374,"9,8%","9,8%"
1505205,Norte,Pará,Oeiras do Pará,2173,5175,8472,"25,6%","61,1%"
2603009,Nordeste,Pernambuco,Cabrobó,2147,2099,8566,"25,1%","24,5%"
1508308,Norte,Pará,Viseu,2142,7609,9907,"21,6%","76,8%"
2600054,Nordeste,Pernambuco,Abreu e Lima,2088,2802,18653,"11,2%","15,0%"
3304524,Sudeste,Rio de Janeiro,Rio das Ostras,2073,2944,14980,"13,8%","19,7%"
3131307,Sudeste,Minas Gerais,Ipatinga,2069,2870,16770,"12,3%","17,1%"
2903201,Nordeste,Bahia,Barreiras,2063,4755,21282,"9,7%","22,3%"
2513703,Nordeste,Paraíba,Santa Rita,2052,4857,21286,"9,6%","22,8%"
2311306,Nordeste,Ceará,Quixadá,2046,5370,21373,"9,6%","25,1%"
3167202,Sudeste,Minas Gerais,Sete Lagoas,2045,2627,14972,"13,7%","17,5%"
2304202,Nordeste,Ceará,Crato,2040,3098,19292,"10,6%","16,1%"
5201405,Centro-Oeste,Goiás,Aparecida de Goiânia,2019,3094,34351,"5,9%","9,0%"
3548500,Sudeste,São Paulo,Santos,2016,2533,15179,"13,3%","16,7%"
2918001,Nordeste,Bahia,Jequié,2004,4984,24809,"8,1%","20,1%"
1504802,Norte,Pará,Monte Alegre,1996,8534,11604,"17,2%","73,5%"
2913606,Nordeste,Bahia,Ilhéus,1988,6217,28042,"7,1%","22,2%"
2807105,Nordeste,Sergipe,Simão Dias,1982,3410,11263,"17,6%","30,3%"
2609402,Nordeste,Pernambuco,Moreno,1975,1882,12510,"15,8%","15,0%"
2613701,Nordeste,Pernambuco,São Lourenço da Mata,1974,2069,16097,"12,3%","12,9%"
1505536,Norte,Pará,Parauapebas,1971,11300,22904,"8,6%","49,3%"
2606408,Nordeste,Pernambuco,Gravatá,1960,3858,18237,"10,7%","21,2%"
2503704,Nordeste,Paraíba,Cajazeiras,1959,417,11866,"16,5%","3,5%"
3127701,Sudeste,Minas Gerais,Governador Valadares,1959,2886,19710,"9,9%","14,6%"
2612604,Nordeste,Pernambuco,Santa Maria da Boa Vista,1955,2503,10002,"19,5%","25,0%"
2602803,Nordeste,Pernambuco,Buíque,1937,3251,10410,"18,6%","31,2%"
4315602,Sul,Rio Grande do Sul,Rio Grande,1933,3762,24495,"7,9%","15,4%"
1504604,Norte,Pará,Mocajuba,1929,4918,8198,"23,5%","60,0%"
5219753,Centro-Oeste,Goiás,Santo Antônio do Descoberto,1921,2718,12219,"15,7%","22,2%"
1505106,Norte,Pará,Óbidos,1913,5256,9814,"19,5%","53,6%"
2928604,Nordeste,Bahia,Santo Amaro,1911,2099,10904,"17,5%","19,2%"
1508035,Norte,Pará,Tracuateua,1909,3914,6920,"27,6%","56,6%"
2101202,Nordeste,Maranhão,Bacabal,1905,4477,17768,"10,7%","25,2%"
3304300,Sudeste,Rio de Janeiro,Rio Bonito,1896,2270,8309,"22,8%","27,3%"
3516408,Sudeste,São Paulo,Franco da Rocha,1882,2350,13032,"14,4%","18,0%"
1301852,Norte,Amazonas,Iranduba,1880,7661,14162,"13,3%","54,1%"
1500909,Norte,Pará,Augusto Corrêa,1853,3930,7785,"23,8%","50,5%"
3305505,Sudeste,Rio de Janeiro,Saquarema,1837,2652,13984,"13,1%","19,0%"
2914505,Nordeste,Bahia,Irará,1828,1578,7133,"25,6%","22,1%"
1302900,Norte,Amazonas,Maués,1827,6865,10881,"16,8%","63,1%"
3300407,Sudeste,Rio de Janeiro,Barra Mansa,1827,2075,11607,"15,7%","17,9%"
2919553,Nordeste,Bahia,Luís Eduardo Magalhães,1824,1587,14036,"13,0%","11,3%"
1508209,Norte,Pará,Vigia,1819,6682,11157,"16,3%","59,9%"
2612505,Nordeste,Pernambuco,Santa Cruz do Capibaribe,1813,5785,22658,"8,0%","25,5%"
3301850,Sudeste,Rio de Janeiro,Guapimirim,1806,1974,9108,"19,8%","21,7%"
2412005,Nordeste,Rio Grande do Norte,São Gonçalo do Amarante,1805,2598,16645,"10,8%","15,6%"
3541000,Sudeste,São Paulo,Praia Grande,1796,2622,17716,"10,1%","14,8%"
1400175,Norte,Roraima,Cantá,1794,2958,5651,"31,7%","52,3%"
2610004,Nordeste,Pernambuco,Palmares,1789,963,12071,"14,8%","8,0%"
2916401,Nordeste,Bahia,Itapetinga,1781,3674,15257,"11,7%","24,1%"
2610608,Nordeste,Pernambuco,Paudalho,1767,1254,13121,"13,5%","9,6%"
2906501,Nordeste,Bahia,Candeias,1766,2507,11323,"15,6%","22,1%"
3306008,Sudeste,Rio de Janeiro,Três Rios,1764,2216,10358,"17,0%","21,4%"
1506005,Norte,Pará,Prainha,1748,3465,7098,"24,6%","48,8%"
2516201,Nordeste,Paraíba,Sousa,1744,723,12549,"13,9%","5,8%"
2928703,Nordeste,Bahia,Santo Antônio de Jesus,1740,3531,12766,"13,6%","27,7%"
3204906,Sudeste,Espírito Santo,São Mateus,1740,3238,17199,"10,1%","18,8%"
2111201,Nordeste,Maranhão,São José de Ribamar,1739,4668,22092,"7,9%","21,1%"
2910701,Nordeste,Bahia,Euclides da Cunha,1731,2525,11740,"14,7%","21,5%"
3515707,Sudeste,São Paulo,Ferraz de Vas- concelos,1727,2214,13155,"13,1%","16,8%"
1501808,Norte,Pará,Breves,1709,9687,18298,"9,3%","52,9%"
2909802,Nordeste,Bahia,Cruz das Almas,1709,2015,11404,"15,0%","17,7%"
4205407,Sul,Santa Catarina,Florianópolis,1705,2081,20585,"8,3%","10,1%"
1501501,Norte,Pará,Benevides,1693,4664,10246,"16,5%","45,5%"
1504703,Norte,Pará,Moju,1687,7145,12777,"13,2%","55,9%"
3506003,Sudeste,São Paulo,Bauru,1683,2918,23482,"7,2%","12,4%"
3549805,Sudeste,São Paulo,São José do Rio Preto,1670,2734,21157,"7,9%","12,9%"
2609154,Nordeste,Pernambuco,Manari,1669,2163,5650,"29,5%","38,3%"
2305407,Nordeste,Ceará,Icó,1668,2532,9091,"18,3%","27,9%"
3522109,Sudeste,São Paulo,Itanhaém,1665,2259,12653,"13,2%","17,9%"
2314102,Nordeste,Ceará,Viçosa do Ceará,1660,3479,13422,"12,4%","25,9%"
4115200,Sul,Paraná,Maringá,1653,2099,23807,"6,9%","8,8%"
3171204,Sudeste,Minas Gerais,Vespasiano,1648,2130,11016,"15,0%","19,3%"
3168606,Sudeste,Minas Gerais,Teófilo Otoni,1626,2536,14985,"10,9%","16,9%"
1702109,Norte,Tocantins,Araguaína,1624,6442,18752,"8,7%","34,4%"
2207009,Nordeste,Piauí,Oeiras,1597,3532,9084,"17,6%","38,9%"
4318705,Sul,Rio Grande do Sul,São Leopoldo,1594,2334,21038,"7,6%","11,1%"
3526902,Sudeste,São Paulo,Limeira,1593,1808,16567,"9,6%","10,9%"
1505486,Norte,Pará,Pacajá,1590,3393,7961,"20,0%","42,6%"
2931350,Nordeste,Bahia,Teixeira de Freitas,1581,2980,17412,"9,1%","17,1%"
2914703,Nordeste,Bahia,Itaberaba,1577,3444,13196,"12,0%","26,1%"
2202208,Nordeste,Piauí,Campo Maior,1574,2500,9170,"17,2%","27,3%"
2606200,Nordeste,Pernambuco,Goiana,1572,2174,12867,"12,2%","16,9%"
5218805,Centro-Oeste,Goiás,Rio Verde,1558,2109,16938,"9,2%","12,5%"
2607000,Nordeste,Pernambuco,Inajá,1549,887,6520,"23,8%","13,6%"
2601409,Nordeste,Pernambuco,Barreiros,1546,1804,9719,"15,9%","18,6%"
2914604,Nordeste,Bahia,Irecê,1538,2653,12368,"12,4%","21,5%"
3539806,Sudeste,São Paulo,Poá,1535,1768,10644,"14,4%","16,6%"
1502400,Norte,Pará,Castanhal,1524,9634,19518,"7,8%","49,4%"
3522505,Sudeste,São Paulo,Itapevi,1522,2491,16776,"9,1%","14,8%"
1100023,Norte,Rondônia,Ariquemes,1521,3994,11782,"12,9%","33,9%"
2920601,Nordeste,Bahia,Maragogipe,1519,3196,7990,"19,0%","40,0%"
3201209,Sudeste,Espírito Santo,Cachoeiro de Itapemirim,1517,2231,14349,"10,6%","15,5%"
5205497,Centro-Oeste,Goiás,Cidade Oci- dental,1511,2226,13023,"11,6%","17,1%"
1400308,Norte,Roraima,Mucajaí,1510,2760,5150,"29,3%","53,6%"
2906006,Nordeste,Bahia,Campo Formoso,1506,4254,16648,"9,0%","25,6%"
2907202,Nordeste,Bahia,Casa Nova,1503,3444,11446,"13,1%","30,1%"
3513009,Sudeste,São Paulo,Cotia,1500,1894,13868,"10,8%","13,7%"
1502905,Norte,Pará,Curuçá,1496,3511,7505,"19,9%","46,8%"
4309209,Sul,Rio Grande do Sul,Gravataí,1494,2868,19458,"7,7%","14,7%"
1502152,Norte,Pará,Canaã dos Carajás,1489,4516,11147,"13,4%","40,5%"
5201108,Centro-Oeste,Goiás,Anápolis,1489,2116,23547,"6,3%","9,0%"
2503209,Nordeste,Paraíba,Cabedelo,1488,257,8790,"16,9%","2,9%"
1302504,Norte,Amazonas,Manacapuru,1487,10331,16318,"9,1%","63,3%"
1502301,Norte,Pará,Capitão Poço,1484,7748,11007,"13,5%","70,4%"
3519071,Sudeste,São Paulo,Hortolândia,1484,1939,13086,"11,3%","14,8%"
3552403,Sudeste,São Paulo,Sumaré,1483,2161,14262,"10,4%","15,2%"
2917508,Nordeste,Bahia,Jacobina,1482,3125,11184,"13,3%","27,9%"
2911709,Nordeste,Bahia,Guanambi,1479,1883,14368,"10,3%","13,1%"
2601201,Nordeste,Pernambuco,Arcoverde,1478,2606,12468,"11,9%","20,9%"
2600500,Nordeste,Pernambuco,Águas Belas,1472,1162,8749,"16,8%","13,3%"
1600279,Norte,Amapá,Laranjal do Jari,1470,4592,8155,"18,0%","56,3%"
5003207,Centro-Oeste,Mato Grosso do Sul,Corumbá,1470,2739,16363,"9,0%","16,7%"
2910727,Nordeste,Bahia,Eunápolis,1459,1969,16161,"9,0%","12,2%"
1505700,Norte,Pará,Ponta de Pedras,1450,3551,5674,"25,6%","62,6%"
2407104,Nordeste,Rio Grande do Norte,Macaíba,1432,2463,14794,"9,7%","16,6%"
2604205,Nordeste,Pernambuco,Catende,1429,135,7788,"18,3%","1,7%"
3300803,Sudeste,Rio de Janeiro,Cachoeiras de Macacu,1424,2169,8856,"16,1%","24,5%"
1505064,Norte,Pará,Novo Reparti- mento,1420,5557,9530,"14,9%","58,3%"
1504950,Norte,Pará,Nova Esperança do Piriá,1416,2537,5051,"28,0%","50,2%"
2930204,Nordeste,Bahia,Sento Sé,1412,2292,7943,"17,8%","28,9%"
3516200,Sudeste,São Paulo,Franca,1405,1826,17243,"8,1%","10,6%"
1303403,Norte,Amazonas,Parintins,1396,11524,18044,"7,7%","63,9%"
2930105,Nordeste,Bahia,Senhor do Bonfim,1386,3426,15464,"9,0%","22,2%"
4316907,Sul,Rio Grande do Sul,Santa Maria,1383,2785,19702,"7,0%","14,1%"
4105805,Sul,Paraná,Colombo,1382,2322,19873,"7,0%","11,7%"
2706703,Nordeste,Alagoas,Penedo,1374,1845,11940,"11,5%","15,5%"
5107602,Centro-Oeste,Mato Grosso,Rondonópolis,1373,2642,25606,"5,4%","10,3%"
1301704,Norte,Amazonas,Humaitá,1362,5828,10232,"13,3%","57,0%"
4323002,Sul,Rio Grande do Sul,Viamão,1355,1702,18538,"7,3%","9,2%"
1200203,Norte,Acre,Cruzeiro do Sul,1353,4682,12103,"11,2%","38,7%"
2312908,Nordeste,Ceará,Sobral,1350,4245,21888,"6,2%","19,4%"
2107605,Nordeste,Maranhão,Palmeirândia,1339,1759,4889,"27,4%","36,0%"
1100122,Norte,Rondônia,Ji-Paraná,1335,3989,12039,"11,1%","33,1%"
2603504,Nordeste,Pernambuco,Camocim de São Félix,1331,102,5834,"22,8%","1,7%"
1501303,Norte,Pará,Barcarena,1330,7824,14411,"9,2%","54,3%"
2515302,Nordeste,Paraíba,Sapé,1327,215,10371,"12,8%","2,1%"
5003702,Centro-Oeste,Mato Grosso do Sul,Dourados,1326,2492,14668,"9,0%","17,0%"
3124104,Sudeste,Minas Gerais,Esmeraldas,1325,2619,11775,"11,3%","22,2%"
1503507,Norte,Pará,Irituia,1324,3523,5947,"22,3%","59,2%"
2932903,Nordeste,Bahia,Valença,1315,2235,11434,"11,5%","19,5%"
1502202,Norte,Pará,Capanema,1311,5545,9581,"13,7%","57,9%"
2103000,Nordeste,Maranhão,Caxias,1300,2043,14291,"9,1%","14,3%"
2312007,Nordeste,Ceará,Santana do Acaraú,1300,1543,4944,"26,3%","31,2%"
2907509,Nordeste,Bahia,Catu,1300,4138,10595,"12,3%","39,1%"
2707701,Nordeste,Alagoas,Rio Largo,1297,2037,13722,"9,5%","14,8%"
4104808,Sul,Paraná,Cascavel,1297,1958,25955,"5,0%","7,5%"
2929206,Nordeste,Bahia,São Francisco do Conde,1286,576,6552,"19,6%","8,8%"
5221858,Centro-Oeste,Goiás,Valparaíso de Goiás,1265,2015,18499,"6,8%","10,9%"
1500404,Norte,Pará,Alenquer,1263,5067,10208,"12,4%","49,6%"
3305208,Sudeste,Rio de Janeiro,São Pedro da Aldeia,1259,1809,10250,"12,3%","17,6%"
3537602,Sudeste,São Paulo,Peruíbe,1256,1810,8987,"14,0%","20,1%"
1501782,Norte,Pará,Breu Branco,1255,5569,10713,"11,7%","52,0%"
4119905,Sul,Paraná,Ponta Grossa,1254,2004,24051,"5,2%","8,3%"
3554102,Sudeste,São Paulo,Taubaté,1253,2039,14246,"8,8%","14,3%"
2510808,Nordeste,Paraíba,Patos,1249,3004,15044,"8,3%","20,0%"
2914000,Nordeste,Bahia,Ipirá,1248,2769,10728,"11,6%","25,8%"
2802106,Nordeste,Sergipe,Estância,1243,2110,11514,"10,8%","18,3%"
2928406,Nordeste,Bahia,Santa Rita de Cássia,1242,669,8096,"15,3%","8,3%"
1500206,Norte,Pará,Acará,1240,5974,9922,"12,5%","60,2%"
2605301,Nordeste,Pernambuco,Exu,1232,1509,7550,"16,3%","20,0%"
1502756,Norte,Pará,Concórdia do Pará,1231,2727,5540,"22,2%","49,2%"
1507201,Norte,Pará,São Domingos do Capim,1230,3442,5568,"22,1%","61,8%"
1506302,Norte,Pará,Salvaterra,1221,2205,4588,"26,6%","48,1%"
2601706,Nordeste,Pernambuco,Belo Jardim,1221,1646,12630,"9,7%","13,0%"
2605707,Nordeste,Pernambuco,Floresta,1219,1101,6070,"20,1%","18,1%"
3122306,Sudeste,Minas Gerais,Divinópolis,1216,1820,14646,"8,3%","12,4%"
4301602,Sul,Rio Grande do Sul,Bagé,1206,2120,14195,"8,5%","14,9%"
3538709,Sudeste,São Paulo,Piracicaba,1205,2179,17486,"6,9%","12,5%"
2313500,Nordeste,Ceará,Trairi,1200,2280,10382,"11,6%","22,0%"
1507300,Norte,Pará,São Félix do Xingu,1198,4196,8005,"15,0%","52,4%"
3135209,Sudeste,Minas Gerais,Januária,1196,1932,9466,"12,6%","20,4%"
2803500,Nordeste,Sergipe,Lagarto,1191,4972,17339,"6,9%","28,7%"
2302800,Nordeste,Ceará,Canindé,1187,3857,12527,"9,5%","30,8%"
2600302,Nordeste,Pernambuco,Agrestina,1187,253,7205,"16,5%","3,5%"
3170107,Sudeste,Minas Gerais,Uberaba,1186,1568,16023,"7,4%","9,8%"
1304203,Norte,Amazonas,Tefé,1179,8035,11756,"10,0%","68,3%"
2600708,Nordeste,Pernambuco,Aliança,1177,364,8279,"14,2%","4,4%"
1301209,Norte,Amazonas,Coari,1172,7279,9817,"11,9%","74,1%"
2602308,Nordeste,Pernambuco,Bonito,1169,2938,10177,"11,5%","28,9%"
2308708,Nordeste,Ceará,Morada Nova,1168,3029,10562,"11,1%","28,7%"
2906303,Nordeste,Bahia,Canavieiras,1163,993,6375,"18,2%","15,6%"
2806701,Nordeste,Sergipe,São Cristóvão,1161,2815,11834,"9,8%","23,8%"
2904902,Nordeste,Bahia,Cachoeira,1161,1839,6942,"16,7%","26,5%"
3548906,Sudeste,São Paulo,São Carlos,1156,1710,10829,"10,7%","15,8%"
2308609,Nordeste,Ceará,Monsenhor Tabosa,1155,1330,4637,"24,9%","28,7%"
5000609,Centro-Oeste,Mato Grosso do Sul,Amambai,1154,1666,6454,"17,9%","25,8%"
1505304,Norte,Pará,Oriximiná,1153,6528,10859,"10,6%","60,1%"
1506559,Norte,Pará,Santa Luzia do Pará,1149,2829,4188,"27,4%","67,6%"
5006606,Centro-Oeste,Mato Grosso do Sul,Ponta Porã,1145,2182,14702,"7,8%","14,8%"
3506359,Sudeste,São Paulo,Bertioga,1144,1379,7041,"16,2%","19,6%"
4300604,Sul,Rio Grande do Sul,Alvorada,1144,1909,13832,"8,3%","13,8%"
2305506,Nordeste,Ceará,Iguatu,1141,4080,14865,"7,7%","27,4%"
2612208,Nordeste,Pernambuco,Salgueiro,1131,2676,9858,"11,5%","27,1%"
5208004,Centro-Oeste,Goiás,Formosa,1131,2266,11131,"10,2%","20,4%"
2605202,Nordeste,Pernambuco,Escada,1129,2193,9191,"12,3%","23,9%"
2300309,Nordeste,Ceará,Acopiara,1126,1866,7236,"15,6%","25,8%"
4125506,Sul,Paraná,São José dos Pinhais,1125,1854,19866,"5,7%","9,3%"
1200500,Norte,Acre,Sena Madureira,1124,3687,7343,"15,3%","50,2%"
2208809,Nordeste,Piauí,Regeneração,1123,1752,5659,"19,8%","31,0%"
3510500,Sudeste,São Paulo,Caraguatatuba,1122,1626,11133,"10,1%","14,6%"
2208403,Nordeste,Piauí,Piripiri,1121,2869,9746,"11,5%","29,4%"
2312205,Nordeste,Ceará,Santa Quitéria,1115,2182,7875,"14,2%","27,7%"
2706901,Nordeste,Alagoas,Pilar,1112,904,6739,"16,5%","13,4%"
2613008,Nordeste,Pernambuco,São Bento do Una,1111,610,8862,"12,5%","6,9%"
3502804,Sudeste,São Paulo,Araçatuba,1104,1814,11425,"9,7%","15,9%"
2601607,Nordeste,Pernambuco,Belém do São Francisco,1103,1012,5071,"21,8%","20,0%"
1500503,Norte,Pará,Almeirim,1101,2750,5471,"20,1%","50,3%"
5221403,Centro-Oeste,Goiás,Trindade,1099,2213,16693,"6,6%","13,3%"
2103307,Nordeste,Maranhão,Codó,1094,3521,17194,"6,4%","20,5%"
2920106,Nordeste,Bahia,Mairi,1094,318,4400,"24,9%","7,2%"
1303908,Norte,Amazonas,São Paulo de Olivença,1093,4637,5915,"18,5%","78,4%"
2924405,Nordeste,Bahia,Pilão Arcado,1091,654,5590,"19,5%","11,7%"
1503804,Norte,Pará,Jacundá,1088,2673,6255,"17,4%","42,7%"
2607505,Nordeste,Pernambuco,Itaíba,1083,1632,6235,"17,4%","26,2%"
2103703,Nordeste,Maranhão,Cururupu,1082,2229,7210,"15,0%","30,9%"
5001102,Centro-Oeste,Mato Grosso do Sul,Aquidauana,1080,2226,9220,"11,7%","24,1%"
3302601,Sudeste,Rio de Janeiro,Mangaratiba,1079,1207,6111,"17,7%","19,8%"
1503457,Norte,Pará,Ipixuna do Pará,1077,2488,5688,"18,9%","43,7%"
1505502,Norte,Pará,Paragominas,1077,6137,12734,"8,5%","48,2%"
3306107,Sudeste,Rio de Janeiro,Valença,1077,2116,8806,"12,2%","24,0%"
1504307,Norte,Pará,Maracanã,1076,3940,6317,"17,0%","62,4%"
2110500,Nordeste,Maranhão,São Bento,1075,1404,5853,"18,4%","24,0%"
2313104,Nordeste,Ceará,Tabuleiro do Norte,1071,1118,7352,"14,6%","15,2%"
1500859,Norte,Pará,Anapu,1069,2142,5490,"19,5%","39,0%"
2613107,Nordeste,Pernambuco,São Caitano,1069,1322,8427,"12,7%","15,7%"
5101803,Centro-Oeste,Mato Grosso,Barra do Garças,1068,1453,9024,"11,8%","16,1%"
2207702,Nordeste,Piauí,Parnaíba,1066,4172,17574,"6,1%","23,7%"
2908408,Nordeste,Bahia,Conceição do Coité,1065,2824,11805,"9,0%","23,9%"
2506301,Nordeste,Paraíba,Guarabira,1064,834,7953,"13,4%","10,5%"
2613206,Nordeste,Pernambuco,São João,1060,1598,4877,"21,7%","32,8%"
2613909,Nordeste,Pernambuco,Serra Talhada,1055,2274,11860,"8,9%","19,2%"
2913903,Nordeste,Bahia,Ipiaú,1055,1823,8436,"12,5%","21,6%"
3304201,Sudeste,Rio de Janeiro,Resende,1053,1662,11160,"9,4%","14,9%"
3303401,Sudeste,Rio de Janeiro,Nova Friburgo,1052,1598,12691,"8,3%","12,6%"
2612406,Nordeste,Pernambuco,Sanharó,1051,1231,5433,"19,3%","22,7%"
3303609,Sudeste,Rio de Janeiro,Paracambi,1051,2083,6750,"15,6%","30,9%"
1502806,Norte,Pará,Curralinho,1048,3349,5710,"18,4%","58,7%"
2932002,Nordeste,Bahia,Uauá,1042,2080,7548,"13,8%","27,6%"
5217609,Centro-Oeste,Goiás,Planaltina,1042,2556,12830,"8,1%","19,9%"
2112506,Nordeste,Maranhão,Tutóia,1036,2435,8972,"11,5%","27,1%"
3143906,Sudeste,Minas Gerais,Muriaé,1035,1408,10711,"9,7%","13,1%"
1400456,Norte,Roraima,Pacaraima,1031,2418,4095,"25,2%","59,0%"
2601102,Nordeste,Pernambuco,Araripina,1026,2306,14032,"7,3%","16,4%"
2917003,Nordeste,Bahia,Itiúba,1026,1459,6526,"15,7%","22,4%"
1300631,Norte,Amazonas,Beruri,1020,3776,5028,"20,3%","75,1%"
1504455,Norte,Pará,Medicilândia,1017,2467,4517,"22,5%","54,6%"
2614105,Nordeste,Pernambuco,Sertânia,1015,1538,7077,"14,3%","21,7%"
2607604,Nordeste,Pernambuco,Ilha de Itama- racá,1013,254,4844,"20,9%","5,2%"
2908903,Nordeste,Bahia,Coração de Maria,1012,1568,6400,"15,8%","24,5%"
1507953,Norte,Pará,Tailândia,1011,5090,10632,"9,5%","47,9%"
3541406,Sudeste,São Paulo,Presidente Prudente,1006,1617,10446,"9,6%","15,5%"
3129806,Sudeste,Minas Gerais,Ibirité,1005,2200,13818,"7,3%","15,9%"
2704203,Nordeste,Alagoas,Limoeiro de Anadia,1003,1375,5591,"17,9%","24,6%"
2105104,Nordeste,Maranhão,Icatu,1001,1607,4311,"23,2%","37,3%"
2805604,Nordeste,Sergipe,Porto da Folha,1001,1680,5739,"17,4%","29,3%"
2108603,Nordeste,Maranhão,Pinheiro,997,5995,15996,"6,2%","37,5%"
1300607,Norte,Amazonas,Benjamin Constant,996,4839,6411,"15,5%","75,5%"
1505908,Norte,Pará,Porto de Moz,993,3600,7385,"13,4%","48,7%"
1600402,Norte,Amapá,Mazagão,992,3003,4634,"21,4%","64,8%"
1507706,Norte,Pará,São Sebastião da Boa Vista,990,3413,4807,"20,6%","71,0%"
2112803,Nordeste,Maranhão,Viana,988,2182,7923,"12,5%","27,5%"
4314100,Sul,Rio Grande do Sul,Passo Fundo,987,1270,12412,"8,0%","10,2%"
2615607,Nordeste,Pernambuco,Trindade,983,743,7613,"12,9%","9,8%"
4118204,Sul,Paraná,Paranaguá,983,1778,10348,"9,5%","17,2%"
2301000,Nordeste,Ceará,Aquiraz,982,2593,12106,"8,1%","21,4%"
2614501,Nordeste,Pernambuco,Surubim,980,779,9692,"10,1%","8,0%"
2203909,Nordeste,Piauí,Floriano,977,2000,7659,"12,8%","26,1%"
3513504,Sudeste,São Paulo,Cubatão,975,1466,8324,"11,7%","17,6%"
1301605,Norte,Amazonas,Fonte Boa,972,4530,5522,"17,6%","82,0%"
2910057,Nordeste,Bahia,Dias d’Ávila,970,2623,10138,"9,6%","25,9%"
2925204,Nordeste,Bahia,Pojuca,969,336,5088,"19,0%","6,6%"
2807402,Nordeste,Sergipe,Tobias Barreto,961,2792,9732,"9,9%","28,7%"
2307601,Nordeste,Ceará,Limoeiro do Norte,956,1900,9893,"9,7%","19,2%"
2400208,Nordeste,Rio Grande do Norte,Açu,954,2366,10154,"9,4%","23,3%"
3550704,Sudeste,São Paulo,São Sebastião,954,1260,6987,"13,7%","18,0%"
2906709,Nordeste,Bahia,Cândido Sales,949,954,6413,"14,8%","14,9%"
1303007,Norte,Amazonas,Nhamundá,948,3337,4816,"19,7%","69,3%"
2108405,Nordeste,Maranhão,Peri Mirim,947,1554,3281,"28,9%","47,4%"
1508100,Norte,Pará,Tucuruí,939,6455,12618,"7,4%","51,2%"
2907103,Nordeste,Bahia,Carinhanha,934,1365,7318,"12,8%","18,7%"
3303203,Sudeste,Rio de Janeiro,Nilópolis,931,2673,10349,"9,0%","25,8%"
5107958,Centro-Oeste,Mato Grosso,Tangará da Serra,928,1294,9098,"10,2%","14,2%"
2311405,Nordeste,Ceará,Quixeramobim,927,3125,13084,"7,1%","23,9%"
2306405,Nordeste,Ceará,Itapipoca,925,3680,16168,"5,7%","22,8%"
3524402,Sudeste,São Paulo,Jacareí,924,1806,11401,"8,1%","15,8%"
1502004,Norte,Pará,Cachoeira do Arari,923,2307,4084,"22,6%","56,5%"
2605103,Nordeste,Pernambuco,Custódia,923,341,9035,"10,2%","3,8%"
2613503,Nordeste,Pernambuco,São José do Belmonte,922,1245,6563,"14,0%","19,0%"
2912103,Nordeste,Bahia,Ibicaraí,919,728,5842,"15,7%","12,5%"
4119152,Sul,Paraná,Pinhais,919,1387,10272,"8,9%","13,5%"
1304401,Norte,Amazonas,Urucurituba,917,2789,4138,"22,2%","67,4%"
1501907,Norte,Pará,Bujaru,917,2076,4499,"20,4%","46,1%"
2931905,Nordeste,Bahia,Tucano,915,138,11041,"8,3%","1,2%"
1508001,Norte,Pará,Tomé-Açu,914,5691,10816,"8,5%","52,6%"
2931707,Nordeste,Bahia,Terra Nova,913,176,3381,"27,0%","5,2%"
3503208,Sudeste,São Paulo,Araraquara,912,1455,10316,"8,8%","14,1%"
3305554,Sudeste,Rio de Janeiro,Seropédica,911,2104,15252,"6,0%","13,8%"
1720903,Norte,Tocantins,Taguatinga,909,1682,3842,"23,7%","43,8%"
1503705,Norte,Pará,Itupiranga,907,4464,8175,"11,1%","54,6%"
2610806,Nordeste,Pernambuco,Pedra,905,1781,4360,"20,8%","40,8%"
2311801,Nordeste,Ceará,Russas,904,1803,9677,"9,3%","18,6%"
2110203,Nordeste,Maranhão,Santa Rita,901,2264,8038,"11,2%","28,2%"
2915601,Nordeste,Bahia,Itamaraju,896,2087,10613,"8,4%","19,7%"
2600807,Nordeste,Pernambuco,Altinho,891,959,5717,"15,6%","16,8%"
2611705,Nordeste,Pernambuco,Riacho das Almas,891,2365,6933,"12,9%","34,1%"
2608800,Nordeste,Pernambuco,Lajedo,890,2000,6721,"13,2%","29,8%"
1505650,Norte,Pará,Placas,887,2451,4097,"21,6%","59,8%"
2921005,Nordeste,Bahia,Mata de São João,884,1610,7238,"12,2%","22,2%"
1506500,Norte,Pará,Santa Izabel do Pará,883,4112,7718,"11,4%","53,3%"
2918100,Nordeste,Bahia,Jeremoabo,883,2820,8274,"10,7%","34,1%"
2511905,Nordeste,Paraíba,Pitimbu,881,1211,4466,"19,7%","27,1%"
2923704,Nordeste,Bahia,Paratinga,880,1077,5722,"15,4%","18,8%"
1504406,Norte,Pará,Marapanim,879,3198,5179,"17,0%","61,7%"
2106607,Nordeste,Maranhão,Matões,876,1210,5306,"16,5%","22,8%"
2704708,Nordeste,Alagoas,Marechal Deodoro,875,904,7830,"11,2%","11,5%"
4119509,Sul,Paraná,Piraquara,872,1497,10666,"8,2%","14,0%"
2307502,Nordeste,Ceará,Lavras da Man- gabeira,870,1576,6022,"14,4%","26,2%"
1507607,Norte,Pará,São Miguel do Guamá,869,4997,8257,"10,5%","60,5%"
4209102,Sul,Santa Catarina,Joinville,869,1332,16572,"5,2%","8,0%"
2205805,Nordeste,Piauí,Luzilândia,868,1721,5393,"16,1%","31,9%"
2300200,Nordeste,Ceará,Acaraú,868,1830,9079,"9,6%","20,2%"
2302602,Nordeste,Ceará,Camocim,868,2087,9540,"9,1%","21,9%"
1304062,Norte,Amazonas,Tabatinga,867,8150,11107,"7,8%","73,4%"
2108256,Nordeste,Maranhão,Pedro do Ro- sário,867,2036,5594,"15,5%","36,4%"
3119401,Sudeste,Minas Gerais,Coronel Fabri- ciano,866,1301,7571,"11,4%","17,2%"
1200104,Norte,Acre,Brasiléia,862,1675,4051,"21,3%","41,3%"
1508126,Norte,Pará,Ulianópolis,862,1663,4248,"20,3%","39,1%"
2100204,Nordeste,Maranhão,Alcântara,862,1368,4401,"19,6%","31,1%"
5008305,Centro-Oeste,Mato Grosso do Sul,Três Lagoas,862,1526,11506,"7,5%","13,3%"
3538006,Sudeste,São Paulo,Pindamonhan- gaba,861,1421,10653,"8,1%","13,3%"
2305233,Nordeste,Ceará,Horizonte,860,1881,11335,"7,6%","16,6%"
5206206,Centro-Oeste,Goiás,Cristalina,860,1355,7950,"10,8%","17,0%"
3555406,Sudeste,São Paulo,Ubatuba,859,1429,8820,"9,7%","16,2%"
4107652,Sul,Paraná,Fazenda Rio Grande,858,1474,12670,"6,8%","11,6%"
1300904,Norte,Amazonas,Canutama,857,1301,3984,"21,5%","32,7%"
2302404,Nordeste,Ceará,Boa Viagem,856,2027,8197,"10,4%","24,7%"
2803005,Nordeste,Sergipe,Itabaianinha,855,3191,9635,"8,9%","33,1%"
2102200,Nordeste,Maranhão,Buriti,854,1560,5199,"16,4%","30,0%"
1501204,Norte,Pará,Baião,853,3835,5957,"14,3%","64,4%"
2102507,Nordeste,Maranhão,Cajari,853,1308,4227,"20,2%","30,9%"
2805406,Nordeste,Sergipe,Poço Redondo,853,1226,5913,"14,4%","20,7%"
3527207,Sudeste,São Paulo,Lorena,852,1319,6950,"12,3%","19,0%"
1200807,Norte,Acre,Porto Acre,850,2084,4492,"18,9%","46,4%"
2910503,Nordeste,Bahia,Entre Rios,847,1569,5968,"14,2%","26,3%"
2906808,Nordeste,Bahia,Cansanção,846,1032,7499,"11,3%","13,8%"
2911808,Nordeste,Bahia,Guaratinga,843,712,5719,"14,7%","12,4%"
2306256,Nordeste,Ceará,Itaitinga,841,934,7666,"11,0%","12,2%"
2922102,Nordeste,Bahia,Mundo Novo,839,353,3635,"23,1%","9,7%"
3543907,Sudeste,São Paulo,Rio Claro,838,1258,8780,"9,5%","14,3%"
1503200,Norte,Pará,Igarapé-Açu,834,2661,5047,"16,5%","52,7%"
2206209,Nordeste,Piauí,Miguel Alves,834,1734,6627,"12,6%","26,2%"
1503309,Norte,Pará,Igarapé-Miri,833,6433,9941,"8,4%","64,7%"
5215231,Centro-Oeste,Goiás,Novo Gama,832,1608,9730,"8,6%","16,5%"
2902104,Nordeste,Bahia,Araci,830,2474,8305,"10,0%","29,8%"
2607752,Nordeste,Pernambuco,Itapissuma,827,813,4410,"18,8%","18,4%"
2702405,Nordeste,Alagoas,Delmiro Gouveia,825,1196,9113,"9,1%","13,1%"
3134202,Sudeste,Minas Gerais,Ituiutaba,824,1380,11872,"6,9%","11,6%"
2101400,Nordeste,Maranhão,Balsas,823,2287,15034,"5,5%","15,2%"
2303204,Nordeste,Ceará,Caririaçu,821,356,5272,"15,6%","6,8%"
2927309,Nordeste,Bahia,Salinas da Margarida,820,687,4037,"20,3%","17,0%"
2103505,Nordeste,Maranhão,Colinas,819,474,6533,"12,5%","7,3%"
1303106,Norte,Amazonas,Nova Olinda do Norte,818,3430,5983,"13,7%","57,3%"
3300308,Sudeste,Rio de Janeiro,Barra do Piraí,818,1065,6519,"12,5%","16,3%"
2302206,Nordeste,Ceará,Beberibe,815,2078,9076,"9,0%","22,9%"
2608206,Nordeste,Pernambuco,Joaquim Na- buco,814,213,4741,"17,2%","4,5%"
2102903,Nordeste,Maranhão,Carutapera,813,577,4409,"18,4%","13,1%"
4313409,Sul,Rio Grande do Sul,Novo Hamburgo,813,1259,11006,"7,4%","11,4%"
2305803,Nordeste,Ceará,Ipu,811,1875,7793,"10,4%","24,1%"
3515103,Sudeste,São Paulo,Embu-Guaçu,811,1106,8080,"10,0%","13,7%"
5102504,Centro-Oeste,Mato Grosso,Cáceres,811,2137,11218,"7,2%","19,0%"
2928802,Nordeste,Bahia,Santo Estêvão,808,1255,8612,"9,4%","14,6%"
2610202,Nordeste,Pernambuco,Panelas,807,769,4580,"17,6%","16,8%"
3201506,Sudeste,Espírito Santo,Colatina,807,1478,10440,"7,7%","14,2%"
3200607,Sudeste,Espírito Santo,Aracruz,805,1564,10370,"7,8%","15,1%"
2112407,Nordeste,Maranhão,Turiaçu,804,424,6803,"11,8%","6,2%"
2308500,Nordeste,Ceará,Mombaça,803,1406,7205,"11,1%","19,5%"
2909901,Nordeste,Bahia,Curaçá,803,1237,5519,"14,5%","22,4%"
2605905,Nordeste,Pernambuco,Gameleira,798,209,5011,"15,9%","4,2%"
2408300,Nordeste,Rio Grande do Norte,Nova Cruz,794,2151,7315,"10,9%","29,4%"
3302205,Sudeste,Rio de Janeiro,Itaperuna,793,1390,8423,"9,4%","16,5%"
3171303,Sudeste,Minas Gerais,Viçosa,790,1117,5838,"13,5%","19,1%"
2924207,Nordeste,Bahia,Pedro Alexandre,789,1900,4677,"16,9%","40,6%"
2927101,Nordeste,Bahia,Rodelas,789,1156,3027,"26,1%","38,2%"
4322400,Sul,Rio Grande do Sul,Uruguaiana,787,1795,8895,"8,8%","20,2%"
1504505,Norte,Pará,Melgaço,786,2614,4320,"18,2%","60,5%"
2602605,Nordeste,Pernambuco,Brejo da Madre de Deus,786,2112,10736,"7,3%","19,7%"
2616001,Nordeste,Pernambuco,Venturosa,786,1358,4674,"16,8%","29,1%"
2201507,Nordeste,Piauí,Batalha,785,906,5412,"14,5%","16,7%"
2303501,Nordeste,Ceará,Cascavel,785,2478,10552,"7,4%","23,5%"
2613404,Nordeste,Pernambuco,São José da Coroa Grande,784,938,4767,"16,4%","19,7%"
2915007,Nordeste,Bahia,Itaeté,783,473,3860,"20,3%","12,3%"
2211100,Nordeste,Piauí,União,782,450,8566,"9,1%","5,3%"
3105608,Sudeste,Minas Gerais,Barbacena,781,1540,10461,"7,5%","14,7%"
1600535,Norte,Amapá,Porto Grande,780,1828,4390,"17,8%","41,6%"
2707503,Nordeste,Alagoas,Porto Real do Colégio,778,1681,4598,"16,9%","36,6%"
2403608,Nordeste,Rio Grande do Norte,Extremoz,777,1087,8003,"9,7%","13,6%"
5211503,Centro-Oeste,Goiás,Itumbiara,777,1619,10327,"7,5%","15,7%"
1507979,Norte,Pará,Terra Santa,776,3182,4723,"16,4%","67,4%"
1500701,Norte,Pará,Anajás,775,2959,6110,"12,7%","48,4%"
3120904,Sudeste,Minas Gerais,Curvelo,774,1073,7449,"10,4%","14,4%"
2926004,Nordeste,Bahia,Remanso,773,1813,7810,"9,9%","23,2%"
3135100,Sudeste,Minas Gerais,Janaúba,773,1514,9038,"8,6%","16,8%"
2208007,Nordeste,Piauí,Picos,772,3180,10903,"7,1%","29,2%"
2611200,Nordeste,Pernambuco,Poção,772,1093,3570,"21,6%","30,6%"
2109908,Nordeste,Maranhão,Santa Inês,770,1970,11707,"6,6%","16,8%"
2708006,Nordeste,Alagoas,Santana do Ipanema,769,1667,7491,"10,3%","22,3%"
3156700,Sudeste,Minas Gerais,Sabará,768,1583,8848,"8,7%","17,9%"
2933604,Nordeste,Bahia,Xique-Xique,763,2631,9761,"7,8%","27,0%"
2607307,Nordeste,Pernambuco,Ipubi,760,1107,6004,"12,7%","18,4%"
1303809,Norte,Amazonas,São Gabriel da Cachoeira,759,5818,6937,"10,9%","83,9%"
2200509,Nordeste,Piauí,Amarante,759,1249,4170,"18,2%","30,0%"
1506187,Norte,Pará,Rondon do Pará,753,2477,5353,"14,1%","46,3%"
2607653,Nordeste,Pernambuco,Itambé,750,995,6628,"11,3%","15,0%"
3509205,Sudeste,São Paulo,Cajamar,750,1023,7200,"10,4%","14,2%"
2916104,Nordeste,Bahia,Itaparica,749,628,3845,"19,5%","16,3%"
3547304,Sudeste,São Paulo,Santana de Parnaíba,749,1229,7732,"9,7%","15,9%"
1501956,Norte,Pará,Cachoeira do Piriá,748,3057,4010,"18,7%","76,2%"
3107307,Sudeste,Minas Gerais,Bocaiúva,743,1194,6230,"11,9%","19,2%"
3201605,Sudeste,Espírito Santo,Conceição da Barra,743,1442,6203,"12,0%","23,2%"
1400159,Norte,Roraima,Bonfim,740,1235,2730,"27,1%","45,2%"
5003157,Centro-Oeste,Mato Grosso do Sul,Coronel Sapu- caia,740,1003,4278,"17,3%","23,4%"
1301506,Norte,Amazonas,Envira,738,1135,4261,"17,3%","26,6%"
3138203,Sudeste,Minas Gerais,Lavras,738,1330,9421,"7,8%","14,1%"
4306767,Sul,Rio Grande do Sul,Eldorado do Sul,736,1096,9282,"7,9%","11,8%"
1301001,Norte,Amazonas,Carauari,734,2224,5128,"14,3%","43,4%"
1302306,Norte,Amazonas,Jutaí,734,4018,5309,"13,8%","75,7%"
2924801,Nordeste,Bahia,Piritiba,734,939,3630,"20,2%","25,9%"
2313351,Nordeste,Ceará,Tejuçuoca,732,487,3297,"22,2%","14,8%"
1507003,Norte,Pará,Santo Antônio do Tauá,730,3124,6033,"12,1%","51,8%"
2401008,Nordeste,Rio Grande do Norte,Apodi,730,865,6656,"11,0%","13,0%"
2100055,Nordeste,Maranhão,Açailândia,729,1383,14147,"5,2%","9,8%"
1505403,Norte,Pará,Ourém,728,2007,3738,"19,5%","53,7%"
2302107,Nordeste,Ceará,Baturité,728,1691,5874,"12,4%","28,8%"
2506806,Nordeste,Paraíba,Ingá,728,618,4203,"17,3%","14,7%"
2310506,Nordeste,Ceará,Pedra Branca,726,2394,9195,"7,9%","26,0%"
1504059,Norte,Pará,Mãe do Rio,724,4496,7119,"10,2%","63,2%"
2103125,Nordeste,Maranhão,Central do Maranhão,724,457,2293,"31,6%","19,9%"
1100049,Norte,Rondônia,Cacoal,723,2291,8228,"8,8%","27,8%"
2208304,Nordeste,Piauí,Piracuruca,723,686,4266,"16,9%","16,1%"
2928000,Nordeste,Bahia,Santaluz,723,1765,7151,"10,1%","24,7%"
2509701,Nordeste,Paraíba,Monteiro,719,2712,8826,"8,1%","30,7%"
2917805,Nordeste,Bahia,Jaguaripe,718,845,4048,"17,7%","20,9%"
2905909,Nordeste,Bahia,Campo Alegre de Lourdes,715,572,4283,"16,7%","13,4%"
4305108,Sul,Rio Grande do Sul,Caxias do Sul,715,1244,11887,"6,0%","10,5%"
4104303,Sul,Paraná,Campo Mourão,714,1034,8795,"8,1%","11,8%"
3551702,Sudeste,São Paulo,Sertãozinho,712,1011,6913,"10,3%","14,6%"
4118402,Sul,Paraná,Paranavaí,711,1058,6814,"10,4%","15,5%"
2106508,Nordeste,Maranhão,Matinha,709,1046,4384,"16,2%","23,9%"
1500305,Norte,Pará,Afuá,708,4596,6982,"10,1%","65,8%"
4309308,Sul,Rio Grande do Sul,Guaíba,708,939,11295,"6,3%","8,3%"
2605400,Nordeste,Pernambuco,Feira Nova,705,1806,5020,"14,0%","36,0%"
2611309,Nordeste,Pernambuco,Pombos,705,928,5145,"13,7%","18,0%"
3503901,Sudeste,São Paulo,Arujá,704,1070,8482,"8,3%","12,6%"
3523909,Sudeste,São Paulo,Itu,703,1175,10581,"6,6%","11,1%"
2602001,Nordeste,Pernambuco,Bodocó,702,1391,6593,"10,6%","21,1%"
5005707,Centro-Oeste,Mato Grosso do Sul,Naviraí,702,877,5831,"12,0%","15,0%"
5205109,Centro-Oeste,Goiás,Catalão,702,791,6943,"10,1%","11,4%"
4109401,Sul,Paraná,Guarapuava,701,1560,18025,"3,9%","8,7%"
1300102,Norte,Amazonas,Anori,699,2426,3374,"20,7%","71,9%"
2611002,Nordeste,Pernambuco,Petrolândia,699,1229,5738,"12,2%","21,4%"
2101608,Nordeste,Maranhão,Barra do Corda,698,3119,12786,"5,5%","24,4%"
3157005,Sudeste,Minas Gerais,Salinas,698,1122,5176,"13,5%","21,7%"
3529005,Sudeste,São Paulo,Marília,697,1155,9288,"7,5%","12,4%"
2306603,Nordeste,Ceará,Itatira,696,275,3818,"18,2%","7,2%"
2107506,Nordeste,Maranhão,Paço do Lumiar,695,2365,14896,"4,7%","15,9%"
4209300,Sul,Santa Catarina,Lages,695,1041,10528,"6,6%","9,9%"
1301902,Norte,Amazonas,Itacoatiara,693,7031,12849,"5,4%","54,7%"
2613602,Nordeste,Pernambuco,São José do Egito,693,801,5813,"11,9%","13,8%"
2402006,Nordeste,Rio Grande do Norte,Caicó,692,1570,8463,"8,2%","18,6%"
2709301,Nordeste,Alagoas,União dos Palmares,692,2446,10599,"6,5%","23,1%"
2802403,Nordeste,Sergipe,Gararu,692,912,2629,"26,3%","34,7%"
3147006,Sudeste,Minas Gerais,Paracatu,692,952,6937,"10,0%","13,7%"
2308302,Nordeste,Ceará,Milagres,690,1025,4499,"15,3%","22,8%"
2515500,Nordeste,Paraíba,Serra Branca,690,823,3611,"19,1%","22,8%"
2614600,Nordeste,Pernambuco,Tabira,690,1037,6501,"10,6%","16,0%"
2511202,Nordeste,Paraíba,Pedras de Fogo,689,315,6765,"10,2%","4,7%"
2900355,Nordeste,Bahia,Adustina,689,1077,3171,"21,7%","34,0%"
2111789,Nordeste,Maranhão,Serrano do Maranhão,688,772,2437,"28,2%","31,7%"
2708808,Nordeste,Alagoas,São Sebastião,688,1244,3783,"18,2%","32,9%"
2911204,Nordeste,Bahia,Gandu,688,484,4440,"15,5%","10,9%"
3161106,Sudeste,Minas Gerais,São Francisco,688,2070,9800,"7,0%","21,1%"
2309706,Nordeste,Ceará,Pacatuba,685,1774,9631,"7,1%","18,4%"
2313401,Nordeste,Ceará,Tianguá,684,2082,11633,"5,9%","17,9%"
2923001,Nordeste,Bahia,Nova Viçosa,683,933,6381,"10,7%","14,6%"
1502608,Norte,Pará,Colares,682,1314,3060,"22,3%","42,9%"
3202405,Sudeste,Espírito Santo,Guarapari,682,1458,9336,"7,3%","15,6%"
1200336,Norte,Acre,Mâncio Lima,680,940,3432,"19,8%","27,4%"
3203320,Sudeste,Espírito Santo,Marataízes,680,1286,5824,"11,7%","22,1%"
2207900,Nordeste,Piauí,Pedro II,678,827,7095,"9,6%","11,7%"
2709202,Nordeste,Alagoas,Traipu,677,1126,5137,"13,2%","21,9%"
1508407,Norte,Pará,Xinguara,676,2170,5243,"12,9%","41,4%"
3531100,Sudeste,São Paulo,Mongaguá,676,1193,5921,"11,4%","20,1%"
2100832,Nordeste,Maranhão,Apicum-Açu,675,929,3462,"19,5%","26,8%"
4128104,Sul,Paraná,Umuarama,675,801,7272,"9,3%","11,0%"
1503101,Norte,Pará,Gurupá,673,1958,3797,"17,7%","51,6%"
2922904,Nordeste,Bahia,Nova Soure,672,974,4829,"13,9%","20,2%"
2307635,Nordeste,Ceará,Madalena,671,818,3061,"21,9%","26,7%"
2804607,Nordeste,Sergipe,Nossa Senhora das Dores,671,902,4855,"13,8%","18,6%"
1502939,Norte,Pará,Dom Eliseu,668,2823,5693,"11,7%","49,6%"
2908200,Nordeste,Bahia,Conceição da Feira,668,761,3947,"16,9%","19,3%"
5220454,Centro-Oeste,Goiás,Senador Canedo,668,1283,13796,"4,8%","9,3%"
2309607,Nordeste,Ceará,Pacajus,667,1109,8312,"8,0%","13,3%"
2615805,Nordeste,Pernambuco,Tupanatinga,665,437,5531,"12,0%","7,9%"
2108009,Nordeste,Maranhão,Pastos Bons,664,867,3486,"19,0%","24,9%"
2102374,Nordeste,Maranhão,Cachoeira Grande,662,1135,3632,"18,2%","31,3%"
2800670,Nordeste,Sergipe,Boquim,662,1559,4781,"13,8%","32,6%"
2803203,Nordeste,Sergipe,Itaporanga d’Ajuda,662,1715,6819,"9,7%","25,2%"
2508901,Nordeste,Paraíba,Mamanguape,660,1606,9179,"7,2%","17,5%"
2915106,Nordeste,Bahia,Itagi,660,211,3582,"18,4%","5,9%"
1506138,Norte,Pará,Redenção,659,3854,8404,"7,8%","45,9%"
2309508,Nordeste,Ceará,Orós,657,1366,4347,"15,1%","31,4%"
5005608,Centro-Oeste,Mato Grosso do Sul,Miranda,655,1345,4929,"13,3%","27,3%"
2106409,Nordeste,Maranhão,Mata Roma,654,801,3096,"21,1%","25,9%"
3140001,Sudeste,Minas Gerais,Mariana,653,764,6064,"10,8%","12,6%"
5107909,Centro-Oeste,Mato Grosso,Sinop,653,969,15174,"4,3%","6,4%"
2701001,Nordeste,Alagoas,Boca da Mata,652,214,3812,"17,1%","5,6%"
3128006,Sudeste,Minas Gerais,Guanhães,652,777,3940,"16,5%","19,7%"
3135803,Sudeste,Minas Gerais,Jequitinhonha,651,738,4213,"15,5%","17,5%"
3301876,Sudeste,Rio de Janeiro,Iguaba Grande,651,1022,4904,"13,3%","20,8%"
3101706,Sudeste,Minas Gerais,Almenara,650,1312,5920,"11,0%","22,2%"
3103504,Sudeste,Minas Gerais,Araguari,650,1018,8165,"8,0%","12,5%"
5005681,Centro-Oeste,Mato Grosso do Sul,Mundo Novo,650,1061,4178,"15,6%","25,4%"
2925105,Nordeste,Bahia,Poções,649,1796,8753,"7,4%","20,5%"
2106805,Nordeste,Maranhão,Mirinzal,647,1420,3186,"20,3%","44,6%"
2110104,Nordeste,Maranhão,Santa Quitéria do Maranhão,646,1117,5237,"12,3%","21,3%"
2920700,Nordeste,Bahia,Maraú,644,1758,5236,"12,3%","33,6%"
2103406,Nordeste,Maranhão,Coelho Neto,643,1461,7635,"8,4%","19,1%"
2111706,Nordeste,Maranhão,São Vicente Ferrer,643,1389,3919,"16,4%","35,4%"
2210607,Nordeste,Piauí,São Raimundo Nonato,642,1735,6453,"9,9%","26,9%"
2614204,Nordeste,Pernambuco,Sirinhaém,641,744,5921,"10,8%","12,6%"
2923803,Nordeste,Bahia,Paripiranga,640,1102,4153,"15,4%","26,5%"
3169901,Sudeste,Minas Gerais,Ubá,639,1131,9095,"7,0%","12,4%"
3300258,Sudeste,Rio de Janeiro,Arraial do Cabo,639,826,4489,"14,2%","18,4%"
1200609,Norte,Acre,Tarauacá,637,2904,6792,"9,4%","42,8%"
1301407,Norte,Amazonas,Eirunepé,637,3615,7074,"9,0%","51,1%"
2928109,Nordeste,Bahia,Santa Maria da Vitória,637,1066,6893,"9,2%","15,5%"
4101804,Sul,Paraná,Araucária,637,1002,9773,"6,5%","10,3%"
5211800,Centro-Oeste,Goiás,Jaraguá,636,996,5789,"11,0%","17,2%"
1507474,Norte,Pará,São João de Pirabas,635,2056,3837,"16,5%","53,6%"
2903904,Nordeste,Bahia,Bom Jesus da Lapa,634,1187,8744,"7,3%","13,6%"
2608909,Nordeste,Pernambuco,Limoeiro,633,2037,9055,"7,0%","22,5%"
2932705,Nordeste,Bahia,Uruçuca,633,1132,4848,"13,1%","23,3%"
4101408,Sul,Paraná,Apucarana,630,1045,9577,"6,6%","10,9%"
1100114,Norte,Rondônia,Jaru,629,1614,5647,"11,1%","28,6%"
2900405,Nordeste,Bahia,Água Fria,629,817,4284,"14,7%","19,1%"
3148004,Sudeste,Minas Gerais,Patos de Minas,628,904,8647,"7,3%","10,5%"
2304285,Nordeste,Ceará,Eusébio,627,1252,6971,"9,0%","18,0%"
2922300,Nordeste,Bahia,Muritiba,627,951,5261,"11,9%","18,1%"
2205201,Nordeste,Piauí,Jaicós,626,1130,3606,"17,4%","31,3%"
3305752,Sudeste,Rio de Janeiro,Tanguá,626,1037,4127,"15,2%","25,1%"
2110039,Nordeste,Maranhão,Santa Luzia do Paruá,625,108,4359,"14,3%","2,5%"
5006200,Centro-Oeste,Mato Grosso do Sul,Nova Andradina,623,952,7378,"8,4%","12,9%"
1300805,Norte,Amazonas,Borba,620,3075,4649,"13,3%","66,1%"
1507805,Norte,Pará,Senador José Porfírio,620,1483,3945,"15,7%","37,6%"
2206803,Nordeste,Piauí,Nossa Senhora dos Remédios,620,882,1874,"33,1%","47,1%"
2702355,Nordeste,Alagoas,Craíbas,620,756,4756,"13,0%","15,9%"
2300903,Nordeste,Ceará,Apuiarés,619,750,2539,"24,4%","29,5%"
3528502,Sudeste,São Paulo,Mairiporã,619,1320,8734,"7,1%","15,1%"
2303808,Nordeste,Ceará,Cedro,618,782,4065,"15,2%","19,2%"
1500958,Norte,Pará,Aurora do Pará,617,2247,4547,"13,6%","49,4%"
2302909,Nordeste,Ceará,Capistrano,614,1168,3314,"18,5%","35,2%"
3525003,Sudeste,São Paulo,Jandira,614,1002,7067,"8,7%","14,2%"
4317103,Sul,Rio Grande do Sul,Sant’Ana do Livramento,613,1261,8874,"6,9%","14,2%"
2412500,Nordeste,Rio Grande do Norte,São Miguel,612,1092,6045,"10,1%","18,1%"
2501609,Nordeste,Paraíba,Barra de Santa Rosa,610,626,3340,"18,3%","18,7%"
2107100,Nordeste,Maranhão,Morros,609,837,3224,"18,9%","26,0%"
2917102,Nordeste,Bahia,Itororó,608,753,4100,"14,8%","18,4%"
2922508,Nordeste,Bahia,Nazaré,608,1107,4217,"14,4%","26,3%"
3503307,Sudeste,São Paulo,Araras,606,815,6574,"9,2%","12,4%"
2106706,Nordeste,Maranhão,Mirador,603,782,3938,"15,3%","19,9%"
2309409,Nordeste,Ceará,Novo Oriente,603,1813,5264,"11,5%","34,4%"
2702504,Nordeste,Alagoas,Dois Riachos,603,889,2472,"24,4%","36,0%"
5204508,Centro-Oeste,Goiás,Caldas Novas,603,914,9084,"6,6%","10,1%"
2300408,Nordeste,Ceará,Aiuaba,602,275,2795,"21,5%","9,8%"
2909109,Nordeste,Bahia,Coribe,601,1386,4074,"14,8%","34,0%"
4208203,Sul,Santa Catarina,Itajaí,601,848,10096,"6,0%","8,4%"
1503002,Norte,Pará,Faro,600,879,2574,"23,3%","34,1%"
2303006,Nordeste,Ceará,Caridade,600,823,3358,"17,9%","24,5%"
2925808,Nordeste,Bahia,Queimadas,600,642,4024,"14,9%","16,0%"
2910859,Nordeste,Bahia,Filadélfia,599,1071,4686,"12,8%","22,9%"
3202801,Sudeste,Espírito Santo,Itapemirim,599,1162,6983,"8,6%","16,6%"
5211909,Centro-Oeste,Goiás,Jataí,599,834,6612,"9,1%","12,6%"
2917300,Nordeste,Bahia,Ituberá,598,1051,4325,"13,8%","24,3%"
1600154,Norte,Amapá,Pedra Branca do Amapari,596,1491,3221,"18,5%","46,3%"
3144805,Sudeste,Minas Gerais,Nova Lima,595,966,5857,"10,2%","16,5%"
2615300,Nordeste,Pernambuco,Timbaúba,593,1514,9211,"6,4%","16,4%"
1718204,Norte,Tocantins,Porto Nacional,592,2284,6238,"9,5%","36,6%"
2301604,Nordeste,Ceará,Assaré,592,1185,4201,"14,1%","28,2%"
2504603,Nordeste,Paraíba,Conde,592,653,4344,"13,6%","15,0%"
1304302,Norte,Amazonas,Urucará,591,1677,3052,"19,4%","54,9%"
2932804,Nordeste,Bahia,Utinga,591,863,3721,"15,9%","23,2%"
2708402,Nordeste,Alagoas,São José da Tapera,589,1013,5895,"10,0%","17,2%"
2921401,Nordeste,Bahia,Mirangaba,589,1040,3105,"19,0%","33,5%"
1501725,Norte,Pará,Brasil Novo,588,1745,3500,"16,8%","49,9%"
2908507,Nordeste,Bahia,Conceição do Jacuípe,585,1982,6899,"8,5%","28,7%"
1302553,Norte,Amazonas,Manaquiri,584,2290,3670,"15,9%","62,4%"
2502508,Nordeste,Paraíba,Boqueirão,584,895,3865,"15,1%","23,2%"
2929602,Nordeste,Bahia,Sapeaçu,584,1216,3591,"16,3%","33,9%"
3509007,Sudeste,São Paulo,Caieiras,584,788,5211,"11,2%","15,1%"
5107701,Centro-Oeste,Mato Grosso,Rosário Oeste,584,574,3740,"15,6%","15,3%"
2312700,Nordeste,Ceará,Senador Pom- peu,582,827,3782,"15,4%","21,9%"
2112308,Nordeste,Maranhão,Tuntum,581,1558,5456,"10,6%","28,6%"
2307403,Nordeste,Ceará,Jucás,581,221,4036,"14,4%","5,5%"
3131703,Sudeste,Minas Gerais,Itabira,581,855,5844,"9,9%","14,6%"
1300060,Norte,Amazonas,Amaturá,579,2213,2836,"20,4%","78,0%"
2501500,Nordeste,Paraíba,Bananeiras,579,1232,4081,"14,2%","30,2%"
2911907,Nordeste,Bahia,Iaçu,578,386,4068,"14,2%","9,5%"
2205508,Nordeste,Piauí,José de Freitas,577,1069,5950,"9,7%","18,0%"
2603108,Nordeste,Pernambuco,Cachoeirinha,576,2077,5479,"10,5%","37,9%"
3101508,Sudeste,Minas Gerais,Além Paraíba,575,721,4079,"14,1%","17,7%"
1501600,Norte,Pará,Bonito,574,1533,2540,"22,6%","60,4%"
2110609,Nordeste,Maranhão,São Bernardo,574,1306,5125,"11,2%","25,5%"
2500809,Nordeste,Paraíba,Araçagi,573,842,3037,"18,9%","27,7%"
2925253,Nordeste,Bahia,Ponto Novo,573,770,3585,"16,0%","21,5%"
3304755,Sudeste,Rio de Janeiro,São Francisco de Itabapoana,573,1321,7074,"8,1%","18,7%"
2915502,Nordeste,Bahia,Itajuípe,571,777,4146,"13,8%","18,7%"
2603207,Nordeste,Pernambuco,Caetés,570,476,4384,"13,0%","10,9%"
2109809,Nordeste,Maranhão,Santa Helena,569,1913,5707,"10,0%","33,5%"
2606101,Nordeste,Pernambuco,Glória do Goitá,568,1597,5758,"9,9%","27,7%"
2709152,Nordeste,Alagoas,Teotônio Vilela,568,713,6064,"9,4%","11,8%"
2910750,Nordeste,Bahia,Fátima,568,539,2918,"19,5%","18,5%"
2931301,Nordeste,Bahia,Tapiramutá,568,261,2837,"20,0%","9,2%"
1502707,Norte,Pará,Conceição do Araguaia,567,2066,5719,"9,9%","36,1%"
3509601,Sudeste,São Paulo,Campo Limpo Paulista,567,696,4684,"12,1%","14,9%"
1506351,Norte,Pará,Santa Bárbara do Pará,566,1383,3267,"17,3%","42,3%"
2609907,Nordeste,Pernambuco,Ouricuri,566,1541,10089,"5,6%","15,3%"
2511301,Nordeste,Paraíba,Piancó,565,1282,3860,"14,6%","33,2%"
2608008,Nordeste,Pernambuco,Jataúba,565,2398,5682,"9,9%","42,2%"
2708600,Nordeste,Alagoas,São Miguel dos Campos,565,2597,10848,"5,2%","23,9%"
2919702,Nordeste,Bahia,Macarani,564,592,3377,"16,7%","17,5%"
3205101,Sudeste,Espírito Santo,Viana,564,1215,7580,"7,4%","16,0%"
2306553,Nordeste,Ceará,Itarema,563,1662,6974,"8,1%","23,8%"
1301803,Norte,Amazonas,Ipixuna,561,1479,4072,"13,8%","36,3%"
2804201,Nordeste,Sergipe,Monte Alegre de Sergipe,561,938,3518,"15,9%","26,7%"
2702900,Nordeste,Alagoas,Girau do Pon- ciano,559,330,5229,"10,7%","6,3%"
2906824,Nordeste,Bahia,Canudos,558,959,3222,"17,3%","29,8%"
4100400,Sul,Paraná,Almirante Tamandaré,556,1031,9595,"5,8%","10,7%"
1100304,Norte,Rondônia,Vilhena,555,1999,8152,"6,8%","24,5%"
2200400,Nordeste,Piauí,Altos,555,1476,6087,"9,1%","24,2%"
2608057,Nordeste,Pernambuco,Jatobá,555,508,2210,"25,1%","23,0%"
2105427,Nordeste,Maranhão,Itinga do Mara- nhão,554,965,4870,"11,4%","19,8%"
3168705,Sudeste,Minas Gerais,Timóteo,554,889,4894,"11,3%","18,2%"
2306504,Nordeste,Ceará,Itapiúna,552,1627,5020,"11,0%","32,4%"
2704500,Nordeste,Alagoas,Maragogi,552,1413,5698,"9,7%","24,8%"
1400472,Norte,Roraima,Rorainópolis,551,1412,3155,"17,5%","44,8%"
2307007,Nordeste,Ceará,Jaguaruana,550,1672,6176,"8,9%","27,1%"
2603702,Nordeste,Pernambuco,Canhotinho,550,864,3946,"13,9%","21,9%"
2609501,Nordeste,Pernambuco,Nazaré da Mata,550,696,3925,"14,0%","17,7%"
2101905,Nordeste,Maranhão,Bequimão,549,1270,3903,"14,1%","32,5%"
2509107,Nordeste,Paraíba,Mari,549,687,3674,"14,9%","18,7%"
3507506,Sudeste,São Paulo,Botucatu,549,934,7632,"7,2%","12,2%"
3134400,Sudeste,Minas Gerais,Iturama,548,775,5432,"10,1%","14,3%"
3146107,Sudeste,Minas Gerais,Ouro Preto,547,869,5357,"10,2%","16,2%"
3303005,Sudeste,Rio de Janeiro,Miracema,547,796,3684,"14,8%","21,6%"
2802908,Nordeste,Sergipe,Itabaiana,545,2419,11887,"4,6%","20,3%"
2203701,Nordeste,Piauí,Esperantina,544,1408,6368,"8,5%","22,1%"
2609808,Nordeste,Pernambuco,Orocó,543,950,3932,"13,8%","24,2%"
1300029,Norte,Amazonas,Alvarães,542,2650,3476,"15,6%","76,2%"
1300409,Norte,Amazonas,Barcelos,541,2230,3053,"17,7%","73,0%"
2100709,Nordeste,Maranhão,Anajatuba,541,1459,5067,"10,7%","28,8%"
1508159,Norte,Pará,Uruará,540,3253,5736,"9,4%","56,7%"
2914653,Nordeste,Bahia,Itabela,539,288,4415,"12,2%","6,5%"
2932408,Nordeste,Bahia,Uibaí,539,374,2809,"19,2%","13,3%"
2305605,Nordeste,Ceará,Independência,538,1971,5852,"9,2%","33,7%"
1301159,Norte,Amazonas,Careiro da Várzea,537,2439,3490,"15,4%","69,9%"
2202703,Nordeste,Piauí,Cocal,537,1201,4533,"11,8%","26,5%"
2608750,Nordeste,Pernambuco,Lagoa Grande,537,833,4984,"10,8%","16,7%"
3542602,Sudeste,São Paulo,Registro,536,785,5898,"9,1%","13,3%"
2512101,Nordeste,Paraíba,Pombal,535,1218,5666,"9,4%","21,5%"
2923100,Nordeste,Bahia,Olindina,535,1188,4977,"10,7%","23,9%"
1300706,Norte,Amazonas,Boca do Acre,532,3759,6205,"8,6%","60,6%"
2306108,Nordeste,Ceará,Irauçuba,532,706,4115,"12,9%","17,2%"
1506112,Norte,Pará,Quatipuru,531,974,2065,"25,7%","47,2%"
2602100,Nordeste,Pernambuco,Bom Conselho,531,1222,6325,"8,4%","19,3%"
2919926,Nordeste,Bahia,Madre de Deus,531,241,2054,"25,9%","11,7%"
3524303,Sudeste,São Paulo,Jaboticabal,531,795,5231,"10,2%","15,2%"
2601052,Nordeste,Pernambuco,Araçoiaba,529,101,3189,"16,6%","3,2%"
3162922,Sudeste,Minas Gerais,São Joaquim de Bicas,528,809,4003,"13,2%","20,2%"
1505809,Norte,Pará,Portel,527,3999,9311,"5,7%","42,9%"
2312106,Nordeste,Ceará,Santana do Cariri,527,777,3562,"14,8%","21,8%"
2405801,Nordeste,Rio Grande do Norte,João Câmara,527,1092,4686,"11,2%","23,3%"
2924603,Nordeste,Bahia,Pindobaçu,527,819,4064,"13,0%","20,2%"
5003256,Centro-Oeste,Mato Grosso do Sul,Costa Rica,527,773,4612,"11,4%","16,8%"
2925907,Nordeste,Bahia,Quijingue,525,1502,5531,"9,5%","27,2%"
1505437,Norte,Pará,Ourilândia do Norte,524,1751,4281,"12,2%","40,9%"
3300233,Sudeste,Rio de Janeiro,Armação dos Búzios,524,764,4086,"12,8%","18,7%"
3301306,Sudeste,Rio de Janeiro,Casimiro de Abreu,523,823,4599,"11,4%","17,9%"
1506708,Norte,Pará,Santana do Araguaia,522,2793,5102,"10,2%","54,7%"
2306306,Nordeste,Ceará,Itapajé,522,1821,7553,"6,9%","24,1%"
2202604,Nordeste,Piauí,Castelo do Piauí,521,842,3554,"14,7%","23,7%"
2905305,Nordeste,Bahia,Cafarnaum,521,397,2690,"19,4%","14,8%"
3507605,Sudeste,São Paulo,Bragança Paulista,520,779,9046,"5,7%","8,6%"
2929909,Nordeste,Bahia,Seabra,519,931,3605,"14,4%","25,8%"
3104007,Sudeste,Minas Gerais,Araxá,519,756,7486,"6,9%","10,1%"
2916500,Nordeste,Bahia,Itapicuru,518,2123,6500,"8,0%","32,7%"
3136009,Sudeste,Minas Gerais,Joaíma,518,728,3141,"16,5%","23,2%"
3203502,Sudeste,Espírito Santo,Montanha,517,705,3750,"13,8%","18,8%"
4320008,Sul,Rio Grande do Sul,Sapucaia do Sul,517,852,9380,"5,5%","9,1%"
2303105,Nordeste,Ceará,Cariré,515,1102,3833,"13,4%","28,8%"
2402600,Nordeste,Rio Grande do Norte,Ceará-Mirim,514,1716,10012,"5,1%","17,1%"
1502509,Norte,Pará,Chaves,513,2096,3224,"15,9%","65,0%"
1600709,Norte,Amapá,Tartarugalzinho,513,1471,3333,"15,4%","44,1%"
2608701,Nordeste,Pernambuco,Lagoa dos Gatos,513,182,3778,"13,6%","4,8%"
2902401,Nordeste,Bahia,Aurelino Leal,512,633,2981,"17,2%","21,2%"
2108900,Nordeste,Maranhão,Poção de Pedras,511,1053,3578,"14,3%","29,4%"
2608404,Nordeste,Pernambuco,Jurema,511,1146,3831,"13,3%","29,9%"
4307708,Sul,Rio Grande do Sul,Esteio,510,730,8162,"6,2%","8,9%"
4103701,Sul,Paraná,Cambé,509,768,7761,"6,6%","9,9%"
2302008,Nordeste,Ceará,Barro,508,924,3635,"14,0%","25,4%"
2309201,Nordeste,Ceará,Nova Olinda,508,639,3293,"15,4%","19,4%"
2313302,Nordeste,Ceará,Tauá,507,1964,8404,"6,0%","23,4%"
2702108,Nordeste,Alagoas,Colônia Leopol- dina,507,675,4133,"12,3%","16,3%"
4316808,Sul,Rio Grande do Sul,Santa Cruz do Sul,507,1068,7137,"7,1%","15,0%"
2210656,Nordeste,Piauí,Sigefredo Pacheco,506,763,2214,"22,9%","34,5%"
2602209,Nordeste,Pernambuco,Bom Jardim,506,517,7239,"7,0%","7,1%"
1504901,Norte,Pará,Muaná,505,3664,5458,"9,3%","67,1%"
1507151,Norte,Pará,São Domingos do Araguaia,504,1402,3053,"16,5%","45,9%"
2933000,Nordeste,Bahia,Valente,504,1592,4901,"10,3%","32,5%"
2614709,Nordeste,Pernambuco,Tacaimbó,503,813,3012,"16,7%","27,0%"
2614857,Nordeste,Pernambuco,Tamandaré,503,429,5019,"10,0%","8,5%"
3121605,Sudeste,Minas Gerais,Diamantina,503,1069,5714,"8,8%","18,7%"
2604601,Nordeste,Pernambuco,Condado,502,352,3569,"14,1%","9,9%"
2903607,Nordeste,Bahia,Biritinga,502,1056,4152,"12,1%","25,4%"
1400605,Norte,Roraima,São Luiz,501,854,1862,"26,9%","45,9%"
5007901,Centro-Oeste,Mato Grosso do Sul,Sidrolândia,501,912,5460,"9,2%","16,7%"
1100106,Norte,Rondônia,Guajará-Mirim,500,2962,5375,"9,3%","55,1%"
5213103,Centro-Oeste,Goiás,Mineiros,500,727,6913,"7,2%","10,5%"
2506400,Nordeste,Paraíba,Gurinhém,499,122,3054,"16,3%","4,0%"
2100808,Nordeste,Maranhão,Anapurus,498,623,2834,"17,6%","22,0%"
1507458,Norte,Pará,São Geraldo do Araguaia,497,2421,4680,"10,6%","51,7%"
2109452,Nordeste,Maranhão,Raposa,497,1083,5030,"9,9%","21,5%"
4109609,Sul,Paraná,Guaratuba,497,1199,5865,"8,5%","20,4%"
2701407,Nordeste,Alagoas,Campo Alegre,496,619,5242,"9,5%","11,8%"
2704104,Nordeste,Alagoas,Lagoa da Canoa,496,362,3581,"13,9%","10,1%"
2506905,Nordeste,Paraíba,Itabaiana,495,1278,4963,"10,0%","25,8%"
2514503,Nordeste,Paraíba,São José de Piranhas,495,937,3543,"14,0%","26,4%"
3115300,Sudeste,Minas Gerais,Cataguases,494,1045,7105,"7,0%","14,7%"
1303601,Norte,Amazonas,Santa Isabel do Rio Negro,493,2025,2765,"17,8%","73,2%"
2603926,Nordeste,Pernambuco,Carnaubeira da Penha,493,241,2939,"16,8%","8,2%"
3100906,Sudeste,Minas Gerais,Águas Formosas,493,723,3267,"15,1%","22,1%"
1600253,Norte,Amapá,Itaubal,492,1447,2263,"21,7%","63,9%"
2208502,Nordeste,Piauí,Porto,490,974,3050,"16,1%","31,9%"
2614303,Nordeste,Pernambuco,Moreilândia,490,565,2627,"18,7%","21,5%"
2903805,Nordeste,Bahia,Boa Vista do Tupim,490,283,3969,"12,3%","7,1%"
3522307,Sudeste,São Paulo,Itapetininga,490,1518,10553,"4,6%","14,4%"
4303103,Sul,Rio Grande do Sul,Cachoeirinha,490,904,10399,"4,7%","8,7%"
2702306,Nordeste,Alagoas,Coruripe,489,1039,6903,"7,1%","15,1%"
3101607,Sudeste,Minas Gerais,Alfenas,489,1105,6501,"7,5%","17,0%"
2902302,Nordeste,Bahia,Aratuípe,487,652,1921,"25,4%","33,9%"
3526704,Sudeste,São Paulo,Leme,487,741,6528,"7,5%","11,4%"
1301654,Norte,Amazonas,Guajará,486,689,2947,"16,5%","23,4%"
2606606,Nordeste,Pernambuco,Ibimirim,486,637,4796,"10,1%","13,3%"
2800605,Nordeste,Sergipe,Barra dos Coqueiros,486,1137,4614,"10,5%","24,6%"
2108306,Nordeste,Maranhão,Penalva,485,1382,5377,"9,0%","25,7%"
2905206,Nordeste,Bahia,Caetité,485,2362,9473,"5,1%","24,9%"
2607703,Nordeste,Pernambuco,Itapetim,484,826,3405,"14,2%","24,3%"
2700706,Nordeste,Alagoas,Batalha,484,1462,4438,"10,9%","32,9%"
1508084,Norte,Pará,Tucumã,483,1752,5299,"9,1%","33,1%"
1504752,Norte,Pará,Mojuí dos Campos,482,1678,3183,"15,1%","52,7%"
2302305,Nordeste,Ceará,Bela Cruz,482,1098,4553,"10,6%","24,1%"
2612000,Nordeste,Pernambuco,Sairé,482,675,2698,"17,9%","25,0%"
3151800,Sudeste,Minas Gerais,Poços de Caldas,481,931,8741,"5,5%","10,7%"
3305000,Sudeste,Rio de Janeiro,São João da Barra,481,932,6254,"7,7%","14,9%"
2310407,Nordeste,Ceará,Paramoti,480,692,2209,"21,7%","31,3%"
1303304,Norte,Amazonas,Novo Aripuanã,478,2648,3862,"12,4%","68,6%"
2805802,Nordeste,Sergipe,Riachão do Dantas,478,1302,3873,"12,3%","33,6%"
3103405,Sudeste,Minas Gerais,Araçuaí,478,990,5229,"9,1%","18,9%"
2904753,Nordeste,Bahia,Buritirama,477,157,4195,"11,4%","3,7%"
3505609,Sudeste,São Paulo,Barrinha,477,530,3271,"14,6%","16,2%"
2914406,Nordeste,Bahia,Iraquara,476,960,4606,"10,3%","20,8%"
3148707,Sudeste,Minas Gerais,Pedra Azul,475,915,3905,"12,2%","23,4%"
2303931,Nordeste,Ceará,Choró,474,855,2967,"16,0%","28,8%"
2805505,Nordeste,Sergipe,Poço Verde,474,404,3654,"13,0%","11,1%"
3151206,Sudeste,Minas Gerais,Pirapora,474,1358,6700,"7,1%","20,3%"
3162500,Sudeste,Minas Gerais,São João del Rei,474,951,5738,"8,3%","16,6%"
3502101,Sudeste,São Paulo,Andradina,474,570,4176,"11,4%","13,6%"
3525904,Sudeste,São Paulo,Jundiaí,473,768,7702,"6,1%","10,0%"
3303708,Sudeste,Rio de Janeiro,Paraíba do Sul,472,1071,4929,"9,6%","21,7%"
3501608,Sudeste,São Paulo,Americana,472,782,7124,"6,6%","11,0%"
2300804,Nordeste,Ceará,Antonina do Norte,471,105,2122,"22,2%","4,9%"
3157203,Sudeste,Minas Gerais,Santa Bárbara,471,524,3438,"13,7%","15,2%"
2908606,Nordeste,Bahia,Conde,470,1142,5080,"9,3%","22,5%"
3302908,Sudeste,Rio de Janeiro,Miguel Pereira,470,602,3083,"15,2%","19,5%"
3520509,Sudeste,São Paulo,Indaiatuba,470,795,7595,"6,2%","10,5%"
4211900,Sul,Santa Catarina,Palhoça,470,793,9733,"4,8%","8,1%"
1508357,Norte,Pará,Vitória do Xingu,469,1297,3059,"15,3%","42,4%"
2907301,Nordeste,Bahia,Castro Alves,469,717,3451,"13,6%","20,8%"
2929107,Nordeste,Bahia,São Felipe,469,912,3529,"13,3%","25,8%"
5107040,Centro-Oeste,Mato Grosso,Primavera do Leste,469,772,6479,"7,2%","11,9%"
1303536,Norte,Amazonas,Presidente Figueiredo,468,2579,5815,"8,0%","44,4%"
2211209,Nordeste,Piauí,Uruçuí,468,354,3414,"13,7%","10,4%"
2806206,Nordeste,Sergipe,Salgado,468,1215,4675,"10,0%","26,0%"
1100809,Norte,Rondônia,Candeias do Jamari,467,2334,4841,"9,6%","48,2%"
1505031,Norte,Pará,Novo Progresso,467,1474,4184,"11,2%","35,2%"
1506104,Norte,Pará,Primavera,466,955,2381,"19,6%","40,1%"
5210406,Centro-Oeste,Goiás,Itaberaí,466,666,5986,"7,8%","11,1%"
2900900,Nordeste,Bahia,Almadina,464,28,2000,"23,2%","1,4%"
2917607,Nordeste,Bahia,Jaguaquara,464,1010,6439,"7,2%","15,7%"
1507904,Norte,Pará,Soure,463,2171,4471,"10,4%","48,6%"
2904852,Nordeste,Bahia,Cabaceiras do Paraguaçu,463,314,2736,"16,9%","11,5%"
2906907,Nordeste,Bahia,Caravelas,463,784,3934,"11,8%","19,9%"
4104204,Sul,Paraná,Campo Largo,463,750,7011,"6,6%","10,7%"
2112456,Nordeste,Maranhão,Turilândia,462,498,3358,"13,8%","14,8%"
3136652,Sudeste,Minas Gerais,Juatuba,461,774,3839,"12,0%","20,2%"
1505007,Norte,Pará,Nova Timboteua,460,1102,2008,"22,9%","54,9%"
2303907,Nordeste,Ceará,Chaval,460,82,2064,"22,3%","4,0%"
2102804,Nordeste,Maranhão,Carolina,459,363,4652,"9,9%","7,8%"
2503001,Nordeste,Paraíba,Caaporã,459,524,3738,"12,3%","14,0%"
2927002,Nordeste,Bahia,Rio Real,459,1607,5973,"7,7%","26,9%"
2304103,Nordeste,Ceará,Crateús,458,2211,9567,"4,8%","23,1%"
2512309,Nordeste,Paraíba,Princesa Isabel,458,337,4005,"11,4%","8,4%"
2922052,Nordeste,Bahia,Mulungu do Morro,457,619,2430,"18,8%","25,5%"
3513405,Sudeste,São Paulo,Cruzeiro,457,1185,4944,"9,2%","24,0%"
5205513,Centro-Oeste,Goiás,Cocalzinho de Goiás,457,819,3655,"12,5%","22,4%"
5208806,Centro-Oeste,Goiás,Goianira,457,774,6623,"6,9%","11,7%"
2305902,Nordeste,Ceará,Ipueiras,456,1560,6365,"7,2%","24,5%"
2929503,Nordeste,Bahia,São Sebastião do Passé,456,1286,4995,"9,1%","25,7%"
2910404,Nordeste,Bahia,Encruzilhada,455,791,3994,"11,4%","19,8%"
2927200,Nordeste,Bahia,Ruy Barbosa,455,1308,5495,"8,3%","23,8%"
3544103,Sudeste,São Paulo,Rio Grande da Serra,455,700,3856,"11,8%","18,2%"
1304237,Norte,Amazonas,Tonantins,454,2950,3713,"12,2%","79,5%"
2929800,Nordeste,Bahia,Saúde,454,196,2270,"20,0%","8,6%"
3518404,Sudeste,São Paulo,Guaratinguetá,454,540,5476,"8,3%","9,9%"
2201903,Nordeste,Piauí,Bom Jesus,453,543,3939,"11,5%","13,8%"
2927606,Nordeste,Bahia,Santa Brígida,453,353,2688,"16,9%","13,1%"
3107406,Sudeste,Minas Gerais,Bom Despacho,453,600,4455,"10,2%","13,5%"
5208608,Centro-Oeste,Goiás,Goianésia,453,750,5676,"8,0%","13,2%"
2200202,Nordeste,Piauí,Água Branca,452,969,3595,"12,6%","27,0%"
2610509,Nordeste,Pernambuco,Passira,452,774,4750,"9,5%","16,3%"
2801207,Nordeste,Sergipe,Canindé de São Francisco,452,1143,4421,"10,2%","25,9%"
3303955,Sudeste,Rio de Janeiro,Pinheiral,451,520,2672,"16,9%","19,5%"
3557105,Sudeste,São Paulo,Votuporanga,451,689,5460,"8,3%","12,6%"
2402204,Nordeste,Rio Grande do Norte,Canguaretama,450,490,4276,"10,5%","11,5%"
3135050,Sudeste,Minas Gerais,Jaíba,450,1143,6559,"6,9%","17,4%"
3152501,Sudeste,Minas Gerais,Pouso Alegre,450,1011,8663,"5,2%","11,7%"
3543303,Sudeste,São Paulo,Ribeirão Pires,449,699,5078,"8,8%","13,8%"
5200308,Centro-Oeste,Goiás,Alexânia,449,761,4019,"11,2%","18,9%"
5208905,Centro-Oeste,Goiás,Goiás,449,661,3101,"14,5%","21,3%"
1200344,Norte,Acre,Manoel Urbano,447,1650,3006,"14,9%","54,9%"
1304104,Norte,Amazonas,Tapauá,446,2304,3265,"13,7%","70,6%"
2611507,Nordeste,Pernambuco,Quipapá,446,371,3341,"13,3%","11,1%"
2900207,Nordeste,Bahia,Abaré,445,946,3378,"13,2%","28,0%"
2903102,Nordeste,Bahia,Barra do Rocha,445,58,2154,"20,7%","2,7%"
2912301,Nordeste,Bahia,Ibicuí,445,507,2907,"15,3%","17,4%"
3147907,Sudeste,Minas Gerais,Passos,445,634,6941,"6,4%","9,1%"
1506609,Norte,Pará,Santa Maria do Pará,444,2798,4472,"9,9%","62,6%"
2909208,Nordeste,Bahia,Coronel João Sá,444,1048,3458,"12,8%","30,3%"
3301405,Sudeste,Rio de Janeiro,Conceição de Macabu,444,559,2638,"16,8%","21,2%"
2930766,Nordeste,Bahia,Sítio do Quinto,443,553,1979,"22,4%","27,9%"
1506906,Norte,Pará,Santarém Novo,442,912,1691,"26,1%","53,9%"
2201770,Nordeste,Piauí,Boa Hora,442,638,1890,"23,4%","33,8%"
2909307,Nordeste,Bahia,Correntina,442,836,3903,"11,3%","21,4%"
2401453,Nordeste,Rio Grande do Norte,Baraúna,441,1170,4931,"8,9%","23,7%"
2911501,Nordeste,Bahia,Gongogi,441,171,2173,"20,3%","7,9%"
2932200,Nordeste,Bahia,Ubaitaba,441,925,4102,"10,8%","22,5%"
3531803,Sudeste,São Paulo,Monte Mor,441,1016,6544,"6,7%","15,5%"
3138401,Sudeste,Minas Gerais,Leopoldina,440,876,5485,"8,0%","16,0%"
2600401,Nordeste,Pernambuco,Água Preta,439,1318,6019,"7,3%","21,9%"
4101507,Sul,Paraná,Arapongas,439,704,8318,"5,3%","8,5%"
2305266,Nordeste,Ceará,Ibaretama,438,676,2800,"15,6%","24,1%"
2925006,Nordeste,Bahia,Planalto,438,982,5055,"8,7%","19,4%"
3132404,Sudeste,Minas Gerais,Itajubá,438,780,5959,"7,4%","13,1%"
2901205,Nordeste,Bahia,Anagé,437,1238,5192,"8,4%","23,8%"
2101301,Nordeste,Maranhão,Bacuri,436,673,2462,"17,7%","27,3%"
4104907,Sul,Paraná,Castro,436,806,6877,"6,3%","11,7%"
1503093,Norte,Pará,Goianésia do Pará,435,1898,4007,"10,9%","47,4%"
2107704,Nordeste,Maranhão,Paraibano,435,373,3847,"11,3%","9,7%"
2310258,Nordeste,Ceará,Paraipaba,435,1328,5114,"8,5%","26,0%"
2906873,Nordeste,Bahia,Capim Grosso,435,972,4534,"9,6%","21,4%"
4318002,Sul,Rio Grande do Sul,São Borja,435,697,4345,"10,0%","16,0%"
2307908,Nordeste,Ceará,Martinópole,434,326,2212,"19,6%","14,7%"
2927507,Nordeste,Bahia,Santa Bárbara,434,1247,4243,"10,2%","29,4%"
3170800,Sudeste,Minas Gerais,Várzea da Palma,434,836,3775,"11,5%","22,1%"
2926301,Nordeste,Bahia,Riachão do Jacuípe,432,2074,6373,"6,8%","32,5%"
2102101,Nordeste,Maranhão,Brejo,431,81,4695,"9,2%","1,7%"
4304507,Sul,Rio Grande do Sul,Canguçu,431,1082,3905,"11,0%","27,7%"
3136207,Sudeste,Minas Gerais,João Monlevade,430,560,3090,"13,9%","18,1%"
2310704,Nordeste,Ceará,Pentecoste,429,1229,4636,"9,3%","26,5%"
2400505,Nordeste,Rio Grande do Norte,Alexandria,429,552,2786,"15,4%","19,8%"
3136306,Sudeste,Minas Gerais,João Pinheiro,429,704,4910,"8,7%","14,3%"
3304706,Sudeste,Rio de Janeiro,Santo Antônio de Pádua,429,876,4855,"8,8%","18,0%"
1507961,Norte,Pará,Terra Alta,428,1445,2437,"17,6%","59,3%"
2303303,Nordeste,Ceará,Cariús,428,516,3368,"12,7%","15,3%"
2306702,Nordeste,Ceará,Jaguaretama,428,1313,4639,"9,2%","28,3%"
1300680,Norte,Amazonas,Boa Vista do Ramos,426,2999,3942,"10,8%","76,1%"
2705101,Nordeste,Alagoas,Matriz de Cama- ragibe,426,653,4126,"10,3%","15,8%"
3305604,Sudeste,Rio de Janeiro,Silva Jardim,426,755,3376,"12,6%","22,4%"
1300508,Norte,Amazonas,Barreirinha,425,3307,4815,"8,8%","68,7%"
3200904,Sudeste,Espírito Santo,Barra de São Francisco,425,619,4127,"10,3%","15,0%"
2507200,Nordeste,Paraíba,Itatuba,424,402,2293,"18,5%","17,5%"
3111200,Sudeste,Minas Gerais,Campo Belo,424,786,4040,"10,5%","19,5%"
3148509,Sudeste,Minas Gerais,Pavão,424,471,1786,"23,7%","26,4%"
2606903,Nordeste,Pernambuco,Iguaracy,423,223,3199,"13,2%","7,0%"
3545209,Sudeste,São Paulo,Salto,423,611,4971,"8,5%","12,3%"
3557006,Sudeste,São Paulo,Votorantim,423,619,5980,"7,1%","10,4%"
1506203,Norte,Pará,Salinópolis,422,3272,5314,"7,9%","61,6%"
2902708,Nordeste,Bahia,Barra,422,1465,7564,"5,6%","19,4%"
1100155,Norte,Rondônia,Ouro Preto do Oeste,421,1404,4437,"9,5%","31,6%"
1709302,Norte,Tocantins,Guaraí,421,1172,3057,"13,8%","38,3%"
2305704,Nordeste,Ceará,Ipaumirim,421,680,2431,"17,3%","28,0%"
3556503,Sudeste,São Paulo,Várzea Paulista,421,592,4901,"8,6%","12,1%"
2609303,Nordeste,Pernambuco,Mirandiba,420,656,2903,"14,5%","22,6%"
2932101,Nordeste,Bahia,Ubaíra,420,584,2751,"15,3%","21,2%"
2933505,Nordeste,Bahia,Wenceslau Guimarães,420,649,3223,"13,0%","20,1%"
1709500,Norte,Tocantins,Gurupi,419,1814,6347,"6,6%","28,6%"
2202455,Nordeste,Piauí,Capitão Gervá- sio Oliveira,419,591,1652,"25,4%","35,8%"
2611903,Nordeste,Pernambuco,Rio Formoso,419,96,3347,"12,5%","2,9%"
2904605,Nordeste,Bahia,Brumado,419,1198,6950,"6,0%","17,2%"
3304805,Sudeste,Rio de Janeiro,São Fidélis,419,1177,4930,"8,5%","23,9%"
1507508,Norte,Pará,São João do Araguaia,418,998,2930,"14,3%","34,1%"
2111607,Nordeste,Maranhão,São Raimundo das Manga- beiras,418,672,2938,"14,2%","22,9%"
2304251,Nordeste,Ceará,Cruz,418,924,4165,"10,0%","22,2%"
2314003,Nordeste,Ceará,Várzea Alegre,418,2348,7635,"5,5%","30,8%"
2613305,Nordeste,Pernambuco,São Joaquim do Monte,418,773,3844,"10,9%","20,1%"
2913507,Nordeste,Bahia,Iguaí,418,463,3831,"10,9%","12,1%"
2801306,Nordeste,Sergipe,Capela,417,521,4284,"9,7%","12,2%"
5100250,Centro-Oeste,Mato Grosso,Alta Floresta,416,723,6299,"6,6%","11,5%"
5101704,Centro-Oeste,Mato Grosso,Barra do Bugres,416,569,3638,"11,4%","15,6%"
2605004,Nordeste,Pernambuco,Cupira,415,1459,5457,"7,6%","26,7%"
2903300,Nordeste,Bahia,Barro Preto,415,505,1931,"21,5%","26,2%"
2414407,Nordeste,Rio Grande do Norte,Touros,414,1332,4944,"8,4%","26,9%"
2512903,Nordeste,Paraíba,Rio Tinto,414,701,3682,"11,2%","19,0%"
2903409,Nordeste,Bahia,Belmonte,414,1315,4755,"8,7%","27,7%"
4115705,Sul,Paraná,Matinhos,413,642,4281,"9,6%","15,0%"
5104807,Centro-Oeste,Mato Grosso,Jaciara,413,536,3479,"11,9%","15,4%"
1400407,Norte,Roraima,Normandia,411,965,2733,"15,0%","35,3%"
2929008,Nordeste,Bahia,São Félix,411,58,1943,"21,2%","3,0%"
3160702,Sudeste,Minas Gerais,Santos Dumont,411,756,3863,"10,6%","19,6%"
1200427,Norte,Acre,Rodrigues Alves,410,2044,3013,"13,6%","67,8%"
2205953,Nordeste,Piauí,Marcolândia,409,369,2010,"20,3%","18,4%"
2901007,Nordeste,Bahia,Amargosa,409,1095,4871,"8,4%","22,5%"
2905602,Nordeste,Bahia,Camacan,409,607,4212,"9,7%","14,4%"
1600808,Norte,Amapá,Vitória do Jari,408,506,2333,"17,5%","21,7%"
2103604,Nordeste,Maranhão,Coroatá,408,2060,10085,"4,0%","20,4%"
2207801,Nordeste,Piauí,Paulistana,408,1181,4185,"9,7%","28,2%"
2914901,Nordeste,Bahia,Itacaré,408,995,4945,"8,3%","20,1%"
3140704,Sudeste,Minas Gerais,Mateus Leme,408,577,2899,"14,1%","19,9%"
3203908,Sudeste,Espírito Santo,Nova Venécia,408,769,5094,"8,0%","15,1%"
3204054,Sudeste,Espírito Santo,Pedro Canário,408,657,3302,"12,4%","19,9%"
5105622,Centro-Oeste,Mato Grosso,Mirassol d’Oeste,408,735,4550,"9,0%","16,2%"
2104800,Nordeste,Maranhão,Grajaú,407,2163,12783,"3,2%","16,9%"
2933059,Nordeste,Bahia,Várzea da Roça,407,644,3052,"13,3%","21,1%"
1501006,Norte,Pará,Aveiro,406,1700,2836,"14,3%","59,9%"
2706802,Nordeste,Alagoas,Piaçabuçu,406,920,3945,"10,3%","23,3%"
2801405,Nordeste,Sergipe,Carira,406,1284,3419,"11,9%","37,6%"
3534708,Sudeste,São Paulo,Ourinhos,405,692,5848,"6,9%","11,8%"
1501105,Norte,Pará,Bagre,404,1951,4372,"9,2%","44,6%"
3109402,Sudeste,Minas Gerais,Buritizeiro,404,1480,5425,"7,4%","27,3%"
2103901,Nordeste,Maranhão,Duque Bacelar,403,653,2924,"13,8%","22,3%"
2926400,Nordeste,Bahia,Riacho de Santana,403,1238,5482,"7,4%","22,6%"
3101003,Sudeste,Minas Gerais,Águas Verme- lhas,403,573,2822,"14,3%","20,3%"
3300605,Sudeste,Rio de Janeiro,Bom Jesus do Itabapoana,403,693,4885,"8,2%","14,2%"
3530706,Sudeste,São Paulo,Mogi Guaçu,403,622,6468,"6,2%","9,6%"
1702208,Norte,Tocantins,Araguatins,402,2347,4482,"9,0%","52,4%"
2203206,Nordeste,Piauí,Curimatá,402,185,2001,"20,1%","9,2%"
2501302,Nordeste,Paraíba,Aroeiras,402,596,4776,"8,4%","12,5%"
3144300,Sudeste,Minas Gerais,Nanuque,402,624,3974,"10,1%","15,7%"
2202406,Nordeste,Piauí,Capitão de Campos,401,372,2684,"14,9%","13,9%"
2801702,Nordeste,Sergipe,Cristinápolis,401,861,3282,"12,2%","26,2%"
2901908,Nordeste,Bahia,Aporá,401,53,2919,"13,7%","1,8%"
2918506,Nordeste,Bahia,Jussara,401,845,2952,"13,6%","28,6%"
2923209,Nordeste,Bahia,Oliveira dos Brejinhos,401,536,3362,"11,9%","15,9%"
3132107,Sudeste,Minas Gerais,Itacarambi,401,554,2911,"13,8%","19,0%"
4303004,Sul,Rio Grande do Sul,Cachoeira do Sul,401,997,5811,"6,9%","17,2%"
4321600,Sul,Rio Grande do Sul,Tramandaí,401,821,4882,"8,2%","16,8%"
2509404,Nordeste,Paraíba,Mogeiro,400,178,3372,"11,9%","5,3%"
3127057,Sudeste,Minas Gerais,Fronteira dos Vales,399,420,1566,"25,5%","26,8%"
4307005,Sul,Rio Grande do Sul,Erechim,399,568,5098,"7,8%","11,1%"
2311900,Nordeste,Ceará,Saboeiro,398,687,3098,"12,8%","22,2%"
3139607,Sudeste,Minas Gerais,Mantena,398,737,3702,"10,8%","19,9%"
2107456,Nordeste,Maranhão,Olinda Nova do Maranhão,397,499,2511,"15,8%","19,9%"
2807600,Nordeste,Sergipe,Umbaúba,397,1680,5789,"6,9%","29,0%"
2924306,Nordeste,Bahia,Piatã,397,661,3552,"11,2%","18,6%"
4216602,Sul,Santa Catarina,São José,397,602,7848,"5,1%","7,7%"
2505402,Nordeste,Paraíba,Desterro,396,753,2208,"17,9%","34,1%"
4126256,Sul,Paraná,Sarandi,396,562,6648,"6,0%","8,5%"
2203305,Nordeste,Piauí,Demerval Lobão,395,912,3488,"11,3%","26,1%"
2210805,Nordeste,Piauí,Simplício Men- des,395,574,2506,"15,8%","22,9%"
2101707,Nordeste,Maranhão,Barreirinhas,394,2028,9015,"4,4%","22,5%"
2111078,Nordeste,Maranhão,São João do Soter,394,689,2996,"13,2%","23,0%"
2209971,Nordeste,Piauí,São João do Arraial,394,605,1848,"21,3%","32,7%"
2614808,Nordeste,Pernambuco,Tacaratu,394,752,3411,"11,6%","22,0%"
4109807,Sul,Paraná,Ibiporã,394,541,4796,"8,2%","11,3%"
1302702,Norte,Amazonas,Manicoré,393,4692,7490,"5,2%","62,6%"
2411502,Nordeste,Rio Grande do Norte,Santo Antônio,393,1085,3601,"10,9%","30,1%"
1716208,Norte,Tocantins,Paranã,392,754,2062,"19,0%","36,6%"
2303659,Nordeste,Ceará,Catunda,391,262,2009,"19,5%","13,0%"
2112605,Nordeste,Maranhão,Urbano Santos,390,920,5479,"7,1%","16,8%"
2703106,Nordeste,Alagoas,Igaci,390,821,3903,"10,0%","21,0%"
2933109,Nordeste,Bahia,Várzea do Poço,390,249,1589,"24,5%","15,7%"
3122454,Sudeste,Minas Gerais,Divisópolis,390,480,2005,"19,5%","23,9%"
4127700,Sul,Paraná,Toledo,390,530,8039,"4,9%","6,6%"
1721208,Norte,Tocantins,Tocantinópolis,389,1227,3852,"10,1%","31,9%"
3130101,Sudeste,Minas Gerais,Igarapé,389,594,3439,"11,3%","17,3%"
3306206,Sudeste,Rio de Janeiro,Vassouras,389,646,3364,"11,6%","19,2%"
2103109,Nordeste,Maranhão,Cedral,387,399,1600,"24,2%","24,9%"
2108702,Nordeste,Maranhão,Pio XII,387,768,3924,"9,9%","19,6%"
3505500,Sudeste,São Paulo,Barretos,387,496,4505,"8,6%","11,0%"
1200450,Norte,Acre,Senador Guio- mard,386,1365,3374,"11,4%","40,5%"
1304005,Norte,Amazonas,Silves,386,1509,2272,"17,0%","66,4%"
2301109,Nordeste,Ceará,Aracati,386,1797,8094,"4,8%","22,2%"
2202505,Nordeste,Piauí,Caracol,385,556,1776,"21,7%","31,3%"
2900108,Nordeste,Bahia,Abaíra,384,596,1641,"23,4%","36,3%"
2920205,Nordeste,Bahia,Malhada,384,290,3252,"11,8%","8,9%"
2107407,Nordeste,Maranhão,Olho d’Água das Cunhãs,383,746,3172,"12,1%","23,5%"
2202752,Nordeste,Piauí,Colônia do Gurguéia,383,430,1639,"23,4%","26,2%"
2409803,Nordeste,Rio Grande do Norte,Pedro Velho,383,446,2749,"13,9%","16,2%"
2608107,Nordeste,Pernambuco,João Alfredo,383,972,4588,"8,3%","21,2%"
3137601,Sudeste,Minas Gerais,Lagoa Santa,383,568,3859,"9,9%","14,7%"
3304102,Sudeste,Rio de Janeiro,Porciúncula,383,751,2984,"12,8%","25,2%"
1303700,Norte,Amazonas,Santo Antônio do Içá,382,2904,4070,"9,4%","71,4%"
1503077,Norte,Pará,Garrafão do Norte,382,2971,4166,"9,2%","71,3%"
2304004,Nordeste,Ceará,Coreaú,381,1024,4055,"9,4%","25,3%"
1702406,Norte,Tocantins,Arraias,380,1070,2210,"17,2%","48,4%"
3508504,Sudeste,São Paulo,Caçapava,380,630,4193,"9,1%","15,0%"
1705508,Norte,Tocantins,Colinas do Tocantins,379,2457,5513,"6,9%","44,6%"
2913101,Nordeste,Bahia,Ibititá,379,631,2813,"13,5%","22,4%"
2412807,Nordeste,Rio Grande do Norte,São Rafael,378,673,2323,"16,3%","29,0%"
2600104,Nordeste,Pernambuco,Afogados da Ingazeira,378,1603,6565,"5,8%","24,4%"
2111003,Nordeste,Maranhão,São João Batista,377,870,4721,"8,0%","18,4%"
2803401,Nordeste,Sergipe,Japoatã,377,799,2967,"12,7%","26,9%"
2113009,Nordeste,Maranhão,Vitorino Freire,376,733,3651,"10,3%","20,1%"
2304301,Nordeste,Ceará,Farias Brito,376,707,3255,"11,6%","21,7%"
2915403,Nordeste,Bahia,Itaju do Colônia,376,121,1982,"19,0%","6,1%"
5218003,Centro-Oeste,Goiás,Porangatu,376,640,4925,"7,6%","13,0%"
2309102,Nordeste,Ceará,Mulungu,375,497,2056,"18,2%","24,2%"
2406601,Nordeste,Rio Grande do Norte,Lagoa Salgada,375,698,2452,"15,3%","28,5%"
2708501,Nordeste,Alagoas,São Luís do Quitunde,375,1294,5399,"6,9%","24,0%"
1100288,Norte,Rondônia,Rolim de Moura,374,966,4050,"9,2%","23,9%"
2200301,Nordeste,Piauí,Alto Longá,374,902,2600,"14,4%","34,7%"
2932309,Nordeste,Bahia,Ubatã,374,1059,3756,"10,0%","28,2%"
3302254,Sudeste,Rio de Janeiro,Itatiaia,374,416,2988,"12,5%","13,9%"
3511102,Sudeste,São Paulo,Catanduva,374,593,4085,"9,2%","14,5%"
2313559,Nordeste,Ceará,Tururu,372,547,3169,"11,7%","17,3%"
2510105,Nordeste,Paraíba,Nova Floresta,372,451,2012,"18,5%","22,4%"
2900801,Nordeste,Bahia,Alcobaça,372,1276,5661,"6,6%","22,5%"
2805703,Nordeste,Sergipe,Propriá,371,1523,5560,"6,7%","27,4%"
4202404,Sul,Santa Catarina,Blumenau,371,565,8623,"4,3%","6,6%"
2111508,Nordeste,Maranhão,São Mateus do Maranhão,370,1007,5457,"6,8%","18,5%"
2301703,Nordeste,Ceará,Aurora,370,832,4123,"9,0%","20,2%"
3203056,Sudeste,Espírito Santo,Jaguaré,370,563,3635,"10,2%","15,5%"
3203205,Sudeste,Espírito Santo,Linhares,370,847,7523,"4,9%","11,3%"
2207603,Nordeste,Piauí,Parnaguá,369,138,1959,"18,8%","7,0%"
2930402,Nordeste,Bahia,Serra Preta,369,645,3681,"10,0%","17,5%"
5000708,Centro-Oeste,Mato Grosso do Sul,Anastácio,369,656,3296,"11,2%","19,9%"
2201101,Nordeste,Piauí,Avelino Lopes,367,108,1791,"20,5%","6,0%"
2505105,Nordeste,Paraíba,Cuité,367,836,3075,"11,9%","27,2%"
2616506,Nordeste,Pernambuco,Xexéu,367,227,3156,"11,6%","7,2%"
3555000,Sudeste,São Paulo,Tupã,367,581,4534,"8,1%","12,8%"
1503754,Norte,Pará,Jacareacanga,366,2112,2881,"12,7%","73,3%"
2111904,Nordeste,Maranhão,Sucupira do Norte,366,265,2512,"14,6%","10,5%"
2902609,Nordeste,Bahia,Baixa Grande,366,937,3118,"11,7%","30,1%"
2923506,Nordeste,Bahia,Palmeiras,366,444,2404,"15,2%","18,5%"
5003306,Centro-Oeste,Mato Grosso do Sul,Coxim,366,986,5296,"6,9%","18,6%"
3139300,Sudeste,Minas Gerais,Manga,365,634,3531,"10,3%","18,0%"
2511400,Nordeste,Paraíba,Picuí,364,349,3096,"11,8%","11,3%"
2928901,Nordeste,Bahia,São Desidério,364,796,5323,"6,8%","15,0%"
3158953,Sudeste,Minas Gerais,Santana do Paraíso,364,581,4050,"9,0%","14,3%"
4311007,Sul,Rio Grande do Sul,Jaguarão,364,893,3585,"10,2%","24,9%"
2516300,Nordeste,Paraíba,Sumé,363,1094,3593,"10,1%","30,4%"
2605608,Nordeste,Pernambuco,Flores,363,172,3907,"9,3%","4,4%"
2922409,Nordeste,Bahia,Mutuípe,363,876,3215,"11,3%","27,2%"
2313757,Nordeste,Ceará,Umirim,362,436,2989,"12,1%","14,6%"
3139409,Sudeste,Minas Gerais,Manhuaçu,362,492,5430,"6,7%","9,1%"
2504306,Nordeste,Paraíba,Catolé do Rocha,361,1274,5240,"6,9%","24,3%"
2918555,Nordeste,Bahia,Jussari,361,321,1691,"21,3%","19,0%"
5221601,Centro-Oeste,Goiás,Uruaçu,361,546,4102,"8,8%","13,3%"
2502409,Nordeste,Paraíba,Bonito de Santa Fé,360,640,2350,"15,3%","27,2%"
2906204,Nordeste,Bahia,Canarana,360,829,3266,"11,0%","25,4%"
5107065,Centro-Oeste,Mato Grosso,Querência,360,627,2650,"13,6%","23,7%"
5217401,Centro-Oeste,Goiás,Pires do Rio,359,686,3631,"9,9%","18,9%"
2902203,Nordeste,Bahia,Aramari,358,610,2177,"16,4%","28,0%"
3149309,Sudeste,Minas Gerais,Pedro Leopoldo,358,623,3474,"10,3%","17,9%"
2615003,Nordeste,Pernambuco,Taquaritinga do Norte,357,1707,6334,"5,6%","26,9%"
2905800,Nordeste,Bahia,Camamu,357,1328,5037,"7,1%","26,4%"
1502855,Norte,Pará,Curuá,356,1626,2782,"12,8%","58,4%"
2910602,Nordeste,Bahia,Esplanada,356,756,4723,"7,5%","16,0%"
3504107,Sudeste,São Paulo,Atibaia,356,600,5239,"6,8%","11,5%"
1502954,Norte,Pará,Eldorado do Carajás,355,2090,4900,"7,2%","42,7%"
2922003,Nordeste,Bahia,Mucuri,355,956,5456,"6,5%","17,5%"
2925402,Nordeste,Bahia,Potiraguá,355,601,2692,"13,2%","22,3%"
3134707,Sudeste,Minas Gerais,Jacinto,355,553,2395,"14,8%","23,1%"
2507606,Nordeste,Paraíba,Juarez Távora,354,737,2560,"13,8%","28,8%"
4303509,Sul,Rio Grande do Sul,Camaquã,354,1082,6362,"5,6%","17,0%"
2917706,Nordeste,Bahia,Jaguarari,353,1875,6096,"5,8%","30,8%"
3202108,Sudeste,Espírito Santo,Ecoporanga,353,559,2787,"12,7%","20,1%"
5000203,Centro-Oeste,Mato Grosso do Sul,Água Clara,353,414,2695,"13,1%","15,4%"
2927705,Nordeste,Bahia,Santa Cruz Cabrália,352,829,4061,"8,7%","20,4%"
1302801,Norte,Amazonas,Maraã,351,1735,2878,"12,2%","60,3%"
1400233,Norte,Roraima,Caroebe,351,1134,2219,"15,8%","51,1%"
2305332,Nordeste,Ceará,Ibicuitinga,351,567,2633,"13,3%","21,5%"
3203403,Sudeste,Espírito Santo,Mimoso do Sul,351,950,4576,"7,7%","20,8%"
2109601,Nordeste,Maranhão,Rosário,350,808,4915,"7,1%","16,4%"
2313609,Nordeste,Ceará,Ubajara,350,1018,5181,"6,8%","19,6%"
2926509,Nordeste,Bahia,Ribeira do Amparo,350,444,2358,"14,8%","18,8%"
4111803,Sul,Paraná,Jacarezinho,350,533,4168,"8,4%","12,8%"
2202778,Nordeste,Piauí,Colônia do Piauí,349,513,1593,"21,9%","32,2%"
3169307,Sudeste,Minas Gerais,Três Corações,349,971,5371,"6,5%","18,1%"
2202174,Nordeste,Piauí,Campo Largo do Piauí,348,546,1828,"19,0%","29,9%"
2409100,Nordeste,Rio Grande do Norte,Passa e Fica,348,121,2359,"14,8%","5,1%"
3162906,Sudeste,Minas Gerais,São João Nepo- muceno,348,466,3288,"10,6%","14,2%"
2601003,Nordeste,Pernambuco,Angelim,347,101,2223,"15,6%","4,5%"
3135605,Sudeste,Minas Gerais,Jequitaí,347,431,1588,"21,9%","27,1%"
2709400,Nordeste,Alagoas,Viçosa,346,1194,5842,"5,9%","20,4%"
2501906,Nordeste,Paraíba,Belém,345,777,3015,"11,4%","25,8%"
2923407,Nordeste,Bahia,Palmas de Monte Alto,345,980,4176,"8,3%","23,5%"
2300150,Nordeste,Ceará,Acarape,344,515,2204,"15,6%","23,4%"
2919801,Nordeste,Bahia,Macaúbas,344,1541,7260,"4,7%","21,2%"
5220207,Centro-Oeste,Goiás,São Miguel do Araguaia,344,877,4469,"7,7%","19,6%"
1301100,Norte,Amazonas,Careiro,343,2178,4453,"7,7%","48,9%"
1506195,Norte,Pará,Rurópolis,343,1921,3787,"9,1%","50,7%"
2506707,Nordeste,Paraíba,Imaculada,343,564,2245,"15,3%","25,1%"
2925501,Nordeste,Bahia,Prado,343,833,5257,"6,5%","15,8%"
3152204,Sudeste,Minas Gerais,Porteirinha,343,1259,5969,"5,7%","21,1%"
3200201,Sudeste,Espírito Santo,Alegre,343,561,3443,"10,0%","16,3%"
2102325,Nordeste,Maranhão,Buriticupu,342,929,7091,"4,8%","13,1%"
2704609,Nordeste,Alagoas,Maravilha,341,695,2364,"14,4%","29,4%"
2922656,Nordeste,Bahia,Nordestina,341,418,2718,"12,5%","15,4%"
3118304,Sudeste,Minas Gerais,Conselheiro Lafaiete,341,728,5597,"6,1%","13,0%"
3551504,Sudeste,São Paulo,Serrana,341,399,3108,"11,0%","12,8%"
1100338,Norte,Rondônia,Nova Mamoré,340,1261,2786,"12,2%","45,3%"
1303957,Norte,Amazonas,São Sebastião do Uatumã,340,1164,2426,"14,0%","48,0%"
1507409,Norte,Pará,São Francisco do Pará,340,1768,2914,"11,7%","60,7%"
2111102,Nordeste,Maranhão,São João dos Patos,340,1217,5332,"6,4%","22,8%"
2208205,Nordeste,Piauí,Pio IX,340,1451,3723,"9,1%","39,0%"
2412609,Nordeste,Rio Grande do Norte,São Paulo do Potengi,340,704,2683,"12,7%","26,2%"
2601805,Nordeste,Pernambuco,Betânia,340,354,3252,"10,5%","10,9%"
3132503,Sudeste,Minas Gerais,Itamarandiba,340,820,4298,"7,9%","19,1%"
3200805,Sudeste,Espírito Santo,Baixo Guandu,340,456,3004,"11,3%","15,2%"
3523404,Sudeste,São Paulo,Itatiba,340,619,5185,"6,6%","11,9%"
5218508,Centro-Oeste,Goiás,Quirinópolis,340,530,4773,"7,1%","11,1%"
2106755,Nordeste,Maranhão,Miranda do Norte,339,933,4159,"8,2%","22,4%"
2202133,Nordeste,Piauí,Campo Grande do Piauí,339,418,1432,"23,7%","29,2%"
2700508,Nordeste,Alagoas,Barra de Santo Antônio,339,496,2891,"11,7%","17,2%"
2908705,Nordeste,Bahia,Condeúba,339,829,3107,"10,9%","26,7%"
2109205,Nordeste,Maranhão,Presidente Juscelino,338,420,1883,"18,0%","22,3%"
2920908,Nordeste,Bahia,Mascote,338,674,3114,"10,9%","21,6%"
2110906,Nordeste,Maranhão,São Francisco do Maranhão,337,532,2172,"15,5%","24,5%"
2112902,Nordeste,Maranhão,Vitória do Mearim,336,913,4827,"7,0%","18,9%"
3137205,Sudeste,Minas Gerais,Lagoa da Prata,336,461,3704,"9,1%","12,4%"
3519709,Sudeste,São Paulo,Ibiúna,336,802,7282,"4,6%","11,0%"
2705507,Nordeste,Alagoas,Murici,335,463,3992,"8,4%","11,6%"
5215603,Centro-Oeste,Goiás,Padre Bernardo,335,668,4291,"7,8%","15,6%"
1505551,Norte,Pará,Pau D’Arco,334,1056,1978,"16,9%","53,4%"
2510907,Nordeste,Paraíba,Paulista,334,667,2150,"15,5%","31,0%"
2928950,Nordeste,Bahia,São Domingos,334,501,1887,"17,7%","26,6%"
2206506,Nordeste,Piauí,Monsenhor Hipólito,333,598,1933,"17,2%","30,9%"
4122404,Sul,Paraná,Rolândia,333,576,5270,"6,3%","10,9%"
1600204,Norte,Amapá,Calçoene,332,1332,2160,"15,4%","61,7%"
2500304,Nordeste,Paraíba,Alagoa Grande,331,1454,5184,"6,4%","28,0%"
2915353,Nordeste,Bahia,Itaguaçu da Bahia,331,871,3186,"10,4%","27,3%"
3105905,Sudeste,Minas Gerais,Barroso,331,407,3068,"10,8%","13,3%"
3113305,Sudeste,Minas Gerais,Carangola,331,735,3925,"8,4%","18,7%"
3303807,Sudeste,Rio de Janeiro,Paraty,331,383,4741,"7,0%","8,1%"
2906600,Nordeste,Bahia,Candiba,330,641,2846,"11,6%","22,5%"
2911006,Nordeste,Bahia,Floresta Azul,330,490,2621,"12,6%","18,7%"
2110401,Nordeste,Maranhão,São Benedito do Rio Preto,329,554,3144,"10,5%","17,6%"
2301901,Nordeste,Ceará,Barbalha,329,1486,9039,"3,6%","16,4%"
2302057,Nordeste,Ceará,Barroquinha,329,802,2906,"11,3%","27,6%"
2805109,Nordeste,Sergipe,Pedrinhas,329,1325,2985,"11,0%","44,4%"
2926103,Nordeste,Bahia,Retirolândia,329,784,2536,"13,0%","30,9%"
2304269,Nordeste,Ceará,Deputado Ira- puan Pinheiro,328,217,1828,"17,9%","11,9%"
2604700,Nordeste,Pernambuco,Correntes,328,780,3489,"9,4%","22,4%"
1100254,Norte,Rondônia,Presidente Médici,327,839,2793,"11,7%","30,0%"
1302207,Norte,Amazonas,Juruá,327,1721,2791,"11,7%","61,7%"
2105401,Nordeste,Maranhão,Itapecuru Mirim,327,1406,8727,"3,7%","16,1%"
2210003,Nordeste,Piauí,São João do Piauí,327,694,3298,"9,9%","21,0%"
2608453,Nordeste,Pernambuco,Lagoa do Carro,327,201,3065,"10,7%","6,6%"
2904704,Nordeste,Bahia,Buerarema,327,676,3446,"9,5%","19,6%"
4119301,Sul,Paraná,Pinhão,327,560,4716,"6,9%","11,9%"
2301406,Nordeste,Ceará,Aratuba,326,444,2380,"13,7%","18,7%"
2604908,Nordeste,Pernambuco,Cumaru,326,116,3653,"8,9%","3,2%"
2901353,Nordeste,Bahia,Andorinha,326,1008,3946,"8,3%","25,5%"
2606507,Nordeste,Pernambuco,Iati,325,349,3197,"10,2%","10,9%"
3525300,Sudeste,São Paulo,Jaú,325,685,5818,"5,6%","11,8%"
2605152,Nordeste,Pernambuco,Dormentes,324,646,3060,"10,6%","21,1%"
2930808,Nordeste,Bahia,Souto Soares,324,618,2493,"13,0%","24,8%"
5001003,Centro-Oeste,Mato Grosso do Sul,Aparecida do Taboado,324,398,3698,"8,8%","10,8%"
5203302,Centro-Oeste,Goiás,Bela Vista de Goiás,324,607,3797,"8,5%","16,0%"
2106326,Nordeste,Maranhão,Maracaçumé,323,640,3378,"9,6%","18,9%"
2300754,Nordeste,Ceará,Amontada,323,1697,6564,"4,9%","25,9%"
2412203,Nordeste,Rio Grande do Norte,São José de Mipibu,323,1411,6372,"5,1%","22,1%"
2932457,Nordeste,Bahia,Umburanas,323,634,2660,"12,1%","23,8%"
3504008,Sudeste,São Paulo,Assis,323,794,5151,"6,3%","15,4%"
2507903,Nordeste,Paraíba,Juripiranga,322,112,2116,"15,2%","5,3%"
2600609,Nordeste,Pernambuco,Alagoinha,322,873,2717,"11,9%","32,1%"
2802601,Nordeste,Sergipe,Gracho Cardoso,322,357,1989,"16,2%","17,9%"
2904308,Nordeste,Bahia,Brejões,322,305,2732,"11,8%","11,2%"
2931400,Nordeste,Bahia,Teodoro Sam- paio,322,885,1950,"16,5%","45,4%"
3500303,Sudeste,São Paulo,Aguaí,322,486,2842,"11,3%","17,1%"
3529302,Sudeste,São Paulo,Matão,322,541,4343,"7,4%","12,5%"
4108601,Sul,Paraná,Goioerê,322,396,3042,"10,6%","13,0%"
2413359,Nordeste,Rio Grande do Norte,Serra do Mel,321,673,2431,"13,2%","27,7%"
2512002,Nordeste,Paraíba,Pocinhos,321,278,3393,"9,5%","8,2%"
2916005,Nordeste,Bahia,Itanhém,321,504,2768,"11,6%","18,2%"
4322509,Sul,Rio Grande do Sul,Vacaria,321,468,4743,"6,8%","9,9%"
5006309,Centro-Oeste,Mato Grosso do Sul,Paranaíba,321,585,5518,"5,8%","10,6%"
2312403,Nordeste,Ceará,São Gonçalo do Amarante,320,1472,7157,"4,5%","20,6%"
2926202,Nordeste,Bahia,Riachão das Neves,319,434,4480,"7,1%","9,7%"
3169356,Sudeste,Minas Gerais,Três Marias,319,459,3174,"10,1%","14,5%"
3510401,Sudeste,São Paulo,Capivari,319,635,3653,"8,7%","17,4%"
1200252,Norte,Acre,Epitaciolândia,318,1010,2236,"14,2%","45,2%"
2921708,Nordeste,Bahia,Morro do Cha- péu,318,504,4062,"7,8%","12,4%"
1508050,Norte,Pará,Trairão,317,1304,2611,"12,1%","49,9%"
2301208,Nordeste,Ceará,Aracoiaba,316,1187,5142,"6,1%","23,1%"
2409308,Nordeste,Rio Grande do Norte,Patu,316,846,2818,"11,2%","30,0%"
2928059,Nordeste,Bahia,Santa Luzia,316,736,2380,"13,3%","30,9%"
3520426,Sudeste,São Paulo,Ilha Comprida,316,485,2751,"11,5%","17,6%"
4117503,Sul,Paraná,Paiçandu,316,456,4348,"7,3%","10,5%"
1400209,Norte,Roraima,Caracaraí,315,984,2242,"14,0%","43,9%"
2516706,Nordeste,Paraíba,Teixeira,315,867,2470,"12,8%","35,1%"
2608503,Nordeste,Pernambuco,Lagoa de Itaenga,315,741,2860,"11,0%","25,9%"
2201606,Nordeste,Piauí,Beneditinos,314,384,1933,"16,2%","19,9%"
2304236,Nordeste,Ceará,Croatá,314,537,2982,"10,5%","18,0%"
2402105,Nordeste,Rio Grande do Norte,Campo Re- dondo,314,200,2450,"12,8%","8,2%"
2615409,Nordeste,Pernambuco,Toritama,314,1623,8108,"3,9%","20,0%"
2919603,Nordeste,Bahia,Macajuba,314,651,2195,"14,3%","29,7%"
2921104,Nordeste,Bahia,Medeiros Neto,314,855,4353,"7,2%","19,6%"
2931806,Nordeste,Bahia,Tremedal,314,320,3066,"10,2%","10,4%"
2209005,Nordeste,Piauí,Rio Grande do Piauí,313,537,1796,"17,4%","29,9%"
2612703,Nordeste,Pernambuco,Santa Maria do Cambucá,313,1007,3636,"8,6%","27,7%"
3204203,Sudeste,Espírito Santo,Piúma,313,582,3229,"9,7%","18,0%"
3520400,Sudeste,São Paulo,Ilhabela,313,369,2418,"12,9%","15,3%"
5106752,Centro-Oeste,Mato Grosso,Pontes e La- cerda,313,454,4326,"7,2%","10,5%"
2105005,Nordeste,Maranhão,Humberto de Campos,312,1115,5179,"6,0%","21,5%"
2400901,Nordeste,Rio Grande do Norte,Antônio Martins,312,327,1535,"20,3%","21,3%"
2504405,Nordeste,Paraíba,Conceição,312,851,3012,"10,4%","28,3%"
2907707,Nordeste,Bahia,Chorrochó,312,226,2670,"11,7%","8,5%"
2308005,Nordeste,Ceará,Massapê,311,1470,5496,"5,7%","26,7%"
2500601,Nordeste,Paraíba,Alhandra,311,909,3677,"8,5%","24,7%"
2806107,Nordeste,Sergipe,Rosário do Catete,311,125,1725,"18,0%","7,2%"
2905107,Nordeste,Bahia,Caém,311,213,2467,"12,6%","8,6%"
2909604,Nordeste,Bahia,Crisópolis,311,953,3345,"9,3%","28,5%"
4302808,Sul,Rio Grande do Sul,Caçapava do Sul,311,598,3579,"8,7%","16,7%"
5210208,Centro-Oeste,Goiás,Iporá,311,591,3601,"8,6%","16,4%"
2513901,Nordeste,Paraíba,São Bento,310,1603,6275,"4,9%","25,5%"
3202306,Sudeste,Espírito Santo,Guaçuí,310,606,3975,"7,8%","15,2%"
2905503,Nordeste,Bahia,Caldeirão Grande,309,213,2808,"11,0%","7,6%"
2305209,Nordeste,Ceará,Hidrolândia,308,820,2833,"10,9%","28,9%"
2903508,Nordeste,Bahia,Belo Campo,308,676,4000,"7,7%","16,9%"
2925600,Nordeste,Bahia,Presidente Dutra,308,774,2653,"11,6%","29,2%"
2613800,Nordeste,Pernambuco,São Vicente Férrer,307,479,2948,"10,4%","16,2%"
2907608,Nordeste,Bahia,Central,307,955,3786,"8,1%","25,2%"
2913200,Nordeste,Bahia,Ibotirama,307,878,4007,"7,7%","21,9%"
2932507,Nordeste,Bahia,Una,307,490,3258,"9,4%","15,0%"
3170404,Sudeste,Minas Gerais,Unaí,307,594,5796,"5,3%","10,2%"
3541307,Sudeste,São Paulo,Presidente Epitácio,307,628,3802,"8,1%","16,5%"
4310603,Sul,Rio Grande do Sul,Itaqui,307,470,3297,"9,3%","14,3%"
2309458,Nordeste,Ceará,Ocara,306,743,3393,"9,0%","21,9%"
2310852,Nordeste,Ceará,Pindoretama,306,898,4304,"7,1%","20,9%"
2502805,Nordeste,Paraíba,Brejo do Cruz,306,855,3238,"9,5%","26,4%"
3127107,Sudeste,Minas Gerais,Frutal,306,679,5235,"5,8%","13,0%"
3147105,Sudeste,Minas Gerais,Pará de Minas,306,486,4909,"6,2%","9,9%"
5210000,Centro-Oeste,Goiás,Inhumas,306,586,5145,"5,9%","11,4%"
2201960,Nordeste,Piauí,Brasileira,305,329,1410,"21,6%","23,3%"
1304260,Norte,Amazonas,Uarini,304,2274,2831,"10,7%","80,3%"
2408904,Nordeste,Rio Grande do Norte,Parelhas,304,413,3775,"8,1%","10,9%"
2506004,Nordeste,Paraíba,Esperança,304,1310,6138,"5,0%","21,3%"
2609006,Nordeste,Pernambuco,Macaparana,304,596,3644,"8,3%","16,4%"
2704401,Nordeste,Alagoas,Major Isidoro,304,543,2752,"11,0%","19,7%"
2912608,Nordeste,Bahia,Ibiquera,304,399,1249,"24,3%","31,9%"
5103304,Centro-Oeste,Mato Grosso,Comodoro,304,471,2636,"11,5%","17,9%"
5209101,Centro-Oeste,Goiás,Goiatuba,304,543,3490,"8,7%","15,6%"
1708205,Norte,Tocantins,Formoso do Araguaia,303,1276,3188,"9,5%","40,0%"
2500502,Nordeste,Paraíba,Alagoinha,303,227,2794,"10,8%","8,1%"
2907004,Nordeste,Bahia,Cardeal da Silva,303,144,2078,"14,6%","6,9%"
5201801,Centro-Oeste,Goiás,Aragoiânia,303,411,2304,"13,2%","17,8%"
2110708,Nordeste,Maranhão,São Domingos do Maranhão,302,1059,5350,"5,6%","19,8%"
2601508,Nordeste,Pernambuco,Belém de Maria,302,423,2319,"13,0%","18,2%"
2612901,Nordeste,Pernambuco,São Benedito do Sul,302,132,2459,"12,3%","5,4%"
2104404,Nordeste,Maranhão,Gonçalves Dias,301,741,2724,"11,0%","27,2%"
2409407,Nordeste,Rio Grande do Norte,Pau dos Ferros,301,823,4852,"6,2%","17,0%"
3126703,Sudeste,Minas Gerais,Francisco Sá,301,759,3761,"8,0%","20,2%"
4105508,Sul,Paraná,Cianorte,301,432,4503,"6,7%","9,6%"
5002100,Centro-Oeste,Mato Grosso do Sul,Bela Vista,301,641,3469,"8,7%","18,5%"
2100477,Nordeste,Maranhão,Alto Alegre do Pindaré,300,276,4699,"6,4%","5,9%"
2202026,Nordeste,Piauí,Buriti dos Montes,300,461,1662,"18,1%","27,7%"
2203107,Nordeste,Piauí,Cristino Castro,300,297,2293,"13,1%","13,0%"
2208106,Nordeste,Piauí,Pimenteiras,300,542,2261,"13,3%","24,0%"
2208700,Nordeste,Piauí,Redenção do Gurguéia,300,129,2036,"14,7%","6,3%"
2806305,Nordeste,Sergipe,Santa Luzia do Itanhy,300,429,3194,"9,4%","13,4%"
2902252,Nordeste,Bahia,Arataca,300,104,2045,"14,7%","5,1%"
2928208,Nordeste,Bahia,Santana,300,948,3890,"7,7%","24,4%"
3168002,Sudeste,Minas Gerais,Taiobeiras,300,827,4432,"6,8%","18,7%"
5200050,Centro-Oeste,Goiás,Abadia de Goiás,300,551,3432,"8,7%","16,1%"
1300086,Norte,Amazonas,Anamã,299,1337,1978,"15,1%","67,6%"
1400050,Norte,Roraima,Alto Alegre,299,1322,2309,"12,9%","57,3%"
2707206,Nordeste,Alagoas,Poço das Trin- cheiras,299,316,2592,"11,5%","12,2%"
2918803,Nordeste,Bahia,Laje,299,802,3001,"10,0%","26,7%"
1501451,Norte,Pará,Belterra,298,1593,3067,"9,7%","51,9%"
1600105,Norte,Amapá,Amapá,298,812,1537,"19,4%","52,8%"
2305001,Nordeste,Ceará,Guaraciaba do Norte,298,1648,6504,"4,6%","25,3%"
2500775,Nordeste,Paraíba,Aparecida,298,426,2120,"14,1%","20,1%"
2614006,Nordeste,Pernambuco,Serrita,298,353,3648,"8,2%","9,7%"
2912202,Nordeste,Bahia,Ibicoara,298,573,3285,"9,1%","17,4%"
3138906,Sudeste,Minas Gerais,Machacalis,298,429,1422,"21,0%","30,2%"
2513307,Nordeste,Paraíba,Santa Helena,297,386,1702,"17,5%","22,7%"
2703304,Nordeste,Alagoas,Inhapi,297,986,3914,"7,6%","25,2%"
3300936,Sudeste,Rio de Janeiro,Carapebus,297,399,2179,"13,6%","18,3%"
2802304,Nordeste,Sergipe,Frei Paulo,296,615,3436,"8,6%","17,9%"
3505906,Sudeste,São Paulo,Batatais,296,404,3504,"8,4%","11,5%"
5002605,Centro-Oeste,Mato Grosso do Sul,Camapuã,296,332,2491,"11,9%","13,3%"
5106257,Centro-Oeste,Mato Grosso,Nova Xavantina,296,459,2970,"10,0%","15,5%"
2920007,Nordeste,Bahia,Maiquinique,295,198,1794,"16,4%","11,0%"
3116159,Sudeste,Minas Gerais,Chapada Gaú- cha,295,450,2452,"12,0%","18,4%"
5213806,Centro-Oeste,Goiás,Morrinhos,295,443,5155,"5,7%","8,6%"
3152105,Sudeste,Minas Gerais,Ponte Nova,294,428,3860,"7,6%","11,1%"
3507001,Sudeste,São Paulo,Boituva,294,711,3136,"9,4%","22,7%"
3523206,Sudeste,São Paulo,Itararé,294,755,4636,"6,3%","16,3%"
5214002,Centro-Oeste,Goiás,Mozarlândia,294,445,2359,"12,5%","18,9%"
1500347,Norte,Pará,Água Azul do Norte,293,858,2158,"13,6%","39,8%"
2312304,Nordeste,Ceará,São Benedito,293,914,5548,"5,3%","16,5%"
2403103,Nordeste,Rio Grande do Norte,Currais Novos,293,1191,5390,"5,4%","22,1%"
3536505,Sudeste,São Paulo,Paulínia,293,489,3942,"7,4%","12,4%"
2902906,Nordeste,Bahia,Barra do Choça,292,949,5679,"5,1%","16,7%"
3200409,Sudeste,Espírito Santo,Anchieta,292,504,2701,"10,8%","18,7%"
3529708,Sudeste,São Paulo,Miguelópolis,292,337,2404,"12,1%","14,0%"
5006002,Centro-Oeste,Mato Grosso do Sul,Nova Alvorada do Sul,292,531,3101,"9,4%","17,1%"
5106505,Centro-Oeste,Mato Grosso,Poconé,292,824,5873,"5,0%","14,0%"
2108454,Nordeste,Maranhão,Peritoró,291,543,3158,"9,2%","17,2%"
2908309,Nordeste,Bahia,Conceição do Almeida,291,122,2496,"11,7%","4,9%"
2924058,Nordeste,Bahia,Pé de Serra,291,643,2869,"10,1%","22,4%"
3520301,Sudeste,São Paulo,Iguape,291,1062,4318,"6,7%","24,6%"
3540200,Sudeste,São Paulo,Pontal,291,453,2705,"10,8%","16,7%"
5219308,Centro-Oeste,Goiás,Santa Helena de Goiás,291,467,4036,"7,2%","11,6%"
2202802,Nordeste,Piauí,Conceição do Canindé,290,620,1599,"18,1%","38,8%"
2512507,Nordeste,Paraíba,Queimadas,290,1882,7291,"4,0%","25,8%"
2702603,Nordeste,Alagoas,Feira Grande,290,807,4243,"6,8%","19,0%"
3553708,Sudeste,São Paulo,Taquaritinga,290,552,3031,"9,6%","18,2%"
1707405,Norte,Tocantins,Esperantina,289,1061,1910,"15,1%","55,5%"
2304707,Nordeste,Ceará,Granja,289,1972,8607,"3,4%","22,9%"
2305654,Nordeste,Ceará,Ipaporanga,289,399,1949,"14,8%","20,5%"
2414506,Nordeste,Rio Grande do Norte,Umarizal,289,613,2347,"12,3%","26,1%"
2708956,Nordeste,Alagoas,Senador Rui Palmeira,289,379,2879,"10,0%","13,2%"
2916906,Nordeste,Bahia,Itiruçu,289,906,2939,"9,8%","30,8%"
3302809,Sudeste,Rio de Janeiro,Mendes,289,582,2354,"12,3%","24,7%"
4125704,Sul,Paraná,São Miguel do Iguaçu,289,386,3098,"9,3%","12,5%"
5005806,Centro-Oeste,Mato Grosso do Sul,Nioaque,289,755,2859,"10,1%","26,4%"
1718758,Norte,Tocantins,Rio Sono,288,611,1294,"22,3%","47,2%"
2205532,Nordeste,Piauí,Jurema,288,452,1474,"19,5%","30,7%"
2310605,Nordeste,Ceará,Penaforte,288,484,1807,"15,9%","26,8%"
2930774,Nordeste,Bahia,Sobradinho,288,832,3711,"7,8%","22,4%"
2311603,Nordeste,Ceará,Redenção,287,1067,3175,"9,0%","33,6%"
2509206,Nordeste,Paraíba,Massaranduba,287,497,2386,"12,0%","20,8%"
2922854,Nordeste,Bahia,Nova Redenção,287,262,1450,"19,8%","18,1%"
2924504,Nordeste,Bahia,Pindaí,287,628,2890,"9,9%","21,7%"
3162450,Sudeste,Minas Gerais,São João das Missões,287,133,1929,"14,9%","6,9%"
3538907,Sudeste,São Paulo,Pirajuí,287,321,2449,"11,7%","13,1%"
4301305,Sul,Rio Grande do Sul,Arroio Grande,287,525,2319,"12,4%","22,6%"
5210109,Centro-Oeste,Goiás,Ipameri,287,468,3038,"9,4%","15,4%"
2308104,Nordeste,Ceará,Mauriti,285,1443,6911,"4,1%","20,9%"
2916856,Nordeste,Bahia,Itatim,285,561,2931,"9,7%","19,1%"
3108602,Sudeste,Minas Gerais,Brasília de Minas,285,781,4114,"6,9%","19,0%"
3303856,Sudeste,Rio de Janeiro,Paty do Alferes,285,543,3169,"9,0%","17,1%"
5220108,Centro-Oeste,Goiás,São Luís de Montes Belos,285,566,3414,"8,3%","16,6%"
2107902,Nordeste,Maranhão,Passagem Franca,284,455,2306,"12,3%","19,7%"
2207850,Nordeste,Piauí,Pavussu,284,374,874,"32,5%","42,8%"
2616209,Nordeste,Pernambuco,Vertentes,284,1232,4449,"6,4%","27,7%"
2703759,Nordeste,Alagoas,Jequiá da Praia,284,439,2778,"10,2%","15,8%"
2205557,Nordeste,Piauí,Lagoa Alegre,283,861,2802,"10,1%","30,7%"
2612802,Nordeste,Pernambuco,Santa Terezinha,283,88,1899,"14,9%","4,6%"
2925758,Nordeste,Bahia,Presidente Tan- credo Neves,283,1027,5163,"5,5%","19,9%"
3172004,Sudeste,Minas Gerais,Visconde do Rio Branco,283,429,3599,"7,9%","11,9%"
5209705,Centro-Oeste,Goiás,Hidrolândia,283,473,3427,"8,3%","13,8%"
2107209,Nordeste,Maranhão,Nina Rodrigues,282,654,2679,"10,5%","24,4%"
2111763,Nordeste,Maranhão,Senador La Rocque,282,669,3292,"8,6%","20,3%"
2203271,Nordeste,Piauí,Curral Novo do Piauí,282,377,1427,"19,8%","26,4%"
2607406,Nordeste,Pernambuco,Itacuruba,282,150,1279,"22,0%","11,7%"
3301207,Sudeste,Rio de Janeiro,Carmo,282,425,2163,"13,0%","19,6%"
3515509,Sudeste,São Paulo,Fernandópolis,282,415,3478,"8,1%","11,9%"
4202008,Sul,Santa Catarina,Balneário Cam- boriú,282,414,4791,"5,9%","8,6%"
2313203,Nordeste,Ceará,Tamboril,281,846,4400,"6,4%","19,2%"
2902054,Nordeste,Bahia,Araçás,281,1249,3189,"8,8%","39,2%"
2925709,Nordeste,Bahia,Presidente Jânio Quadros,281,81,1909,"14,7%","4,2%"
2930600,Nordeste,Bahia,Serrolândia,281,372,1905,"14,8%","19,5%"
3504503,Sudeste,São Paulo,Avaré,281,702,5439,"5,2%","12,9%"
4315701,Sul,Rio Grande do Sul,Rio Pardo,281,628,2946,"9,5%","21,3%"
5107925,Centro-Oeste,Mato Grosso,Sorriso,281,558,7434,"3,8%","7,5%"
1300839,Norte,Amazonas,Caapiranga,280,1943,2758,"10,2%","70,4%"
2407708,Nordeste,Rio Grande do Norte,Montanhas,280,604,2706,"10,3%","22,3%"
3159803,Sudeste,Minas Gerais,Santa Vitória,280,385,2496,"11,2%","15,4%"
3527108,Sudeste,São Paulo,Lins,280,757,4217,"6,6%","18,0%"
2202109,Nordeste,Piauí,Campinas do Piauí,279,347,1212,"23,0%","28,6%"
2512804,Nordeste,Paraíba,Riacho dos Cavalos,279,734,1974,"14,1%","37,2%"
3134004,Sudeste,Minas Gerais,Itinga,279,575,2561,"10,9%","22,5%"
3304003,Sudeste,Rio de Janeiro,Piraí,279,331,2252,"12,4%","14,7%"
1505601,Norte,Pará,Peixe-Boi,278,678,1532,"18,1%","44,3%"
2105351,Nordeste,Maranhão,Itaipava do Grajaú,278,600,2588,"10,7%","23,2%"
2709103,Nordeste,Alagoas,Taquarana,278,981,3584,"7,8%","27,4%"
2308401,Nordeste,Ceará,Missão Velha,277,1459,6146,"4,5%","23,7%"
2901700,Nordeste,Bahia,Antônio Cardoso,277,538,2278,"12,2%","23,6%"
3118007,Sudeste,Minas Gerais,Congonhas,277,407,3227,"8,6%","12,6%"
3165537,Sudeste,Minas Gerais,Sarzedo,277,422,2824,"9,8%","14,9%"
3170701,Sudeste,Minas Gerais,Varginha,277,411,4083,"6,8%","10,1%"
4310207,Sul,Rio Grande do Sul,Ijuí,277,392,4918,"5,6%","8,0%"
2205276,Nordeste,Piauí,Jatobá do Piauí,276,467,1532,"18,0%","30,5%"
2210508,Nordeste,Piauí,São Pedro do Piauí,276,1216,3452,"8,0%","35,2%"
2313955,Nordeste,Ceará,Varjota,276,631,2756,"10,0%","22,9%"
2802809,Nordeste,Sergipe,Indiaroba,276,515,2826,"9,8%","18,2%"
2921203,Nordeste,Bahia,Miguel Calmon,276,644,3392,"8,1%","19,0%"
1100130,Norte,Rondônia,Machadinho D’Oeste,275,1326,4242,"6,5%","31,3%"
2701803,Nordeste,Alagoas,Carneiros,275,512,2210,"12,4%","23,2%"
3148608,Sudeste,Minas Gerais,Peçanha,275,444,2553,"10,8%","17,4%"
4318309,Sul,Rio Grande do Sul,São Gabriel,275,597,4468,"6,2%","13,4%"
2102705,Nordeste,Maranhão,Cantanhede,274,761,3062,"8,9%","24,9%"
2707800,Nordeste,Alagoas,Roteiro,273,351,1703,"16,0%","20,6%"
2915809,Nordeste,Bahia,Itambé,273,889,4338,"6,3%","20,5%"
5218300,Centro-Oeste,Goiás,Posse,273,724,3652,"7,5%","19,8%"
1200302,Norte,Acre,Feijó,272,1958,4047,"6,7%","48,4%"
1503903,Norte,Pará,Juruti,272,3679,5589,"4,9%","65,8%"
2210409,Nordeste,Piauí,São Miguel do Tapuio,272,760,3297,"8,2%","23,1%"
2922706,Nordeste,Bahia,Nova Canaã,272,697,3443,"7,9%","20,2%"
2928307,Nordeste,Bahia,Santanópolis,272,338,1698,"16,0%","19,9%"
3124302,Sudeste,Minas Gerais,Espinosa,272,911,4706,"5,8%","19,4%"
3202207,Sudeste,Espírito Santo,Fundão,272,421,2378,"11,4%","17,7%"
4311403,Sul,Rio Grande do Sul,Lajeado,272,375,6212,"4,4%","6,0%"
2102002,Nordeste,Maranhão,Bom Jardim,271,885,4753,"5,7%","18,6%"
2407807,Nordeste,Rio Grande do Norte,Monte Alegre,271,929,3573,"7,6%","26,0%"
2512705,Nordeste,Paraíba,Remígio,271,707,2728,"9,9%","25,9%"
2700102,Nordeste,Alagoas,Água Branca,271,283,3396,"8,0%","8,3%"
3550605,Sudeste,São Paulo,São Roque,271,528,4163,"6,5%","12,7%"
4128005,Sul,Paraná,Ubiratã,271,299,2540,"10,7%","11,8%"
2411205,Nordeste,Rio Grande do Norte,Santa Cruz,270,1203,6182,"4,4%","19,5%"
2610301,Nordeste,Pernambuco,Paranatama,270,466,3075,"8,8%","15,2%"
2703601,Nordeste,Alagoas,Japaratinga,270,565,2491,"10,8%","22,7%"
2929750,Nordeste,Bahia,Saubara,270,549,2028,"13,3%","27,1%"
3112307,Sudeste,Minas Gerais,Capelinha,270,824,5474,"4,9%","15,1%"
3139508,Sudeste,Minas Gerais,Manhumirim,270,771,2736,"9,9%","28,2%"
4300406,Sul,Rio Grande do Sul,Alegrete,270,735,4904,"5,5%","15,0%"
5007406,Centro-Oeste,Mato Grosso do Sul,Rio Verde de Mato Grosso,270,523,3584,"7,5%","14,6%"
2409902,Nordeste,Rio Grande do Norte,Pendências,269,336,2012,"13,4%","16,7%"
2913408,Nordeste,Bahia,Igaporã,269,550,2438,"11,0%","22,6%"
3101102,Sudeste,Minas Gerais,Aimorés,269,606,2670,"10,1%","22,7%"
3519303,Sudeste,São Paulo,Ibaté,269,530,2667,"10,1%","19,9%"
5102678,Centro-Oeste,Mato Grosso,Campo Verde,269,350,4005,"6,7%","8,7%"
2311702,Nordeste,Ceará,Reriutaba,268,679,3026,"8,9%","22,4%"
2408953,Nordeste,Rio Grande do Norte,Rio do Fogo,268,396,2023,"13,2%","19,6%"
2102150,Nordeste,Maranhão,Brejo de Areia,267,381,1601,"16,7%","23,8%"
2201988,Nordeste,Piauí,Brejo do Piauí,267,141,1069,"25,0%","13,2%"
2700201,Nordeste,Alagoas,Anadia,267,305,2535,"10,5%","12,0%"
2929305,Nordeste,Bahia,São Gonçalo dos Campos,267,1007,4383,"6,1%","23,0%"
4116109,Sul,Paraná,Moreira Sales,267,337,1666,"16,0%","20,2%"
4304630,Sul,Rio Grande do Sul,Capão da Canoa,267,486,5125,"5,2%","9,5%"
4314050,Sul,Rio Grande do Sul,Parobé,267,536,4736,"5,6%","11,3%"
2200707,Nordeste,Piauí,Anísio de Abreu,266,507,1810,"14,7%","28,0%"
2313807,Nordeste,Ceará,Uruburetama,266,1542,4920,"5,4%","31,3%"
2516904,Nordeste,Paraíba,Uiraúna,266,826,3118,"8,5%","26,5%"
3169604,Sudeste,Minas Gerais,Tupaciguara,266,472,3071,"8,7%","15,4%"
1200351,Norte,Acre,Marechal Thau- maturgo,265,1504,2410,"11,0%","62,4%"
2203602,Nordeste,Piauí,Eliseu Martins,265,264,1041,"25,5%","25,4%"
2300101,Nordeste,Ceará,Abaiara,265,352,1985,"13,4%","17,7%"
2401305,Nordeste,Rio Grande do Norte,Campo Grande,265,612,2501,"10,6%","24,5%"
2612554,Nordeste,Pernambuco,Santa Filomena,265,719,2938,"9,0%","24,5%"
3506607,Sudeste,São Paulo,Biritiba Mirim,265,778,3693,"7,2%","21,1%"
1713205,Norte,Tocantins,Miracema do Tocantins,264,922,2284,"11,6%","40,4%"
2304608,Nordeste,Ceará,General Sam- paio,264,220,1287,"20,5%","17,1%"
2311207,Nordeste,Ceará,Potengi,264,428,1788,"14,8%","23,9%"
2405009,Nordeste,Rio Grande do Norte,Jaçanã,263,431,1725,"15,2%","25,0%"
2917334,Nordeste,Bahia,Iuiu,263,628,2339,"11,2%","26,8%"
2919306,Nordeste,Bahia,Lençóis,263,543,2095,"12,6%","25,9%"
2933455,Nordeste,Bahia,Wanderley,263,608,2600,"10,1%","23,4%"
2301851,Nordeste,Ceará,Banabuiú,262,736,3059,"8,6%","24,1%"
2313005,Nordeste,Ceará,Solonópole,262,603,2434,"10,8%","24,8%"
2804508,Nordeste,Sergipe,Nossa Senhora da Glória,262,1276,5194,"5,0%","24,6%"
2916203,Nordeste,Bahia,Itapé,262,263,1827,"14,3%","14,4%"
3120870,Sudeste,Minas Gerais,Curral de Dentro,262,372,1563,"16,8%","23,8%"
4204202,Sul,Santa Catarina,Chapecó,262,546,8029,"3,3%","6,8%"
5002407,Centro-Oeste,Mato Grosso do Sul,Caarapó,262,487,2930,"8,9%","16,6%"
5002951,Centro-Oeste,Mato Grosso do Sul,Chapadão do Sul,262,341,3166,"8,3%","10,8%"
5006903,Centro-Oeste,Mato Grosso do Sul,Porto Murtinho,262,580,2749,"9,5%","21,1%"
1100189,Norte,Rondônia,Pimenta Bueno,261,702,2720,"9,6%","25,8%"
1703008,Norte,Tocantins,Babaçulândia,261,513,1284,"20,3%","40,0%"
2204006,Nordeste,Piauí,Francinópolis,261,429,1453,"18,0%","29,5%"
2206704,Nordeste,Piauí,Nazaré do Piauí,261,326,1509,"17,3%","21,6%"
2516508,Nordeste,Paraíba,Taperoá,261,402,2884,"9,0%","13,9%"
2906402,Nordeste,Bahia,Candeal,261,466,2183,"12,0%","21,3%"
3142908,Sudeste,Minas Gerais,Monte Azul,261,861,2859,"9,1%","30,1%"
2114007,Nordeste,Maranhão,Zé Doca,260,1133,6084,"4,3%","18,6%"
2901304,Nordeste,Bahia,Andaraí,260,405,2495,"10,4%","16,2%"
2923357,Nordeste,Bahia,Ourolândia,260,578,2899,"9,0%","19,9%"
3533908,Sudeste,São Paulo,Olímpia,260,344,5855,"4,4%","5,9%"
5005202,Centro-Oeste,Mato Grosso do Sul,Ladário,260,379,2586,"10,1%","14,7%"
2310209,Nordeste,Ceará,Paracuru,259,1174,4943,"5,2%","23,8%"
2604502,Nordeste,Pernambuco,Chã Grande,259,861,3581,"7,2%","24,0%"
2918209,Nordeste,Bahia,Jiquiriçá,259,555,2159,"12,0%","25,7%"
3556206,Sudeste,São Paulo,Valinhos,259,365,3341,"7,8%","10,9%"
1400027,Norte,Roraima,Amajari,258,935,1612,"16,0%","58,0%"
2300606,Nordeste,Ceará,Altaneira,258,113,1661,"15,5%","6,8%"
2302503,Nordeste,Ceará,Brejo Santo,258,1386,6396,"4,0%","21,7%"
2303956,Nordeste,Ceará,Chorozinho,258,926,3241,"8,0%","28,6%"
2313906,Nordeste,Ceará,Uruoca,258,631,2233,"11,6%","28,3%"
2923308,Nordeste,Bahia,Ouriçangas,258,503,1701,"15,2%","29,6%"
3148103,Sudeste,Minas Gerais,Patrocínio,258,799,6425,"4,0%","12,4%"
3526209,Sudeste,São Paulo,Juquitiba,258,914,4473,"5,8%","20,4%"
3537800,Sudeste,São Paulo,Piedade,258,742,4744,"5,4%","15,6%"
4313706,Sul,Rio Grande do Sul,Palmeira das Missões,258,689,3513,"7,3%","19,6%"
5103858,Centro-Oeste,Mato Grosso,Gaúcha do Norte,258,325,1205,"21,4%","27,0%"
5211206,Centro-Oeste,Goiás,Itapuranga,257,478,3285,"7,8%","14,6%"
2202901,Nordeste,Piauí,Corrente,256,766,4154,"6,2%","18,4%"
2204501,Nordeste,Piauí,Guadalupe,256,416,1694,"15,1%","24,6%"
3128709,Sudeste,Minas Gerais,Guaxupé,256,382,4118,"6,2%","9,3%"
3539103,Sudeste,São Paulo,Pirapora do Bom Jesus,256,310,1989,"12,9%","15,6%"
1301308,Norte,Amazonas,Codajás,255,1772,2968,"8,6%","59,7%"
1303569,Norte,Amazonas,Rio Preto da Eva,255,1441,2766,"9,2%","52,1%"
1507102,Norte,Pará,São Caetano de Odivelas,255,1639,2725,"9,4%","60,1%"
2104057,Nordeste,Maranhão,Estreito,255,668,4268,"6,0%","15,7%"
2707107,Nordeste,Alagoas,Piranhas,255,630,3407,"7,5%","18,5%"
2912905,Nordeste,Bahia,Ibirataia,255,352,2409,"10,6%","14,6%"
2913705,Nordeste,Bahia,Inhambupe,255,1312,5191,"4,9%","25,3%"
3145604,Sudeste,Minas Gerais,Oliveira,255,451,2846,"9,0%","15,8%"
3300506,Sudeste,Rio de Janeiro,Bom Jardim,255,429,3063,"8,3%","14,0%"
4117305,Sul,Paraná,Ortigueira,255,628,3950,"6,5%","15,9%"
2301802,Nordeste,Ceará,Baixio,254,109,1046,"24,3%","10,4%"
2917409,Nordeste,Bahia,Jacaraci,254,793,3398,"7,5%","23,3%"
3133808,Sudeste,Minas Gerais,Itaúna,254,361,3541,"7,2%","10,2%"
3519600,Sudeste,São Paulo,Ibitinga,254,570,3423,"7,4%","16,7%"
4113205,Sul,Paraná,Lapa,254,464,4271,"5,9%","10,9%"
5003488,Centro-Oeste,Mato Grosso do Sul,Dois Irmãos do Buriti,254,575,2010,"12,6%","28,6%"
5105150,Centro-Oeste,Mato Grosso,Juína,254,418,3094,"8,2%","13,5%"
5214606,Centro-Oeste,Goiás,Niquelândia,254,548,4246,"6,0%","12,9%"
2202059,Nordeste,Piauí,Cabeceiras do Piauí,253,155,2121,"11,9%","7,3%"
2505279,Nordeste,Paraíba,Curral de Cima,253,53,1394,"18,1%","3,8%"
2609105,Nordeste,Pernambuco,Machados,253,540,2605,"9,7%","20,7%"
3525102,Sudeste,São Paulo,Jardinópolis,253,380,2906,"8,7%","13,1%"
2905404,Nordeste,Bahia,Cairu,252,373,2499,"10,1%","14,9%"
3117306,Sudeste,Minas Gerais,Conceição das Alagoas,252,380,2890,"8,7%","13,1%"
3163706,Sudeste,Minas Gerais,São Lourenço,252,681,4583,"5,5%","14,9%"
4119954,Sul,Paraná,Pontal do Paraná,252,605,3459,"7,3%","17,5%"
1709005,Norte,Tocantins,Goiatins,251,1061,2129,"11,8%","49,8%"
3554003,Sudeste,São Paulo,Tatuí,251,676,6343,"4,0%","10,7%"
2202000,Nordeste,Piauí,Buriti dos Lopes,250,767,3726,"6,7%","20,6%"
2610400,Nordeste,Pernambuco,Parnamirim,250,224,3070,"8,1%","7,3%"
2703809,Nordeste,Alagoas,Joaquim Gomes,250,994,4645,"5,4%","21,4%"
2901809,Nordeste,Bahia,Antônio Gon- çalves,250,389,1624,"15,4%","24,0%"
3119104,Sudeste,Minas Gerais,Corinto,250,703,3316,"7,5%","21,2%"
3155801,Sudeste,Minas Gerais,Rio Pomba,250,334,2075,"12,0%","16,1%"
3304110,Sudeste,Rio de Janeiro,Porto Real,250,296,1873,"13,3%","15,8%"
4108809,Sul,Paraná,Guaíra,250,357,3288,"7,6%","10,9%"
1200385,Norte,Acre,Plácido de Castro,249,1171,2438,"10,2%","48,0%"
2606309,Nordeste,Pernambuco,Granito,249,394,1875,"13,3%","21,0%"
3108552,Sudeste,Minas Gerais,Brasilândia de Minas,249,356,2214,"11,2%","16,1%"
4317509,Sul,Rio Grande do Sul,Santo Ângelo,249,791,6092,"4,1%","13,0%"
2108504,Nordeste,Maranhão,Pindaré-Mirim,248,717,4214,"5,9%","17,0%"
2202307,Nordeste,Piauí,Canto do Buriti,248,1035,3156,"7,9%","32,8%"
2801108,Nordeste,Sergipe,Canhoba,248,328,1183,"21,0%","27,7%"
2915908,Nordeste,Bahia,Itanagra,248,547,2017,"12,3%","27,1%"
3113404,Sudeste,Minas Gerais,Caratinga,248,766,5073,"4,9%","15,1%"
2107803,Nordeste,Maranhão,Parnarama,247,921,4496,"5,5%","20,5%"
2406304,Nordeste,Rio Grande do Norte,Lagoa de Pedras,247,408,1590,"15,5%","25,7%"
2516409,Nordeste,Paraíba,Tacima,247,102,1728,"14,3%","5,9%"
2913002,Nordeste,Bahia,Ibitiara,247,553,2360,"10,5%","23,4%"
3506102,Sudeste,São Paulo,Bebedouro,247,328,3870,"6,4%","8,5%"
2500700,Nordeste,Paraíba,São João do Rio do Peixe,246,118,2808,"8,8%","4,2%"
2516607,Nordeste,Paraíba,Tavares,246,68,2828,"8,7%","2,4%"
2602704,Nordeste,Pernambuco,Buenos Aires,246,782,3607,"6,8%","21,7%"
2611804,Nordeste,Pernambuco,Ribeirão,246,1385,6049,"4,1%","22,9%"
2912806,Nordeste,Bahia,Ibirapuã,246,484,1849,"13,3%","26,2%"
5105903,Centro-Oeste,Mato Grosso,Nobres,246,459,2933,"8,4%","15,6%"
1600055,Norte,Amapá,Serra do Navio,245,350,1131,"21,7%","30,9%"
2103554,Nordeste,Maranhão,Conceição do Lago-Açu,245,127,2206,"11,1%","5,8%"
2104107,Nordeste,Maranhão,Fortaleza dos Nogueiras,245,81,2760,"8,9%","2,9%"
2922730,Nordeste,Bahia,Nova Fátima,245,308,1658,"14,8%","18,6%"
3501301,Sudeste,São Paulo,Álvares Ma- chado,245,413,2230,"11,0%","18,5%"
4119608,Sul,Paraná,Pitanga,245,825,4042,"6,1%","20,4%"
2204303,Nordeste,Piauí,Fronteiras,244,407,1598,"15,3%","25,5%"
2310803,Nordeste,Ceará,Pereiro,244,407,2358,"10,3%","17,3%"
2310902,Nordeste,Ceará,Piquet Carneiro,244,518,2663,"9,2%","19,5%"
2609709,Nordeste,Pernambuco,Orobó,244,731,3797,"6,4%","19,3%"
2803302,Nordeste,Sergipe,Japaratuba,244,661,2795,"8,7%","23,6%"
2904100,Nordeste,Bahia,Boquira,244,75,3407,"7,2%","2,2%"
2904803,Nordeste,Bahia,Caatiba,244,123,1865,"13,1%","6,6%"
2920502,Nordeste,Bahia,Maracás,244,1217,4416,"5,5%","27,6%"
2501203,Nordeste,Paraíba,Areial,243,61,1574,"15,4%","3,9%"
2604403,Nordeste,Pernambuco,Chã de Alegria,243,173,2338,"10,4%","7,4%"
3100203,Sudeste,Minas Gerais,Abaeté,243,373,2208,"11,0%","16,9%"
3301504,Sudeste,Rio de Janeiro,Cordeiro,243,397,2164,"11,2%","18,3%"
3537305,Sudeste,São Paulo,Penápolis,243,334,3297,"7,4%","10,1%"
4106407,Sul,Paraná,Cornélio Pro- cópio,243,400,3168,"7,7%","12,6%"
2914109,Nordeste,Bahia,Ipupiara,242,67,1721,"14,1%","3,9%"
2923035,Nordeste,Bahia,Novo Horizonte,242,584,1947,"12,4%","30,0%"
3537107,Sudeste,São Paulo,Pedreira,242,500,2622,"9,2%","19,1%"
3545803,Sudeste,São Paulo,Santa Bárbara d’Oeste,242,450,4795,"5,0%","9,4%"
2701605,Nordeste,Alagoas,Canapi,241,375,2946,"8,2%","12,7%"
3556701,Sudeste,São Paulo,Vinhedo,241,352,2971,"8,1%","11,8%"
5107008,Centro-Oeste,Mato Grosso,Poxoréu,241,318,2066,"11,7%","15,4%"
1200179,Norte,Acre,Capixaba,240,883,1894,"12,7%","46,6%"
1504000,Norte,Pará,Limoeiro do Ajuru,240,1705,3901,"6,2%","43,7%"
2406106,Nordeste,Rio Grande do Norte,Jucurutu,240,603,3380,"7,1%","17,8%"
2603801,Nordeste,Pernambuco,Capoeiras,240,712,3582,"6,7%","19,9%"
2612455,Nordeste,Pernambuco,Santa Cruz,240,186,2641,"9,1%","7,0%"
3549706,Sudeste,São Paulo,São José do Rio Pardo,240,283,3371,"7,1%","8,4%"
5005004,Centro-Oeste,Mato Grosso do Sul,Jardim,240,386,3210,"7,5%","12,0%"
1501758,Norte,Pará,Brejo Grande do Araguaia,239,746,1505,"15,9%","49,6%"
1506401,Norte,Pará,Santa Cruz do Arari,239,443,1329,"18,0%","33,3%"
2920452,Nordeste,Bahia,Mansidão,239,375,2499,"9,6%","15,0%"
3155603,Sudeste,Minas Gerais,Rio Pardo de Minas,239,1026,3978,"6,0%","25,8%"
5217104,Centro-Oeste,Goiás,Piracanjuba,239,387,2325,"10,3%","16,6%"
2111748,Nordeste,Maranhão,Senador Alexan- dre Costa,238,185,2380,"10,0%","7,8%"
2504157,Nordeste,Paraíba,Casserengue,238,277,1589,"15,0%","17,4%"
2701902,Nordeste,Alagoas,Chã Preta,238,514,1771,"13,4%","29,0%"
2900306,Nordeste,Bahia,Acajutiba,238,617,2708,"8,8%","22,8%"
2911105,Nordeste,Bahia,Formosa do Rio Preto,238,876,4565,"5,2%","19,2%"
2922805,Nordeste,Bahia,Nova Itarana,238,317,1684,"14,1%","18,8%"
5007208,Centro-Oeste,Mato Grosso do Sul,Rio Brilhante,238,459,3955,"6,0%","11,6%"
5103353,Centro-Oeste,Mato Grosso,Confresa,238,451,3604,"6,6%","12,5%"
5215702,Centro-Oeste,Goiás,Palmeiras de Goiás,238,336,2830,"8,4%","11,9%"
5220603,Centro-Oeste,Goiás,Silvânia,238,418,2595,"9,2%","16,1%"
1716109,Norte,Tocantins,Paraíso do Tocantins,237,697,3138,"7,6%","22,2%"
2907905,Nordeste,Bahia,Cipó,237,681,2997,"7,9%","22,7%"
3145208,Sudeste,Minas Gerais,Nova Serrana,237,365,4918,"4,8%","7,4%"
1200708,Norte,Acre,Xapuri,236,1197,2369,"10,0%","50,5%"
1300144,Norte,Amazonas,Apuí,236,1151,2688,"8,8%","42,8%"
2205151,Nordeste,Piauí,Jacobina do Piauí,236,548,1465,"16,1%","37,4%"
2929057,Nordeste,Bahia,São Félix do Coribe,236,480,2782,"8,5%","17,3%"
3112703,Sudeste,Minas Gerais,Capitão Enéas,236,327,2008,"11,8%","16,3%"
3201001,Sudeste,Espírito Santo,Boa Esperança,236,410,1924,"12,3%","21,3%"
4203006,Sul,Santa Catarina,Caçador,236,435,5764,"4,1%","7,5%"
5209903,Centro-Oeste,Goiás,Iaciara,236,641,2698,"8,7%","23,8%"
1504976,Norte,Pará,Nova Ipixuna,235,785,1748,"13,4%","44,9%"
1506583,Norte,Pará,Santa Maria das Barreiras,235,1305,2968,"7,9%","44,0%"
2103174,Nordeste,Maranhão,Centro Novo do Maranhão,235,484,2456,"9,6%","19,7%"
2500403,Nordeste,Paraíba,Alagoa Nova,235,820,3024,"7,8%","27,1%"
2706422,Nordeste,Alagoas,Pariconha,235,413,2654,"8,9%","15,6%"
2918308,Nordeste,Bahia,Jitaúna,235,1189,3752,"6,3%","31,7%"
2921054,Nordeste,Bahia,Matina,235,288,2513,"9,4%","11,5%"
2922607,Nordeste,Bahia,Nilo Peçanha,235,571,2411,"9,7%","23,7%"
2926608,Nordeste,Bahia,Ribeira do Pombal,235,1482,6349,"3,7%","23,3%"
4307906,Sul,Rio Grande do Sul,Farroupilha,235,316,2830,"8,3%","11,2%"
4321402,Sul,Rio Grande do Sul,Tenente Portela,235,322,1147,"20,5%","28,1%"
5106422,Centro-Oeste,Mato Grosso,Peixoto de Azevedo,235,506,3822,"6,1%","13,2%"
1506161,Norte,Pará,Rio Maria,234,1143,2307,"10,1%","49,5%"
2200251,Nordeste,Piauí,Alagoinha do Piauí,234,362,1191,"19,6%","30,4%"
2511608,Nordeste,Paraíba,Pilões,234,41,1896,"12,3%","2,2%"
3501707,Sudeste,São Paulo,Américo Brasi- liense,234,302,1792,"13,1%","16,9%"
3531902,Sudeste,São Paulo,Morro Agudo,234,296,1861,"12,6%","15,9%"
1711902,Norte,Tocantins,Lagoa da Con- fusão,233,596,1400,"16,6%","42,6%"
1718501,Norte,Tocantins,Recursolândia,233,436,943,"24,7%","46,2%"
2209500,Nordeste,Piauí,Santo Inácio do Piauí,233,170,1106,"21,1%","15,4%"
2404507,Nordeste,Rio Grande do Norte,Guamaré,233,431,2856,"8,2%","15,1%"
2706000,Nordeste,Alagoas,Olivença,233,178,1712,"13,6%","10,4%"
3162955,Sudeste,Minas Gerais,São José da Lapa,233,331,2096,"11,1%","15,8%"
4108007,Sul,Paraná,Florestópolis,233,236,2055,"11,3%","11,5%"
1303502,Norte,Amazonas,Pauini,232,2180,3507,"6,6%","62,2%"
2305357,Nordeste,Ceará,Icapuí,232,566,2338,"9,9%","24,2%"
2923605,Nordeste,Bahia,Paramirim,232,838,3569,"6,5%","23,5%"
3164704,Sudeste,Minas Gerais,São Sebastião do Paraíso,232,418,4185,"5,5%","10,0%"
3546801,Sudeste,São Paulo,Santa Isabel,232,550,3787,"6,1%","14,5%"
4319901,Sul,Rio Grande do Sul,Sapiranga,232,275,5829,"4,0%","4,7%"
5105259,Centro-Oeste,Mato Grosso,Lucas do Rio Verde,232,432,5495,"4,2%","7,9%"
2608255,Nordeste,Pernambuco,Jucati,231,318,1731,"13,3%","18,4%"
2930154,Nordeste,Bahia,Serra do Ra- malho,231,825,5273,"4,4%","15,6%"
4120903,Sul,Paraná,Quedas do Iguaçu,231,438,3713,"6,2%","11,8%"
4204608,Sul,Santa Catarina,Criciúma,231,424,5668,"4,1%","7,5%"
2404309,Nordeste,Rio Grande do Norte,Governador Dix- -Sept Rosado,230,515,2213,"10,4%","23,3%"
2901601,Nordeste,Bahia,Antas,230,766,2081,"11,1%","36,8%"
5002209,Centro-Oeste,Mato Grosso do Sul,Bonito,230,509,2951,"7,8%","17,2%"
2104909,Nordeste,Maranhão,Guimarães,229,478,1631,"14,0%","29,3%"
2109007,Nordeste,Maranhão,Porto Franco,229,455,3289,"7,0%","13,8%"
2204907,Nordeste,Piauí,Isaías Coelho,229,534,1675,"13,7%","31,9%"
2304509,Nordeste,Ceará,Frecheirinha,229,689,2562,"8,9%","26,9%"
2908002,Nordeste,Bahia,Coaraci,229,1022,4088,"5,6%","25,0%"
3141405,Sudeste,Minas Gerais,Medina,229,591,2808,"8,2%","21,0%"
3511003,Sudeste,São Paulo,Castilho,229,377,2367,"9,7%","15,9%"
3517406,Sudeste,São Paulo,Guaíra,229,326,2189,"10,5%","14,9%"
4316402,Sul,Rio Grande do Sul,Rosário do Sul,229,986,4947,"4,6%","19,9%"
2209872,Nordeste,Piauí,São João da Fronteira,228,299,881,"25,9%","33,9%"
2801009,Nordeste,Sergipe,Campo do Brito,228,669,2611,"8,7%","25,6%"
2915205,Nordeste,Bahia,Itagibá,228,515,3242,"7,0%","15,9%"
3132701,Sudeste,Minas Gerais,Itambacuri,228,712,2938,"7,8%","24,2%"
3304151,Sudeste,Rio de Janeiro,Quissamã,228,476,2809,"8,1%","16,9%"
4101200,Sul,Paraná,Antonina,228,706,2312,"9,9%","30,5%"
4306601,Sul,Rio Grande do Sul,Dom Pedrito,228,465,3638,"6,3%","12,8%"
4313508,Sul,Rio Grande do Sul,Osório,228,459,3546,"6,4%","12,9%"
4318507,Sul,Rio Grande do Sul,São José do Norte,228,449,3205,"7,1%","14,0%"
5104104,Centro-Oeste,Mato Grosso,Guarantã do Norte,228,508,3262,"7,0%","15,6%"
2209401,Nordeste,Piauí,Santo Antônio de Lisboa,227,432,1226,"18,5%","35,2%"
2414001,Nordeste,Rio Grande do Norte,Tangará,227,498,2239,"10,1%","22,2%"
2611408,Nordeste,Pernambuco,Primavera,227,478,2250,"10,1%","21,2%"
2800209,Nordeste,Sergipe,Aquidabã,227,845,3045,"7,5%","27,8%"
3530508,Sudeste,São Paulo,Mococa,227,385,3351,"6,8%","11,5%"
3530805,Sudeste,São Paulo,Mogi Mirim,227,348,3477,"6,5%","10,0%"
4117602,Sul,Paraná,Palmas,227,484,4777,"4,8%","10,1%"
1100452,Norte,Rondônia,Buritis,226,911,2507,"9,0%","36,3%"
2205516,Nordeste,Piauí,Juazeiro do Piauí,226,352,1146,"19,7%","30,7%"
2210052,Nordeste,Piauí,São José do Divino,226,281,958,"23,6%","29,3%"
2304954,Nordeste,Ceará,Guaiúba,226,963,4107,"5,5%","23,4%"
2501104,Nordeste,Paraíba,Areia,226,814,2956,"7,6%","27,5%"
3518305,Sudeste,São Paulo,Guararema,226,282,3097,"7,3%","9,1%"
5207907,Centro-Oeste,Goiás,Flores de Goiás,226,362,2099,"10,8%","17,2%"
1503044,Norte,Pará,Floresta do Araguaia,225,1249,2195,"10,3%","56,9%"
1703305,Norte,Tocantins,Bom Jesus do Tocantins,225,375,1191,"18,9%","31,5%"
2308807,Nordeste,Ceará,Moraújo,225,127,1200,"18,8%","10,6%"
2402303,Nordeste,Rio Grande do Norte,Caraúbas,225,932,3889,"5,8%","24,0%"
2516003,Nordeste,Paraíba,Solânea,225,1116,4005,"5,6%","27,9%"
2616100,Nordeste,Pernambuco,Verdejante,225,340,1400,"16,1%","24,3%"
3204252,Sudeste,Espírito Santo,Ponto Belo,225,276,1239,"18,2%","22,3%"
2515005,Nordeste,Paraíba,São Miguel de Taipu,224,542,1657,"13,5%","32,7%"
2515401,Nordeste,Paraíba,São Vicente do Seridó,224,340,2812,"8,0%","12,1%"
2609204,Nordeste,Pernambuco,Maraial,224,183,2333,"9,6%","7,8%"
3506508,Sudeste,São Paulo,Birigui,224,447,4448,"5,0%","10,0%"
5001904,Centro-Oeste,Mato Grosso do Sul,Bataguassu,224,451,3010,"7,4%","15,0%"
5004809,Centro-Oeste,Mato Grosso do Sul,Japorã,224,501,1488,"15,1%","33,7%"
5005400,Centro-Oeste,Mato Grosso do Sul,Maracaju,224,425,3802,"5,9%","11,2%"
1200054,Norte,Acre,Assis Brasil,223,631,1499,"14,9%","42,1%"
2112100,Nordeste,Maranhão,Timbiras,223,760,4037,"5,5%","18,8%"
2509156,Nordeste,Paraíba,Marizópolis,223,119,2291,"9,7%","5,2%"
2909406,Nordeste,Bahia,Cotegipe,223,350,2010,"11,1%","17,4%"
1501576,Norte,Pará,Bom Jesus do Tocantins,222,1170,2397,"9,3%","48,8%"
2401206,Nordeste,Rio Grande do Norte,Arês,222,411,2049,"10,8%","20,1%"
2509057,Nordeste,Paraíba,Marcação,222,905,1943,"11,4%","46,6%"
3513108,Sudeste,São Paulo,Cravinhos,222,298,2366,"9,4%","12,6%"
4312401,Sul,Rio Grande do Sul,Montenegro,222,342,3172,"7,0%","10,8%"
4315404,Sul,Rio Grande do Sul,Redentora,222,272,1324,"16,8%","20,5%"
2105922,Nordeste,Maranhão,Lagoa do Mato,221,472,1859,"11,9%","25,4%"
2201804,Nordeste,Piauí,Bocaina,221,350,822,"26,9%","42,6%"
2205599,Nordeste,Piauí,Lagoa do Sítio,221,387,1499,"14,7%","25,8%"
2207306,Nordeste,Piauí,Paes Landim,221,101,908,"24,3%","11,1%"
2705200,Nordeste,Alagoas,Messias,221,250,2455,"9,0%","10,2%"
2901403,Nordeste,Bahia,Angical,221,433,2394,"9,2%","18,1%"
2912707,Nordeste,Bahia,Ibirapitanga,221,1442,5636,"3,9%","25,6%"
2918456,Nordeste,Bahia,Jucuruçu,221,268,1699,"13,0%","15,8%"
3170578,Sudeste,Minas Gerais,Vargem Alegre,221,259,1329,"16,6%","19,5%"
3524808,Sudeste,São Paulo,Jales,221,381,3302,"6,7%","11,5%"
4127106,Sul,Paraná,Telêmaco Borba,221,365,3257,"6,8%","11,2%"
4211306,Sul,Santa Catarina,Navegantes,221,409,4587,"4,8%","8,9%"
5103007,Centro-Oeste,Mato Grosso,Chapada dos Guimarães,221,594,2742,"8,1%","21,7%"
1716505,Norte,Tocantins,Pedro Afonso,220,734,1851,"11,9%","39,7%"
2100436,Nordeste,Maranhão,Alto Alegre do Maranhão,220,555,3344,"6,6%","16,6%"
2100907,Nordeste,Maranhão,Araioses,220,1749,6596,"3,3%","26,5%"
2101004,Nordeste,Maranhão,Arari,220,975,4523,"4,9%","21,6%"
2102309,Nordeste,Maranhão,Buriti Bravo,220,1035,4096,"5,4%","25,3%"
3157658,Sudeste,Minas Gerais,Santa Helena de Minas,220,216,1265,"17,4%","17,1%"
2503902,Nordeste,Paraíba,Camalaú,219,434,1596,"13,7%","27,2%"
2902005,Nordeste,Bahia,Aracatu,219,538,2555,"8,6%","21,1%"
4104006,Sul,Paraná,Campina Gran- de do Sul,219,318,3963,"5,5%","8,0%"
1200013,Norte,Acre,Acrelândia,218,1098,2130,"10,2%","51,5%"
1301951,Norte,Amazonas,Itamarati,218,1560,2565,"8,5%","60,8%"
2207504,Nordeste,Piauí,Palmeirais,218,954,2535,"8,6%","37,6%"
2408201,Nordeste,Rio Grande do Norte,Nísia Floresta,218,1293,4645,"4,7%","27,8%"
2507309,Nordeste,Paraíba,Jacaraú,218,1152,3850,"5,7%","29,9%"
2615508,Nordeste,Pernambuco,Tracunhaém,218,429,2414,"9,0%","17,8%"
3104205,Sudeste,Minas Gerais,Arcos,218,407,3326,"6,6%","12,2%"
3106309,Sudeste,Minas Gerais,Belo Oriente,218,498,2711,"8,0%","18,4%"
5001243,Centro-Oeste,Mato Grosso do Sul,Aral Moreira,218,630,2174,"10,0%","29,0%"
5201306,Centro-Oeste,Goiás,Anicuns,218,581,2798,"7,8%","20,8%"
2511707,Nordeste,Paraíba,Pilõezinhos,217,289,1405,"15,4%","20,6%"
3126901,Sudeste,Minas Gerais,Frei Inocêncio,217,507,1894,"11,5%","26,8%"
3130903,Sudeste,Minas Gerais,Inhapim,217,819,3359,"6,5%","24,4%"
5204706,Centro-Oeste,Goiás,Campinorte,217,414,2127,"10,2%","19,5%"
2102077,Nordeste,Maranhão,Bom Lugar,216,557,2516,"8,6%","22,1%"
2202117,Nordeste,Piauí,Campo Alegre do Fidalgo,216,320,1211,"17,8%","26,4%"
2211308,Nordeste,Piauí,Valença do Piauí,216,1110,4411,"4,9%","25,2%"
2304350,Nordeste,Ceará,Forquilha,216,702,3486,"6,2%","20,1%"
2400802,Nordeste,Rio Grande do Norte,Angicos,216,389,1984,"10,9%","19,6%"
2410108,Nordeste,Rio Grande do Norte,Poço Branco,216,346,1843,"11,7%","18,8%"
2705606,Nordeste,Alagoas,Novo Lino,216,656,2469,"8,7%","26,6%"
2806602,Nordeste,Sergipe,Santo Amaro das Brotas,216,652,2008,"10,8%","32,5%"
3302106,Sudeste,Rio de Janeiro,Itaocara,216,763,3673,"5,9%","20,8%"
5213087,Centro-Oeste,Goiás,Minaçu,216,374,2709,"8,0%","13,8%"
2109056,Nordeste,Maranhão,Porto Rico do Maranhão,215,789,2096,"10,3%","37,6%"
2310100,Nordeste,Ceará,Palmácia,215,677,2239,"9,6%","30,2%"
2603900,Nordeste,Pernambuco,Carnaíba,215,718,3277,"6,6%","21,9%"
3133303,Sudeste,Minas Gerais,Itaobim,215,472,2755,"7,8%","17,1%"
3169406,Sudeste,Minas Gerais,Três Pontas,215,388,3337,"6,4%","11,6%"
5008008,Centro-Oeste,Mato Grosso do Sul,Terenos,215,332,2355,"9,1%","14,1%"
1716604,Norte,Tocantins,Peixe,214,616,1366,"15,7%","45,1%"
2102606,Nordeste,Maranhão,Cândido Men- des,214,863,3345,"6,4%","25,8%"
2307106,Nordeste,Ceará,Jardim,214,1089,4512,"4,7%","24,1%"
2400307,Nordeste,Rio Grande do Norte,Afonso Bezerra,214,887,2622,"8,2%","33,8%"
2514305,Nordeste,Paraíba,São José de Caiana,214,276,1172,"18,3%","23,5%"
2602506,Nordeste,Pernambuco,Brejinho,214,517,1983,"10,8%","26,1%"
2911402,Nordeste,Bahia,Glória,214,869,3929,"5,4%","22,1%"
3107109,Sudeste,Minas Gerais,Boa Esperança,214,313,3554,"6,0%","8,8%"
2707602,Nordeste,Alagoas,Quebrangulo,213,90,1875,"11,4%","4,8%"
3545308,Sudeste,São Paulo,Salto de Pira- pora,213,631,3326,"6,4%","19,0%"
4306106,Sul,Rio Grande do Sul,Cruz Alta,213,521,3828,"5,6%","13,6%"
5201702,Centro-Oeste,Goiás,Aragarças,213,466,2227,"9,6%","20,9%"
1600550,Norte,Amapá,Pracuúba,212,302,832,"25,5%","36,3%"
2206100,Nordeste,Piauí,Matias Olímpio,212,481,2331,"9,1%","20,6%"
2209302,Nordeste,Piauí,Santa Luz,212,175,1265,"16,8%","13,8%"
2501534,Nordeste,Paraíba,Baraúna,212,281,1190,"17,8%","23,6%"
2933158,Nordeste,Bahia,Várzea Nova,212,732,2328,"9,1%","31,4%"
3539301,Sudeste,São Paulo,Pirassununga,212,333,2884,"7,4%","11,5%"
2306900,Nordeste,Ceará,Jaguaribe,211,854,3727,"5,7%","22,9%"
2313708,Nordeste,Ceará,Umari,211,245,1230,"17,2%","19,9%"
2600203,Nordeste,Pernambuco,Afrânio,211,83,4889,"4,3%","1,7%"
2600906,Nordeste,Pernambuco,Amaraji,211,858,3636,"5,8%","23,6%"
2615201,Nordeste,Pernambuco,Terra Nova,211,328,1799,"11,7%","18,2%"
2702801,Nordeste,Alagoas,Flexeiras,211,650,2882,"7,3%","22,6%"
3119500,Sudeste,Minas Gerais,Coronel Murta,211,444,1776,"11,9%","25,0%"
4111258,Sul,Paraná,Itaperuçu,211,484,3170,"6,7%","15,3%"
2308351,Nordeste,Ceará,Milhã,210,668,2468,"8,5%","27,1%"
2924900,Nordeste,Bahia,Planaltino,210,171,1835,"11,4%","9,3%"
3556453,Sudeste,São Paulo,Vargem Grande Paulista,210,285,2584,"8,1%","11,0%"
2205003,Nordeste,Piauí,Itainópolis,209,814,2391,"8,7%","34,0%"
2503803,Nordeste,Paraíba,Caldas Brandão,209,345,1265,"16,5%","27,3%"
2511806,Nordeste,Paraíba,Pirpirituba,209,376,1823,"11,5%","20,6%"
2807006,Nordeste,Sergipe,São Miguel do Aleixo,209,416,1120,"18,7%","37,1%"
2911600,Nordeste,Bahia,Governador Mangabeira,209,748,3079,"6,8%","24,3%"
3300902,Sudeste,Rio de Janeiro,Cambuci,209,516,1983,"10,5%","26,0%"
5210901,Centro-Oeste,Goiás,Itapaci,209,336,2131,"9,8%","15,8%"
2104602,Nordeste,Maranhão,Governador Eugênio Barros,208,367,2250,"9,2%","16,3%"
2201945,Nordeste,Piauí,Boqueirão do Piauí,208,168,1276,"16,3%","13,2%"
2206720,Nordeste,Piauí,Nazária,208,405,1952,"10,7%","20,7%"
2616308,Nordeste,Pernambuco,Vicência,208,811,3635,"5,7%","22,3%"
2903003,Nordeste,Bahia,Barra do Men- des,208,555,2258,"9,2%","24,6%"
2904001,Nordeste,Bahia,Boninal,208,419,2030,"10,2%","20,6%"
2929701,Nordeste,Bahia,Sátiro Dias,208,534,2490,"8,4%","21,4%"
4314605,Sul,Rio Grande do Sul,Piratini,208,413,2271,"9,2%","18,2%"
1500131,Norte,Pará,Abel Figueiredo,207,350,1185,"17,5%","29,5%"
2206407,Nordeste,Piauí,Monsenhor Gil,207,302,1298,"15,9%","23,3%"
2605509,Nordeste,Pernambuco,Ferreiros,207,306,2367,"8,7%","12,9%"
2800407,Nordeste,Sergipe,Arauá,207,457,2424,"8,5%","18,9%"
2903953,Nordeste,Bahia,Bom Jesus da Serra,207,615,2436,"8,5%","25,2%"
3142007,Sudeste,Minas Gerais,Mirabela,207,441,2121,"9,8%","20,8%"
4116901,Sul,Paraná,Nova Esperança,207,507,2535,"8,2%","20,0%"
2206605,Nordeste,Piauí,Monte Alegre do Piauí,206,360,1456,"14,1%","24,7%"
2209658,Nordeste,Piauí,São Francisco de Assis do Piauí,206,319,1441,"14,3%","22,1%"
2211407,Nordeste,Piauí,Várzea Grande,206,439,1289,"16,0%","34,1%"
2615706,Nordeste,Pernambuco,Triunfo,206,555,3235,"6,4%","17,2%"
2920809,Nordeste,Bahia,Marcionílio Souza,206,55,1874,"11,0%","2,9%"
3113701,Sudeste,Minas Gerais,Carlos Chagas,206,484,2761,"7,5%","17,5%"
3145059,Sudeste,Minas Gerais,Nova Porteirinha,206,291,1459,"14,1%","19,9%"
3169000,Sudeste,Minas Gerais,Tocantins,206,313,1886,"10,9%","16,6%"
4101101,Sul,Paraná,Andirá,206,332,2495,"8,3%","13,3%"
4315305,Sul,Rio Grande do Sul,Quaraí,206,509,4269,"4,8%","11,9%"
2100105,Nordeste,Maranhão,Afonso Cunha,205,318,1533,"13,4%","20,7%"
2401107,Nordeste,Rio Grande do Norte,Areia Branca,205,863,3565,"5,8%","24,2%"
2405405,Nordeste,Rio Grande do Norte,Japi,205,197,1540,"13,3%","12,8%"
3162252,Sudeste,Minas Gerais,São João da Lagoa,205,251,1373,"14,9%","18,3%"
3204708,Sudeste,Espírito Santo,São Gabriel da Palha,205,379,2819,"7,3%","13,4%"
3548807,Sudeste,São Paulo,São Caetano do Sul,205,325,3829,"5,4%","8,5%"
2106375,Nordeste,Maranhão,Maranhãozinho,204,366,1945,"10,5%","18,8%"
2106631,Nordeste,Maranhão,Matões do Norte,204,497,1572,"13,0%","31,6%"
2513406,Nordeste,Paraíba,Santa Luzia,204,919,3193,"6,4%","28,8%"
3301108,Sudeste,Rio de Janeiro,Cantagalo,204,298,1750,"11,7%","17,0%"
1716703,Norte,Tocantins,Colméia,203,592,1546,"13,1%","38,3%"
2404408,Nordeste,Rio Grande do Norte,Grossos,203,388,1819,"11,2%","21,3%"
3162401,Sudeste,Minas Gerais,São João da Ponte,203,663,3242,"6,3%","20,5%"
3516705,Sudeste,São Paulo,Garça,203,521,3515,"5,8%","14,8%"
4124103,Sul,Paraná,Santo Antônio da Platina,203,397,4195,"4,8%","9,5%"
4208906,Sul,Santa Catarina,Jaraguá do Sul,203,308,4340,"4,7%","7,1%"
1702901,Norte,Tocantins,Axixá do To- cantins,202,808,1837,"11,0%","44,0%"
1714880,Norte,Tocantins,Nova Olinda,202,629,1843,"11,0%","34,1%"
2109502,Nordeste,Maranhão,Riachão,202,892,4237,"4,8%","21,1%"
2301950,Nordeste,Ceará,Barreira,202,1130,4250,"4,8%","26,6%"
2901957,Nordeste,Bahia,Apuarema,202,216,1543,"13,1%","14,0%"
3151404,Sudeste,Minas Gerais,Pitangui,202,350,2268,"8,9%","15,4%"
4116208,Sul,Paraná,Morretes,202,282,1744,"11,6%","16,2%"
4117057,Sul,Paraná,Nova Laranjeiras,202,517,1805,"11,2%","28,6%"
2804300,Nordeste,Sergipe,Muribeca,201,329,1557,"12,9%","21,1%"
2904506,Nordeste,Bahia,Brotas de Macaúbas,201,446,2341,"8,6%","19,1%"
3154002,Sudeste,Minas Gerais,Raul Soares,201,329,2027,"9,9%","16,2%"
2919108,Nordeste,Bahia,Lamarão,200,153,2528,"7,9%","6,1%"
3203304,Sudeste,Espírito Santo,Mantenópolis,200,386,1780,"11,2%","21,7%"
5107800,Centro-Oeste,Mato Grosso,Santo Antônio de Leverger,200,277,2167,"9,2%","12,8%"
2112704,Nordeste,Maranhão,Vargem Grande,199,962,6005,"3,3%","16,0%"
2301307,Nordeste,Ceará,Araripe,199,827,4246,"4,7%","19,5%"
2610103,Nordeste,Pernambuco,Palmeirina,199,252,1548,"12,9%","16,3%"
2700409,Nordeste,Alagoas,Atalaia,199,984,5683,"3,5%","17,3%"
2702553,Nordeste,Alagoas,Estrela de Alagoas,199,445,2595,"7,7%","17,1%"
2922201,Nordeste,Bahia,Muniz Ferreira,199,399,1349,"14,8%","29,6%"
3102704,Sudeste,Minas Gerais,Cachoeira de Pajeú,199,627,1987,"10,0%","31,6%"
3549102,Sudeste,São Paulo,São João da Boa Vista,199,389,3506,"5,7%","11,1%"
4102000,Sul,Paraná,Assis Chateau- briand,199,380,3583,"5,6%","10,6%"
4127304,Sul,Paraná,Terra Rica,199,220,1575,"12,6%","14,0%"
2504702,Nordeste,Paraíba,Congo,198,385,1547,"12,8%","24,9%"
3141108,Sudeste,Minas Gerais,Matozinhos,198,467,2500,"7,9%","18,7%"
3514403,Sudeste,São Paulo,Dracena,198,303,2118,"9,3%","14,3%"
4302105,Sul,Rio Grande do Sul,Bento Gon- çalves,198,312,4467,"4,4%","7,0%"
4302303,Sul,Rio Grande do Sul,Bom Jesus,198,235,1534,"12,9%","15,3%"
4304663,Sul,Rio Grande do Sul,Capão do Leão,198,328,3104,"6,4%","10,6%"
2104099,Nordeste,Maranhão,Formosa da Serra Negra,197,418,2341,"8,4%","17,9%"
2110278,Nordeste,Maranhão,Santo Amaro do Maranhão,197,376,2238,"8,8%","16,8%"
2208601,Nordeste,Piauí,Prata do Piauí,197,80,779,"25,3%","10,3%"
2303600,Nordeste,Ceará,Catarina,197,384,2154,"9,1%","17,8%"
2901502,Nordeste,Bahia,Anguera,197,431,1686,"11,7%","25,6%"
2105989,Nordeste,Maranhão,Lajeado Novo,196,254,1162,"16,9%","21,9%"
2308377,Nordeste,Ceará,Miraíma,196,933,2601,"7,5%","35,9%"
2608602,Nordeste,Pernambuco,Lagoa do Ouro,196,481,2060,"9,5%","23,3%"
2925956,Nordeste,Bahia,Rafael Jambeiro,196,493,3748,"5,2%","13,2%"
3508603,Sudeste,São Paulo,Cachoeira Paulista,196,254,2385,"8,2%","10,6%"
3540606,Sudeste,São Paulo,Porto Feliz,196,307,2491,"7,9%","12,3%"
4304408,Sul,Rio Grande do Sul,Canela,196,478,3639,"5,4%","13,1%"
4322202,Sul,Rio Grande do Sul,Tupanciretã,196,333,2116,"9,3%","15,7%"
4322608,Sul,Rio Grande do Sul,Venâncio Aires,196,405,3877,"5,1%","10,4%"
2901155,Nordeste,Bahia,América Dou- rada,195,657,2725,"7,2%","24,1%"
2932606,Nordeste,Bahia,Urandi,195,590,2809,"6,9%","21,0%"
3145901,Sudeste,Minas Gerais,Ouro Branco,195,313,2578,"7,6%","12,1%"
5106372,Centro-Oeste,Mato Grosso,Pedra Preta,195,467,2921,"6,7%","16,0%"
1300201,Norte,Amazonas,Atalaia do Norte,194,499,2141,"9,1%","23,3%"
2507002,Nordeste,Paraíba,Itaporanga,194,1115,4026,"4,8%","27,7%"
2509396,Nordeste,Paraíba,Maturéia,194,645,2064,"9,4%","31,3%"
2701506,Nordeste,Alagoas,Campo Grande,194,408,2077,"9,3%","19,6%"
5217302,Centro-Oeste,Goiás,Pirenópolis,194,321,2436,"8,0%","13,2%"
2207207,Nordeste,Piauí,Padre Marcos,193,209,1394,"13,8%","15,0%"
2210904,Nordeste,Piauí,Socorro do Piauí,193,266,994,"19,4%","26,8%"
2500908,Nordeste,Paraíba,Arara,193,1494,3204,"6,0%","46,6%"
2706448,Nordeste,Alagoas,Paripueira,193,454,2100,"9,2%","21,6%"
2903706,Nordeste,Bahia,Boa Nova,193,662,3057,"6,3%","21,7%"
3138609,Sudeste,Minas Gerais,Lima Duarte,193,322,2200,"8,8%","14,6%"
3142809,Sudeste,Minas Gerais,Monte Alegre de Minas,193,364,2185,"8,8%","16,7%"
2100550,Nordeste,Maranhão,Amapá do Maranhão,192,324,1470,"13,1%","22,0%"
2204402,Nordeste,Piauí,Gilbués,192,232,2195,"8,7%","10,6%"
2211506,Nordeste,Piauí,Vera Mendes,192,271,881,"21,8%","30,8%"
2904209,Nordeste,Bahia,Botuporã,192,405,2009,"9,6%","20,2%"
3126109,Sudeste,Minas Gerais,Formiga,192,465,4111,"4,7%","11,3%"
1714203,Norte,Tocantins,Natividade,191,653,1544,"12,4%","42,3%"
2410306,Nordeste,Rio Grande do Norte,Serra Caiada,191,491,1858,"10,3%","26,4%"
3556404,Sudeste,São Paulo,Vargem Grande do Sul,191,432,3253,"5,9%","13,3%"
1100080,Norte,Rondônia,Costa Marques,190,1308,2426,"7,8%","53,9%"
2804003,Nordeste,Sergipe,Maruim,190,496,2355,"8,1%","21,1%"
2807501,Nordeste,Sergipe,Tomar do Geru,190,596,2407,"7,9%","24,8%"
3145356,Sudeste,Minas Gerais,Novo Oriente de Minas,190,304,1474,"12,9%","20,6%"
3146206,Sudeste,Minas Gerais,Ouro Verde de Minas,190,371,1382,"13,7%","26,8%"
5218391,Centro-Oeste,Goiás,Professor Jamil,190,250,927,"20,5%","27,0%"
2505709,Nordeste,Paraíba,Dona Inês,189,484,1822,"10,4%","26,6%"
2701308,Nordeste,Alagoas,Cajueiro,189,854,3812,"5,0%","22,4%"
2708907,Nordeste,Alagoas,Satuba,189,528,2946,"6,4%","17,9%"
2919504,Nordeste,Bahia,Livramento de Nossa Senhora,189,1052,5616,"3,4%","18,7%"
4118501,Sul,Paraná,Pato Branco,189,465,4439,"4,3%","10,5%"
4121703,Sul,Paraná,Reserva,189,351,2913,"6,5%","12,0%"
1703701,Norte,Tocantins,Brejinho de Nazaré,188,283,847,"22,2%","33,4%"
1707009,Norte,Tocantins,Dianópolis,188,762,1762,"10,7%","43,2%"
2104008,Nordeste,Maranhão,Esperantinópolis,188,549,2699,"7,0%","20,3%"
2204600,Nordeste,Piauí,Hugo Napoleão,188,244,745,"25,2%","32,8%"
2209807,Nordeste,Piauí,São Gonçalo do Piauí,188,422,1191,"15,8%","35,4%"
2615904,Nordeste,Pernambuco,Tuparetama,188,57,1674,"11,2%","3,4%"
2908101,Nordeste,Bahia,Cocos,188,677,3133,"6,0%","21,6%"
3142700,Sudeste,Minas Gerais,Montalvânia,188,355,1913,"9,8%","18,6%"
3536703,Sudeste,São Paulo,Pederneiras,188,337,2742,"6,9%","12,3%"
4313375,Sul,Rio Grande do Sul,Nova Santa Rita,188,246,3833,"4,9%","6,4%"
1200138,Norte,Acre,Bujari,187,1174,2224,"8,4%","52,8%"
1200393,Norte,Acre,Porto Walter,187,1131,1832,"10,2%","61,7%"
1503408,Norte,Pará,Inhangapi,187,700,1516,"12,3%","46,2%"
2110658,Nordeste,Maranhão,São Domingos do Azeitão,187,342,1995,"9,4%","17,1%"
2201929,Nordeste,Piauí,Bonfim do Piauí,187,339,1408,"13,3%","24,1%"
3168408,Sudeste,Minas Gerais,Tarumirim,187,243,1597,"11,7%","15,2%"
4202305,Sul,Santa Catarina,Biguaçu,187,280,3763,"5,0%","7,4%"
4321501,Sul,Rio Grande do Sul,Torres,187,330,2716,"6,9%","12,2%"
5004601,Centro-Oeste,Mato Grosso do Sul,Itaquiraí,187,354,2757,"6,8%","12,8%"
2607950,Nordeste,Pernambuco,Jaqueira,186,104,2005,"9,3%","5,2%"
2923050,Nordeste,Bahia,Novo Triunfo,186,199,1085,"17,1%","18,3%"
5004700,Centro-Oeste,Mato Grosso do Sul,Ivinhema,186,274,2046,"9,1%","13,4%"
1100098,Norte,Rondônia,Espigão D’Oeste,185,624,2491,"7,4%","25,1%"
2407203,Nordeste,Rio Grande do Norte,Macau,185,839,3001,"6,2%","28,0%"
2925931,Nordeste,Bahia,Quixabeira,185,240,1590,"11,6%","15,1%"
3541505,Sudeste,São Paulo,Presidente Venceslau,185,434,2150,"8,6%","20,2%"
4106605,Sul,Paraná,Cruzeiro do Oeste,185,246,1802,"10,3%","13,7%"
4317202,Sul,Rio Grande do Sul,Santa Rosa,185,442,4389,"4,2%","10,1%"
4320800,Sul,Rio Grande do Sul,Soledade,185,464,3369,"5,5%","13,8%"
5212204,Centro-Oeste,Goiás,Jussara,185,563,3013,"6,1%","18,7%"
1303205,Norte,Amazonas,Novo Airão,184,1214,2227,"8,3%","54,5%"
2200608,Nordeste,Piauí,Angical do Piauí,184,759,1791,"10,3%","42,4%"
2203800,Nordeste,Piauí,Flores do Piauí,184,395,1170,"15,7%","33,8%"
2906105,Nordeste,Bahia,Canápolis,184,340,1489,"12,4%","22,8%"
3169703,Sudeste,Minas Gerais,Turmalina,184,686,3231,"5,7%","21,2%"
4103602,Sul,Paraná,Cambará,184,330,2307,"8,0%","14,3%"
4301636,Sul,Rio Grande do Sul,Balneário Pinhal,184,300,2349,"7,8%","12,8%"
1502764,Norte,Pará,Cumaru do Norte,183,848,1615,"11,3%","52,5%"
2204709,Nordeste,Piauí,Inhuma,183,669,2472,"7,4%","27,1%"
2302701,Nordeste,Ceará,Campos Sales,183,870,4402,"4,2%","19,8%"
2311504,Nordeste,Ceará,Quixeré,183,538,3190,"5,7%","16,9%"
2931004,Nordeste,Bahia,Tanhaçu,183,834,3818,"4,8%","21,8%"
3530300,Sudeste,São Paulo,Mirassol,183,352,2935,"6,2%","12,0%"
5006408,Centro-Oeste,Mato Grosso do Sul,Pedro Gomes,183,191,1207,"15,2%","15,8%"
5204953,Centro-Oeste,Goiás,Campos Verdes,183,258,1077,"17,0%","24,0%"
2102358,Nordeste,Maranhão,Buritirana,182,356,2297,"7,9%","15,5%"
2501005,Nordeste,Paraíba,Araruna,182,755,2650,"6,9%","28,5%"
2503555,Nordeste,Paraíba,Cacimbas,182,20,1801,"10,1%","1,1%"
2612307,Nordeste,Pernambuco,Saloá,182,59,2119,"8,6%","2,8%"
2802205,Nordeste,Sergipe,Feira Nova,182,313,1063,"17,1%","29,4%"
2806404,Nordeste,Sergipe,Santana do São Francisco,182,324,1743,"10,4%","18,6%"
2933406,Nordeste,Bahia,Wagner,182,265,1346,"13,5%","19,7%"
3109006,Sudeste,Minas Gerais,Brumadinho,182,323,2392,"7,6%","13,5%"
4108403,Sul,Paraná,Francisco Beltrão,182,533,6161,"3,0%","8,7%"
5006358,Centro-Oeste,Mato Grosso do Sul,Paranhos,182,695,2687,"6,8%","25,9%"
1722081,Norte,Tocantins,Wanderlândia,181,897,1929,"9,4%","46,5%"
2105500,Nordeste,Maranhão,João Lisboa,181,463,3699,"4,9%","12,5%"
2109270,Nordeste,Maranhão,Presidente Sarney,181,584,3342,"5,4%","17,5%"
3535507,Sudeste,São Paulo,Paraguaçu Paulista,181,946,3857,"4,7%","24,5%"
2209856,Nordeste,Piauí,São João da Canabrava,180,301,989,"18,2%","30,4%"
2400604,Nordeste,Rio Grande do Norte,Almino Afonso,180,145,1286,"14,0%","11,3%"
2605806,Nordeste,Pernambuco,Frei Miguelinho,180,390,4550,"4,0%","8,6%"
2910008,Nordeste,Bahia,Dário Meira,180,453,1993,"9,0%","22,7%"
2931103,Nordeste,Bahia,Tanquinho,180,300,1148,"15,7%","26,1%"
3167103,Sudeste,Minas Gerais,Serro,180,362,1978,"9,1%","18,3%"
3513603,Sudeste,São Paulo,Cunha,180,428,2224,"8,1%","19,2%"
3550407,Sudeste,São Paulo,São Pedro,180,392,2782,"6,5%","14,1%"
2310001,Nordeste,Ceará,Palhano,179,283,1793,"10,0%","15,8%"
2406205,Nordeste,Rio Grande do Norte,Lagoa d’Anta,179,342,1487,"12,0%","23,0%"
2407500,Nordeste,Rio Grande do Norte,Maxaranguape,179,293,1644,"10,9%","17,8%"
3512209,Sudeste,São Paulo,Conchal,179,302,2344,"7,6%","12,9%"
3520004,Sudeste,São Paulo,Igaraçu do Tietê,179,259,1873,"9,6%","13,8%"
1722107,Norte,Tocantins,Xambioá,178,1062,2068,"8,6%","51,4%"
2102754,Nordeste,Maranhão,Capinzal do Norte,178,372,1875,"9,5%","19,8%"
2309805,Nordeste,Ceará,Pacoti,178,362,1990,"8,9%","18,2%"
2505006,Nordeste,Paraíba,Cubati,178,362,1916,"9,3%","18,9%"
2603603,Nordeste,Pernambuco,Camutanga,178,312,1682,"10,6%","18,5%"
2805208,Nordeste,Sergipe,Pinhão,178,396,1246,"14,3%","31,8%"
2930758,Nordeste,Bahia,Sítio do Mato,178,159,1961,"9,1%","8,1%"
3162708,Sudeste,Minas Gerais,São João do Paraíso,178,488,2659,"6,7%","18,4%"
3518602,Sudeste,São Paulo,Guariba,178,332,2270,"7,8%","14,6%"
4208302,Sul,Santa Catarina,Itapema,178,260,3144,"5,7%","8,3%"
4310330,Sul,Rio Grande do Sul,Imbé,178,371,2789,"6,4%","13,3%"
2106201,Nordeste,Maranhão,Luís Domingues,177,624,1908,"9,3%","32,7%"
2803609,Nordeste,Sergipe,Laranjeiras,177,751,3521,"5,0%","21,3%"
3101805,Sudeste,Minas Gerais,Alpercata,177,219,1139,"15,5%","19,2%"
4114302,Sul,Paraná,Mandirituba,177,296,2664,"6,6%","11,1%"
4303905,Sul,Rio Grande do Sul,Campo Bom,177,276,3037,"5,8%","9,1%"
5204904,Centro-Oeste,Goiás,Campos Belos,177,610,3146,"5,6%","19,4%"
2101509,Nordeste,Maranhão,Barão de Grajaú,176,481,2346,"7,5%","20,5%"
2304905,Nordeste,Ceará,Groaíras,176,293,1601,"11,0%","18,3%"
2504033,Nordeste,Paraíba,Capim,176,34,1599,"11,0%","2,1%"
2517001,Nordeste,Paraíba,Umbuzeiro,176,32,1917,"9,2%","1,7%"
2924108,Nordeste,Bahia,Pedrão,176,531,1606,"11,0%","33,1%"
3201100,Sudeste,Espírito Santo,Bom Jesus do Norte,176,386,2212,"8,0%","17,5%"
5103908,Centro-Oeste,Mato Grosso,General Carneiro,176,327,1227,"14,3%","26,7%"
1720101,Norte,Tocantins,São Bento do Tocantins,175,561,1177,"14,9%","47,7%"
2514800,Nordeste,Paraíba,São José dos Cordeiros,175,145,954,"18,3%","15,2%"
2607802,Nordeste,Pernambuco,Itaquitinga,175,591,2479,"7,1%","23,8%"
2803708,Nordeste,Sergipe,Macambira,175,512,1816,"9,6%","28,2%"
3502507,Sudeste,São Paulo,Aparecida,175,372,2469,"7,1%","15,1%"
5003751,Centro-Oeste,Mato Grosso do Sul,Eldorado,175,291,1718,"10,2%","16,9%"
5106232,Centro-Oeste,Mato Grosso,Nova Olímpia,175,224,1455,"12,0%","15,4%"
1400282,Norte,Roraima,Iracema,174,607,1125,"15,5%","54,0%"
1721109,Norte,Tocantins,Tocantínia,174,727,1114,"15,6%","65,3%"
2101731,Nordeste,Maranhão,Belágua,174,309,1771,"9,8%","17,4%"
2105906,Nordeste,Maranhão,Lago Verde,174,107,2894,"6,0%","3,7%"
2926657,Nordeste,Bahia,Ribeirão do Largo,174,133,1731,"10,1%","7,7%"
3509254,Sudeste,São Paulo,Cajati,174,337,2677,"6,5%","12,6%"
5205307,Centro-Oeste,Goiás,Cavalcante,174,317,1676,"10,4%","18,9%"
1100346,Norte,Rondônia,Alvorada D’Oeste,173,718,1884,"9,2%","38,1%"
2100154,Nordeste,Maranhão,Água Doce do Maranhão,173,536,2281,"7,6%","23,5%"
2200459,Nordeste,Piauí,Alvorada do Gurguéia,173,133,1348,"12,8%","9,9%"
2201705,Nordeste,Piauí,Bertolínia,173,228,1005,"17,2%","22,7%"
2805901,Nordeste,Sergipe,Riachuelo,173,449,1833,"9,4%","24,5%"
3305406,Sudeste,Rio de Janeiro,Sapucaia,173,362,1983,"8,7%","18,3%"
4316451,Sul,Rio Grande do Sul,Salto do Jacuí,173,178,1405,"12,3%","12,7%"
5200134,Centro-Oeste,Goiás,Acreúna,173,283,2656,"6,5%","10,7%"
2110005,Nordeste,Maranhão,Santa Luzia,172,1430,8176,"2,1%","17,5%"
2205904,Nordeste,Piauí,Manoel Emídio,172,280,1072,"16,0%","26,1%"
2505352,Nordeste,Paraíba,Damião,172,140,920,"18,7%","15,2%"
2506103,Nordeste,Paraíba,Fagundes,172,248,1962,"8,8%","12,6%"
2922755,Nordeste,Bahia,Nova Ibiá,172,267,945,"18,2%","28,3%"
3200169,Sudeste,Espírito Santo,Água Doce do Norte,172,483,1951,"8,8%","24,8%"
3304128,Sudeste,Rio de Janeiro,Quatis,172,264,1313,"13,1%","20,1%"
4114807,Sul,Paraná,Marialva,172,282,3434,"5,0%","8,2%"
4301107,Sul,Rio Grande do Sul,Arroio dos Ratos,172,559,1903,"9,0%","29,4%"
1505635,Norte,Pará,Piçarra,171,848,1852,"9,2%","45,8%"
2109106,Nordeste,Maranhão,Presidente Dutra,171,769,4839,"3,5%","15,9%"
2401859,Nordeste,Rio Grande do Norte,Caiçara do Norte,171,47,1012,"16,9%","4,6%"
2920403,Nordeste,Bahia,Manoel Vitorino,171,733,2779,"6,2%","26,4%"
3105400,Sudeste,Minas Gerais,Barão de Cocais,171,245,1588,"10,8%","15,4%"
3147402,Sudeste,Minas Gerais,Paraopeba,171,284,2128,"8,0%","13,3%"
3544251,Sudeste,São Paulo,Rosana,171,342,1992,"8,6%","17,2%"
2103158,Nordeste,Maranhão,Centro do Guilherme,170,361,1820,"9,3%","19,8%"
2201150,Nordeste,Piauí,Baixa Grande do Ribeiro,170,321,1905,"8,9%","16,9%"
2202554,Nordeste,Piauí,Caridade do Piauí,170,388,1400,"12,1%","27,7%"
2202711,Nordeste,Piauí,Cocal de Telha,170,226,989,"17,2%","22,9%"
2205706,Nordeste,Piauí,Luís Correia,170,1047,5198,"3,3%","20,1%"
2310308,Nordeste,Ceará,Parambu,170,906,4435,"3,8%","20,4%"
2311355,Nordeste,Ceará,Quixelô,170,823,2666,"6,4%","30,9%"
2802700,Nordeste,Sergipe,Ilha das Flores,170,485,1739,"9,8%","27,9%"
3113206,Sudeste,Minas Gerais,Carandaí,170,326,2713,"6,3%","12,0%"
3156809,Sudeste,Minas Gerais,Sabinópolis,170,316,1887,"9,0%","16,7%"
5105507,Centro-Oeste,Mato Grosso,Vila Bela da Santíssima Trindade,170,391,1523,"11,2%","25,7%"
5106307,Centro-Oeste,Mato Grosso,Paranatinga,170,288,2028,"8,4%","14,2%"
5214507,Centro-Oeste,Goiás,Nerópolis,170,582,3653,"4,7%","15,9%"
4305355,Sul,Rio Grande do Sul,Charqueadas,169,308,2585,"6,5%","11,9%"
5205406,Centro-Oeste,Goiás,Ceres,169,277,1998,"8,5%","13,9%"
1700707,Norte,Tocantins,Alvorada,168,621,1704,"9,9%","36,4%"
1706001,Norte,Tocantins,Couto Maga- lhães,168,485,1167,"14,4%","41,6%"
2107001,Nordeste,Maranhão,Montes Altos,168,579,2112,"8,0%","27,4%"
2902658,Nordeste,Bahia,Banzaê,168,625,2161,"7,8%","28,9%"
5003801,Centro-Oeste,Mato Grosso do Sul,Fátima do Sul,168,356,2202,"7,6%","16,2%"
1507466,Norte,Pará,São João da Ponta,167,654,1052,"15,9%","62,2%"
1703909,Norte,Tocantins,Caseara,167,320,1211,"13,8%","26,4%"
1706100,Norte,Tocantins,Cristalândia,167,413,1171,"14,3%","35,3%"
2205524,Nordeste,Piauí,Júlio Borges,167,74,895,"18,7%","8,3%"
2311264,Nordeste,Ceará,Quiterianópolis,167,890,3185,"5,2%","27,9%"
2802502,Nordeste,Sergipe,General May- nard,167,68,759,"22,0%","9,0%"
2929404,Nordeste,Bahia,São Miguel das Matas,167,517,1768,"9,4%","29,2%"
3151107,Sudeste,Minas Gerais,Pirapetinga,167,273,1881,"8,9%","14,5%"
3502754,Sudeste,São Paulo,Araçariguama,167,331,2532,"6,6%","13,1%"
4112009,Sul,Paraná,Jaguariaíva,167,315,2630,"6,3%","12,0%"
5208400,Centro-Oeste,Goiás,Goianápolis,167,303,1841,"9,1%","16,5%"
1100148,Norte,Rondônia,Nova Brasilândia D’Oeste,166,738,2206,"7,5%","33,5%"
2100303,Nordeste,Maranhão,Aldeias Altas,166,450,2877,"5,8%","15,6%"
2210706,Nordeste,Piauí,Simões,166,472,2542,"6,5%","18,6%"
2911857,Nordeste,Bahia,Heliópolis,166,646,2060,"8,1%","31,4%"
3115102,Sudeste,Minas Gerais,Cássia,166,434,2193,"7,6%","19,8%"
3131901,Sudeste,Minas Gerais,Itabirito,166,244,2467,"6,7%","9,9%"
3556305,Sudeste,São Paulo,Valparaíso,166,242,1622,"10,2%","14,9%"
4306908,Sul,Rio Grande do Sul,Encruzilhada do Sul,166,522,2682,"6,2%","19,5%"
5002001,Centro-Oeste,Mato Grosso do Sul,Batayporã,166,250,1687,"9,8%","14,8%"
5100508,Centro-Oeste,Mato Grosso,Alto Paraguai,166,320,1338,"12,4%","23,9%"
5103254,Centro-Oeste,Mato Grosso,Colniza,166,279,2576,"6,4%","10,8%"
1706506,Norte,Tocantins,Darcinópolis,165,416,1144,"14,4%","36,4%"
2503308,Nordeste,Paraíba,Cachoeira dos Índios,165,465,2193,"7,5%","21,2%"
2917904,Nordeste,Bahia,Jandaíra,165,509,2010,"8,2%","25,3%"
2927903,Nordeste,Bahia,Santa Inês,165,611,2341,"7,0%","26,1%"
3106606,Sudeste,Minas Gerais,Bertópolis,165,140,967,"17,1%","14,5%"
3162005,Sudeste,Minas Gerais,São Gonçalo do Sapucaí,165,288,2660,"6,2%","10,8%"
4308300,Sul,Rio Grande do Sul,Fontoura Xavier,165,472,1950,"8,5%","24,2%"
5220405,Centro-Oeste,Goiás,São Simão,165,491,2378,"6,9%","20,6%"
1100015,Norte,Rondônia,Alta Floresta D’Oeste,164,794,2193,"7,5%","36,2%"
1700400,Norte,Tocantins,Almas,164,712,1612,"10,2%","44,2%"
2108058,Nordeste,Maranhão,Paulino Neves,164,550,2957,"5,5%","18,6%"
3155702,Sudeste,Minas Gerais,Rio Piracicaba,164,312,1677,"9,8%","18,6%"
3167608,Sudeste,Minas Gerais,Simonésia,164,426,2416,"6,8%","17,6%"
3171030,Sudeste,Minas Gerais,Verdelândia,164,306,1598,"10,3%","19,1%"
4102406,Sul,Paraná,Bandeirantes,164,268,2782,"5,9%","9,6%"
2105609,Nordeste,Maranhão,Joselândia,163,420,2093,"7,8%","20,1%"
2112852,Nordeste,Maranhão,Vila Nova dos Martírios,163,176,1565,"10,4%","11,2%"
2205607,Nordeste,Piauí,Landri Sales,163,210,1168,"14,0%","18,0%"
2206050,Nordeste,Piauí,Massapê do Piauí,163,117,1065,"15,3%","11,0%"
2511509,Nordeste,Paraíba,Pilar,163,48,1548,"10,5%","3,1%"
2924652,Nordeste,Bahia,Pintadas,163,292,1202,"13,6%","24,3%"
3135506,Sudeste,Minas Gerais,Jequeri,163,371,1608,"10,1%","23,1%"
5105101,Centro-Oeste,Mato Grosso,Juara,163,425,2910,"5,6%","14,6%"
5200100,Centro-Oeste,Goiás,Abadiânia,163,279,1824,"8,9%","15,3%"
2615102,Nordeste,Pernambuco,Terezinha,162,213,1372,"11,8%","15,5%"
2913804,Nordeste,Bahia,Ipecaetá,162,161,3128,"5,2%","5,1%"
3533502,Sudeste,São Paulo,Novo Horizonte,162,298,2260,"7,2%","13,2%"
4111506,Sul,Paraná,Ivaiporã,162,312,2683,"6,0%","11,6%"
5219902,Centro-Oeste,Goiás,São Francisco de Goiás,162,231,1130,"14,3%","20,4%"
2403400,Nordeste,Rio Grande do Norte,Equador,161,490,1349,"11,9%","36,3%"
2510204,Nordeste,Paraíba,Nova Olinda,161,109,1307,"12,3%","8,3%"
2703205,Nordeste,Alagoas,Igreja Nova,161,710,3673,"4,4%","19,3%"
3502705,Sudeste,São Paulo,Apiaí,161,335,2156,"7,5%","15,5%"
3520103,Sudeste,São Paulo,Igarapava,161,224,1683,"9,6%","13,3%"
3537404,Sudeste,São Paulo,Pereira Barreto,161,224,1435,"11,2%","15,6%"
5002308,Centro-Oeste,Mato Grosso do Sul,Brasilândia,161,311,1916,"8,4%","16,2%"
2205102,Nordeste,Piauí,Itaueira,160,547,1494,"10,7%","36,6%"
2307809,Nordeste,Ceará,Marco,160,822,4403,"3,6%","18,7%"
2412302,Nordeste,Rio Grande do Norte,São José do Campestre,160,510,2043,"7,8%","25,0%"
2701357,Nordeste,Alagoas,Campestre,160,342,1693,"9,5%","20,2%"
3120102,Sudeste,Minas Gerais,Couto de Maga- lhães de Minas,160,211,939,"17,0%","22,5%"
3203007,Sudeste,Espírito Santo,Iúna,160,262,2511,"6,4%","10,4%"
3203809,Sudeste,Espírito Santo,Muqui,160,286,1521,"10,5%","18,8%"
3524006,Sudeste,São Paulo,Itupeva,160,258,2612,"6,1%","9,9%"
4117107,Sul,Paraná,Nova Londrina,160,188,1382,"11,6%","13,6%"
2105203,Nordeste,Maranhão,Igarapé Grande,159,443,1876,"8,5%","23,6%"
2807204,Nordeste,Sergipe,Siriri,159,174,1881,"8,5%","9,3%"
2907806,Nordeste,Bahia,Cícero Dantas,159,1399,4899,"3,2%","28,6%"
2915304,Nordeste,Bahia,Itagimirim,159,145,1529,"10,4%","9,5%"
3139003,Sudeste,Minas Gerais,Machado,159,514,3777,"4,2%","13,6%"
3152402,Sudeste,Minas Gerais,Poté,159,301,1649,"9,6%","18,3%"
3304409,Sudeste,Rio de Janeiro,Rio Claro,159,330,1953,"8,1%","16,9%"
4106209,Sul,Paraná,Contenda,159,319,2145,"7,4%","14,9%"
4318903,Sul,Rio Grande do Sul,São Luiz Gon- zaga,159,384,2413,"6,6%","15,9%"
5004106,Centro-Oeste,Mato Grosso do Sul,Guia Lopes da Laguna,159,268,1622,"9,8%","16,5%"
5211008,Centro-Oeste,Goiás,Itapirapuã,159,261,1181,"13,5%","22,1%"
2105708,Nordeste,Maranhão,Lago da Pedra,158,1383,6054,"2,6%","22,8%"
2200103,Nordeste,Piauí,Agricolândia,158,240,979,"16,1%","24,5%"
2928505,Nordeste,Bahia,Santa Terezinha,158,478,1647,"9,6%","29,0%"
3108255,Sudeste,Minas Gerais,Bonito de Minas,158,189,1915,"8,3%","9,9%"
3158102,Sudeste,Minas Gerais,Santa Maria do Salto,158,236,1094,"14,4%","21,6%"
3164209,Sudeste,Minas Gerais,São Romão,158,241,1402,"11,3%","17,2%"
3529906,Sudeste,São Paulo,Miracatu,158,390,3310,"4,8%","11,8%"
4304200,Sul,Rio Grande do Sul,Candelária,158,335,2314,"6,8%","14,5%"
1707108,Norte,Tocantins,Divinópolis do Tocantins,157,309,1057,"14,9%","29,2%"
2104677,Nordeste,Maranhão,Governador Nunes Freire,157,730,3569,"4,4%","20,5%"
2109304,Nordeste,Maranhão,Presidente Vargas,157,260,1881,"8,3%","13,8%"
2205854,Nordeste,Piauí,Madeiro,157,373,1771,"8,9%","21,1%"
2207751,Nordeste,Piauí,Passagem Fran- ca do Piauí,157,197,1024,"15,3%","19,2%"
2209906,Nordeste,Piauí,São João da Serra,157,304,996,"15,8%","30,5%"
2300705,Nordeste,Ceará,Alto Santo,157,766,2822,"5,6%","27,1%"
2304657,Nordeste,Ceará,Graça,157,616,2805,"5,6%","22,0%"
2606705,Nordeste,Pernambuco,Ibirajuba,157,229,1633,"9,6%","14,0%"
2803906,Nordeste,Sergipe,Malhador,157,617,2099,"7,5%","29,4%"
2930303,Nordeste,Bahia,Serra Dourada,157,585,2571,"6,1%","22,8%"
3124203,Sudeste,Minas Gerais,Espera Feliz,157,370,2345,"6,7%","15,8%"
4218707,Sul,Santa Catarina,Tubarão,157,214,3614,"4,3%","5,9%"
5107875,Centro-Oeste,Mato Grosso,Sapezal,157,274,2573,"6,1%","10,6%"
2412906,Nordeste,Rio Grande do Norte,São Tomé,156,254,1978,"7,9%","12,8%"
2500106,Nordeste,Paraíba,Água Branca,156,94,2088,"7,5%","4,5%"
2502102,Nordeste,Paraíba,Boa Ventura,156,253,1364,"11,4%","18,5%"
2508505,Nordeste,Paraíba,Livramento,156,309,1506,"10,4%","20,5%"
2707909,Nordeste,Alagoas,Santa Luzia do Norte,156,315,1424,"11,0%","22,1%"
3140902,Sudeste,Minas Gerais,Matipó,156,432,2528,"6,2%","17,1%"
3533403,Sudeste,São Paulo,Nova Odessa,156,309,2446,"6,4%","12,6%"
4312708,Sul,Rio Grande do Sul,Nonoai,156,279,1547,"10,1%","18,0%"
5103601,Centro-Oeste,Mato Grosso,Dom Aquino,156,206,1256,"12,4%","16,4%"
2200277,Nordeste,Piauí,Alegrete do Piauí,155,210,999,"15,5%","21,0%"
2403004,Nordeste,Rio Grande do Norte,Cruzeta,155,258,1589,"9,8%","16,2%"
3131158,Sudeste,Minas Gerais,Ipaba,155,210,1365,"11,4%","15,4%"
3141801,Sudeste,Minas Gerais,Minas Novas,155,584,3002,"5,2%","19,5%"
3152303,Sudeste,Minas Gerais,Porto Firme,155,768,2041,"7,6%","37,6%"
3529203,Sudeste,São Paulo,Martinópolis,155,188,1662,"9,3%","11,3%"
4317707,Sul,Rio Grande do Sul,Santo Antônio das Missões,155,449,1550,"10,0%","29,0%"
5007935,Centro-Oeste,Mato Grosso do Sul,Sonora,155,278,1622,"9,6%","17,1%"
2106672,Nordeste,Maranhão,Milagres do Maranhão,154,225,1093,"14,1%","20,6%"
2501575,Nordeste,Paraíba,Barra de San- tana,154,369,1339,"11,5%","27,6%"
2504900,Nordeste,Paraíba,Cruz do Espírito Santo,154,359,2512,"6,1%","14,3%"
2705804,Nordeste,Alagoas,Olho d’Água do Casado,154,143,1662,"9,3%","8,6%"
2929354,Nordeste,Bahia,São José da Vitória,154,93,1159,"13,3%","8,0%"
3510203,Sudeste,São Paulo,Capão Bonito,154,811,5281,"2,9%","15,4%"
3521002,Sudeste,São Paulo,Iperó,154,341,2614,"5,9%","13,0%"
4305454,Sul,Rio Grande do Sul,Cidreira,154,312,1620,"9,5%","19,3%"
5221700,Centro-Oeste,Goiás,Uruana,154,440,1910,"8,1%","23,0%"
1100940,Norte,Rondônia,Cujubim,153,612,1761,"8,7%","34,8%"
2207553,Nordeste,Piauí,Paquetá,153,310,1010,"15,1%","30,7%"
2309300,Nordeste,Ceará,Nova Russas,153,995,4259,"3,6%","23,4%"
3159605,Sudeste,Minas Gerais,Santa Rita do Sapucaí,153,233,2592,"5,9%","9,0%"
3204807,Sudeste,Espírito Santo,São José do Calçado,153,474,1752,"8,7%","27,1%"
3305703,Sudeste,Rio de Janeiro,Sumidouro,153,386,1988,"7,7%","19,4%"
4320107,Sul,Rio Grande do Sul,Sarandi,153,290,1432,"10,7%","20,3%"
5007695,Centro-Oeste,Mato Grosso do Sul,São Gabriel do Oeste,153,355,3657,"4,2%","9,7%"
1101302,Norte,Rondônia,Mirante da Serra,152,550,1470,"10,3%","37,4%"
2103802,Nordeste,Maranhão,Dom Pedro,152,699,3193,"4,8%","21,9%"
2111409,Nordeste,Maranhão,São Luís Gonza- ga do Maranhão,152,660,3192,"4,8%","20,7%"
2205409,Nordeste,Piauí,Joaquim Pires,152,369,1696,"9,0%","21,8%"
2211704,Nordeste,Piauí,Wall Ferraz,152,304,814,"18,7%","37,3%"
2402501,Nordeste,Rio Grande do Norte,Carnaubais,152,143,1741,"8,7%","8,2%"
2509503,Nordeste,Paraíba,Montadas,152,97,1568,"9,7%","6,2%"
2604809,Nordeste,Pernambuco,Cortês,152,298,2393,"6,4%","12,5%"
2707305,Nordeste,Alagoas,Porto Calvo,152,725,3628,"4,2%","20,0%"
2911253,Nordeste,Bahia,Gavião,152,171,1044,"14,6%","16,4%"
3132305,Sudeste,Minas Gerais,Itaipé,152,238,1840,"8,3%","12,9%"
3162609,Sudeste,Minas Gerais,São João do Oriente,152,303,1295,"11,7%","23,4%"
3512803,Sudeste,São Paulo,Cosmópolis,152,379,2383,"6,4%","15,9%"
3553401,Sudeste,São Paulo,Tanabi,152,363,2426,"6,3%","15,0%"
4110706,Sul,Paraná,Irati,152,423,4256,"3,6%","9,9%"
2403301,Nordeste,Rio Grande do Norte,Encanto,151,289,1521,"9,9%","19,0%"
2504801,Nordeste,Paraíba,Coremas,151,799,2877,"5,2%","27,8%"
3138104,Sudeste,Minas Gerais,Lassance,151,324,1512,"10,0%","21,4%"
3140803,Sudeste,Minas Gerais,Matias Barbosa,151,189,1319,"11,4%","14,3%"
3152006,Sudeste,Minas Gerais,Pompéu,151,430,3064,"4,9%","14,0%"
3204104,Sudeste,Espírito Santo,Pinheiros,151,402,2704,"5,6%","14,9%"
3501004,Sudeste,São Paulo,Altinópolis,151,178,1707,"8,8%","10,4%"
3527405,Sudeste,São Paulo,Lucélia,151,215,1544,"9,8%","13,9%"
4114203,Sul,Paraná,Mandaguari,151,219,2462,"6,1%","8,9%"
5102637,Centro-Oeste,Mato Grosso,Campo Novo do Parecis,151,210,2281,"6,6%","9,2%"
5205802,Centro-Oeste,Goiás,Corumbá de Goiás,151,431,1818,"8,3%","23,7%"
5209200,Centro-Oeste,Goiás,Guapó,151,444,2617,"5,8%","17,0%"
1101492,Norte,Rondônia,São Francisco do Guaporé,150,593,1671,"9,0%","35,5%"
2207355,Nordeste,Piauí,Pajeú do Piauí,150,233,691,"21,7%","33,7%"
2507804,Nordeste,Paraíba,Junco do Seridó,150,303,1516,"9,9%","20,0%"
2513109,Nordeste,Paraíba,Salgado de São Félix,150,40,2405,"6,2%","1,7%"
2914208,Nordeste,Bahia,Irajuba,150,204,1318,"11,4%","15,5%"
2931202,Nordeste,Bahia,Taperoá,150,834,2736,"5,5%","30,5%"
3118403,Sudeste,Minas Gerais,Conselheiro Pena,150,423,2286,"6,6%","18,5%"
3123809,Sudeste,Minas Gerais,Engenheiro Navarro,150,192,1098,"13,7%","17,5%"
3140159,Sudeste,Minas Gerais,Mário Campos,149,221,1354,"11,0%","16,3%"
3301157,Sudeste,Rio de Janeiro,Cardoso Moreira,149,294,1736,"8,6%","16,9%"
3540754,Sudeste,São Paulo,Potim,149,287,1730,"8,6%","16,6%"
4120606,Sul,Paraná,Prudentópolis,149,449,3834,"3,9%","11,7%"
5214838,Centro-Oeste,Goiás,Nova Crixás,149,306,1870,"8,0%","16,4%"
2200905,Nordeste,Piauí,Aroazes,148,91,860,"17,2%","10,6%"
2312809,Nordeste,Ceará,Senador Sá,148,252,1165,"12,7%","21,6%"
2400703,Nordeste,Rio Grande do Norte,Alto do Rodri- gues,148,376,1743,"8,5%","21,6%"
2413508,Nordeste,Rio Grande do Norte,Serrinha,148,380,1457,"10,2%","26,1%"
2703007,Nordeste,Alagoas,Ibateguara,148,442,3085,"4,8%","14,3%"
2800704,Nordeste,Sergipe,Brejo Grande,148,300,1245,"11,9%","24,1%"
3301801,Sudeste,Rio de Janeiro,Engenheiro Pau- lo de Frontin,148,181,1524,"9,7%","11,9%"
3500709,Sudeste,São Paulo,Agudos,148,258,2283,"6,5%","11,3%"
3523305,Sudeste,São Paulo,Itariri,148,219,1713,"8,6%","12,8%"
3537008,Sudeste,São Paulo,Pedregulho,148,196,1570,"9,4%","12,5%"
3540705,Sudeste,São Paulo,Porto Ferreira,148,227,2031,"7,3%","11,2%"
4126009,Sul,Paraná,São Sebastião da Amoreira,148,169,1173,"12,6%","14,4%"
4318804,Sul,Rio Grande do Sul,São Lourenço do Sul,148,387,2723,"5,4%","14,2%"
5002902,Centro-Oeste,Mato Grosso do Sul,Cassilândia,148,258,2136,"6,9%","12,1%"
5106778,Centro-Oeste,Mato Grosso,Porto Alegre do Norte,148,373,1941,"7,6%","19,2%"
5204409,Centro-Oeste,Goiás,Caiapônia,148,189,2225,"6,7%","8,5%"
1505494,Norte,Pará,Palestina do Pará,147,467,1010,"14,6%","46,2%"
1715705,Norte,Tocantins,Palmeirante,147,414,1087,"13,5%","38,1%"
1720200,Norte,Tocantins,São Miguel do Tocantins,147,922,2015,"7,3%","45,8%"
2107308,Nordeste,Maranhão,Nova Iorque,147,319,1157,"12,7%","27,6%"
2108801,Nordeste,Maranhão,Pirapemas,147,862,3468,"4,2%","24,9%"
2311959,Nordeste,Ceará,Salitre,147,617,3049,"4,8%","20,2%"
2403509,Nordeste,Rio Grande do Norte,Espírito Santo,147,478,1638,"9,0%","29,2%"
2409704,Nordeste,Rio Grande do Norte,Pedro Avelino,147,130,1369,"10,7%","9,5%"
2515807,Nordeste,Paraíba,Serra Redonda,147,20,1317,"11,2%","1,5%"
2516805,Nordeste,Paraíba,Triunfo,147,178,1604,"9,2%","11,1%"
2905008,Nordeste,Bahia,Caculé,147,450,2483,"5,9%","18,1%"
3120805,Sudeste,Minas Gerais,Cruzília,147,569,1963,"7,5%","29,0%"
3303104,Sudeste,Rio de Janeiro,Natividade,147,551,2391,"6,1%","23,0%"
3553302,Sudeste,São Paulo,Tambaú,147,182,2003,"7,3%","9,1%"
1717909,Norte,Tocantins,Ponte Alta do Tocantins,146,480,1022,"14,3%","47,0%"
2405603,Nordeste,Rio Grande do Norte,Jardim de Piranhas,146,879,2798,"5,2%","31,4%"
2504074,Nordeste,Paraíba,Caraúbas,146,387,1126,"13,0%","34,4%"
2508802,Nordeste,Paraíba,Malta,146,168,1102,"13,2%","15,2%"
2512754,Nordeste,Paraíba,Riachão do Bacamarte,146,147,1073,"13,6%","13,7%"
2516102,Nordeste,Paraíba,Soledade,146,699,2836,"5,1%","24,6%"
2803104,Nordeste,Sergipe,Itabi,146,217,860,"17,0%","25,2%"
3146305,Sudeste,Minas Gerais,Padre Paraíso,146,413,2299,"6,4%","18,0%"
3171600,Sudeste,Minas Gerais,Virgem da Lapa,146,387,1826,"8,0%","21,2%"
3202504,Sudeste,Espírito Santo,Ibiraçu,146,233,1938,"7,5%","12,0%"
3507100,Sudeste,São Paulo,Bom Jesus dos Perdões,146,248,2210,"6,6%","11,2%"
3534807,Sudeste,São Paulo,Ouro Verde,146,187,1024,"14,3%","18,3%"
5205000,Centro-Oeste,Goiás,Carmo do Rio Verde,146,253,1473,"9,9%","17,2%"
2413102,Nordeste,Rio Grande do Norte,Senador Elói de Souza,145,283,1208,"12,0%","23,4%"
3109303,Sudeste,Minas Gerais,Buritis,145,436,2860,"5,1%","15,2%"
3117504,Sudeste,Minas Gerais,Conceição do Mato Dentro,145,350,1907,"7,6%","18,4%"
4121505,Sul,Paraná,Rebouças,145,490,2161,"6,7%","22,7%"
5103502,Centro-Oeste,Mato Grosso,Diamantino,145,251,1994,"7,3%","12,6%"
5204102,Centro-Oeste,Goiás,Cachoeira Alta,145,188,1366,"10,6%","13,8%"
5204300,Centro-Oeste,Goiás,Caçu,145,239,1577,"9,2%","15,2%"
1302108,Norte,Amazonas,Japurá,144,862,1414,"10,2%","61,0%"
2209377,Nordeste,Piauí,Santa Rosa do Piauí,144,292,908,"15,9%","32,2%"
2306009,Nordeste,Ceará,Iracema,144,598,2553,"5,6%","23,4%"
2404200,Nordeste,Rio Grande do Norte,Goianinha,144,566,3283,"4,4%","17,2%"
2506509,Nordeste,Paraíba,Gurjão,144,124,895,"16,1%","13,9%"
2508208,Nordeste,Paraíba,Lagoa de Dentro,144,138,1412,"10,2%","9,8%"
2700607,Nordeste,Alagoas,Barra de São Miguel,144,233,1451,"9,9%","16,1%"
2705408,Nordeste,Alagoas,Monteirópolis,144,495,1908,"7,5%","25,9%"
2804409,Nordeste,Sergipe,Neópolis,144,632,2809,"5,1%","22,5%"
2904050,Nordeste,Bahia,Bonito,144,621,2593,"5,6%","23,9%"
3554508,Sudeste,São Paulo,Tietê,144,195,1910,"7,5%","10,2%"
4203808,Sul,Santa Catarina,Canoinhas,144,217,2856,"5,0%","7,6%"
4322707,Sul,Rio Grande do Sul,Vera Cruz,144,260,1697,"8,5%","15,3%"
5200605,Centro-Oeste,Goiás,Alto Paraíso de Goiás,144,201,1119,"12,9%","18,0%"
5208301,Centro-Oeste,Goiás,Divinópolis de Goiás,144,184,1085,"13,3%","17,0%"
2305308,Nordeste,Ceará,Ibiapina,143,613,3602,"4,0%","17,0%"
2507101,Nordeste,Paraíba,Itapororoca,143,637,2776,"5,2%","22,9%"
2612109,Nordeste,Pernambuco,Salgadinho,143,271,1350,"10,6%","20,1%"
2800506,Nordeste,Sergipe,Areia Branca,143,563,2480,"5,8%","22,7%"
2926806,Nordeste,Bahia,Rio do Antônio,143,307,2028,"7,1%","15,1%"
3106903,Sudeste,Minas Gerais,Bicas,143,424,2049,"7,0%","20,7%"
3107802,Sudeste,Minas Gerais,Bom Jesus do Galho,143,525,2104,"6,8%","25,0%"
3522406,Sudeste,São Paulo,Itapeva,143,893,6695,"2,1%","13,3%"
3528403,Sudeste,São Paulo,Mairinque,143,426,3194,"4,5%","13,3%"
4307104,Sul,Rio Grande do Sul,Herval,143,191,1332,"10,7%","14,3%"
5204003,Centro-Oeste,Goiás,Cabeceiras,143,211,1212,"11,8%","17,4%"
5212709,Centro-Oeste,Goiás,Mambaí,143,311,1475,"9,7%","21,1%"
1400506,Norte,Roraima,São João da Baliza,142,689,1282,"11,1%","53,7%"
1710508,Norte,Tocantins,Itacajá,142,811,1384,"10,3%","58,6%"
2901106,Nordeste,Bahia,Amélia Rodri- gues,142,719,3480,"4,1%","20,7%"
3138807,Sudeste,Minas Gerais,Luz,142,257,1539,"9,2%","16,7%"
3526803,Sudeste,São Paulo,Lençóis Paulista,142,304,2222,"6,4%","13,7%"
4109708,Sul,Paraná,Ibaiti,142,334,2515,"5,6%","13,3%"
4120804,Sul,Paraná,Quatro Barras,142,190,1822,"7,8%","10,4%"
4201406,Sul,Santa Catarina,Araranguá,142,272,3188,"4,5%","8,5%"
4322004,Sul,Rio Grande do Sul,Triunfo,142,238,3225,"4,4%","7,4%"
5106109,Centro-Oeste,Mato Grosso,Nossa Senhora do Livramento,142,304,2012,"7,1%","15,1%"
1101401,Norte,Rondônia,Monte Negro,141,684,1743,"8,1%","39,2%"
1504109,Norte,Pará,Magalhães Barata,141,856,1429,"9,9%","59,9%"
1701309,Norte,Tocantins,Aragominas,141,299,1157,"12,2%","25,8%"
2410900,Nordeste,Rio Grande do Norte,Riachuelo,141,92,1410,"10,0%","6,5%"
3550100,Sudeste,São Paulo,São Manuel,141,240,2047,"6,9%","11,7%"
5104203,Centro-Oeste,Mato Grosso,Guiratinga,141,571,2022,"7,0%","28,2%"
2403806,Nordeste,Rio Grande do Norte,Florânia,140,339,1627,"8,6%","20,8%"
3144607,Sudeste,Minas Gerais,Nepomuceno,140,365,2405,"5,8%","15,2%"
3155900,Sudeste,Minas Gerais,Rio Preto,140,157,981,"14,3%","16,0%"
3507803,Sudeste,São Paulo,Brodowski,140,220,1644,"8,5%","13,4%"
3546306,Sudeste,São Paulo,Santa Cruz das Palmeiras,140,289,1726,"8,1%","16,7%"
4104402,Sul,Paraná,Cândido de Abreu,140,329,1625,"8,6%","20,2%"
4302709,Sul,Rio Grande do Sul,Butiá,140,386,2075,"6,7%","18,6%"
4304705,Sul,Rio Grande do Sul,Carazinho,140,283,3032,"4,6%","9,3%"
5007109,Centro-Oeste,Mato Grosso do Sul,Ribas do Rio Pardo,140,263,2251,"6,2%","11,7%"
5202155,Centro-Oeste,Goiás,Araguapaz,140,172,1245,"11,2%","13,8%"
5207402,Centro-Oeste,Goiás,Edéia,140,207,1506,"9,3%","13,7%"
1502772,Norte,Pará,Curionópolis,139,1602,3392,"4,1%","47,2%"
1702554,Norte,Tocantins,Augustinópolis,139,956,1946,"7,1%","49,1%"
2104651,Nordeste,Maranhão,Governador Newton Bello,139,683,2322,"6,0%","29,4%"
2111805,Nordeste,Maranhão,Sítio Novo,139,490,2138,"6,5%","22,9%"
2910305,Nordeste,Bahia,Elísio Medrado,139,314,1175,"11,8%","26,7%"
2916807,Nordeste,Bahia,Itarantim,139,616,2693,"5,2%","22,9%"
3134608,Sudeste,Minas Gerais,Jaboticatubas,139,232,1415,"9,8%","16,4%"
3140100,Sudeste,Minas Gerais,Marilac,139,196,804,"17,3%","24,4%"
3140555,Sudeste,Minas Gerais,Mata Verde,139,376,1439,"9,7%","26,1%"
3170008,Sudeste,Minas Gerais,Ubaí,139,369,1993,"7,0%","18,5%"
3549409,Sudeste,São Paulo,São Joaquim da Barra,139,217,1864,"7,5%","11,6%"
4311205,Sul,Rio Grande do Sul,Júlio de Cas- tilhos,139,341,1957,"7,1%","17,4%"
1101005,Norte,Rondônia,Governador Jorge Teixeira,138,549,1379,"10,0%","39,8%"
1101500,Norte,Rondônia,Seringueiras,138,420,1605,"8,6%","26,2%"
2201572,Nordeste,Piauí,Belém do Piauí,138,150,763,"18,1%","19,7%"
2403707,Nordeste,Rio Grande do Norte,Felipe Guerra,138,222,1398,"9,9%","15,9%"
2509008,Nordeste,Paraíba,Manaíra,138,677,2376,"5,8%","28,5%"
2604155,Nordeste,Pernambuco,Casinhas,138,59,3364,"4,1%","1,8%"
3122355,Sudeste,Minas Gerais,Divisa Alegre,138,371,1504,"9,2%","24,7%"
3549953,Sudeste,São Paulo,São Lourenço da Serra,138,266,1777,"7,8%","15,0%"
1101708,Norte,Rondônia,Urupá,137,488,1328,"10,3%","36,7%"
2111722,Nordeste,Maranhão,Satubinha,137,343,1624,"8,4%","21,1%"
2206654,Nordeste,Piauí,Morro Cabeça no Tempo,137,94,979,"14,0%","9,6%"
2611533,Nordeste,Pernambuco,Quixaba,137,205,1587,"8,6%","12,9%"
2903276,Nordeste,Bahia,Barrocas,137,370,2483,"5,5%","14,9%"
3143104,Sudeste,Minas Gerais,Monte Carmelo,137,258,2453,"5,6%","10,5%"
3162807,Sudeste,Minas Gerais,São João Evan- gelista,137,289,1501,"9,1%","19,3%"
4114708,Sul,Paraná,Maria Helena,137,157,825,"16,6%","19,0%"
4128401,Sul,Paraná,Uraí,137,179,983,"13,9%","18,2%"
4216206,Sul,Santa Catarina,São Francisco do Sul,137,280,2718,"5,0%","10,3%"
5004007,Centro-Oeste,Mato Grosso do Sul,Glória de Dou- rados,137,209,1284,"10,7%","16,3%"
1702307,Norte,Tocantins,Arapoema,136,349,1039,"13,1%","33,6%"
1710706,Norte,Tocantins,Itaguatins,136,676,1219,"11,2%","55,5%"
2101350,Nordeste,Maranhão,Bacurituba,136,370,1428,"9,5%","25,9%"
2108108,Nordeste,Maranhão,Paulo Ramos,136,717,3515,"3,9%","20,4%"
2109403,Nordeste,Maranhão,Primeira Cruz,136,540,2062,"6,6%","26,2%"
2206670,Nordeste,Piauí,Morro do Cha- péu do Piauí,136,192,992,"13,7%","19,4%"
2206951,Nordeste,Piauí,Novo Santo Antônio,136,141,679,"20,0%","20,8%"
2402709,Nordeste,Rio Grande do Norte,Cerro Corá,136,260,1807,"7,5%","14,4%"
3116803,Sudeste,Minas Gerais,Coluna,136,302,1207,"11,3%","25,0%"
3123700,Sudeste,Minas Gerais,Engenheiro Caldas,136,203,1260,"10,8%","16,1%"
3152808,Sudeste,Minas Gerais,Prata,136,312,2118,"6,4%","14,7%"
4112108,Sul,Paraná,Jandaia do Sul,136,223,1990,"6,8%","11,2%"
4321204,Sul,Rio Grande do Sul,Taquara,136,292,2911,"4,7%","10,0%"
1713601,Norte,Tocantins,Monte do Carmo,135,532,1176,"11,5%","45,2%"
2201309,Nordeste,Piauí,Barreiras do Piauí,135,202,730,"18,5%","27,7%"
2203503,Nordeste,Piauí,Elesbão Veloso,135,451,1905,"7,1%","23,7%"
2705705,Nordeste,Alagoas,Olho d’Água das Flores,135,970,3882,"3,5%","25,0%"
2905156,Nordeste,Bahia,Caetanos,135,320,2442,"5,5%","13,1%"
3121258,Sudeste,Minas Gerais,Delta,135,204,1220,"11,1%","16,7%"
3158201,Sudeste,Minas Gerais,Santa Maria do Suaçuí,135,470,1776,"7,6%","26,5%"
3166303,Sudeste,Minas Gerais,Sericita,135,306,1223,"11,0%","25,0%"
4104253,Sul,Paraná,Campo Magro,135,236,2388,"5,7%","9,9%"
4118808,Sul,Paraná,Peabiru,135,240,1556,"8,7%","15,4%"
4317301,Sul,Rio Grande do Sul,Santa Vitória do Palmar,135,246,3035,"4,4%","8,1%"
5007950,Centro-Oeste,Mato Grosso do Sul,Tacuru,135,860,2176,"6,2%","39,5%"
5100409,Centro-Oeste,Mato Grosso,Alto Garças,135,310,1740,"7,8%","17,8%"
5101605,Centro-Oeste,Mato Grosso,Barão de Mel- gaço,135,423,1427,"9,5%","29,6%"
1701002,Norte,Tocantins,Ananás,134,853,1946,"6,9%","43,8%"
1718808,Norte,Tocantins,Sampaio,134,521,992,"13,5%","52,5%"
2104081,Nordeste,Maranhão,Fernando Falcão,134,349,1704,"7,9%","20,5%"
2401701,Nordeste,Rio Grande do Norte,Bom Jesus,134,265,1528,"8,8%","17,3%"
2405702,Nordeste,Rio Grande do Norte,Jardim do Seridó,134,370,1589,"8,4%","23,3%"
2509800,Nordeste,Paraíba,Mulungu,134,432,1684,"8,0%","25,7%"
2931608,Nordeste,Bahia,Teolândia,134,380,1344,"10,0%","28,3%"
3125705,Sudeste,Minas Gerais,Felixlândia,134,269,1778,"7,5%","15,1%"
3169505,Sudeste,Minas Gerais,Tumiritinga,134,187,1051,"12,7%","17,8%"
3200508,Sudeste,Espírito Santo,Apiacá,134,275,1636,"8,2%","16,8%"
3204005,Sudeste,Espírito Santo,Pancas,134,442,2044,"6,6%","21,6%"
3306156,Sudeste,Rio de Janeiro,Varre-Sai,134,505,1767,"7,6%","28,6%"
3503802,Sudeste,São Paulo,Artur Nogueira,134,356,2699,"5,0%","13,2%"
3538600,Sudeste,São Paulo,Piracaia,134,368,2236,"6,0%","16,5%"
5000856,Centro-Oeste,Mato Grosso do Sul,Angélica,134,178,1439,"9,3%","12,4%"
1720499,Norte,Tocantins,São Valério,133,403,1036,"12,8%","38,9%"
2104628,Nordeste,Maranhão,Governador Luiz Rocha,133,237,1117,"11,9%","21,2%"
2303402,Nordeste,Ceará,Carnaubal,133,381,2419,"5,5%","15,8%"
2304459,Nordeste,Ceará,Fortim,133,715,2352,"5,7%","30,4%"
2503605,Nordeste,Paraíba,Caiçara,133,279,1222,"10,9%","22,8%"
2903235,Nordeste,Bahia,Barro Alto,133,400,1607,"8,3%","24,9%"
3118809,Sudeste,Minas Gerais,Coração de Jesus,133,1063,4236,"3,1%","25,1%"
3140506,Sudeste,Minas Gerais,Martinho Cam- pos,133,169,1339,"9,9%","12,6%"
3154903,Sudeste,Minas Gerais,Rio Casca,133,286,1740,"7,6%","16,4%"
4128203,Sul,Paraná,União da Vitória,133,388,3749,"3,5%","10,3%"
4201307,Sul,Santa Catarina,Araquari,133,234,3415,"3,9%","6,9%"
1200328,Norte,Acre,Jordão,132,384,1292,"10,2%","29,7%"
2919959,Nordeste,Bahia,Maetinga,132,174,1335,"9,9%","13,0%"
3159902,Sudeste,Minas Gerais,Santo Antônio do Amparo,132,319,1660,"8,0%","19,2%"
3203601,Sudeste,Espírito Santo,Mucurici,132,184,867,"15,2%","21,2%"
3526100,Sudeste,São Paulo,Juquiá,132,190,1702,"7,8%","11,2%"
4103107,Sul,Paraná,Bocaiúva do Sul,132,159,2246,"5,9%","7,1%"
4115804,Sul,Paraná,Medianeira,132,231,2707,"4,9%","8,5%"
4123857,Sul,Paraná,Santa Maria do Oeste,132,371,1712,"7,7%","21,7%"
2414209,Nordeste,Rio Grande do Norte,Tibau do Sul,131,404,1923,"6,8%","21,0%"
2414803,Nordeste,Rio Grande do Norte,Vera Cruz,131,404,1775,"7,4%","22,8%"
2515906,Nordeste,Paraíba,Serraria,131,451,1203,"10,9%","37,5%"
2930907,Nordeste,Bahia,Tabocas do Brejo Velho,131,370,1697,"7,7%","21,8%"
3501905,Sudeste,São Paulo,Amparo,131,229,2489,"5,3%","9,2%"
3521309,Sudeste,São Paulo,Ipuã,131,201,1442,"9,1%","13,9%"
3531308,Sudeste,São Paulo,Monte Alto,131,229,1960,"6,7%","11,7%"
4103909,Sul,Paraná,Campina da Lagoa,131,207,1731,"7,6%","12,0%"
4105201,Sul,Paraná,Cerro Azul,131,324,1881,"7,0%","17,2%"
5000906,Centro-Oeste,Mato Grosso do Sul,Antônio João,131,368,1639,"8,0%","22,5%"
1400704,Norte,Roraima,Uiramutã,130,364,1927,"6,7%","18,9%"
1507755,Norte,Pará,Sapucaia,130,382,917,"14,2%","41,7%"
1700350,Norte,Tocantins,Aliança do Tocantins,130,291,866,"15,0%","33,6%"
2405900,Nordeste,Rio Grande do Norte,João Dias,130,236,609,"21,3%","38,8%"
2806909,Nordeste,Sergipe,São Francisco,130,228,722,"18,0%","31,6%"
3118908,Sudeste,Minas Gerais,Cordisburgo,130,231,1105,"11,8%","20,9%"
3155108,Sudeste,Minas Gerais,Rio do Prado,130,153,873,"14,9%","17,5%"
3504909,Sudeste,São Paulo,Bananal,130,224,1658,"7,8%","13,5%"
3554805,Sudeste,São Paulo,Tremembé,130,298,2426,"5,4%","12,3%"
4122156,Sul,Paraná,Rio Bonito do Iguaçu,130,385,2682,"4,8%","14,4%"
4317608,Sul,Rio Grande do Sul,Santo Antônio da Patrulha,130,186,2718,"4,8%","6,8%"
4318408,Sul,Rio Grande do Sul,São Jerônimo,130,339,2801,"4,6%","12,1%"
2110302,Nordeste,Maranhão,Santo Antônio dos Lopes,129,469,2508,"5,1%","18,7%"
2202251,Nordeste,Piauí,Canavieira,129,105,668,"19,3%","15,7%"
2202737,Nordeste,Piauí,Coivaras,129,199,782,"16,5%","25,4%"
2206902,Nordeste,Piauí,Novo Oriente do Piauí,129,297,986,"13,1%","30,1%"
2504207,Nordeste,Paraíba,Catingueira,129,89,941,"13,7%","9,5%"
2919405,Nordeste,Bahia,Licínio de Almeida,129,384,1795,"7,2%","21,4%"
3140852,Sudeste,Minas Gerais,Matias Cardoso,129,340,1818,"7,1%","18,7%"
3156502,Sudeste,Minas Gerais,Rubelita,129,509,1453,"8,9%","35,0%"
5213509,Centro-Oeste,Goiás,Monte Alegre de Goiás,129,299,1297,"9,9%","23,1%"
2109700,Nordeste,Maranhão,Sambaíba,128,300,1192,"10,7%","25,2%"
2306207,Nordeste,Ceará,Itaiçaba,128,184,1242,"10,3%","14,8%"
2601300,Nordeste,Pernambuco,Barra de Gua- biraba,128,765,2520,"5,1%","30,4%"
2708105,Nordeste,Alagoas,Santana do Mundaú,128,591,2782,"4,6%","21,2%"
2906899,Nordeste,Bahia,Caraíbas,128,371,1895,"6,8%","19,6%"
3119302,Sudeste,Minas Gerais,Coromandel,128,365,2569,"5,0%","14,2%"
3508009,Sudeste,São Paulo,Buri,128,387,2691,"4,8%","14,4%"
3509700,Sudeste,São Paulo,Campos do Jordão,128,212,2298,"5,6%","9,2%"
4123907,Sul,Paraná,Santa Mariana,128,297,1833,"7,0%","16,2%"
1703107,Norte,Tocantins,Barrolândia,127,391,945,"13,4%","41,4%"
2205581,Nordeste,Piauí,Lagoa do Piauí,127,200,761,"16,7%","26,3%"
2401800,Nordeste,Rio Grande do Norte,Brejinho,127,308,1643,"7,7%","18,7%"
2502607,Nordeste,Paraíba,Igaracy,127,240,1151,"11,0%","20,9%"
2513158,Nordeste,Paraíba,Santa Cecília,127,312,1605,"7,9%","19,4%"
2604304,Nordeste,Pernambuco,Cedro,127,459,2270,"5,6%","20,2%"
5203401,Centro-Oeste,Goiás,Bom Jardim de Goiás,127,310,1319,"9,6%","23,5%"
5203906,Centro-Oeste,Goiás,Buriti Alegre,127,193,1077,"11,8%","17,9%"
1707207,Norte,Tocantins,Dois Irmãos do Tocantins,126,562,1306,"9,6%","43,0%"
2403756,Nordeste,Rio Grande do Norte,Fernando Pedroza,126,87,744,"16,9%","11,7%"
2702207,Nordeste,Alagoas,Coqueiro Seco,126,205,857,"14,7%","23,9%"
2706505,Nordeste,Alagoas,Passo de Cama- ragibe,126,362,1965,"6,4%","18,4%"
2913309,Nordeste,Bahia,Ichu,126,172,1223,"10,3%","14,1%"
3137007,Sudeste,Minas Gerais,Ladainha,126,542,2418,"5,2%","22,4%"
3522604,Sudeste,São Paulo,Itapira,126,361,3221,"3,9%","11,2%"
4102109,Sul,Paraná,Astorga,126,211,2209,"5,7%","9,6%"
4115101,Sul,Paraná,Mariluz,126,273,1774,"7,1%","15,4%"
5107107,Centro-Oeste,Mato Grosso,São José dos Quatro Marcos,126,308,2020,"6,2%","15,2%"
5217708,Centro-Oeste,Goiás,Pontalina,126,210,1902,"6,6%","11,0%"
2202091,Nordeste,Piauí,Caldeirão Gran- de do Piauí,125,123,1302,"9,6%","9,4%"
2906857,Nordeste,Bahia,Capela do Alto Alegre,125,573,2017,"6,2%","28,4%"
3144706,Sudeste,Minas Gerais,Nova Era,125,220,1354,"9,2%","16,2%"
3150802,Sudeste,Minas Gerais,Piranga,125,403,2049,"6,1%","19,7%"
3510807,Sudeste,São Paulo,Casa Branca,125,189,2016,"6,2%","9,4%"
4107504,Sul,Paraná,Engenheiro Beltrão,125,196,1134,"11,0%","17,3%"
2208551,Nordeste,Piauí,Porto Alegre do Piauí,124,245,800,"15,5%","30,6%"
2209708,Nordeste,Piauí,São Francisco do Piauí,124,32,1309,"9,5%","2,4%"
2414605,Nordeste,Rio Grande do Norte,Upanema,124,572,2474,"5,0%","23,1%"
2902500,Nordeste,Bahia,Baianópolis,124,329,1916,"6,5%","17,2%"
2929255,Nordeste,Bahia,São Gabriel,124,773,2958,"4,2%","26,1%"
3106002,Sudeste,Minas Gerais,Bela Vista de Minas,124,190,989,"12,5%","19,2%"
3112505,Sudeste,Minas Gerais,Capim Branco,124,176,1059,"11,7%","16,6%"
3127008,Sudeste,Minas Gerais,Fronteira,124,257,1543,"8,0%","16,7%"
3518206,Sudeste,São Paulo,Guararapes,124,265,1875,"6,6%","14,1%"
3524105,Sudeste,São Paulo,Ituverava,124,336,2397,"5,2%","14,0%"
3530102,Sudeste,São Paulo,Mirandópolis,124,190,1518,"8,2%","12,5%"
3530201,Sudeste,São Paulo,Mirante do Para- napanema,124,241,1867,"6,6%","12,9%"
4202107,Sul,Santa Catarina,Barra Velha,124,200,2534,"4,9%","7,9%"
4207304,Sul,Santa Catarina,Imbituba,124,240,2048,"6,1%","11,7%"
4313656,Sul,Rio Grande do Sul,Palmares do Sul,124,162,1649,"7,5%","9,8%"
4314506,Sul,Rio Grande do Sul,Pinheiro Ma- chado,124,179,1159,"10,7%","15,4%"
5001508,Centro-Oeste,Mato Grosso do Sul,Bandeirantes,124,194,1144,"10,8%","17,0%"
5206800,Centro-Oeste,Goiás,Damolândia,124,180,695,"17,8%","25,9%"
1100403,Norte,Rondônia,Alto Paraíso,123,638,1797,"6,8%","35,5%"
1718840,Norte,Tocantins,Sandolândia,123,392,783,"15,7%","50,1%"
2933257,Nordeste,Bahia,Vereda,123,146,996,"12,3%","14,7%"
3125101,Sudeste,Minas Gerais,Extrema,123,232,3862,"3,2%","6,0%"
3137809,Sudeste,Minas Gerais,Lambari,123,360,2355,"5,2%","15,3%"
3139201,Sudeste,Minas Gerais,Malacacheta,123,360,1699,"7,2%","21,2%"
3164472,Sudeste,Minas Gerais,São Sebastião do Anta,123,235,989,"12,4%","23,8%"
3505302,Sudeste,São Paulo,Barra Bonita,123,149,1655,"7,4%","9,0%"
3521804,Sudeste,São Paulo,Itaí,123,226,1631,"7,5%","13,9%"
4104600,Sul,Paraná,Capitão Leôni- das Marques,123,244,2547,"4,8%","9,6%"
4214805,Sul,Santa Catarina,Rio do Sul,123,159,2201,"5,6%","7,2%"
2203453,Nordeste,Piauí,Dom Inocêncio,122,678,2261,"5,4%","30,0%"
2410405,Nordeste,Rio Grande do Norte,Pureza,122,461,2092,"5,8%","22,0%"
2514206,Nordeste,Paraíba,São José da Lagoa Tapada,122,183,1147,"10,6%","16,0%"
3128808,Sudeste,Minas Gerais,Guidoval,122,220,1203,"10,1%","18,3%"
3522703,Sudeste,São Paulo,Itápolis,122,215,1568,"7,8%","13,7%"
3532405,Sudeste,São Paulo,Nazaré Paulista,122,309,1748,"7,0%","17,7%"
5103205,Centro-Oeste,Mato Grosso,Colíder,122,315,2751,"4,4%","11,5%"
5108600,Centro-Oeste,Mato Grosso,Vila Rica,122,199,1638,"7,4%","12,1%"
5218904,Centro-Oeste,Goiás,Rubiataba,122,232,1992,"6,1%","11,6%"
1718907,Norte,Tocantins,Santa Rosa do Tocantins,121,281,671,"18,0%","41,9%"
2405108,Nordeste,Rio Grande do Norte,Jandaíra,121,277,1186,"10,2%","23,4%"
2413607,Nordeste,Rio Grande do Norte,Severiano Melo,121,385,1523,"7,9%","25,3%"
2503506,Nordeste,Paraíba,Cacimba de Dentro,121,447,2200,"5,5%","20,3%"
2602407,Nordeste,Pernambuco,Brejão,121,42,1475,"8,2%","2,8%"
2706109,Nordeste,Alagoas,Ouro Branco,121,465,2038,"5,9%","22,8%"
2805000,Nordeste,Sergipe,Pedra Mole,121,225,729,"16,6%","30,9%"
2911659,Nordeste,Bahia,Guajeru,121,44,961,"12,6%","4,6%"
2919157,Nordeste,Bahia,Lapão,121,948,4252,"2,8%","22,3%"
2930006,Nordeste,Bahia,Sebastião Laranjeiras,121,322,1538,"7,9%","20,9%"
3102308,Sudeste,Minas Gerais,Alvinópolis,121,297,1421,"8,5%","20,9%"
3106655,Sudeste,Minas Gerais,Berizal,121,193,1002,"12,1%","19,3%"
3126505,Sudeste,Minas Gerais,Francisco Badaró,121,307,1372,"8,8%","22,4%"
3145455,Sudeste,Minas Gerais,Olhos-d’Água,121,189,954,"12,7%","19,8%"
3163805,Sudeste,Minas Gerais,São Miguel do Anta,121,271,1001,"12,1%","27,1%"
3203700,Sudeste,Espírito Santo,Muniz Freire,121,232,1759,"6,9%","13,2%"
3205010,Sudeste,Espírito Santo,Sooretama,121,211,2429,"5,0%","8,7%"
3302452,Sudeste,Rio de Janeiro,Macuco,121,248,1495,"8,1%","16,6%"
3304508,Sudeste,Rio de Janeiro,Rio das Flores,121,202,1168,"10,4%","17,3%"
4122206,Sul,Paraná,Rio Branco do Sul,121,317,3170,"3,8%","10,0%"
4204806,Sul,Santa Catarina,Curitibanos,121,244,2984,"4,1%","8,2%"
2205565,Nordeste,Piauí,Lagoa do Barro do Piauí,120,65,977,"12,3%","6,7%"
2208650,Nordeste,Piauí,Queimada Nova,120,437,1640,"7,3%","26,6%"
2405306,Nordeste,Rio Grande do Norte,Januário Cicco,120,263,1187,"10,1%","22,2%"
2508307,Nordeste,Paraíba,Lagoa Seca,120,885,3137,"3,8%","28,2%"
2509305,Nordeste,Paraíba,Mataraca,120,447,1978,"6,1%","22,6%"
3110004,Sudeste,Minas Gerais,Caeté,120,403,2553,"4,7%","15,8%"
3121803,Sudeste,Minas Gerais,Dionísio,120,232,964,"12,4%","24,1%"
3138658,Sudeste,Minas Gerais,Lontra,120,321,1657,"7,2%","19,4%"
3302304,Sudeste,Rio de Janeiro,Laje do Muriaé,120,278,1265,"9,5%","22,0%"
3547502,Sudeste,São Paulo,Santa Rita do Passa Quatro,120,188,1733,"6,9%","10,8%"
1720309,Norte,Tocantins,São Sebastião do Tocantins,119,383,855,"13,9%","44,8%"
2100501,Nordeste,Maranhão,Alto Parnaíba,119,307,1516,"7,8%","20,3%"
2107357,Nordeste,Maranhão,Nova Olinda do Maranhão,119,487,2540,"4,7%","19,2%"
2502904,Nordeste,Paraíba,Brejo dos Santos,119,161,1320,"9,0%","12,2%"
2509602,Nordeste,Paraíba,Monte Horebe,119,95,1076,"11,1%","8,8%"
2513802,Nordeste,Paraíba,Santa Teresinha,119,60,867,"13,7%","6,9%"
2918357,Nordeste,Bahia,João Dourado,119,815,3919,"3,0%","20,8%"
2927804,Nordeste,Bahia,Santa Cruz da Vitória,119,348,1372,"8,7%","25,4%"
3129509,Sudeste,Minas Gerais,Ibiá,119,240,1744,"6,8%","13,8%"
3551405,Sudeste,São Paulo,Serra Azul,119,292,1169,"10,2%","25,0%"
4215802,Sul,Santa Catarina,São Bento do Sul,119,196,3102,"3,8%","6,3%"
4305439,Sul,Rio Grande do Sul,Chuí,119,139,601,"19,8%","23,1%"
1100320,Norte,Rondônia,São Miguel do Guaporé,118,468,1782,"6,6%","26,3%"
2106102,Nordeste,Maranhão,Loreto,118,282,1949,"6,1%","14,5%"
2404606,Nordeste,Rio Grande do Norte,Ielmo Marinho,118,296,1884,"6,3%","15,7%"
2413904,Nordeste,Rio Grande do Norte,Taipu,118,459,1635,"7,2%","28,1%"
2500734,Nordeste,Paraíba,Amparo,118,163,687,"17,2%","23,7%"
2701209,Nordeste,Alagoas,Cacimbinhas,118,302,1317,"9,0%","22,9%"
2921302,Nordeste,Bahia,Milagres,118,594,1923,"6,1%","30,9%"
3124906,Sudeste,Minas Gerais,Eugenópolis,118,344,1635,"7,2%","21,0%"
3128253,Sudeste,Minas Gerais,Guaraciama,118,199,1200,"9,8%","16,6%"
3538808,Sudeste,São Paulo,Piraju,118,151,2137,"5,5%","7,1%"
4100608,Sul,Paraná,Alto Paraná,118,214,1443,"8,2%","14,8%"
4110607,Sul,Paraná,Iporã,118,200,1592,"7,4%","12,6%"
4127601,Sul,Paraná,Tijucas do Sul,118,285,2293,"5,1%","12,4%"
5106174,Centro-Oeste,Mato Grosso,Nova Nazaré,118,184,966,"12,2%","19,0%"
5202502,Centro-Oeste,Goiás,Aruanã,118,218,1220,"9,7%","17,9%"
5204854,Centro-Oeste,Goiás,Campo Limpo de Goiás,118,193,1211,"9,7%","15,9%"
1703800,Norte,Tocantins,Buriti do To- cantins,117,548,1025,"11,4%","53,5%"
2202653,Nordeste,Piauí,Caxingó,117,317,1086,"10,8%","29,2%"
2513356,Nordeste,Paraíba,Santa Inês,117,224,772,"15,2%","29,0%"
2912004,Nordeste,Bahia,Ibiassucê,117,371,1678,"7,0%","22,1%"
3112604,Sudeste,Minas Gerais,Capinópolis,117,181,1593,"7,3%","11,4%"
3144003,Sudeste,Minas Gerais,Mutum,117,231,2695,"4,3%","8,6%"
3149952,Sudeste,Minas Gerais,Periquito,117,173,1136,"10,3%","15,2%"
3166808,Sudeste,Minas Gerais,Serra do Salitre,117,179,1516,"7,7%","11,8%"
3170909,Sudeste,Minas Gerais,Varzelândia,117,786,2897,"4,0%","27,1%"
3508108,Sudeste,São Paulo,Buritama,117,262,1761,"6,6%","14,9%"
3535606,Sudeste,São Paulo,Paraibuna,117,223,1522,"7,7%","14,7%"
3536208,Sudeste,São Paulo,Pariquera-Açu,117,250,1938,"6,0%","12,9%"
3549508,Sudeste,São Paulo,São José da Bela Vista,117,134,982,"11,9%","13,6%"
5003504,Centro-Oeste,Mato Grosso do Sul,Douradina,117,221,1111,"10,5%","19,9%"
5211404,Centro-Oeste,Goiás,Itauçu,117,231,1134,"10,3%","20,4%"
1200435,Norte,Acre,Santa Rosa do Purus,116,217,1012,"11,5%","21,4%"
2510402,Nordeste,Paraíba,Olho d’Água,116,132,995,"11,7%","13,3%"
2706604,Nordeste,Alagoas,Paulo Jacinto,116,239,1552,"7,5%","15,4%"
2911303,Nordeste,Bahia,Gentio do Ouro,116,385,1965,"5,9%","19,6%"
3102803,Sudeste,Minas Gerais,Andrelândia,116,249,1524,"7,6%","16,3%"
3124005,Sudeste,Minas Gerais,Ervália,116,181,2258,"5,1%","8,0%"
3127800,Sudeste,Minas Gerais,Grão Mogol,116,334,1863,"6,2%","17,9%"
3203106,Sudeste,Espírito Santo,Jerônimo Monteiro,116,227,1540,"7,5%","14,7%"
3204302,Sudeste,Espírito Santo,Presidente Kennedy,116,328,2327,"5,0%","14,1%"
3509403,Sudeste,São Paulo,Cajuru,116,200,1625,"7,1%","12,3%"
3517703,Sudeste,São Paulo,Guará,116,274,1411,"8,2%","19,4%"
4125001,Sul,Paraná,São João do Ivaí,116,191,1409,"8,2%","13,6%"
4216503,Sul,Santa Catarina,São Joaquim,116,166,1804,"6,4%","9,2%"
1707702,Norte,Tocantins,Filadélfia,115,700,1472,"7,8%","47,6%"
1713809,Norte,Tocantins,Palmeiras do Tocantins,115,453,1094,"10,5%","41,4%"
2205300,Nordeste,Piauí,Jerumenha,115,263,851,"13,5%","30,9%"
2205458,Nordeste,Piauí,Joca Marques,115,310,1000,"11,5%","31,0%"
2414100,Nordeste,Rio Grande do Norte,Tenente Ananias,115,349,1483,"7,8%","23,5%"
2705002,Nordeste,Alagoas,Mata Grande,115,729,2530,"4,5%","28,8%"
2801900,Nordeste,Sergipe,Cumbe,115,248,741,"15,5%","33,5%"
3110707,Sudeste,Minas Gerais,Cambuquira,115,218,1750,"6,6%","12,5%"
3137700,Sudeste,Minas Gerais,Lajinha,115,551,3325,"3,5%","16,6%"
3169208,Sudeste,Minas Gerais,Tombos,115,380,1333,"8,6%","28,5%"
3301603,Sudeste,Rio de Janeiro,Duas Barras,115,167,1245,"9,2%","13,4%"
4109906,Sul,Paraná,Icaraíma,115,173,1130,"10,2%","15,3%"
4113254,Sul,Paraná,Laranjal,115,254,1009,"11,4%","25,2%"
5100300,Centro-Oeste,Mato Grosso,Alto Araguaia,115,231,1226,"9,4%","18,8%"
5105309,Centro-Oeste,Mato Grosso,Luciara,115,148,562,"20,5%","26,3%"
5220009,Centro-Oeste,Goiás,São João d’Aliança,115,246,1543,"7,5%","15,9%"
1101757,Norte,Rondônia,Vale do Anari,114,527,1501,"7,6%","35,1%"
1717008,Norte,Tocantins,Pindorama do Tocantins,114,350,767,"14,9%","45,6%"
2101806,Nordeste,Maranhão,Benedito Leite,114,128,886,"12,9%","14,4%"
2103257,Nordeste,Maranhão,Cidelândia,114,526,2833,"4,0%","18,6%"
2105153,Nordeste,Maranhão,Igarapé do Meio,114,330,2297,"5,0%","14,4%"
2208858,Nordeste,Piauí,Riacho Frio,114,311,1188,"9,6%","26,2%"
2503407,Nordeste,Paraíba,Cacimba de Areia,114,131,957,"11,9%","13,7%"
2508109,Nordeste,Paraíba,Lagoa,114,251,1054,"10,8%","23,8%"
2612471,Nordeste,Pernambuco,Santa Cruz da Baixa Verde,114,524,2426,"4,7%","21,6%"
2806800,Nordeste,Sergipe,São Domingos,114,510,1876,"6,1%","27,2%"
3162575,Sudeste,Minas Gerais,São João do Manteninha,114,240,1122,"10,2%","21,4%"
3539509,Sudeste,São Paulo,Pitangueiras,114,253,1928,"5,9%","13,1%"
1703073,Norte,Tocantins,Barra do Ouro,113,367,933,"12,1%","39,3%"
2210300,Nordeste,Piauí,São Julião,113,232,940,"12,0%","24,7%"
2406700,Nordeste,Rio Grande do Norte,Lajes,113,198,1451,"7,8%","13,6%"
2410207,Nordeste,Rio Grande do Norte,Portalegre,113,459,1877,"6,0%","24,5%"
2501401,Nordeste,Paraíba,Baía da Traição,113,397,1476,"7,7%","26,9%"
2508703,Nordeste,Paraíba,Mãe d’Água,113,183,1017,"11,1%","18,0%"
2805307,Nordeste,Sergipe,Pirambu,113,376,1406,"8,0%","26,7%"
2902807,Nordeste,Bahia,Barra da Estiva,113,651,2922,"3,9%","22,3%"
3131802,Sudeste,Minas Gerais,Itabirinha,113,319,1410,"8,0%","22,6%"
3502200,Sudeste,São Paulo,Angatuba,113,312,2605,"4,3%","12,0%"
3509908,Sudeste,São Paulo,Cananéia,113,258,1467,"7,7%","17,6%"
3541703,Sudeste,São Paulo,Quatá,113,212,1160,"9,7%","18,3%"
4107603,Sul,Paraná,Faxinal,113,354,2735,"4,1%","12,9%"
5100102,Centro-Oeste,Mato Grosso,Acorizal,113,291,1138,"9,9%","25,6%"
1501253,Norte,Pará,Bannach,112,206,534,"21,0%","38,6%"
1600238,Norte,Amapá,Ferreira Gomes,112,721,1263,"8,9%","57,1%"
1702703,Norte,Tocantins,Aurora do Tocantins,112,215,516,"21,7%","41,7%"
2112233,Nordeste,Maranhão,Trizidela do Vale,112,456,2639,"4,2%","17,3%"
2307254,Nordeste,Ceará,Jijoca de Jeri- coacoara,112,706,3104,"3,6%","22,7%"
3100302,Sudeste,Minas Gerais,Abre Campo,112,270,1241,"9,0%","21,8%"
3145307,Sudeste,Minas Gerais,Novo Cruzeiro,112,670,3467,"3,2%","19,3%"
3153608,Sudeste,Minas Gerais,Prudente de Morais,112,176,1086,"10,3%","16,2%"
3163003,Sudeste,Minas Gerais,São José da Safira,112,163,770,"14,5%","21,2%"
4105102,Sul,Paraná,Centenário do Sul,112,267,1228,"9,1%","21,7%"
4114609,Sul,Paraná,Marechal Cândi- do Rondon,112,163,2558,"4,4%","6,4%"
4117909,Sul,Paraná,Palotina,112,190,1940,"5,8%","9,8%"
5101258,Centro-Oeste,Mato Grosso,Araputanga,112,165,1301,"8,6%","12,7%"
5107180,Centro-Oeste,Mato Grosso,Ribeirão Casca- lheira,112,241,1397,"8,0%","17,3%"
5107859,Centro-Oeste,Mato Grosso,São Félix do Araguaia,112,259,1486,"7,5%","17,4%"
5213756,Centro-Oeste,Goiás,Montividiu,112,157,1365,"8,2%","11,5%"
2514008,Nordeste,Paraíba,São João do Cariri,111,210,1323,"8,4%","15,9%"
2910909,Nordeste,Bahia,Firmino Alves,111,242,1285,"8,6%","18,8%"
2933174,Nordeste,Bahia,Varzedo,111,473,1592,"7,0%","29,7%"
3120300,Sudeste,Minas Gerais,Cristália,111,282,1417,"7,8%","19,9%"
3128907,Sudeste,Minas Gerais,Guimarânia,111,209,1415,"7,8%","14,8%"
3151602,Sudeste,Minas Gerais,Planura,111,181,1134,"9,8%","16,0%"
3157906,Sudeste,Minas Gerais,Santa Margarida,111,520,2583,"4,3%","20,1%"
3160405,Sudeste,Minas Gerais,Santo Antônio do Monte,111,200,1975,"5,6%","10,1%"
3547601,Sudeste,São Paulo,Santa Rosa de Viterbo,111,170,1355,"8,2%","12,5%"
3547700,Sudeste,São Paulo,Santo Anastácio,111,290,1476,"7,5%","19,6%"
4203204,Sul,Santa Catarina,Camboriú,111,268,4079,"2,7%","6,6%"
2201176,Nordeste,Piauí,Barra D’Alcân- tara,110,185,859,"12,8%","21,5%"
2204352,Nordeste,Piauí,Geminiano,110,138,1715,"6,4%","8,0%"
2210102,Nordeste,Piauí,São José do Peixe,110,175,721,"15,3%","24,3%"
2306801,Nordeste,Ceará,Jaguaribara,110,383,1668,"6,6%","23,0%"
2311009,Nordeste,Ceará,Poranga,110,716,2656,"4,1%","27,0%"
2400109,Nordeste,Rio Grande do Norte,Acari,110,240,1409,"7,8%","17,0%"
2401909,Nordeste,Rio Grande do Norte,Caiçara do Rio do Vento,110,94,906,"12,1%","10,4%"
2404903,Nordeste,Rio Grande do Norte,Itaú,110,277,1459,"7,5%","19,0%"
2505600,Nordeste,Paraíba,Diamante,110,256,1170,"9,4%","21,9%"
2700904,Nordeste,Alagoas,Belo Monte,110,180,1514,"7,3%","11,9%"
2708204,Nordeste,Alagoas,São Brás,110,309,1119,"9,8%","27,6%"
2913457,Nordeste,Bahia,Igrapiúna,110,412,1676,"6,6%","24,6%"
2917201,Nordeste,Bahia,Ituaçu,110,691,2545,"4,3%","27,2%"
3114303,Sudeste,Minas Gerais,Carmo do Paranaíba,110,295,2201,"5,0%","13,4%"
3126802,Sudeste,Minas Gerais,Frei Gaspar,110,243,971,"11,3%","25,0%"
3144656,Sudeste,Minas Gerais,Ninheira,110,388,1758,"6,3%","22,1%"
3515152,Sudeste,São Paulo,Engenheiro Coelho,110,172,1409,"7,8%","12,2%"
4212809,Sul,Santa Catarina,Balneário Piçarras,110,205,1673,"6,6%","12,3%"
4305371,Sul,Rio Grande do Sul,Charrua,110,154,341,"32,3%","45,2%"
5100201,Centro-Oeste,Mato Grosso,Água Boa,110,234,2259,"4,9%","10,4%"
5101308,Centro-Oeste,Mato Grosso,Arenápolis,110,208,1235,"8,9%","16,8%"
1101104,Norte,Rondônia,Itapuã do Oeste,109,477,1298,"8,4%","36,7%"
1701903,Norte,Tocantins,Araguacema,109,297,947,"11,5%","31,4%"
2204659,Nordeste,Piauí,Ilha Grande,109,453,1658,"6,6%","27,3%"
2412559,Nordeste,Rio Grande do Norte,São Miguel do Gostoso,109,342,1788,"6,1%","19,1%"
2508604,Nordeste,Paraíba,Lucena,109,344,1704,"6,4%","20,2%"
2704005,Nordeste,Alagoas,Junqueiro,109,615,3975,"2,7%","15,5%"
2909703,Nordeste,Bahia,Cristópolis,109,417,1652,"6,6%","25,2%"
2910776,Nordeste,Bahia,Feira da Mata,109,359,1377,"7,9%","26,1%"
3117009,Sudeste,Minas Gerais,Comercinho,109,377,1202,"9,1%","31,4%"
3171006,Sudeste,Minas Gerais,Vazante,109,243,1284,"8,5%","18,9%"
3500105,Sudeste,São Paulo,Adamantina,109,145,1489,"7,3%","9,7%"
3505401,Sudeste,São Paulo,Barra do Turvo,109,402,1446,"7,5%","27,8%"
3540002,Sudeste,São Paulo,Pompéia,109,229,1387,"7,9%","16,5%"
3542206,Sudeste,São Paulo,Rancharia,109,236,1782,"6,1%","13,2%"
3545605,Sudeste,São Paulo,Santa Adélia,109,191,1603,"6,8%","11,9%"
4117008,Sul,Paraná,Nova Fátima,109,192,1079,"10,1%","17,8%"
4120002,Sul,Paraná,Porecatu,109,122,1095,"10,0%","11,1%"
4302055,Sul,Rio Grande do Sul,Benjamin Cons- tant do Sul,109,121,361,"30,2%","33,5%"
4307807,Sul,Rio Grande do Sul,Estrela,109,141,2141,"5,1%","6,6%"
5209952,Centro-Oeste,Goiás,Indiara,109,205,1662,"6,6%","12,3%"
5216304,Centro-Oeste,Goiás,Paranaiguara,109,176,1122,"9,7%","15,7%"
2301257,Nordeste,Ceará,Ararendá,108,810,2577,"4,2%","31,4%"
2405207,Nordeste,Rio Grande do Norte,Janduís,108,311,1419,"7,6%","21,9%"
2705309,Nordeste,Alagoas,Minador do Negrão,108,216,943,"11,5%","22,9%"
2801504,Nordeste,Sergipe,Carmópolis,108,461,2034,"5,3%","22,7%"
2918902,Nordeste,Bahia,Lajedão,108,307,1502,"7,2%","20,4%"
3122009,Sudeste,Minas Gerais,Divino,108,502,2673,"4,0%","18,8%"
3145877,Sudeste,Minas Gerais,Orizânia,108,336,1400,"7,7%","24,0%"
3146255,Sudeste,Minas Gerais,Padre Carvalho,108,123,973,"11,1%","12,6%"
3300951,Sudeste,Rio de Janeiro,Comendador Levy Gasparian,108,127,854,"12,6%","14,9%"
3508405,Sudeste,São Paulo,Cabreúva,108,196,2136,"5,1%","9,2%"
3525706,Sudeste,São Paulo,José Bonifácio,108,211,1815,"6,0%","11,6%"
3526407,Sudeste,São Paulo,Laranjal Paulista,108,167,1973,"5,5%","8,5%"
4121208,Sul,Paraná,Quitandinha,108,290,1914,"5,6%","15,2%"
4127502,Sul,Paraná,Tibagi,108,335,2471,"4,4%","13,6%"
4312500,Sul,Rio Grande do Sul,Mostardas,108,203,1412,"7,6%","14,4%"
4318101,Sul,Rio Grande do Sul,São Francisco de Assis,108,294,1730,"6,2%","17,0%"
4318200,Sul,Rio Grande do Sul,São Francisco de Paula,108,282,1812,"6,0%","15,6%"
5106828,Centro-Oeste,Mato Grosso,Porto Esperidião,108,250,1403,"7,7%","17,8%"
2202539,Nordeste,Piauí,Caraúbas do Piauí,107,294,1004,"10,7%","29,3%"
2311108,Nordeste,Ceará,Porteiras,107,555,2866,"3,7%","19,4%"
2502300,Nordeste,Paraíba,Bom Sucesso,107,222,1416,"7,6%","15,7%"
2904407,Nordeste,Bahia,Brejolândia,107,350,1463,"7,3%","23,9%"
3104700,Sudeste,Minas Gerais,Ataléia,107,449,1559,"6,9%","28,8%"
3151503,Sudeste,Minas Gerais,Piumhi,107,288,3007,"3,6%","9,6%"
3154101,Sudeste,Minas Gerais,Recreio,107,245,1132,"9,5%","21,6%"
3514106,Sudeste,São Paulo,Dois Córregos,107,193,1743,"6,1%","11,1%"
4309001,Sul,Rio Grande do Sul,Giruá,107,162,1764,"6,1%","9,2%"
5200803,Centro-Oeste,Goiás,Alvorada do Norte,107,229,1175,"9,1%","19,5%"
5219803,Centro-Oeste,Goiás,São Domingos,107,313,1584,"6,8%","19,8%"
5221197,Centro-Oeste,Goiás,Terezópolis de Goiás,107,272,1279,"8,4%","21,3%"
1600212,Norte,Amapá,Cutias,106,236,1101,"9,6%","21,4%"
2108207,Nordeste,Maranhão,Pedreiras,106,741,4183,"2,5%","17,7%"
2204808,Nordeste,Piauí,Ipiranga do Piauí,106,411,1794,"5,9%","22,9%"
2308906,Nordeste,Ceará,Morrinhos,106,593,2895,"3,7%","20,5%"
2404853,Nordeste,Rio Grande do Norte,Itajá,106,275,1530,"6,9%","18,0%"
2407252,Nordeste,Rio Grande do Norte,Major Sales,106,140,961,"11,0%","14,6%"
2407609,Nordeste,Rio Grande do Norte,Messias Targino,106,355,1306,"8,1%","27,2%"
2707404,Nordeste,Alagoas,Porto de Pedras,106,388,1431,"7,4%","27,1%"
2926707,Nordeste,Bahia,Rio de Contas,106,273,1749,"6,1%","15,6%"
3536307,Sudeste,São Paulo,Patrocínio Paulista,106,133,1121,"9,5%","11,9%"
3538501,Sudeste,São Paulo,Piquete,106,196,1010,"10,5%","19,4%"
4114401,Sul,Paraná,Mangueirinha,106,223,1676,"6,3%","13,3%"
4124707,Sul,Paraná,São Jerônimo da Serra,106,238,1206,"8,8%","19,7%"
5206404,Centro-Oeste,Goiás,Crixás,106,278,1300,"8,2%","21,4%"
2100402,Nordeste,Maranhão,Altamira do Maranhão,105,397,1320,"8,0%","30,1%"
2102036,Nordeste,Maranhão,Bom Jesus das Selvas,105,664,4826,"2,2%","13,8%"
2106904,Nordeste,Maranhão,Monção,105,944,4827,"2,2%","19,6%"
2111029,Nordeste,Maranhão,São João do Carú,105,348,1761,"6,0%","19,8%"
2311231,Nordeste,Ceará,Potiretama,105,407,1539,"6,8%","26,4%"
2409332,Nordeste,Rio Grande do Norte,Santa Maria,105,234,847,"12,4%","27,6%"
2513208,Nordeste,Paraíba,Santa Cruz,105,182,1021,"10,3%","17,8%"
2924702,Nordeste,Bahia,Piripá,105,397,1792,"5,9%","22,2%"
2931053,Nordeste,Bahia,Tanque Novo,105,644,2463,"4,3%","26,1%"
3113008,Sudeste,Minas Gerais,Caraí,105,476,2306,"4,6%","20,6%"
3126604,Sudeste,Minas Gerais,Francisco Dumont,105,173,785,"13,4%","22,0%"
3137502,Sudeste,Minas Gerais,Lagoa Formosa,105,148,1552,"6,8%","9,5%"
3507407,Sudeste,São Paulo,Borborema,105,160,1211,"8,7%","13,2%"
4104501,Sul,Paraná,Capanema,105,193,1381,"7,6%","14,0%"
4107009,Sul,Paraná,Curiúva,105,278,1657,"6,3%","16,8%"
4313953,Sul,Rio Grande do Sul,Pantano Grande,105,174,1601,"6,6%","10,9%"
4319737,Sul,Rio Grande do Sul,São Valério do Sul,105,145,404,"26,0%","35,9%"
5215306,Centro-Oeste,Goiás,Orizona,105,146,1301,"8,1%","11,2%"
5221080,Centro-Oeste,Goiás,Teresina de Goiás,105,327,1029,"10,2%","31,8%"
1705102,Norte,Tocantins,Chapada da Natividade,104,185,688,"15,1%","26,9%"
1713304,Norte,Tocantins,Miranorte,104,705,1576,"6,6%","44,7%"
1720804,Norte,Tocantins,Sítio Novo do Tocantins,104,857,1841,"5,6%","46,6%"
2201408,Nordeste,Piauí,Barro Duro,104,275,1276,"8,2%","21,6%"
2202083,Nordeste,Piauí,Cajueiro da Praia,104,350,1620,"6,4%","21,6%"
2403202,Nordeste,Rio Grande do Norte,Doutor Seve- riano,104,297,1320,"7,9%","22,5%"
2413300,Nordeste,Rio Grande do Norte,Serra de São Bento,104,174,1111,"9,4%","15,7%"
2512077,Nordeste,Paraíba,Poço de José de Moura,104,188,823,"12,6%","22,8%"
3148301,Sudeste,Minas Gerais,Paula Cândido,104,268,1390,"7,5%","19,3%"
3533007,Sudeste,São Paulo,Nova Granada,104,173,1234,"8,4%","14,0%"
4103453,Sul,Paraná,Cafelândia,104,238,1676,"6,2%","14,2%"
4107751,Sul,Paraná,Figueira,104,209,1114,"9,3%","18,8%"
4128500,Sul,Paraná,Wenceslau Braz,104,237,2220,"4,7%","10,7%"
4310108,Sul,Rio Grande do Sul,Igrejinha,104,159,3788,"2,7%","4,2%"
5004502,Centro-Oeste,Mato Grosso do Sul,Itaporã,104,202,1495,"7,0%","13,5%"
5205455,Centro-Oeste,Goiás,Cezarina,104,201,1090,"9,5%","18,4%"
5214705,Centro-Oeste,Goiás,Nova América,104,136,677,"15,4%","20,1%"
1100700,Norte,Rondônia,Campo Novo de Rondônia,103,289,921,"11,2%","31,4%"
2100600,Nordeste,Maranhão,Amarante do Maranhão,103,832,3779,"2,7%","22,0%"
2111953,Nordeste,Maranhão,Sucupira do Riachão,103,305,1218,"8,5%","25,0%"
2514909,Nordeste,Paraíba,São Mamede,103,318,1326,"7,8%","24,0%"
2916302,Nordeste,Bahia,Itapebi,103,244,1739,"5,9%","14,0%"
3114501,Sudeste,Minas Gerais,Carmópolis de Minas,103,197,1568,"6,6%","12,6%"
3127305,Sudeste,Minas Gerais,Galiléia,103,182,907,"11,4%","20,1%"
3203130,Sudeste,Espírito Santo,João Neiva,103,237,1639,"6,3%","14,5%"
4207007,Sul,Santa Catarina,Içara,103,155,2289,"4,5%","6,8%"
5203500,Centro-Oeste,Goiás,Bom Jesus de Goiás,103,212,1923,"5,4%","11,0%"
5207535,Centro-Oeste,Goiás,Faina,103,176,912,"11,3%","19,3%"
5207600,Centro-Oeste,Goiás,Fazenda Nova,103,198,794,"13,0%","24,9%"
5212808,Centro-Oeste,Goiás,Mara Rosa,103,218,1383,"7,4%","15,8%"
5214861,Centro-Oeste,Goiás,Nova Glória,103,238,1149,"9,0%","20,7%"
2104552,Nordeste,Maranhão,Governador Edison Lobão,102,346,2559,"4,0%","13,5%"
2312502,Nordeste,Ceará,São João do Jaguaribe,102,300,1214,"8,4%","24,7%"
2407005,Nordeste,Rio Grande do Norte,Luís Gomes,102,155,1439,"7,1%","10,8%"
2603405,Nordeste,Pernambuco,Calumbi,102,112,1473,"6,9%","7,6%"
2909505,Nordeste,Bahia,Cravolândia,102,190,843,"12,1%","22,5%"
2910206,Nordeste,Bahia,Dom Macedo Costa,102,64,729,"14,0%","8,8%"
2922250,Nordeste,Bahia,Muquém do São Francisco,102,192,1788,"5,7%","10,7%"
2929370,Nordeste,Bahia,São José do Jacuípe,102,309,1367,"7,5%","22,6%"
3136801,Sudeste,Minas Gerais,Juramento,102,187,773,"13,2%","24,2%"
3150158,Sudeste,Minas Gerais,Piedade de Caratinga,102,161,1301,"7,8%","12,4%"
3204658,Sudeste,Espírito Santo,São Domingos do Norte,102,192,1160,"8,8%","16,6%"
3541901,Sudeste,São Paulo,Queluz,102,199,968,"10,5%","20,6%"
4106803,Sul,Paraná,Cruz Machado,102,296,1727,"5,9%","17,1%"
4123501,Sul,Paraná,Santa Helena,102,156,1848,"5,5%","8,4%"
4125605,Sul,Paraná,São Mateus do Sul,102,313,3741,"2,7%","8,4%"
2101970,Nordeste,Maranhão,Boa Vista do Gurupi,101,192,1151,"8,8%","16,7%"
2309904,Nordeste,Ceará,Pacujá,101,343,1315,"7,7%","26,1%"
2413003,Nordeste,Rio Grande do Norte,São Vicente,101,233,1138,"8,9%","20,5%"
2512721,Nordeste,Paraíba,Pedro Régis,101,239,928,"10,9%","25,8%"
2517407,Nordeste,Paraíba,Zabelê,101,138,675,"15,0%","20,4%"
2931509,Nordeste,Bahia,Teofilândia,101,753,3366,"3,0%","22,4%"
3521705,Sudeste,São Paulo,Itaberá,101,259,1900,"5,3%","13,6%"
4205902,Sul,Santa Catarina,Gaspar,101,151,2166,"4,7%","7,0%"
5003454,Centro-Oeste,Mato Grosso do Sul,Deodápolis,101,178,1228,"8,2%","14,5%"
5103452,Centro-Oeste,Mato Grosso,Denise,101,147,843,"12,0%","17,4%"
5212956,Centro-Oeste,Goiás,Matrinchã,101,213,890,"11,3%","23,9%"
2200806,Nordeste,Piauí,Antônio Almeida,100,77,486,"20,6%","15,8%"
2304806,Nordeste,Ceará,Granjeiro,100,88,953,"10,5%","9,2%"
2310951,Nordeste,Ceará,Pires Ferreira,100,346,1521,"6,6%","22,7%"
2406007,Nordeste,Rio Grande do Norte,José da Penha,100,211,1373,"7,3%","15,4%"
2406908,Nordeste,Rio Grande do Norte,Lucrécia,100,326,1041,"9,6%","31,3%"
2410702,Nordeste,Rio Grande do Norte,Riacho da Cruz,100,118,857,"11,7%","13,8%"
2411403,Nordeste,Rio Grande do Norte,Santana do Matos,100,497,1877,"5,3%","26,5%"
2414704,Nordeste,Rio Grande do Norte,Várzea,100,73,875,"11,4%","8,3%"
2504504,Nordeste,Paraíba,Condado,100,66,865,"11,6%","7,6%"
2704807,Nordeste,Alagoas,Maribondo,100,437,1779,"5,6%","24,6%"
2919058,Nordeste,Bahia,Lajedo do Tabocal,100,287,1060,"9,4%","27,1%"
2921450,Nordeste,Bahia,Mirante,100,422,2404,"4,2%","17,6%"
3126208,Sudeste,Minas Gerais,Formoso,100,411,1857,"5,4%","22,1%"
3146909,Sudeste,Minas Gerais,Papagaios,100,232,1712,"5,8%","13,6%"
3522802,Sudeste,São Paulo,Itaporanga,100,421,1687,"5,9%","25,0%"
3554300,Sudeste,São Paulo,Teodoro Sam- paio,100,419,1978,"5,1%","21,2%"
4101903,Sul,Paraná,Assaí,100,224,1321,"7,6%","17,0%"
1705557,Norte,Tocantins,Combinado,99,425,869,"11,4%","48,9%"
2106300,Nordeste,Maranhão,Magalhães de Almeida,99,612,2413,"4,1%","25,4%"
2304277,Nordeste,Ceará,Ereré,99,387,1652,"6,0%","23,4%"
2308203,Nordeste,Ceará,Meruoca,99,434,2117,"4,7%","20,5%"
2407302,Nordeste,Rio Grande do Norte,Marcelino Vieira,99,161,2064,"4,8%","7,8%"
2608305,Nordeste,Pernambuco,Jupi,99,475,2346,"4,2%","20,2%"
2910107,Nordeste,Bahia,Dom Basílio,99,230,1693,"5,8%","13,6%"
3161007,Sudeste,Minas Gerais,São Domingos do Prata,99,215,1723,"5,7%","12,5%"
3508801,Sudeste,São Paulo,Cafelândia,99,225,1155,"8,6%","19,5%"
3514908,Sudeste,São Paulo,Elias Fausto,99,122,1436,"6,9%","8,5%"
3527306,Sudeste,São Paulo,Louveira,99,164,1468,"6,7%","11,2%"
4102901,Sul,Paraná,Bituruna,99,320,2516,"3,9%","12,7%"
4106001,Sul,Paraná,Congonhinhas,99,305,1305,"7,6%","23,4%"
1714302,Norte,Tocantins,Nazaré,98,239,662,"14,8%","36,1%"
2312601,Nordeste,Ceará,São Luís do Curu,98,406,1697,"5,8%","23,9%"
2505238,Nordeste,Paraíba,Cuité de Ma- manguape,98,256,1255,"7,8%","20,4%"
3105103,Sudeste,Minas Gerais,Bambuí,98,168,1455,"6,7%","11,5%"
3122702,Sudeste,Minas Gerais,Dom Silvério,98,128,711,"13,8%","18,0%"
4114104,Sul,Paraná,Mandaguaçu,98,182,1883,"5,2%","9,7%"
4205704,Sul,Santa Catarina,Garopaba,98,214,1648,"5,9%","13,0%"
4319406,Sul,Rio Grande do Sul,São Pedro do Sul,98,296,1712,"5,7%","17,3%"
5002159,Centro-Oeste,Mato Grosso do Sul,Bodoquena,98,188,940,"10,4%","20,0%"
1702158,Norte,Tocantins,Araguanã,97,388,906,"10,7%","42,8%"
2410009,Nordeste,Rio Grande do Norte,Pilões,97,126,700,"13,9%","18,0%"
2513000,Nordeste,Paraíba,Salgadinho,97,51,516,"18,8%","9,9%"
2918753,Nordeste,Bahia,Lagoa Real,97,95,1785,"5,4%","5,3%"
3108008,Sudeste,Minas Gerais,Bom Sucesso,97,136,1187,"8,2%","11,5%"
3116506,Sudeste,Minas Gerais,Claro dos Poções,97,287,1117,"8,7%","25,7%"
3119203,Sudeste,Minas Gerais,Coroaci,97,244,1089,"8,9%","22,4%"
4105904,Sul,Paraná,Colorado,97,136,1162,"8,3%","11,7%"
4113502,Sul,Paraná,Loanda,97,162,1708,"5,7%","9,5%"
4119400,Sul,Paraná,Piraí do Sul,97,262,2091,"4,6%","12,5%"
5008404,Centro-Oeste,Mato Grosso do Sul,Vicentina,97,146,691,"14,0%","21,1%"
5203203,Centro-Oeste,Goiás,Barro Alto,97,216,1732,"5,6%","12,5%"
5212303,Centro-Oeste,Goiás,Leopoldo de Bulhões,97,238,1119,"8,7%","21,3%"
2102556,Nordeste,Maranhão,Campestre do Maranhão,96,208,1825,"5,3%","11,4%"
2204105,Nordeste,Piauí,Francisco Ayres,96,111,679,"14,1%","16,3%"
2506202,Nordeste,Paraíba,Frei Martinho,96,268,761,"12,6%","35,2%"
2513927,Nordeste,Paraíba,São Bentinho,96,36,753,"12,7%","4,8%"
2923902,Nordeste,Bahia,Pau Brasil,96,1115,2769,"3,5%","40,3%"
3105004,Sudeste,Minas Gerais,Baldim,96,235,1042,"9,2%","22,6%"
3123205,Sudeste,Minas Gerais,Dores do Indaiá,96,212,1159,"8,3%","18,3%"
3123601,Sudeste,Minas Gerais,Elói Mendes,96,272,2225,"4,3%","12,2%"
3141009,Sudeste,Minas Gerais,Mato Verde,96,491,1826,"5,3%","26,9%"
3151909,Sudeste,Minas Gerais,Pocrane,96,314,1086,"8,8%","28,9%"
3154309,Sudeste,Minas Gerais,Resplendor,96,265,1993,"4,8%","13,3%"
3154457,Sudeste,Minas Gerais,Riachinho,96,215,1267,"7,6%","17,0%"
3158904,Sudeste,Minas Gerais,Santana do Manhuaçu,96,190,1028,"9,3%","18,5%"
3160454,Sudeste,Minas Gerais,Santo Antônio do Retiro,96,371,1593,"6,0%","23,3%"
3168507,Sudeste,Minas Gerais,Teixeiras,96,237,1389,"6,9%","17,1%"
3548005,Sudeste,São Paulo,Santo Antônio de Posse,96,157,1591,"6,0%","9,9%"
4102505,Sul,Paraná,Barbosa Ferraz,96,267,1391,"6,9%","19,2%"
4123303,Sul,Paraná,Santa Cruz de Monte Castelo,96,146,1110,"8,6%","13,2%"
4219309,Sul,Santa Catarina,Videira,96,145,1995,"4,8%","7,3%"
5101852,Centro-Oeste,Mato Grosso,Bom Jesus do Araguaia,96,130,1191,"8,1%","10,9%"
5216403,Centro-Oeste,Goiás,Paraúna,96,181,1194,"8,0%","15,2%"
5217203,Centro-Oeste,Goiás,Piranhas,96,210,1324,"7,3%","15,9%"
5222054,Centro-Oeste,Goiás,Vicentinópolis,96,163,1010,"9,5%","16,1%"
1716307,Norte,Tocantins,Pau D’Arco,95,300,830,"11,4%","36,1%"
2209104,Nordeste,Piauí,Santa Cruz do Piauí,95,456,1449,"6,6%","31,5%"
2209203,Nordeste,Piauí,Santa Filomena,95,240,1201,"7,9%","20,0%"
2507408,Nordeste,Paraíba,Jericó,95,296,1406,"6,8%","21,1%"
2508000,Nordeste,Paraíba,Juru,95,308,1880,"5,1%","16,4%"
3106507,Sudeste,Minas Gerais,Berilo,95,245,1454,"6,5%","16,9%"
3114006,Sudeste,Minas Gerais,Carmo da Mata,95,167,1063,"8,9%","15,7%"
3116605,Sudeste,Minas Gerais,Cláudio,95,174,1773,"5,4%","9,8%"
3121001,Sudeste,Minas Gerais,Datas,95,179,1173,"8,1%","15,3%"
3142205,Sudeste,Minas Gerais,Miraí,95,165,1286,"7,4%","12,8%"
3144102,Sudeste,Minas Gerais,Muzambinho,95,167,1876,"5,1%","8,9%"
3156601,Sudeste,Minas Gerais,Rubim,95,290,1250,"7,6%","23,2%"
3540903,Sudeste,São Paulo,Pradópolis,95,147,1124,"8,5%","13,1%"
3551900,Sudeste,São Paulo,Severínia,95,143,1312,"7,2%","10,9%"
4113734,Sul,Paraná,Luiziana,95,172,825,"11,5%","20,8%"
4121406,Sul,Paraná,Realeza,95,179,1276,"7,4%","14,0%"
4307500,Sul,Rio Grande do Sul,Espumoso,95,240,1238,"7,7%","19,4%"
4309100,Sul,Rio Grande do Sul,Gramado,95,143,1414,"6,7%","10,1%"
4311304,Sul,Rio Grande do Sul,Lagoa Vermelha,95,233,1608,"5,9%","14,5%"
5106182,Centro-Oeste,Mato Grosso,Nova Lacerda,95,125,842,"11,3%","14,8%"
2110807,Nordeste,Maranhão,São Félix de Balsas,94,270,989,"9,5%","27,3%"
2202729,Nordeste,Piauí,Cocal dos Alves,94,238,970,"9,7%","24,5%"
2204550,Nordeste,Piauí,Guaribas,94,35,1288,"7,3%","2,7%"
2210359,Nordeste,Piauí,São Lourenço do Piauí,94,204,918,"10,2%","22,2%"
2708303,Nordeste,Alagoas,São José da Laje,94,316,1983,"4,7%","15,9%"
3105509,Sudeste,Minas Gerais,Barão de Monte Alto,94,195,941,"10,0%","20,7%"
3125952,Sudeste,Minas Gerais,Fervedouro,94,199,1082,"8,7%","18,4%"
3130655,Sudeste,Minas Gerais,Indaiabira,94,161,1353,"6,9%","11,9%"
3133501,Sudeste,Minas Gerais,Itapecerica,94,198,1613,"5,8%","12,3%"
3147303,Sudeste,Minas Gerais,Paraisópolis,94,192,1894,"5,0%","10,1%"
3202454,Sudeste,Espírito Santo,Ibatiba,94,139,2111,"4,5%","6,6%"
3502903,Sudeste,São Paulo,Araçoiaba da Serra,94,252,2454,"3,8%","10,3%"
3510005,Sudeste,São Paulo,Cândido Mota,94,217,1919,"4,9%","11,3%"
3535309,Sudeste,São Paulo,Palmital,94,138,1467,"6,4%","9,4%"
3544301,Sudeste,São Paulo,Roseira,94,111,1068,"8,8%","10,4%"
4208450,Sul,Santa Catarina,Itapoá,94,158,1889,"5,0%","8,4%"
4319505,Sul,Rio Grande do Sul,São Sebastião do Caí,94,193,2283,"4,1%","8,5%"
4319604,Sul,Rio Grande do Sul,São Sepé,94,265,1467,"6,4%","18,1%"
5004304,Centro-Oeste,Mato Grosso do Sul,Iguatemi,94,321,1885,"5,0%","17,0%"
5100607,Centro-Oeste,Mato Grosso,Alto Taquari,94,176,1107,"8,5%","15,9%"
5107305,Centro-Oeste,Mato Grosso,São José do Rio Claro,94,293,2046,"4,6%","14,3%"
5219100,Centro-Oeste,Goiás,Santa Bárbara de Goiás,94,181,977,"9,6%","18,5%"
5219704,Centro-Oeste,Goiás,Santa Terezinha de Goiás,94,316,1117,"8,4%","28,3%"
2100956,Nordeste,Maranhão,Arame,93,930,4062,"2,3%","22,9%"
2101251,Nordeste,Maranhão,Bacabeira,93,486,2909,"3,2%","16,7%"
2111532,Nordeste,Maranhão,São Pedro da Água Branca,93,336,2705,"3,4%","12,4%"
2514107,Nordeste,Paraíba,São João do Tigre,93,111,1149,"8,1%","9,7%"
3154804,Sudeste,Minas Gerais,Rio Acima,93,145,1003,"9,3%","14,5%"
3162104,Sudeste,Minas Gerais,São Gotardo,93,253,3285,"2,8%","7,7%"
3170529,Sudeste,Minas Gerais,Urucuia,93,319,1697,"5,5%","18,8%"
3200102,Sudeste,Espírito Santo,Afonso Cláudio,93,312,2880,"3,2%","10,8%"
3517208,Sudeste,São Paulo,Guaiçara,93,120,923,"10,1%","13,0%"
3517604,Sudeste,São Paulo,Guapiara,93,253,1850,"5,0%","13,7%"
3541604,Sudeste,São Paulo,Promissão,93,223,1544,"6,0%","14,4%"
3543006,Sudeste,São Paulo,Ribeirão Branco,93,562,2902,"3,2%","19,4%"
3553807,Sudeste,São Paulo,Taquarituba,93,241,1958,"4,7%","12,3%"
4119707,Sul,Paraná,Planaltina do Paraná,93,190,818,"11,4%","23,2%"
4219507,Sul,Santa Catarina,Xanxerê,93,169,1697,"5,5%","10,0%"
4304358,Sul,Rio Grande do Sul,Candiota,93,152,1193,"7,8%","12,7%"
5007703,Centro-Oeste,Mato Grosso do Sul,Sete Quedas,93,158,899,"10,3%","17,6%"
5200555,Centro-Oeste,Goiás,Alto Horizonte,93,148,874,"10,6%","16,9%"
5205521,Centro-Oeste,Goiás,Colinas do Sul,93,174,800,"11,6%","21,8%"
5222005,Centro-Oeste,Goiás,Vianópolis,93,164,1509,"6,2%","10,9%"
1711951,Norte,Tocantins,Lagoa do Tocantins,92,249,670,"13,7%","37,2%"
2203354,Nordeste,Piauí,Dirceu Arco- verde,92,294,1169,"7,9%","25,1%"
2207934,Nordeste,Piauí,Pedro Lauren- tino,92,171,707,"13,0%","24,2%"
2210391,Nordeste,Piauí,São Miguel do Fidalgo,92,125,539,"17,1%","23,2%"
2506251,Nordeste,Paraíba,Gado Bravo,92,314,1709,"5,4%","18,4%"
2607109,Nordeste,Pernambuco,Ingazeira,92,193,1058,"8,7%","18,2%"
3104502,Sudeste,Minas Gerais,Arinos,92,376,2370,"3,9%","15,9%"
3104601,Sudeste,Minas Gerais,Astolfo Dutra,92,159,1114,"8,3%","14,3%"
3153905,Sudeste,Minas Gerais,Raposos,92,119,609,"15,1%","19,5%"
4101705,Sul,Paraná,Araruna,92,182,1455,"6,3%","12,5%"
4102802,Sul,Paraná,Bela Vista do Paraíso,92,141,1406,"6,5%","10,0%"
4109500,Sul,Paraná,Guaraqueçaba,92,361,1263,"7,3%","28,6%"
4126678,Sul,Paraná,Tamarana,92,130,1080,"8,5%","12,0%"
4218004,Sul,Santa Catarina,Tijucas,92,159,2324,"4,0%","6,8%"
4317400,Sul,Rio Grande do Sul,Santiago,92,243,2304,"4,0%","10,5%"
5005152,Centro-Oeste,Mato Grosso do Sul,Juti,92,242,1073,"8,6%","22,6%"
5219407,Centro-Oeste,Goiás,Santa Rita do Araguaia,92,134,862,"10,7%","15,5%"
2701704,Nordeste,Alagoas,Capela,91,380,2040,"4,5%","18,6%"
2919900,Nordeste,Bahia,Macururé,91,87,1110,"8,2%","7,8%"
3141603,Sudeste,Minas Gerais,Mercês,91,196,1296,"7,0%","15,1%"
3143203,Sudeste,Minas Gerais,Monte Santo de Minas,91,139,1712,"5,3%","8,1%"
3161908,Sudeste,Minas Gerais,São Gonçalo do Rio Abaixo,91,131,1361,"6,7%","9,6%"
3201407,Sudeste,Espírito Santo,Castelo,91,269,2098,"4,3%","12,8%"
3537909,Sudeste,São Paulo,Pilar do Sul,91,198,1743,"5,2%","11,4%"
4115754,Sul,Paraná,Mauá da Serra,91,138,1341,"6,8%","10,3%"
5007505,Centro-Oeste,Mato Grosso do Sul,Rochedo,91,131,882,"10,3%","14,9%"
5205901,Centro-Oeste,Goiás,Corumbaíba,91,220,1062,"8,6%","20,7%"
1708254,Norte,Tocantins,Tabocão,90,365,798,"11,3%","45,7%"
2205573,Nordeste,Piauí,Lagoa de São Francisco,90,172,879,"10,2%","19,6%"
2207959,Nordeste,Piauí,Nova Santa Rita,90,332,1048,"8,6%","31,7%"
2208874,Nordeste,Piauí,Ribeira do Piauí,90,511,1063,"8,5%","48,1%"
2402808,Nordeste,Rio Grande do Norte,Coronel Eze- quiel,90,245,1048,"8,6%","23,4%"
2414902,Nordeste,Rio Grande do Norte,Viçosa,90,123,759,"11,9%","16,2%"
2917359,Nordeste,Bahia,Jaborandi,90,570,2203,"4,1%","25,9%"
3109204,Sudeste,Minas Gerais,Buenópolis,90,172,958,"9,4%","18,0%"
3112000,Sudeste,Minas Gerais,Candeias,90,231,1339,"6,7%","17,3%"
3133402,Sudeste,Minas Gerais,Itapagipe,90,194,1005,"9,0%","19,3%"
3136405,Sudeste,Minas Gerais,Joaquim Felício,90,192,711,"12,7%","27,0%"
3524709,Sudeste,São Paulo,Jaguariúna,90,163,1864,"4,8%","8,7%"
3535408,Sudeste,São Paulo,Panorama,90,212,1414,"6,4%","15,0%"
3551801,Sudeste,São Paulo,Sete Barras,90,273,1760,"5,1%","15,5%"
4101309,Sul,Paraná,Antônio Olinto,90,331,1139,"7,9%","29,1%"
4118105,Sul,Paraná,Paranacity,90,140,777,"11,6%","18,0%"
4126801,Sul,Paraná,Tapejara,90,144,1410,"6,4%","10,2%"
4206504,Sul,Santa Catarina,Guaramirim,90,154,1940,"4,6%","7,9%"
4312252,Sul,Rio Grande do Sul,Minas do Leão,90,190,1113,"8,1%","17,1%"
1100056,Norte,Rondônia,Cerejeiras,89,530,1660,"5,4%","31,9%"
2111672,Nordeste,Maranhão,São Roberto,89,150,846,"10,5%","17,7%"
2203859,Nordeste,Piauí,Floresta do Piauí,89,217,720,"12,4%","30,1%"
2207777,Nordeste,Piauí,Patos do Piauí,89,376,1172,"7,6%","32,1%"
2614402,Nordeste,Pernambuco,Solidão,89,111,1093,"8,1%","10,2%"
3156007,Sudeste,Minas Gerais,Rio Vermelho,89,241,1734,"5,1%","13,9%"
3300159,Sudeste,Rio de Janeiro,Aperibé,89,168,1150,"7,7%","14,6%"
4112751,Sul,Paraná,Jesuítas,89,137,1030,"8,6%","13,3%"
4311809,Sul,Rio Grande do Sul,Marau,89,216,1723,"5,2%","12,5%"
5206305,Centro-Oeste,Goiás,Cristianópolis,89,124,838,"10,6%","14,8%"
5218607,Centro-Oeste,Goiás,Rialma,89,141,1132,"7,9%","12,5%"
1100924,Norte,Rondônia,Chupinguaia,88,390,1199,"7,3%","32,5%"
1715002,Norte,Tocantins,Nova Rosalândia,88,231,712,"12,4%","32,4%"
2402907,Nordeste,Rio Grande do Norte,Coronel João Pessoa,88,167,1061,"8,3%","15,7%"
2410256,Nordeste,Rio Grande do Norte,Porto do Man- gue,88,43,936,"9,4%","4,6%"
2706406,Nordeste,Alagoas,Pão de Açúcar,88,782,3490,"2,5%","22,4%"
3143401,Sudeste,Minas Gerais,Monte Sião,88,215,2135,"4,1%","10,1%"
3143450,Sudeste,Minas Gerais,Montezuma,88,280,1241,"7,1%","22,6%"
3165552,Sudeste,Minas Gerais,Setubinha,88,194,1254,"7,0%","15,5%"
3534302,Sudeste,São Paulo,Orlândia,88,145,1336,"6,6%","10,9%"
3552106,Sudeste,São Paulo,Socorro,88,170,1862,"4,7%","9,1%"
4100905,Sul,Paraná,Amaporã,88,127,660,"13,3%","19,2%"
4321907,Sul,Rio Grande do Sul,Três Passos,88,184,1606,"5,5%","11,5%"
5105606,Centro-Oeste,Mato Grosso,Matupá,88,131,1557,"5,7%","8,4%"
5221809,Centro-Oeste,Goiás,Urutaí,88,130,570,"15,4%","22,8%"
1700301,Norte,Tocantins,Aguiarnópolis,87,304,732,"11,9%","41,5%"
1701101,Norte,Tocantins,Aparecida do Rio Negro,87,251,745,"11,7%","33,7%"
1715754,Norte,Tocantins,Palmeirópolis,87,450,1076,"8,1%","41,8%"
2201919,Nordeste,Piauí,Bom Princípio do Piauí,87,463,1371,"6,3%","33,8%"
2408409,Nordeste,Rio Grande do Norte,Olho d’Água do Borges,87,325,1043,"8,3%","31,2%"
2900504,Nordeste,Bahia,Érico Cardoso,87,167,1285,"6,8%","13,0%"
2916609,Nordeste,Bahia,Itapitanga,87,219,1212,"7,2%","18,1%"
3110509,Sudeste,Minas Gerais,Camanducaia,87,149,1714,"5,1%","8,7%"
3125309,Sudeste,Minas Gerais,Faria Lemos,87,123,595,"14,6%","20,7%"
3127206,Sudeste,Minas Gerais,Funilândia,87,140,594,"14,6%","23,6%"
3137403,Sudeste,Minas Gerais,Lagoa Dourada,87,144,1280,"6,8%","11,3%"
3146750,Sudeste,Minas Gerais,Palmópolis,87,204,810,"10,7%","25,2%"
3200359,Sudeste,Espírito Santo,Alto Rio Novo,87,209,990,"8,8%","21,1%"
4105409,Sul,Paraná,Chopinzinho,87,136,1226,"7,1%","11,1%"
4121000,Sul,Paraná,Querência do Norte,87,162,1401,"6,2%","11,6%"
5103437,Centro-Oeste,Mato Grosso,Curvelândia,87,115,696,"12,5%","16,5%"
5220504,Centro-Oeste,Goiás,Serranópolis,87,108,793,"11,0%","13,6%"
5221577,Centro-Oeste,Goiás,Uirapuru,87,115,540,"16,1%","21,3%"
1101435,Norte,Rondônia,Nova União,86,339,806,"10,7%","42,1%"
2101772,Nordeste,Maranhão,Bela Vista do Maranhão,86,217,1731,"5,0%","12,5%"
2411056,Nordeste,Rio Grande do Norte,Tibau,86,173,931,"9,2%","18,6%"
2807303,Nordeste,Sergipe,Telha,86,185,822,"10,5%","22,5%"
3115508,Sudeste,Minas Gerais,Caxambu,86,199,1415,"6,1%","14,1%"
3504602,Sudeste,São Paulo,Bady Bassitt,86,131,1756,"4,9%","7,5%"
3505203,Sudeste,São Paulo,Bariri,86,174,1858,"4,6%","9,4%"
3531407,Sudeste,São Paulo,Monte Aprazível,86,242,1770,"4,9%","13,7%"
4100509,Sul,Paraná,Altônia,86,193,1304,"6,6%","14,8%"
4100806,Sul,Paraná,Alvorada do Sul,86,253,1148,"7,5%","22,0%"
4104428,Sul,Paraná,Candói,86,270,1846,"4,7%","14,6%"
4107207,Sul,Paraná,Dois Vizinhos,86,212,2869,"3,0%","7,4%"
4200101,Sul,Santa Catarina,Abelardo Luz,86,217,1951,"4,4%","11,1%"
5107404,Centro-Oeste,Mato Grosso,São Pedro da Cipa,86,110,704,"12,2%","15,6%"
5204656,Centro-Oeste,Goiás,Campinaçu,86,115,579,"14,9%","19,9%"
2104206,Nordeste,Maranhão,Fortuna,85,456,2596,"3,3%","17,6%"
2111250,Nordeste,Maranhão,São José dos Basílios,85,211,1055,"8,1%","20,0%"
3102605,Sudeste,Minas Gerais,Andradas,85,150,2217,"3,8%","6,8%"
3110806,Sudeste,Minas Gerais,Campanário,85,118,514,"16,5%","23,0%"
3111606,Sudeste,Minas Gerais,Campos Gerais,85,180,2107,"4,0%","8,5%"
3128402,Sudeste,Minas Gerais,Guarani,85,121,1026,"8,3%","11,8%"
3131208,Sudeste,Minas Gerais,Ipanema,85,574,2509,"3,4%","22,9%"
3135076,Sudeste,Minas Gerais,Jampruca,85,104,718,"11,8%","14,5%"
3149606,Sudeste,Minas Gerais,Pequi,85,112,634,"13,4%","17,7%"
3534906,Sudeste,São Paulo,Pacaembu,85,127,685,"12,4%","18,5%"
4115002,Sul,Paraná,Marilena,85,107,743,"11,4%","14,4%"
4117701,Sul,Paraná,Palmeira,85,166,1754,"4,8%","9,5%"
4119806,Sul,Paraná,Planalto,85,175,1117,"7,6%","15,7%"
4310504,Sul,Rio Grande do Sul,Iraí,85,206,867,"9,8%","23,8%"
4315503,Sul,Rio Grande do Sul,Restinga Sêca,85,165,1322,"6,4%","12,5%"
1718865,Norte,Tocantins,Santa Fé do Araguaia,84,345,808,"10,4%","42,7%"
2101103,Nordeste,Maranhão,Axixá,84,127,2059,"4,1%","6,2%"
2401503,Nordeste,Rio Grande do Norte,Barcelona,84,61,683,"12,3%","8,9%"
2500205,Nordeste,Paraíba,Aguiar,84,235,802,"10,5%","29,3%"
2502706,Nordeste,Paraíba,Borborema,84,249,1004,"8,4%","24,8%"
2912400,Nordeste,Bahia,Ibipeba,84,740,2614,"3,2%","28,3%"
3165503,Sudeste,Minas Gerais,Sardoá,84,145,924,"9,1%","15,7%"
3517901,Sudeste,São Paulo,Guaraci,84,156,1083,"7,8%","14,4%"
3519105,Sudeste,São Paulo,Iacanga,84,130,1349,"6,2%","9,6%"
3545001,Sudeste,São Paulo,Salesópolis,84,236,1798,"4,7%","13,1%"
3546009,Sudeste,São Paulo,Santa Branca,84,178,1147,"7,3%","15,5%"
3551603,Sudeste,São Paulo,Serra Negra,84,131,1431,"5,9%","9,2%"
4105706,Sul,Paraná,Clevelândia,84,172,1892,"4,4%","9,1%"
4205175,Sul,Santa Catarina,Entre Rios,84,116,426,"19,7%","27,2%"
2201002,Nordeste,Piauí,Arraial,83,258,913,"9,1%","28,3%"
2203008,Nordeste,Piauí,Cristalândia do Piauí,83,278,1129,"7,4%","24,6%"
2204154,Nordeste,Piauí,Francisco Macedo,83,104,677,"12,3%","15,4%"
2206753,Nordeste,Piauí,Nossa Senhora de Nazaré,83,250,1141,"7,3%","21,9%"
2510600,Nordeste,Paraíba,Ouro Velho,83,219,921,"9,0%","23,8%"
2513604,Nordeste,Paraíba,Santana dos Garrotes,83,277,1534,"5,4%","18,1%"
2912509,Nordeste,Bahia,Ibipitanga,83,375,1812,"4,6%","20,7%"
2914307,Nordeste,Bahia,Iramaia,83,406,1557,"5,3%","26,1%"
3111150,Sudeste,Minas Gerais,Campo Azul,83,108,760,"10,9%","14,2%"
3512308,Sudeste,São Paulo,Conchas,83,145,1490,"5,6%","9,7%"
3542404,Sudeste,São Paulo,Regente Feijó,83,174,1109,"7,5%","15,7%"
4114005,Sul,Paraná,Mamborê,83,128,1299,"6,4%","9,9%"
4122602,Sul,Paraná,Rondon,83,126,807,"10,3%","15,6%"
4215505,Sul,Santa Catarina,Santa Cecília,83,166,1135,"7,3%","14,6%"
2210623,Nordeste,Piauí,Sebastião Barros,82,192,836,"9,8%","23,0%"
2211605,Nordeste,Piauí,Vila Nova do Piauí,82,166,559,"14,7%","29,7%"
2313252,Nordeste,Ceará,Tarrafas,82,360,1623,"5,1%","22,2%"
2918704,Nordeste,Bahia,Lafaiete Cou- tinho,82,103,806,"10,2%","12,8%"
3128204,Sudeste,Minas Gerais,Guaraciaba,82,228,1019,"8,0%","22,4%"
3146404,Sudeste,Minas Gerais,Paineiras,82,105,499,"16,4%","21,0%"
3149804,Sudeste,Minas Gerais,Perdizes,82,150,1463,"5,6%","10,3%"
3158003,Sudeste,Minas Gerais,Santa Maria de Itabira,82,135,1066,"7,7%","12,7%"
3164506,Sudeste,Minas Gerais,São Sebastião do Maranhão,82,283,1456,"5,6%","19,4%"
4104105,Sul,Paraná,Campo do Tenente,82,204,1175,"7,0%","17,4%"
4113304,Sul,Paraná,Laranjeiras do Sul,82,175,1672,"4,9%","10,5%"
4219705,Sul,Santa Catarina,Xaxim,82,220,2196,"3,7%","10,0%"
4300851,Sul,Rio Grande do Sul,Arambaré,82,146,747,"11,0%","19,5%"
5106224,Centro-Oeste,Mato Grosso,Nova Mutum,82,159,2793,"2,9%","5,7%"
5107354,Centro-Oeste,Mato Grosso,São José do Xingu,82,258,1154,"7,1%","22,4%"
5203807,Centro-Oeste,Goiás,Britânia,82,162,969,"8,5%","16,7%"
5205471,Centro-Oeste,Goiás,Chapadão do Céu,82,128,1026,"8,0%","12,5%"
1716653,Norte,Tocantins,Pequizeiro,81,305,741,"10,9%","41,2%"
2100873,Nordeste,Maranhão,Araguanã,81,409,1773,"4,6%","23,1%"
2210201,Nordeste,Piauí,São José do Piauí,81,249,1152,"7,0%","21,6%"
2401404,Nordeste,Rio Grande do Norte,Baía Formosa,81,256,1150,"7,0%","22,3%"
2703700,Nordeste,Alagoas,Jaramataia,81,85,913,"8,9%","9,3%"
3103702,Sudeste,Minas Gerais,Araponga,81,182,970,"8,4%","18,8%"
3115359,Sudeste,Minas Gerais,Catas Altas,81,134,743,"10,9%","18,0%"
3131000,Sudeste,Minas Gerais,Inhaúma,81,141,811,"10,0%","17,4%"
3170479,Sudeste,Minas Gerais,Uruana de Minas,81,118,740,"10,9%","15,9%"
3512407,Sudeste,São Paulo,Cordeirópolis,81,137,1161,"7,0%","11,8%"
3514809,Sudeste,São Paulo,Eldorado,81,163,1427,"5,7%","11,4%"
3519501,Sudeste,São Paulo,Ibirarema,81,101,972,"8,3%","10,4%"
3520202,Sudeste,São Paulo,Igaratá,81,164,1135,"7,1%","14,4%"
4124905,Sul,Paraná,São João do Caiuá,81,152,887,"9,1%","17,1%"
4202909,Sul,Santa Catarina,Brusque,81,130,2572,"3,1%","5,1%"
4207684,Sul,Santa Catarina,Ipuaçu,81,236,776,"10,4%","30,4%"
4215000,Sul,Santa Catarina,Rio Negrinho,81,103,1659,"4,9%","6,2%"
4301909,Sul,Rio Grande do Sul,Barra do Ribeiro,81,127,861,"9,4%","14,8%"
4311502,Sul,Rio Grande do Sul,Lavras do Sul,81,127,641,"12,6%","19,8%"
5106000,Centro-Oeste,Mato Grosso,Nortelândia,81,206,1081,"7,5%","19,1%"
2109551,Nordeste,Maranhão,Ribamar Fi- quene,80,185,1184,"6,8%","15,6%"
2110856,Nordeste,Maranhão,São Francisco do Brejão,80,299,1886,"4,2%","15,9%"
2202851,Nordeste,Piauí,Coronel José Dias,80,350,1062,"7,5%","33,0%"
2206001,Nordeste,Piauí,Marcos Parente,80,345,1019,"7,9%","33,9%"
2406155,Nordeste,Rio Grande do Norte,Jundiá,80,122,711,"11,3%","17,2%"
2510006,Nordeste,Paraíba,Nazarezinho,80,106,1302,"6,1%","8,1%"
2603306,Nordeste,Pernambuco,Calçado,80,381,1428,"5,6%","26,7%"
2703908,Nordeste,Alagoas,Jundiá,80,27,994,"8,0%","2,7%"
3100609,Sudeste,Minas Gerais,Água Boa,80,349,1667,"4,8%","20,9%"
3130408,Sudeste,Minas Gerais,Ijaci,80,89,532,"15,0%","16,7%"
3148202,Sudeste,Minas Gerais,Patrocínio do Muriaé,80,109,697,"11,5%","15,6%"
3156908,Sudeste,Minas Gerais,Sacramento,80,227,2184,"3,7%","10,4%"
3205176,Sudeste,Espírito Santo,Vila Valério,80,169,1471,"5,4%","11,5%"
3504404,Sudeste,São Paulo,Avanhandava,80,265,1431,"5,6%","18,5%"
3511409,Sudeste,São Paulo,Cerqueira César,80,159,1095,"7,3%","14,5%"
3515350,Sudeste,São Paulo,Euclides da Cunha Paulista,80,133,793,"10,1%","16,8%"
3523701,Sudeste,São Paulo,Itirapuã,80,97,775,"10,3%","12,5%"
3528809,Sudeste,São Paulo,Maracaí,80,122,859,"9,3%","14,2%"
3546405,Sudeste,São Paulo,Santa Cruz do Rio Pardo,80,252,2854,"2,8%","8,8%"
4302907,Sul,Rio Grande do Sul,Cacequi,80,168,1203,"6,7%","14,0%"
1717503,Norte,Tocantins,Pium,79,356,930,"8,5%","38,3%"
2109239,Nordeste,Maranhão,Presidente Médici,79,289,1108,"7,1%","26,1%"
2705903,Nordeste,Alagoas,Olho d’Água Grande,79,47,886,"8,9%","5,3%"
2801603,Nordeste,Sergipe,Cedro de São João,79,225,916,"8,6%","24,6%"
3113503,Sudeste,Minas Gerais,Carbonita,79,242,1009,"7,8%","24,0%"
3136504,Sudeste,Minas Gerais,Jordânia,79,265,1199,"6,6%","22,1%"
3146008,Sudeste,Minas Gerais,Ouro Fino,79,112,1365,"5,8%","8,2%"
3153509,Sudeste,Minas Gerais,Alto Jequitibá,79,174,987,"8,0%","17,6%"
3170750,Sudeste,Minas Gerais,Varjão de Minas,79,113,858,"9,2%","13,2%"
3205150,Sudeste,Espírito Santo,Vila Pavão,79,180,1056,"7,5%","17,0%"
3511706,Sudeste,São Paulo,Charqueada,79,91,1104,"7,2%","8,2%"
3515186,Sudeste,São Paulo,Espírito Santo do Pinhal,79,135,1224,"6,5%","11,0%"
3540804,Sudeste,São Paulo,Potirendaba,79,143,1377,"5,7%","10,4%"
4104709,Sul,Paraná,Carlópolis,79,135,1506,"5,2%","9,0%"
4110805,Sul,Paraná,Iretama,79,242,1292,"6,1%","18,7%"
4127965,Sul,Paraná,Turvo,79,192,1193,"6,6%","16,1%"
5103700,Centro-Oeste,Mato Grosso,Feliz Natal,79,221,1326,"6,0%","16,7%"
5106653,Centro-Oeste,Mato Grosso,Pontal do Araguaia,79,170,1109,"7,1%","15,3%"
1703883,Norte,Tocantins,Carmolândia,78,214,555,"14,1%","38,6%"
2201051,Nordeste,Piauí,Assunção do Piauí,78,291,1360,"5,7%","21,4%"
2203420,Nordeste,Piauí,Domingos Mourão,78,246,1016,"7,7%","24,2%"
2406502,Nordeste,Rio Grande do Norte,Lagoa Nova,78,448,2529,"3,1%","17,7%"
2515104,Nordeste,Paraíba,São Sebastião de Lagoa de Roça,78,278,1329,"5,9%","20,9%"
3127503,Sudeste,Minas Gerais,Gonzaga,78,191,964,"8,1%","19,8%"
3128501,Sudeste,Minas Gerais,Guarará,78,90,605,"12,9%","14,9%"
3156304,Sudeste,Minas Gerais,Rodeiro,78,110,739,"10,6%","14,9%"
3161502,Sudeste,Minas Gerais,São Geraldo,78,218,1312,"5,9%","16,6%"
3171154,Sudeste,Minas Gerais,Vermelho Novo,78,141,752,"10,4%","18,8%"
3517000,Sudeste,São Paulo,Getulina,78,122,715,"10,9%","17,1%"
4111902,Sul,Paraná,Jaguapitã,78,117,1105,"7,1%","10,6%"
4128807,Sul,Paraná,Xambrê,78,105,929,"8,4%","11,3%"
4308003,Sul,Rio Grande do Sul,Faxinal do Soturno,78,99,552,"14,1%","17,9%"
4314803,Sul,Rio Grande do Sul,Portão,78,168,1575,"5,0%","10,7%"
4321105,Sul,Rio Grande do Sul,Tapes,78,124,1384,"5,6%","9,0%"
1707652,Norte,Tocantins,Figueirópolis,77,284,661,"11,6%","43,0%"
2412708,Nordeste,Rio Grande do Norte,São Pedro,77,157,745,"10,3%","21,1%"
2509909,Nordeste,Paraíba,Natuba,77,459,1862,"4,1%","24,7%"
2706208,Nordeste,Alagoas,Palestina,77,215,1078,"7,1%","19,9%"
2804102,Nordeste,Sergipe,Moita Bonita,77,455,1910,"4,0%","23,8%"
2919009,Nordeste,Bahia,Lajedinho,77,59,893,"8,6%","6,6%"
3163300,Sudeste,Minas Gerais,São José do Divino,77,147,544,"14,2%","27,0%"
3170651,Sudeste,Minas Gerais,Vargem Grande do Rio Pardo,77,159,946,"8,1%","16,8%"
3305307,Sudeste,Rio de Janeiro,São Sebastião do Alto,77,159,1076,"7,2%","14,8%"
3510302,Sudeste,São Paulo,Capela do Alto,77,216,2413,"3,2%","9,0%"
3514700,Sudeste,São Paulo,Echaporã,77,104,725,"10,6%","14,3%"
3531506,Sudeste,São Paulo,Monte Azul Paulista,77,99,1029,"7,5%","9,6%"
4113007,Sul,Paraná,Jussara,77,92,602,"12,8%","15,3%"
4127858,Sul,Paraná,Três Barras do Paraná,77,267,1559,"4,9%","17,1%"
4213609,Sul,Santa Catarina,Porto União,77,176,1634,"4,7%","10,8%"
5102603,Centro-Oeste,Mato Grosso,Campinápolis,77,196,1457,"5,3%","13,5%"
5104906,Centro-Oeste,Mato Grosso,Jangada,77,283,1465,"5,3%","19,3%"
5108105,Centro-Oeste,Mato Grosso,Tesouro,77,136,566,"13,6%","24,0%"
5200175,Centro-Oeste,Goiás,Água Fria de Goiás,77,110,750,"10,3%","14,7%"
5205059,Centro-Oeste,Goiás,Castelândia,77,128,595,"12,9%","21,5%"
5216809,Centro-Oeste,Goiás,Petrolina de Goiás,77,160,838,"9,2%","19,1%"
1707306,Norte,Tocantins,Dueré,76,343,676,"11,2%","50,7%"
1720655,Norte,Tocantins,Silvanópolis,76,317,730,"10,4%","43,4%"
2105476,Nordeste,Maranhão,Jenipapo dos Vieiras,76,894,2185,"3,5%","40,9%"
2200053,Nordeste,Piauí,Acauã,76,359,1271,"6,0%","28,2%"
2206357,Nordeste,Piauí,Milton Brandão,76,429,1388,"5,5%","30,9%"
3102100,Sudeste,Minas Gerais,Alto Rio Doce,76,441,1558,"4,9%","28,3%"
3109451,Sudeste,Minas Gerais,Cabeceira Grande,76,107,823,"9,2%","13,0%"
3109907,Sudeste,Minas Gerais,Caetanópolis,76,142,865,"8,8%","16,4%"
3153400,Sudeste,Minas Gerais,Presidente Olegário,76,230,1639,"4,6%","14,0%"
3156452,Sudeste,Minas Gerais,Rosário da Limeira,76,121,657,"11,6%","18,4%"
3160306,Sudeste,Minas Gerais,Santo Antônio do Jacinto,76,400,1754,"4,3%","22,8%"
3519808,Sudeste,São Paulo,Icém,76,103,712,"10,7%","14,5%"
3524600,Sudeste,São Paulo,Jacupiranga,76,155,1459,"5,2%","10,6%"
3548054,Sudeste,São Paulo,Santo Antônio do Aracanguá,76,106,811,"9,4%","13,1%"
4121901,Sul,Paraná,Ribeirão do Pinhal,76,146,1633,"4,7%","8,9%"
4126603,Sul,Paraná,Siqueira Cam- pos,76,151,1792,"4,2%","8,4%"
4210100,Sul,Santa Catarina,Mafra,76,103,2696,"2,8%","3,8%"
5100805,Centro-Oeste,Mato Grosso,Apiacás,76,194,1173,"6,5%","16,5%"
5105002,Centro-Oeste,Mato Grosso,Jauru,76,151,906,"8,4%","16,7%"
5213004,Centro-Oeste,Goiás,Maurilândia,76,194,1320,"5,8%","14,7%"
1717800,Norte,Tocantins,Ponte Alta do Bom Jesus,75,236,602,"12,5%","39,2%"
2105450,Nordeste,Maranhão,Jatobá,75,288,1429,"5,2%","20,2%"
2412104,Nordeste,Rio Grande do Norte,São João do Sabugi,75,241,938,"8,0%","25,7%"
2413557,Nordeste,Rio Grande do Norte,Serrinha dos Pintos,75,195,1090,"6,9%","17,9%"
2505204,Nordeste,Paraíba,Cuitegi,75,257,1194,"6,3%","21,5%"
2508554,Nordeste,Paraíba,Logradouro,75,45,738,"10,2%","6,1%"
2700805,Nordeste,Alagoas,Belém,75,152,688,"10,9%","22,1%"
2703403,Nordeste,Alagoas,Jacaré dos Homens,75,354,1310,"5,7%","27,0%"
3106408,Sudeste,Minas Gerais,Belo Vale,75,131,1066,"7,0%","12,3%"
3117702,Sudeste,Minas Gerais,Conceição do Rio Verde,75,162,1427,"5,3%","11,4%"
3123908,Sudeste,Minas Gerais,Entre Rios de Minas,75,154,1254,"6,0%","12,3%"
3125002,Sudeste,Minas Gerais,Ewbank da Câmara,75,90,599,"12,5%","15,0%"
3133709,Sudeste,Minas Gerais,Itatiaiuçu,75,122,1150,"6,5%","10,6%"
3137304,Sudeste,Minas Gerais,Lagoa dos Patos,75,213,828,"9,1%","25,7%"
3138351,Sudeste,Minas Gerais,Leme do Prado,75,97,556,"13,5%","17,4%"
3150000,Sudeste,Minas Gerais,Pescador,75,124,607,"12,4%","20,4%"
3168051,Sudeste,Minas Gerais,Taparuba,75,96,588,"12,8%","16,3%"
3534609,Sudeste,São Paulo,Osvaldo Cruz,75,212,2143,"3,5%","9,9%"
4102307,Sul,Paraná,Balsa Nova,75,104,1197,"6,3%","8,7%"
4113809,Sul,Paraná,Lupionópolis,75,76,599,"12,5%","12,7%"
4122305,Sul,Paraná,Rio Negro,75,137,1701,"4,4%","8,1%"
4127403,Sul,Paraná,Terra Roxa,75,165,1442,"5,2%","11,4%"
4315107,Sul,Rio Grande do Sul,Porto Xavier,75,167,1029,"7,3%","16,2%"
5007802,Centro-Oeste,Mato Grosso do Sul,Selvíria,75,100,873,"8,6%","11,5%"
5204607,Centro-Oeste,Goiás,Campestre de Goiás,75,133,670,"11,2%","19,9%"
1718303,Norte,Tocantins,Praia Norte,74,511,967,"7,7%","52,8%"
2407401,Nordeste,Rio Grande do Norte,Martins,74,297,1390,"5,3%","21,4%"
2921807,Nordeste,Bahia,Mortugaba,74,320,1567,"4,7%","20,4%"
3108107,Sudeste,Minas Gerais,Bonfim,74,178,900,"8,2%","19,8%"
3111408,Sudeste,Minas Gerais,Campo Florido,74,247,1664,"4,4%","14,8%"
3116100,Sudeste,Minas Gerais,Chapada do Norte,74,178,1329,"5,6%","13,4%"
3135357,Sudeste,Minas Gerais,Japonvar,74,314,1457,"5,1%","21,6%"
3146701,Sudeste,Minas Gerais,Palma,74,206,946,"7,8%","21,8%"
3300225,Sudeste,Rio de Janeiro,Areal,74,177,1215,"6,1%","14,6%"
3516002,Sudeste,São Paulo,Flórida Paulista,74,132,885,"8,4%","14,9%"
3523503,Sudeste,São Paulo,Itatinga,74,154,1543,"4,8%","10,0%"
4118907,Sul,Paraná,Pérola,74,103,1015,"7,3%","10,1%"
4125803,Sul,Paraná,São Pedro do Ivaí,74,125,870,"8,5%","14,4%"
5105200,Centro-Oeste,Mato Grosso,Juscimeira,74,223,1776,"4,2%","12,6%"
5106208,Centro-Oeste,Mato Grosso,Nova Brasilândia,74,117,931,"7,9%","12,6%"
5107263,Centro-Oeste,Mato Grosso,Santo Afonso,74,98,413,"17,9%","23,7%"
5219001,Centro-Oeste,Goiás,Sanclerlândia,74,142,1096,"6,8%","13,0%"
1715101,Norte,Tocantins,Novo Acordo,73,165,519,"14,1%","31,8%"
2107258,Nordeste,Maranhão,Nova Colinas,73,206,1022,"7,1%","20,2%"
2211357,Nordeste,Piauí,Várzea Branca,73,341,1164,"6,3%","29,3%"
2413706,Nordeste,Rio Grande do Norte,Sítio Novo,73,160,871,"8,4%","18,4%"
2512408,Nordeste,Paraíba,Puxinanã,73,699,3021,"2,4%","23,1%"
2513851,Nordeste,Paraíba,Santo André,73,184,709,"10,3%","26,0%"
2909000,Nordeste,Bahia,Cordeiros,73,283,1401,"5,2%","20,2%"
3111101,Sudeste,Minas Gerais,Campina Verde,73,183,2747,"2,7%","6,7%"
3111309,Sudeste,Minas Gerais,Campo do Meio,73,123,1096,"6,7%","11,2%"
3118205,Sudeste,Minas Gerais,Conquista,73,91,772,"9,5%","11,8%"
3141504,Sudeste,Minas Gerais,Mendes Pi- mentel,73,164,779,"9,4%","21,1%"
3142106,Sudeste,Minas Gerais,Miradouro,73,136,859,"8,5%","15,8%"
3144375,Sudeste,Minas Gerais,Natalândia,73,133,670,"10,9%","19,9%"
3149705,Sudeste,Minas Gerais,Perdigão,73,93,942,"7,7%","9,9%"
3200706,Sudeste,Espírito Santo,Atílio Vivácqua,73,126,1235,"5,9%","10,2%"
3305158,Sudeste,Rio de Janeiro,São José do Vale do Rio Preto,73,237,1729,"4,2%","13,7%"
3527702,Sudeste,São Paulo,Luiziânia,73,93,642,"11,4%","14,5%"
3544202,Sudeste,São Paulo,Riolândia,73,125,790,"9,2%","15,8%"
3552304,Sudeste,São Paulo,Sud Mennucci,73,140,1051,"6,9%","13,3%"
3553500,Sudeste,São Paulo,Tapiraí,73,149,897,"8,1%","16,6%"
4103800,Sul,Paraná,Cambira,73,107,1038,"7,0%","10,3%"
4112702,Sul,Paraná,Jataizinho,73,120,1409,"5,2%","8,5%"
4303202,Sul,Rio Grande do Sul,Cacique Doble,73,83,419,"17,4%","19,8%"
5102702,Centro-Oeste,Mato Grosso,Canarana,73,147,1295,"5,6%","11,4%"
5209937,Centro-Oeste,Goiás,Inaciolândia,73,132,930,"7,8%","14,2%"
1100502,Norte,Rondônia,Novo Horizonte do Oeste,72,272,946,"7,6%","28,8%"
1101609,Norte,Rondônia,Theobroma,72,260,869,"8,3%","29,9%"
2411700,Nordeste,Rio Grande do Norte,São Bento do Trairí,72,30,807,"8,9%","3,7%"
2514701,Nordeste,Paraíba,São José do Sabugi,72,186,922,"7,8%","20,2%"
3100500,Sudeste,Minas Gerais,Açucena,72,172,894,"8,1%","19,2%"
3145000,Sudeste,Minas Gerais,Nova Ponte,72,164,1139,"6,3%","14,4%"
3514007,Sudeste,São Paulo,Dobrada,72,134,731,"9,8%","18,3%"
3544806,Sudeste,São Paulo,Sales,72,86,670,"10,7%","12,8%"
3552007,Sudeste,São Paulo,Silveiras,72,166,775,"9,3%","21,4%"
4114500,Sul,Paraná,Manoel Ribas,72,218,1407,"5,1%","15,5%"
4122172,Sul,Paraná,Rio Branco do Ivaí,72,95,730,"9,9%","13,0%"
4309407,Sul,Rio Grande do Sul,Guaporé,72,101,841,"8,6%","12,0%"
4309654,Sul,Rio Grande do Sul,Hulha Negra,72,125,907,"7,9%","13,8%"
4320263,Sul,Rio Grande do Sul,Segredo,72,213,751,"9,6%","28,4%"
5000252,Centro-Oeste,Mato Grosso do Sul,Alcinópolis,72,132,830,"8,7%","15,9%"
5002803,Centro-Oeste,Mato Grosso do Sul,Caracol,72,221,1268,"5,7%","17,4%"
5105176,Centro-Oeste,Mato Grosso,Juruena,72,225,1401,"5,1%","16,1%"
5203609,Centro-Oeste,Goiás,Brazabrantes,72,115,548,"13,1%","21,0%"
2103752,Nordeste,Maranhão,Davinópolis,71,200,1642,"4,3%","12,2%"
2514552,Nordeste,Paraíba,São José de Princesa,71,102,517,"13,7%","19,7%"
2516755,Nordeste,Paraíba,Tenório,71,178,750,"9,5%","23,7%"
2708709,Nordeste,Alagoas,São Miguel dos Milagres,71,315,1567,"4,5%","20,1%"
2802007,Nordeste,Sergipe,Divina Pastora,71,100,803,"8,8%","12,5%"
2915700,Nordeste,Bahia,Itamari,71,399,1309,"5,4%","30,5%"
2921609,Nordeste,Bahia,Morpará,71,371,1247,"5,7%","29,8%"
3137536,Sudeste,Minas Gerais,Lagoa Grande,71,174,1261,"5,6%","13,8%"
3139904,Sudeste,Minas Gerais,Maria da Fé,71,185,1638,"4,3%","11,3%"
3147956,Sudeste,Minas Gerais,Patis,71,213,863,"8,2%","24,7%"
3202702,Sudeste,Espírito Santo,Itaguaçu,71,167,1226,"5,8%","13,6%"
3517307,Sudeste,São Paulo,Guaimbê,71,101,685,"10,4%","14,7%"
3539202,Sudeste,São Paulo,Pirapozinho,71,173,1180,"6,0%","14,7%"
4209409,Sul,Santa Catarina,Laguna,71,114,1883,"3,8%","6,1%"
4311106,Sul,Rio Grande do Sul,Jaguari,71,131,953,"7,5%","13,7%"
4317806,Sul,Rio Grande do Sul,Santo Augusto,71,163,1281,"5,5%","12,7%"
5204805,Centro-Oeste,Goiás,Campo Alegre de Goiás,71,91,791,"9,0%","11,5%"
5207808,Centro-Oeste,Goiás,Firminópolis,71,171,930,"7,6%","18,4%"
5220157,Centro-Oeste,Goiás,São Luiz do Norte,71,150,871,"8,2%","17,2%"
2102408,Nordeste,Maranhão,Cajapió,70,393,1488,"4,7%","26,4%"
2105658,Nordeste,Maranhão,Junco do Mara- nhão,70,207,1142,"6,1%","18,1%"
2501708,Nordeste,Paraíba,Barra de São Miguel,70,182,696,"10,1%","26,1%"
2702009,Nordeste,Alagoas,Coité do Nóia,70,296,1384,"5,1%","21,4%"
3102902,Sudeste,Minas Gerais,Antônio Carlos,70,147,931,"7,5%","15,8%"
3118700,Sudeste,Minas Gerais,Coqueiral,70,107,903,"7,8%","11,8%"
3157336,Sudeste,Minas Gerais,Santa Cruz de Minas,70,134,757,"9,2%","17,7%"
3205036,Sudeste,Espírito Santo,Vargem Alta,70,152,1797,"3,9%","8,5%"
3507902,Sudeste,São Paulo,Brotas,70,146,1178,"5,9%","12,4%"
3508702,Sudeste,São Paulo,Caconde,70,149,1443,"4,9%","10,3%"
3521903,Sudeste,São Paulo,Itajobi,70,156,1191,"5,9%","13,1%"
3537206,Sudeste,São Paulo,Pedro de Toledo,70,194,1283,"5,5%","15,1%"
4100301,Sul,Paraná,Agudos do Sul,70,199,1266,"5,5%","15,7%"
4103040,Sul,Paraná,Boa Ventura de São Roque,70,154,1048,"6,7%","14,7%"
4117271,Sul,Paraná,Nova Tebas,70,176,1200,"5,8%","14,7%"
4204301,Sul,Santa Catarina,Concórdia,70,131,1622,"4,3%","8,1%"
4205506,Sul,Santa Catarina,Fraiburgo,70,130,2416,"2,9%","5,4%"
4301057,Sul,Rio Grande do Sul,Arroio do Sal,70,149,1209,"5,8%","12,3%"
5101902,Centro-Oeste,Mato Grosso,Brasnorte,70,255,1320,"5,3%","19,3%"
5103106,Centro-Oeste,Mato Grosso,Cocalinho,70,164,862,"8,1%","19,0%"
1703842,Norte,Tocantins,Campos Lindos,69,411,943,"7,3%","43,6%"
1705607,Norte,Tocantins,Conceição do Tocantins,69,281,636,"10,8%","44,2%"
2112274,Nordeste,Maranhão,Tufilândia,69,97,1023,"6,7%","9,5%"
2404002,Nordeste,Rio Grande do Norte,Frutuoso Gomes,69,347,1191,"5,8%","29,1%"
2505808,Nordeste,Paraíba,Duas Estradas,69,200,725,"9,5%","27,6%"
2804706,Nordeste,Sergipe,Nossa Senhora de Lourdes,69,223,1206,"5,7%","18,5%"
3140530,Sudeste,Minas Gerais,Martins Soares,69,214,1123,"6,1%","19,1%"
4100202,Sul,Paraná,Adrianópolis,69,130,817,"8,4%","15,9%"
4124053,Sul,Paraná,Santa Terezinha de Itaipu,69,200,2615,"2,6%","7,6%"
1100072,Norte,Rondônia,Corumbiara,68,179,842,"8,1%","21,3%"
1702000,Norte,Tocantins,Araguaçu,68,321,981,"6,9%","32,7%"
1704105,Norte,Tocantins,Centenário,68,110,388,"17,5%","28,4%"
2111631,Nordeste,Maranhão,São Raimundo do Doca Bezerra,68,151,1126,"6,0%","13,4%"
3110202,Sudeste,Minas Gerais,Cajuri,68,107,657,"10,4%","16,3%"
3122108,Sudeste,Minas Gerais,Divino das Laranjeiras,68,253,845,"8,0%","29,9%"
3129301,Sudeste,Minas Gerais,Iapu,68,274,1412,"4,8%","19,4%"
3149903,Sudeste,Minas Gerais,Perdões,68,153,1360,"5,0%","11,3%"
3154150,Sudeste,Minas Gerais,Reduto,68,143,993,"6,8%","14,4%"
3157104,Sudeste,Minas Gerais,Salto da Divisa,68,192,1047,"6,5%","18,3%"
3164100,Sudeste,Minas Gerais,São Pedro do Suaçuí,68,102,667,"10,2%","15,3%"
3166709,Sudeste,Minas Gerais,Serra dos Aimorés,68,203,963,"7,1%","21,1%"
3505104,Sudeste,São Paulo,Barbosa,68,101,689,"9,9%","14,7%"
4106506,Sul,Paraná,Coronel Vivida,68,150,1813,"3,8%","8,3%"
4124400,Sul,Paraná,Santo Antônio do Sudoeste,68,248,1955,"3,5%","12,7%"
4321303,Sul,Rio Grande do Sul,Taquari,68,154,1703,"4,0%","9,0%"
5101407,Centro-Oeste,Mato Grosso,Aripuanã,68,263,2020,"3,4%","13,0%"
5219357,Centro-Oeste,Goiás,Santa Isabel,68,150,726,"9,4%","20,7%"
2104305,Nordeste,Maranhão,Godofredo Viana,67,263,1399,"4,8%","18,8%"
2203230,Nordeste,Piauí,Currais,67,150,1144,"5,9%","13,1%"
2203255,Nordeste,Piauí,Curralinhos,67,70,761,"8,8%","9,2%"
2413201,Nordeste,Rio Grande do Norte,Senador Georgi- no Avelino,67,97,673,"10,0%","14,4%"
2413409,Nordeste,Rio Grande do Norte,Serra Negra do Norte,67,118,904,"7,4%","13,1%"
2502003,Nordeste,Paraíba,Belém do Brejo do Cruz,67,590,1570,"4,3%","37,6%"
2907400,Nordeste,Bahia,Catolândia,67,167,719,"9,3%","23,2%"
3110608,Sudeste,Minas Gerais,Cambuí,67,157,1781,"3,8%","8,8%"
3112653,Sudeste,Minas Gerais,Capitão Andrade,67,157,588,"11,4%","26,7%"
3125606,Sudeste,Minas Gerais,Felisburgo,67,201,1084,"6,2%","18,5%"
3132206,Sudeste,Minas Gerais,Itaguara,67,107,1003,"6,7%","10,7%"
3150570,Sudeste,Minas Gerais,Pintópolis,67,234,1284,"5,2%","18,2%"
3201902,Sudeste,Espírito Santo,Domingos Martins,67,157,2349,"2,9%","6,7%"
3512100,Sudeste,São Paulo,Colômbia,67,86,868,"7,7%","9,9%"
3523602,Sudeste,São Paulo,Itirapina,67,111,837,"8,0%","13,3%"
4107900,Sul,Paraná,Floresta,67,109,1055,"6,4%","10,3%"
4114906,Sul,Paraná,Marilândia do Sul,67,146,1169,"5,7%","12,5%"
5106299,Centro-Oeste,Mato Grosso,Paranaíta,67,128,1462,"4,6%","8,8%"
5211602,Centro-Oeste,Goiás,Ivolândia,67,143,424,"15,8%","33,7%"
1100064,Norte,Rondônia,Colorado do Oeste,66,239,1188,"5,6%","20,1%"
1100296,Norte,Rondônia,Santa Luzia D’Oeste,66,287,1002,"6,6%","28,6%"
1302009,Norte,Amazonas,Itapiranga,66,672,1350,"4,9%","49,8%"
1703057,Norte,Tocantins,Bandeirantes do Tocantins,66,224,555,"11,9%","40,4%"
2209955,Nordeste,Piauí,São João da Varjota,66,249,1015,"6,5%","24,5%"
2305100,Nordeste,Ceará,Guaramiranga,66,146,983,"6,7%","14,9%"
2409209,Nordeste,Rio Grande do Norte,Passagem,66,182,606,"10,9%","30,0%"
2924678,Nordeste,Bahia,Piraí do Norte,66,274,1071,"6,2%","25,6%"
3114402,Sudeste,Minas Gerais,Carmo do Rio Claro,66,124,1463,"4,5%","8,5%"
3120151,Sudeste,Minas Gerais,Crisólita,66,223,739,"8,9%","30,2%"
3127073,Sudeste,Minas Gerais,Fruta de Leite,66,155,1078,"6,1%","14,4%"
3133105,Sudeste,Minas Gerais,Itanhandu,66,126,1077,"6,1%","11,7%"
3133204,Sudeste,Minas Gerais,Itanhomi,66,162,1086,"6,1%","14,9%"
3149200,Sudeste,Minas Gerais,Pedrinópolis,66,76,518,"12,7%","14,7%"
3161601,Sudeste,Minas Gerais,São Geraldo da Piedade,66,87,532,"12,4%","16,4%"
3520442,Sudeste,São Paulo,Ilha Solteira,66,102,1040,"6,3%","9,8%"
4107546,Sul,Paraná,Espigão Alto do Iguaçu,66,101,754,"8,8%","13,4%"
4110201,Sul,Paraná,Inácio Martins,66,218,1445,"4,6%","15,1%"
4112207,Sul,Paraná,Janiópolis,66,99,626,"10,5%","15,8%"
4112405,Sul,Paraná,Japurá,66,167,907,"7,3%","18,4%"
4122503,Sul,Paraná,Roncador,66,166,1005,"6,6%","16,5%"
4126207,Sul,Paraná,Sapopema,66,148,998,"6,6%","14,8%"
4126504,Sul,Paraná,Sertanópolis,66,105,1014,"6,5%","10,4%"
4202800,Sul,Santa Catarina,Braço do Norte,66,96,1184,"5,6%","8,1%"
4307609,Sul,Rio Grande do Sul,Estância Velha,66,138,1441,"4,6%","9,6%"
5003108,Centro-Oeste,Mato Grosso do Sul,Corguinho,66,144,799,"8,3%","18,0%"
5005251,Centro-Oeste,Mato Grosso do Sul,Laguna Carapã,66,193,828,"8,0%","23,3%"
5104609,Centro-Oeste,Mato Grosso,Itiquira,66,226,1278,"5,2%","17,7%"
5207253,Centro-Oeste,Goiás,Doverlândia,66,158,805,"8,2%","19,6%"
2105948,Nordeste,Maranhão,Lago dos Rodri- gues,65,243,1203,"5,4%","20,2%"
2205540,Nordeste,Piauí,Lagoinha do Piauí,65,170,689,"9,4%","24,7%"
2208908,Nordeste,Piauí,Ribeiro Gon- çalves,65,155,786,"8,3%","19,7%"
2210938,Nordeste,Piauí,Sussuapara,65,406,1162,"5,6%","34,9%"
2309003,Nordeste,Ceará,Mucambo,65,465,2374,"2,7%","19,6%"
2408805,Nordeste,Rio Grande do Norte,Parazinho,65,148,912,"7,1%","16,2%"
2504850,Nordeste,Paraíba,Coxixola,65,184,513,"12,7%","35,9%"
2616183,Nordeste,Pernambuco,Vertente do Lério,65,357,1770,"3,7%","20,2%"
3114204,Sudeste,Minas Gerais,Carmo do Cajuru,65,104,853,"7,6%","12,2%"
3115474,Sudeste,Minas Gerais,Catuti,65,401,1266,"5,1%","31,7%"
3121308,Sudeste,Minas Gerais,Descoberto,65,134,760,"8,6%","17,6%"
3126000,Sudeste,Minas Gerais,Florestal,65,101,680,"9,6%","14,9%"
3129608,Sudeste,Minas Gerais,Ibiaí,65,232,1129,"5,8%","20,5%"
3131109,Sudeste,Minas Gerais,Inimutaba,65,112,952,"6,8%","11,8%"
3305901,Sudeste,Rio de Janeiro,Trajano de Moraes,65,246,1173,"5,5%","21,0%"
3515400,Sudeste,São Paulo,Fartura,65,120,1673,"3,9%","7,2%"
3555802,Sudeste,São Paulo,Urânia,65,100,780,"8,3%","12,8%"
4105607,Sul,Paraná,Cidade Gaúcha,65,83,659,"9,9%","12,6%"
4125753,Sul,Paraná,São Pedro do Iguaçu,65,141,708,"9,2%","19,9%"
4202453,Sul,Santa Catarina,Bombinhas,65,88,1211,"5,4%","7,3%"
4320909,Sul,Rio Grande do Sul,Tapejara,65,166,1291,"5,0%","12,9%"
5200902,Centro-Oeste,Goiás,Amorinópolis,65,115,587,"11,1%","19,6%"
5203559,Centro-Oeste,Goiás,Bonfinópolis,65,192,1206,"5,4%","15,9%"
5207352,Centro-Oeste,Goiás,Edealina,65,119,568,"11,4%","21,0%"
5220264,Centro-Oeste,Goiás,São Miguel do Passa Quatro,65,78,458,"14,2%","17,0%"
1707553,Norte,Tocantins,Fátima,64,161,472,"13,6%","34,1%"
2203750,Nordeste,Piauí,Fartura do Piauí,64,418,1243,"5,1%","33,6%"
2300507,Nordeste,Ceará,Alcântaras,64,269,1512,"4,2%","17,8%"
2513653,Nordeste,Paraíba,Joca Claudino,64,72,632,"10,1%","11,4%"
2803807,Nordeste,Sergipe,Malhada dos Bois,64,220,812,"7,9%","27,1%"
3104452,Sudeste,Minas Gerais,Aricanduva,64,170,695,"9,2%","24,5%"
3104908,Sudeste,Minas Gerais,Baependi,64,210,1697,"3,8%","12,4%"
3108404,Sudeste,Minas Gerais,Botelhos,64,115,1294,"4,9%","8,9%"
3120839,Sudeste,Minas Gerais,Cuparaque,64,96,492,"13,0%","19,5%"
3304607,Sudeste,Rio de Janeiro,Santa Maria Madalena,64,106,839,"7,6%","12,6%"
3535101,Sudeste,São Paulo,Palmares Paulista,64,77,593,"10,8%","13,0%"
4103503,Sul,Paraná,Califórnia,64,93,949,"6,7%","9,8%"
4110078,Sul,Paraná,Imbaú,64,98,1358,"4,7%","7,2%"
4116802,Sul,Paraná,Nova Cantu,64,125,818,"7,8%","15,3%"
4117800,Sul,Paraná,Palmital,64,223,1680,"3,8%","13,3%"
4120507,Sul,Paraná,Primeiro de Maio,64,123,984,"6,5%","12,5%"
4122909,Sul,Paraná,Salto do Itararé,64,139,769,"8,3%","18,1%"
5203104,Centro-Oeste,Goiás,Baliza,64,143,568,"11,3%","25,2%"
5207501,Centro-Oeste,Goiás,Estrela do Norte,64,120,647,"9,9%","18,5%"
1718881,Norte,Tocantins,Santa Maria do Tocantins,63,161,533,"11,8%","30,2%"
2406403,Nordeste,Rio Grande do Norte,Lagoa de Velhos,63,106,633,"10,0%","16,7%"
3105202,Sudeste,Minas Gerais,Bandeira,63,151,692,"9,1%","21,8%"
3139706,Sudeste,Minas Gerais,Maravilhas,63,113,1083,"5,8%","10,4%"
3150208,Sudeste,Minas Gerais,Piedade de Ponte Nova,63,73,663,"9,5%","11,0%"
3161205,Sudeste,Minas Gerais,São Francisco de Paula,63,113,853,"7,4%","13,2%"
3161809,Sudeste,Minas Gerais,São Gonçalo do Pará,63,105,1190,"5,3%","8,8%"
3165701,Sudeste,Minas Gerais,Senador Firmino,63,134,912,"6,9%","14,7%"
3506706,Sudeste,São Paulo,Boa Esperança do Sul,63,105,993,"6,3%","10,6%"
3519204,Sudeste,São Paulo,Iacri,63,124,647,"9,7%","19,2%"
3527603,Sudeste,São Paulo,Luís Antônio,63,102,847,"7,4%","12,0%"
3532504,Sudeste,São Paulo,Neves Paulista,63,94,842,"7,5%","11,2%"
4100707,Sul,Paraná,Alto Piquiri,63,90,973,"6,5%","9,2%"
4112504,Sul,Paraná,Jardim Alegre,63,167,1419,"4,4%","11,8%"
5103056,Centro-Oeste,Mato Grosso,Cláudia,63,114,1009,"6,2%","11,3%"
5204250,Centro-Oeste,Goiás,Cachoeira Dourada,63,112,978,"6,4%","11,5%"
5205208,Centro-Oeste,Goiás,Caturaí,63,167,832,"7,6%","20,1%"
5220702,Centro-Oeste,Goiás,Sítio d’Abadia,63,187,724,"8,7%","25,8%"
5221551,Centro-Oeste,Goiás,Turvelândia,63,116,589,"10,7%","19,7%"
1703206,Norte,Tocantins,Bernardo Sayão,62,250,720,"8,6%","34,7%"
1712405,Norte,Tocantins,Lizarda,62,216,569,"10,9%","38,0%"
1715150,Norte,Tocantins,Novo Alegre,62,110,326,"19,0%","33,7%"
2207108,Nordeste,Piauí,Olho D’Água do Piauí,62,127,664,"9,3%","19,1%"
2410801,Nordeste,Rio Grande do Norte,Riacho de Santana,62,125,975,"6,4%","12,8%"
2926905,Nordeste,Bahia,Rio do Pires,62,276,1159,"5,3%","23,8%"
3112901,Sudeste,Minas Gerais,Caputira,62,215,1013,"6,1%","21,2%"
3203353,Sudeste,Espírito Santo,Marilândia,62,114,1023,"6,1%","11,1%"
3204500,Sudeste,Espírito Santo,Santa Leopol- dina,62,118,1090,"5,7%","10,8%"
3305133,Sudeste,Rio de Janeiro,São José de Ubá,62,210,1032,"6,0%","20,3%"
3519907,Sudeste,São Paulo,Iepê,62,78,1005,"6,2%","7,8%"
3525201,Sudeste,São Paulo,Jarinu,62,108,1595,"3,9%","6,8%"
4104659,Sul,Paraná,Carambeí,62,175,1745,"3,6%","10,0%"
4125100,Sul,Paraná,São João do Triunfo,62,106,1029,"6,0%","10,3%"
4216800,Sul,Santa Catarina,São José do Cerrito,62,97,883,"7,0%","11,0%"
5007554,Centro-Oeste,Mato Grosso do Sul,Santa Rita do Pardo,62,89,746,"8,3%","11,9%"
1710904,Norte,Tocantins,Itapiratins,61,311,651,"9,4%","47,8%"
1718006,Norte,Tocantins,Porto Alegre do Tocantins,61,169,450,"13,6%","37,6%"
1720259,Norte,Tocantins,São Salvador do Tocantins,61,143,463,"13,2%","30,9%"
2408607,Nordeste,Rio Grande do Norte,Paraná,61,271,1478,"4,1%","18,3%"
3115706,Sudeste,Minas Gerais,Central de Minas,61,144,752,"8,1%","19,1%"
3513702,Sudeste,São Paulo,Descalvado,61,111,1198,"5,1%","9,3%"
4118006,Sul,Paraná,Paraíso do Norte,61,78,684,"8,9%","11,4%"
4123402,Sul,Paraná,Santa Fé,61,95,952,"6,4%","10,0%"
4123709,Sul,Paraná,Santa Isabel do Ivaí,61,102,979,"6,2%","10,4%"
4217204,Sul,Santa Catarina,São Miguel do Oeste,61,115,1522,"4,0%","7,6%"
5209291,Centro-Oeste,Goiás,Guaraíta,61,132,614,"9,9%","21,5%"
5214408,Centro-Oeste,Goiás,Nazário,61,118,873,"7,0%","13,5%"
5218102,Centro-Oeste,Goiás,Portelândia,61,84,506,"12,1%","16,6%"
5218706,Centro-Oeste,Goiás,Rianápolis,61,97,699,"8,7%","13,9%"
2500536,Nordeste,Paraíba,Alcantil,60,193,907,"6,6%","21,3%"
2502201,Nordeste,Paraíba,Bom Jesus,60,66,531,"11,3%","12,4%"
2511103,Nordeste,Paraíba,Pedra Lavrada,60,375,1396,"4,3%","26,9%"
2512762,Nordeste,Paraíba,Riachão do Poço,60,105,851,"7,1%","12,3%"
2514453,Nordeste,Paraíba,São José dos Ramos,60,33,1067,"5,6%","3,1%"
3107505,Sudeste,Minas Gerais,Bom Jardim de Minas,60,171,984,"6,1%","17,4%"
3117836,Sudeste,Minas Gerais,Cônego Marinho,60,86,1316,"4,6%","6,5%"
3122207,Sudeste,Minas Gerais,Divinolândia de Minas,60,169,923,"6,5%","18,3%"
3129004,Sudeste,Minas Gerais,Guiricema,60,145,804,"7,5%","18,0%"
3144359,Sudeste,Minas Gerais,Naque,60,205,1105,"5,4%","18,6%"
3151305,Sudeste,Minas Gerais,Piraúba,60,105,964,"6,2%","10,9%"
3204609,Sudeste,Espírito Santo,Santa Teresa,60,129,1195,"5,0%","10,8%"
3500501,Sudeste,São Paulo,Águas de Lindóia,60,72,941,"6,4%","7,7%"
3505351,Sudeste,São Paulo,Barra do Cha- péu,60,212,1015,"5,9%","20,9%"
3506904,Sudeste,São Paulo,Bofete,60,128,1108,"5,4%","11,6%"
3507704,Sudeste,São Paulo,Braúna,60,71,463,"13,0%","15,3%"
3526001,Sudeste,São Paulo,Junqueirópolis,60,160,1107,"5,4%","14,5%"
4108551,Sul,Paraná,Godoy Moreira,60,80,523,"11,5%","15,3%"
4109203,Sul,Paraná,Guaraci,60,83,593,"10,1%","14,0%"
4115408,Sul,Paraná,Marmeleiro,60,105,1525,"3,9%","6,9%"
4306502,Sul,Rio Grande do Sul,Dom Feliciano,60,130,886,"6,8%","14,7%"
4308508,Sul,Rio Grande do Sul,Frederico Wes- tphalen,60,129,1455,"4,1%","8,9%"
5106265,Centro-Oeste,Mato Grosso,Novo Mundo,60,147,906,"6,6%","16,2%"
5108501,Centro-Oeste,Mato Grosso,Vera,60,128,1490,"4,0%","8,6%"
5215207,Centro-Oeste,Goiás,Novo Brasil,60,102,488,"12,3%","20,9%"
5221304,Centro-Oeste,Goiás,Três Ranchos,60,115,466,"12,9%","24,7%"
2408706,Nordeste,Rio Grande do Norte,Paraú,59,187,770,"7,7%","24,3%"
2506608,Nordeste,Paraíba,Ibiara,59,302,1111,"5,3%","27,2%"
2918605,Nordeste,Bahia,Jussiape,59,246,1179,"5,0%","20,9%"
3111804,Sudeste,Minas Gerais,Canápolis,59,110,797,"7,4%","13,8%"
3116001,Sudeste,Minas Gerais,Chalé,59,130,696,"8,5%","18,7%"
3116704,Sudeste,Minas Gerais,Coimbra,59,121,829,"7,1%","14,6%"
3134301,Sudeste,Minas Gerais,Itumirim,59,83,632,"9,3%","13,1%"
3152170,Sudeste,Minas Gerais,Ponto dos Volantes,59,234,1023,"5,8%","22,9%"
3170305,Sudeste,Minas Gerais,Umburatiba,59,69,297,"19,9%","23,2%"
3170503,Sudeste,Minas Gerais,Urucânia,59,99,781,"7,6%","12,7%"
3528908,Sudeste,São Paulo,Mariápolis,59,67,393,"15,0%","17,0%"
3553005,Sudeste,São Paulo,Taguaí,59,140,1193,"4,9%","11,7%"
4124608,Sul,Paraná,São Carlos do Ivaí,59,114,706,"8,4%","16,1%"
4126900,Sul,Paraná,Tapira,59,99,605,"9,8%","16,4%"
4300109,Sul,Rio Grande do Sul,Agudo,59,138,849,"6,9%","16,3%"
5000807,Centro-Oeste,Mato Grosso do Sul,Anaurilândia,59,84,839,"7,0%","10,0%"
5108956,Centro-Oeste,Mato Grosso,Nova Monte Verde,59,131,959,"6,2%","13,7%"
5209606,Centro-Oeste,Goiás,Heitoraí,59,188,706,"8,4%","26,6%"
2209351,Nordeste,Piauí,Santana do Piauí,58,141,608,"9,5%","23,2%"
2921906,Nordeste,Bahia,Mucugê,58,235,1631,"3,6%","14,4%"
3103009,Sudeste,Minas Gerais,Antônio Dias,58,119,1166,"5,0%","10,2%"
3159001,Sudeste,Minas Gerais,Santana do Riacho,58,94,499,"11,6%","18,8%"
3160801,Sudeste,Minas Gerais,São Bento Abade,58,94,600,"9,7%","15,7%"
3161700,Sudeste,Minas Gerais,São Gonçalo do Abaeté,58,74,667,"8,7%","11,1%"
3162658,Sudeste,Minas Gerais,São João do Pacuí,58,173,855,"6,8%","20,2%"
3204559,Sudeste,Espírito Santo,Santa Maria de Jetibá,58,142,2048,"2,8%","6,9%"
4100103,Sul,Paraná,Abatiá,58,107,790,"7,3%","13,5%"
4117214,Sul,Paraná,Nova Santa Bárbara,58,111,694,"8,4%","16,0%"
4127205,Sul,Paraná,Terra Boa,58,87,739,"7,8%","11,8%"
4204558,Sul,Santa Catarina,Correia Pinto,58,158,1393,"4,2%","11,3%"
4218905,Sul,Santa Catarina,Urubici,58,68,912,"6,4%","7,5%"
4301008,Sul,Rio Grande do Sul,Arroio do Meio,58,75,1600,"3,6%","4,7%"
5103957,Centro-Oeste,Mato Grosso,Glória D’Oeste,58,80,481,"12,1%","16,6%"
5202809,Centro-Oeste,Goiás,Avelinópolis,58,89,518,"11,2%","17,2%"
5212600,Centro-Oeste,Goiás,Mairipotaba,58,100,465,"12,5%","21,5%"
5215009,Centro-Oeste,Goiás,Nova Veneza,58,222,1172,"4,9%","18,9%"
1713957,Norte,Tocantins,Muricilândia,57,223,638,"8,9%","35,0%"
2500577,Nordeste,Paraíba,Algodão de Jandaíra,57,81,609,"9,4%","13,3%"
2505501,Nordeste,Paraíba,Vista Serrana,57,122,658,"8,7%","18,5%"
2512747,Nordeste,Paraíba,Riachão,57,161,516,"11,0%","31,2%"
2515203,Nordeste,Paraíba,São Sebastião do Umbuzeiro,57,150,726,"7,9%","20,7%"
2920304,Nordeste,Bahia,Malhada de Pedras,57,271,1539,"3,7%","17,6%"
3114808,Sudeste,Minas Gerais,Carvalhos,57,238,732,"7,8%","32,5%"
3123858,Sudeste,Minas Gerais,Entre Folhas,57,157,712,"8,0%","22,1%"
3144201,Sudeste,Minas Gerais,Nacip Raydan,57,61,492,"11,6%","12,4%"
3157252,Sudeste,Minas Gerais,Santa Bárbara do Leste,57,290,1314,"4,3%","22,1%"
3302056,Sudeste,Rio de Janeiro,Italva,57,235,1257,"4,5%","18,7%"
3504206,Sudeste,São Paulo,Auriflama,57,87,695,"8,2%","12,5%"
3506300,Sudeste,São Paulo,Bernardino de Campos,57,81,1257,"4,5%","6,4%"
3512605,Sudeste,São Paulo,Coronel Macedo,57,104,734,"7,8%","14,2%"
3512902,Sudeste,São Paulo,Cosmorama,57,74,847,"6,7%","8,7%"
3538204,Sudeste,São Paulo,Pinhalzinho,57,94,1126,"5,1%","8,3%"
3553955,Sudeste,São Paulo,Tarumã,57,112,988,"5,8%","11,3%"
4202057,Sul,Santa Catarina,Balneário Barra do Sul,57,91,1007,"5,7%","9,0%"
4202073,Sul,Santa Catarina,Balneário Gaivota,57,95,1290,"4,4%","7,4%"
4321436,Sul,Rio Grande do Sul,Terra de Areia,57,85,951,"6,0%","8,9%"
5108204,Centro-Oeste,Mato Grosso,Torixoréu,57,120,576,"9,9%","20,8%"
1101203,Norte,Rondônia,Ministro An- dreazza,56,301,794,"7,1%","37,9%"
2401602,Nordeste,Rio Grande do Norte,Bento Fernan- des,56,95,1029,"5,4%","9,2%"
2411908,Nordeste,Rio Grande do Norte,São Francisco do Oeste,56,170,697,"8,0%","24,4%"
2414159,Nordeste,Rio Grande do Norte,Tenente Lauren- tino Cruz,56,116,1068,"5,2%","10,9%"
2505907,Nordeste,Paraíba,Emas,56,52,602,"9,3%","8,6%"
2507705,Nordeste,Paraíba,Juazeirinho,56,551,2694,"2,1%","20,5%"
2510709,Nordeste,Paraíba,Passagem,56,18,684,"8,2%","2,6%"
3100401,Sudeste,Minas Gerais,Acaiaca,56,74,466,"12,0%","15,9%"
3101904,Sudeste,Minas Gerais,Alpinópolis,56,158,1246,"4,5%","12,7%"
3114550,Sudeste,Minas Gerais,Carneirinho,56,63,610,"9,2%","10,3%"
3116308,Sudeste,Minas Gerais,Cipotânea,56,185,831,"6,7%","22,3%"
3139805,Sudeste,Minas Gerais,Mar de Espanha,56,91,1004,"5,6%","9,1%"
3149150,Sudeste,Minas Gerais,Pedras de Maria da Cruz,56,173,1202,"4,7%","14,4%"
3158805,Sudeste,Minas Gerais,Santana do Jacaré,56,167,612,"9,2%","27,3%"
3172103,Sudeste,Minas Gerais,Volta Grande,56,75,536,"10,4%","14,0%"
3204401,Sudeste,Espírito Santo,Rio Novo do Sul,56,98,874,"6,4%","11,2%"
3532009,Sudeste,São Paulo,Morungaba,56,74,840,"6,7%","8,8%"
3539400,Sudeste,São Paulo,Piratininga,56,146,864,"6,5%","16,9%"
3546603,Sudeste,São Paulo,Santa Fé do Sul,56,84,1322,"4,2%","6,4%"
3552700,Sudeste,São Paulo,Tabatinga,56,104,641,"8,7%","16,2%"
4102604,Sul,Paraná,Barracão,56,108,906,"6,2%","11,9%"
4113452,Sul,Paraná,Lindoeste,56,78,776,"7,2%","10,1%"
4121752,Sul,Paraná,Reserva do Iguaçu,56,93,961,"5,8%","9,7%"
4127908,Sul,Paraná,Tuneiras do Oeste,56,127,763,"7,3%","16,6%"
4305124,Sul,Rio Grande do Sul,Cerrito,56,112,533,"10,5%","21,0%"
5007976,Centro-Oeste,Mato Grosso do Sul,Taquarussu,56,114,643,"8,7%","17,7%"
5108006,Centro-Oeste,Mato Grosso,Tapurah,56,150,1061,"5,3%","14,1%"
5206503,Centro-Oeste,Goiás,Cromínia,56,128,595,"9,4%","21,5%"
5215900,Centro-Oeste,Goiás,Palminópolis,56,84,515,"10,9%","16,3%"
5218789,Centro-Oeste,Goiás,Rio Quente,56,77,713,"7,9%","10,8%"
2210375,Nordeste,Piauí,São Luis do Piauí,55,114,500,"11,0%","22,8%"
2701100,Nordeste,Alagoas,Branquinha,55,336,1503,"3,7%","22,4%"
3163508,Sudeste,Minas Gerais,São José do Jacuri,55,229,789,"7,0%","29,0%"
3203346,Sudeste,Espírito Santo,Marechal Floriano,55,77,1170,"4,7%","6,6%"
3517505,Sudeste,São Paulo,Guapiaçu,55,102,1006,"5,5%","10,1%"
3519006,Sudeste,São Paulo,Herculândia,55,249,1161,"4,7%","21,4%"
3535002,Sudeste,São Paulo,Palestina,55,142,819,"6,7%","17,3%"
4101606,Sul,Paraná,Arapoti,55,124,1427,"3,9%","8,7%"
4110102,Sul,Paraná,Imbituva,55,230,2715,"2,0%","8,5%"
4203501,Sul,Santa Catarina,Campo Erê,55,169,930,"5,9%","18,2%"
4205456,Sul,Santa Catarina,Forquilhinha,55,73,1123,"4,9%","6,5%"
4215703,Sul,Santa Catarina,Santo Amaro da Imperatriz,55,76,989,"5,6%","7,7%"
4301875,Sul,Rio Grande do Sul,Barra do Quaraí,55,80,584,"9,4%","13,7%"
4306973,Sul,Rio Grande do Sul,Erebango,55,76,425,"12,9%","17,9%"
5220686,Centro-Oeste,Goiás,Simolândia,55,209,945,"5,8%","22,1%"
2104503,Nordeste,Maranhão,Governador Archer,54,219,1356,"4,0%","16,2%"
2106003,Nordeste,Maranhão,Lima Campos,54,352,1881,"2,9%","18,7%"
2110237,Nordeste,Maranhão,Santana do Maranhão,54,233,1266,"4,3%","18,4%"
2209559,Nordeste,Piauí,São Braz do Piauí,54,140,1219,"4,4%","11,5%"
2806008,Nordeste,Sergipe,Ribeirópolis,54,810,2514,"2,1%","32,2%"
2907558,Nordeste,Bahia,Caturama,54,302,1387,"3,9%","21,8%"
3127388,Sudeste,Minas Gerais,Goianá,54,86,702,"7,7%","12,3%"
3128303,Sudeste,Minas Gerais,Guaranésia,54,229,1489,"3,6%","15,4%"
3138005,Sudeste,Minas Gerais,Laranjal,54,134,717,"7,5%","18,7%"
3165305,Sudeste,Minas Gerais,São Vicente de Minas,54,167,769,"7,0%","21,7%"
3166501,Sudeste,Minas Gerais,Serra Azul de Minas,54,112,681,"7,9%","16,4%"
3200300,Sudeste,Espírito Santo,Alfredo Chaves,54,111,1031,"5,2%","10,8%"
3202553,Sudeste,Espírito Santo,Ibitirama,54,283,1457,"3,7%","19,4%"
3204351,Sudeste,Espírito Santo,Rio Bananal,54,118,1296,"4,2%","9,1%"
3510708,Sudeste,São Paulo,Cardoso,54,84,792,"6,8%","10,6%"
3520905,Sudeste,São Paulo,Ipaussu,54,100,992,"5,4%","10,1%"
3523008,Sudeste,São Paulo,Itapura,54,80,674,"8,0%","11,9%"
3529807,Sudeste,São Paulo,Mineiros do Tietê,54,117,938,"5,8%","12,5%"
3539905,Sudeste,São Paulo,Poloni,54,76,671,"8,0%","11,3%"
3541208,Sudeste,São Paulo,Presidente Bernardes,54,130,802,"6,7%","16,2%"
3550001,Sudeste,São Paulo,São Luiz do Paraitinga,54,97,801,"6,7%","12,1%"
3556008,Sudeste,São Paulo,Urupês,54,106,642,"8,4%","16,5%"
4112959,Sul,Paraná,Juranda,54,138,769,"7,0%","17,9%"
4127882,Sul,Paraná,Tunas do Paraná,54,107,904,"6,0%","11,8%"
4311429,Sul,Rio Grande do Sul,Lajeado do Bugre,54,173,488,"11,1%","35,5%"
4314209,Sul,Rio Grande do Sul,Pedro Osório,54,84,949,"5,7%","8,9%"
5106158,Centro-Oeste,Mato Grosso,Nova Bandei- rantes,54,171,1660,"3,3%","10,3%"
5200209,Centro-Oeste,Goiás,Água Limpa,54,78,453,"11,9%","17,2%"
2209153,Nordeste,Piauí,Santa Cruz dos Milagres,53,81,360,"14,7%","22,5%"
2516151,Nordeste,Paraíba,Sossêgo,53,244,1005,"5,3%","24,3%"
2804458,Nordeste,Sergipe,Nossa Senhora Aparecida,53,498,1546,"3,4%","32,2%"
2916708,Nordeste,Bahia,Itaquara,53,254,1078,"4,9%","23,6%"
3108305,Sudeste,Minas Gerais,Borda da Mata,53,149,1616,"3,3%","9,2%"
3110905,Sudeste,Minas Gerais,Campanha,53,163,1442,"3,7%","11,3%"
3115805,Sudeste,Minas Gerais,Centralina,53,287,1150,"4,6%","25,0%"
3136579,Sudeste,Minas Gerais,Josenópolis,53,174,584,"9,1%","29,8%"
3157377,Sudeste,Minas Gerais,Santa Cruz de Salinas,53,175,778,"6,8%","22,5%"
3164605,Sudeste,Minas Gerais,São Sebastião do Oeste,53,80,783,"6,8%","10,2%"
3171071,Sudeste,Minas Gerais,Veredinha,53,225,822,"6,4%","27,4%"
3202652,Sudeste,Espírito Santo,Irupi,53,121,1520,"3,5%","8,0%"
3543105,Sudeste,São Paulo,Ribeirão Cor- rente,53,65,521,"10,2%","12,5%"
3543501,Sudeste,São Paulo,Riversul,53,182,1080,"4,9%","16,9%"
3544004,Sudeste,São Paulo,Rio das Pedras,53,62,846,"6,3%","7,3%"
4103008,Sul,Paraná,Boa Esperança,53,75,426,"12,4%","17,6%"
4103305,Sul,Paraná,Borrazópolis,53,97,709,"7,5%","13,7%"
4104451,Sul,Paraná,Cantagalo,53,90,1087,"4,9%","8,3%"
4106555,Sul,Paraná,Corumbataí do Sul,53,105,603,"8,8%","17,4%"
4108502,Sul,Paraná,General Carneiro,53,197,1630,"3,3%","12,1%"
4109302,Sul,Paraná,Guaraniaçu,53,84,1033,"5,1%","8,1%"
4113601,Sul,Paraná,Lobato,53,75,534,"9,9%","14,0%"
4213500,Sul,Santa Catarina,Porto Belo,53,96,1062,"5,0%","9,0%"
4217709,Sul,Santa Catarina,Sombrio,53,93,1464,"3,6%","6,4%"
4313904,Sul,Rio Grande do Sul,Panambi,53,66,1132,"4,7%","5,8%"
4321808,Sul,Rio Grande do Sul,Três de Maio,53,121,1461,"3,6%","8,3%"
5003900,Centro-Oeste,Mato Grosso do Sul,Figueirão,53,80,590,"9,0%","13,6%"
5102793,Centro-Oeste,Mato Grosso,Carlinda,53,74,979,"5,4%","7,6%"
1703891,Norte,Tocantins,Carrasco Bonito,52,274,482,"10,8%","56,8%"
1718402,Norte,Tocantins,Presidente Kennedy,52,208,559,"9,3%","37,2%"
2411007,Nordeste,Rio Grande do Norte,Rodolfo Fer- nandes,52,185,777,"6,7%","23,8%"
2512200,Nordeste,Paraíba,Prata,52,182,763,"6,8%","23,9%"
2908804,Nordeste,Bahia,Contendas do Sincorá,52,215,833,"6,2%","25,8%"
3126752,Sudeste,Minas Gerais,Franciscópolis,52,183,753,"6,9%","24,3%"
3145851,Sudeste,Minas Gerais,Oratórios,52,73,441,"11,8%","16,6%"
3155306,Sudeste,Minas Gerais,Rio Manso,52,111,477,"10,9%","23,3%"
3165909,Sudeste,Minas Gerais,Senador Modes- tino Gonçalves,52,173,664,"7,8%","26,1%"
3166006,Sudeste,Minas Gerais,Senhora de Oliveira,52,151,513,"10,1%","29,4%"
3521507,Sudeste,São Paulo,Irapuã,52,88,581,"9,0%","15,1%"
3528106,Sudeste,São Paulo,Macaubal,52,127,839,"6,2%","15,1%"
3532306,Sudeste,São Paulo,Natividade da Serra,52,83,570,"9,1%","14,6%"
4116703,Sul,Paraná,Nova Aurora,52,109,800,"6,5%","13,6%"
4124020,Sul,Paraná,Santa Tereza do Oeste,52,228,1646,"3,2%","13,9%"
4312104,Sul,Rio Grande do Sul,Mata,52,95,391,"13,3%","24,3%"
4317004,Sul,Rio Grande do Sul,Santana da Boa Vista,52,236,1029,"5,1%","22,9%"
4320206,Sul,Rio Grande do Sul,Seberi,52,157,1064,"4,9%","14,8%"
5004908,Centro-Oeste,Mato Grosso do Sul,Jaraguari,52,63,638,"8,2%","9,9%"
5203939,Centro-Oeste,Goiás,Buriti de Goiás,52,100,416,"12,5%","24,0%"
1100379,Norte,Rondônia,Alto Alegre dos Parecis,51,155,837,"6,1%","18,5%"
2210979,Nordeste,Piauí,Tanque do Piauí,51,58,530,"9,6%","10,9%"
2412401,Nordeste,Rio Grande do Norte,São José do Seridó,51,147,944,"5,4%","15,6%"
2515971,Nordeste,Paraíba,Sobrado,51,42,1796,"2,8%","2,3%"
2517100,Nordeste,Paraíba,Várzea,51,60,442,"11,5%","13,6%"
3102852,Sudeste,Minas Gerais,Angelândia,51,175,1069,"4,8%","16,4%"
3112406,Sudeste,Minas Gerais,Capetinga,51,62,736,"6,9%","8,4%"
3121902,Sudeste,Minas Gerais,Divinésia,51,70,539,"9,5%","13,0%"
3129707,Sudeste,Minas Gerais,Ibiraci,51,64,977,"5,2%","6,6%"
3131604,Sudeste,Minas Gerais,Iraí de Minas,51,64,677,"7,5%","9,5%"
3157708,Sudeste,Minas Gerais,Santa Juliana,51,69,883,"5,8%","7,8%"
3167707,Sudeste,Minas Gerais,Sobrália,51,140,709,"7,2%","19,7%"
3201704,Sudeste,Espírito Santo,Conceição do Castelo,51,97,985,"5,2%","9,8%"
3204955,Sudeste,Espírito Santo,São Roque do Canaã,51,120,1021,"5,0%","11,8%"
3525607,Sudeste,São Paulo,João Ramalho,51,56,411,"12,4%","13,6%"
4108650,Sul,Paraná,Goioxim,51,151,875,"5,8%","17,3%"
4202503,Sul,Santa Catarina,Bom Jardim da Serra,51,63,474,"10,8%","13,3%"
4312450,Sul,Rio Grande do Sul,Morro Redondo,51,111,752,"6,8%","14,8%"
4319158,Sul,Rio Grande do Sul,São Miguel das Missões,51,180,593,"8,6%","30,4%"
5202353,Centro-Oeste,Goiás,Arenópolis,51,101,527,"9,7%","19,2%"
5211701,Centro-Oeste,Goiás,Jandaia,51,91,519,"9,8%","17,5%"
5219738,Centro-Oeste,Goiás,Santo Antônio de Goiás,51,159,1000,"5,1%","15,9%"
1711100,Norte,Tocantins,Itaporã do Tocantins,50,164,397,"12,6%","41,3%"
2204204,Nordeste,Piauí,Francisco Santos,50,313,1371,"3,6%","22,8%"
2401651,Nordeste,Rio Grande do Norte,Bodó,50,105,656,"7,6%","16,0%"
3117801,Sudeste,Minas Gerais,Conceição dos Ouros,50,118,1012,"4,9%","11,7%"
3125903,Sudeste,Minas Gerais,Ferros,50,191,892,"5,6%","21,4%"
3133006,Sudeste,Minas Gerais,Itamonte,50,117,1272,"3,9%","9,2%"
3150703,Sudeste,Minas Gerais,Pirajuba,50,130,585,"8,5%","22,2%"
3152131,Sudeste,Minas Gerais,Ponto Chique,50,141,493,"10,1%","28,6%"
3200136,Sudeste,Espírito Santo,Águia Branca,50,141,952,"5,3%","14,8%"
3524204,Sudeste,São Paulo,Jaborandi,50,130,772,"6,5%","16,8%"
3526605,Sudeste,São Paulo,Lavrinhas,50,73,703,"7,1%","10,4%"
3555109,Sudeste,São Paulo,Tupi Paulista,50,131,794,"6,3%","16,5%"
4101002,Sul,Paraná,Ampére,50,113,1423,"3,5%","7,9%"
4111407,Sul,Paraná,Ivaí,50,121,1251,"4,0%","9,7%"
4123956,Sul,Paraná,Santa Mônica,50,83,473,"10,6%","17,5%"
4128559,Sul,Paraná,Vera Cruz do Oeste,50,69,895,"5,6%","7,7%"
4305173,Sul,Rio Grande do Sul,Cerro Grande do Sul,50,155,753,"6,6%","20,6%"
4316105,Sul,Rio Grande do Sul,Ronda Alta,50,120,897,"5,6%","13,4%"
4323457,Sul,Rio Grande do Sul,Vila Nova do Sul,50,223,703,"7,1%","31,7%"
5206701,Centro-Oeste,Goiás,Damianópolis,50,120,584,"8,6%","20,5%"
5211305,Centro-Oeste,Goiás,Itarumã,50,117,900,"5,6%","13,0%"
1101559,Norte,Rondônia,Teixeirópolis,49,205,577,"8,5%","35,5%"
1703826,Norte,Tocantins,Cachoeirinha,49,92,402,"12,2%","22,9%"
1703867,Norte,Tocantins,Cariri do To- cantins,49,133,635,"7,7%","20,9%"
1715259,Norte,Tocantins,Novo Jardim,49,246,522,"9,4%","47,1%"
2104073,Nordeste,Maranhão,Feira Nova do Maranhão,49,274,1316,"3,7%","20,8%"
2109759,Nordeste,Maranhão,Santa Filomena do Maranhão,49,187,954,"5,1%","19,6%"
2203404,Nordeste,Piauí,Dom Expedito Lopes,49,323,1384,"3,5%","23,3%"
2301505,Nordeste,Ceará,Arneiroz,49,196,845,"5,8%","23,2%"
2414308,Nordeste,Rio Grande do Norte,Timbaúba dos Batistas,49,117,358,"13,7%","32,7%"
2502052,Nordeste,Paraíba,Bernardino Batista,49,67,712,"6,9%","9,4%"
2514651,Nordeste,Paraíba,São José do Brejo do Cruz,49,35,348,"14,1%","10,1%"
2806503,Nordeste,Sergipe,Santa Rosa de Lima,49,120,653,"7,5%","18,4%"
3111705,Sudeste,Minas Gerais,Canaã,49,161,642,"7,6%","25,1%"
3122603,Sudeste,Minas Gerais,Dom Joaquim,49,93,520,"9,4%","17,9%"
3130606,Sudeste,Minas Gerais,Inconfidentes,49,120,1003,"4,9%","12,0%"
3131406,Sudeste,Minas Gerais,Ipiaçu,49,105,512,"9,6%","20,5%"
3144508,Sudeste,Minas Gerais,Nazareno,49,95,620,"7,9%","15,3%"
3159506,Sudeste,Minas Gerais,Santa Rita do Itueto,49,169,697,"7,0%","24,2%"
3161304,Sudeste,Minas Gerais,São Francisco de Sales,49,97,627,"7,8%","15,5%"
3545407,Sudeste,São Paulo,Salto Grande,49,81,671,"7,3%","12,1%"
3547007,Sudeste,São Paulo,Santa Maria da Serra,49,60,563,"8,7%","10,7%"
3556800,Sudeste,São Paulo,Viradouro,49,68,923,"5,3%","7,4%"
4110300,Sul,Paraná,Inajá,49,69,462,"10,6%","14,9%"
4305009,Sul,Rio Grande do Sul,Catuípe,49,123,631,"7,8%","19,5%"
4310405,Sul,Rio Grande do Sul,Independência,49,65,690,"7,1%","9,4%"
5105580,Centro-Oeste,Mato Grosso,Marcelândia,49,229,1631,"3,0%","14,0%"
5203962,Centro-Oeste,Goiás,Buritinópolis,49,129,592,"8,3%","21,8%"
5212055,Centro-Oeste,Goiás,Jesúpolis,49,92,459,"10,7%","20,0%"
5213707,Centro-Oeste,Goiás,Montes Claros de Goiás,49,83,849,"5,8%","9,8%"
1713700,Norte,Tocantins,Monte Santo do Tocantins,48,173,446,"10,8%","38,8%"
1718659,Norte,Tocantins,Rio da Con- ceição,48,159,331,"14,5%","48,0%"
2201739,Nordeste,Piauí,Betânia do Piauí,48,241,930,"5,2%","25,9%"
2402402,Nordeste,Rio Grande do Norte,Carnaúba dos Dantas,48,170,1057,"4,5%","16,1%"
2414456,Nordeste,Rio Grande do Norte,Triunfo Potiguar,48,151,851,"5,6%","17,7%"
2513968,Nordeste,Paraíba,São Domingos,48,125,519,"9,2%","24,1%"
3114105,Sudeste,Minas Gerais,Carmo de Minas,48,147,1234,"3,9%","11,9%"
3117876,Sudeste,Minas Gerais,Confins,48,87,456,"10,5%","19,1%"
3124807,Sudeste,Minas Gerais,Estrela do Sul,48,83,603,"8,0%","13,8%"
3125507,Sudeste,Minas Gerais,São Gonçalo do Rio Preto,48,75,506,"9,5%","14,8%"
3137106,Sudeste,Minas Gerais,Lagamar,48,97,684,"7,0%","14,2%"
3138708,Sudeste,Minas Gerais,Luminárias,48,130,806,"6,0%","16,1%"
3202603,Sudeste,Espírito Santo,Iconha,48,143,982,"4,9%","14,6%"
3503406,Sudeste,São Paulo,Arealva,48,71,964,"5,0%","7,4%"
3525805,Sudeste,São Paulo,Júlio Mesquita,48,86,398,"12,1%","21,6%"
3536604,Sudeste,São Paulo,Paulo de Faria,48,172,721,"6,7%","23,9%"
3550506,Sudeste,São Paulo,São Pedro do Turvo,48,138,856,"5,6%","16,1%"
4108700,Sul,Paraná,Grandes Rios,48,97,658,"7,3%","14,7%"
4203402,Sul,Santa Catarina,Campo Belo do Sul,48,101,708,"6,8%","14,3%"
4308805,Sul,Rio Grande do Sul,General Câmara,48,91,952,"5,0%","9,6%"
4313490,Sul,Rio Grande do Sul,Novo Barreiro,48,103,466,"10,3%","22,1%"
5105234,Centro-Oeste,Mato Grosso,Lambari D’Oeste,48,104,706,"6,8%","14,7%"
5107776,Centro-Oeste,Mato Grosso,Santa Terezinha,48,283,1222,"3,9%","23,2%"
5107792,Centro-Oeste,Mato Grosso,Santo Antônio do Leste,48,65,479,"10,0%","13,6%"
5108352,Centro-Oeste,Mato Grosso,Vale de São Domingos,48,71,474,"10,1%","15,0%"
5203575,Centro-Oeste,Goiás,Bonópolis,48,120,663,"7,2%","18,1%"
5210307,Centro-Oeste,Goiás,Israelândia,48,118,461,"10,4%","25,6%"
5215504,Centro-Oeste,Goiás,Ouvidor,48,85,1101,"4,4%","7,7%"
5221502,Centro-Oeste,Goiás,Turvânia,48,88,569,"8,4%","15,5%"
1718451,Norte,Tocantins,Pugmil,47,139,364,"12,9%","38,2%"
1721257,Norte,Tocantins,Tupirama,47,75,283,"16,6%","26,5%"
2307205,Nordeste,Ceará,Jati,47,250,1162,"4,0%","21,5%"
2503753,Nordeste,Paraíba,Cajazeirinhas,47,79,981,"4,8%","8,1%"
2504355,Nordeste,Paraíba,Caturité,47,292,1241,"3,8%","23,5%"
2514404,Nordeste,Paraíba,São José de Espinharas,47,166,743,"6,3%","22,3%"
3108206,Sudeste,Minas Gerais,Bonfinópolis de Minas,47,93,611,"7,7%","15,2%"
3109105,Sudeste,Minas Gerais,Bueno Brandão,47,133,1493,"3,1%","8,9%"
3109253,Sudeste,Minas Gerais,Bugre,47,132,711,"6,6%","18,6%"
3130051,Sudeste,Minas Gerais,Icaraí de Minas,47,283,1478,"3,2%","19,1%"
3139250,Sudeste,Minas Gerais,Mamonas,47,259,837,"5,6%","30,9%"
3155207,Sudeste,Minas Gerais,Rio Espera,47,87,425,"11,1%","20,5%"
3155405,Sudeste,Minas Gerais,Rio Novo,47,71,837,"5,6%","8,5%"
3160009,Sudeste,Minas Gerais,Santo Antônio do Aventureiro,47,65,445,"10,6%","14,6%"
3160603,Sudeste,Minas Gerais,Santo Hipólito,47,54,420,"11,2%","12,9%"
3161403,Sudeste,Minas Gerais,São Francisco do Glória,47,115,664,"7,1%","17,3%"
3165404,Sudeste,Minas Gerais,Sapucaí-Mirim,47,137,912,"5,2%","15,0%"
3523800,Sudeste,São Paulo,Itobi,47,67,579,"8,1%","11,6%"
3532702,Sudeste,São Paulo,Nipoã,47,68,467,"10,1%","14,6%"
4108908,Sul,Paraná,Guairaçá,47,92,651,"7,2%","14,1%"
4128534,Sul,Paraná,Ventania,47,88,739,"6,4%","11,9%"
4300059,Sul,Rio Grande do Sul,Água Santa,47,69,247,"19,0%","27,9%"
4323101,Sul,Rio Grande do Sul,Vicente Dutra,47,141,674,"7,0%","20,9%"
5104542,Centro-Oeste,Mato Grosso,Itanhangá,47,115,719,"6,5%","16,0%"
5210802,Centro-Oeste,Goiás,Itajá,47,85,818,"5,7%","10,4%"
5215256,Centro-Oeste,Goiás,Novo Planalto,47,134,765,"6,1%","17,5%"
1706258,Norte,Tocantins,Crixás do Tocantins,46,100,331,"13,9%","30,2%"
2105807,Nordeste,Maranhão,Lago do Junco,46,192,1026,"4,5%","18,7%"
2210631,Nordeste,Piauí,Sebastião Leal,46,214,883,"5,2%","24,2%"
2409605,Nordeste,Rio Grande do Norte,Pedra Preta,46,88,471,"9,8%","18,7%"
2703502,Nordeste,Alagoas,Jacuípe,46,246,1178,"3,9%","20,9%"
3107901,Sudeste,Minas Gerais,Bom Repouso,46,117,1352,"3,4%","8,7%"
3120201,Sudeste,Minas Gerais,Cristais,46,94,936,"4,9%","10,0%"
3123106,Sudeste,Minas Gerais,Dores de Gua- nhães,46,131,618,"7,4%","21,2%"
3150539,Sudeste,Minas Gerais,Pingo-d’Água,46,135,754,"6,1%","17,9%"
3152709,Sudeste,Minas Gerais,Prados,46,106,786,"5,9%","13,5%"
3155009,Sudeste,Minas Gerais,Rio Doce,46,52,377,"12,2%","13,8%"
3165008,Sudeste,Minas Gerais,São Tiago,46,143,949,"4,8%","15,1%"
3166204,Sudeste,Minas Gerais,Senhora dos Remédios,46,221,960,"4,8%","23,0%"
3503000,Sudeste,São Paulo,Aramina,46,65,383,"12,0%","17,0%"
3505807,Sudeste,São Paulo,Bastos,46,168,1462,"3,1%","11,5%"
3511201,Sudeste,São Paulo,Catiguá,46,73,561,"8,2%","13,0%"
3521408,Sudeste,São Paulo,Iracemápolis,46,68,779,"5,9%","8,7%"
3525508,Sudeste,São Paulo,Joanópolis,46,74,1058,"4,3%","7,0%"
3536000,Sudeste,São Paulo,Parapuã,46,153,865,"5,3%","17,7%"
3556107,Sudeste,São Paulo,Valentim Gentil,46,106,1195,"3,8%","8,9%"
4103370,Sul,Paraná,Brasilândia do Sul,46,59,413,"11,1%","14,3%"
4115606,Sul,Paraná,Matelândia,46,75,1010,"4,6%","7,4%"
4120333,Sul,Paraná,Prado Ferreira,46,61,455,"10,1%","13,4%"
4124004,Sul,Paraná,Santana do Itararé,46,81,662,"6,9%","12,2%"
4124806,Sul,Paraná,São João,46,88,896,"5,1%","9,8%"
4216305,Sul,Santa Catarina,São João Batista,46,99,1553,"3,0%","6,4%"
4303400,Sul,Rio Grande do Sul,Caiçara,46,107,449,"10,2%","23,8%"
4304689,Sul,Rio Grande do Sul,Capela de Santana,46,55,980,"4,7%","5,6%"
4311122,Sul,Rio Grande do Sul,Jaquirana,46,53,525,"8,8%","10,1%"
4322533,Sul,Rio Grande do Sul,Vale do Sol,46,139,777,"5,9%","17,9%"
5208103,Centro-Oeste,Goiás,Formoso,46,128,666,"6,9%","19,2%"
5209150,Centro-Oeste,Goiás,Gouvelândia,46,107,571,"8,1%","18,7%"
5210562,Centro-Oeste,Goiás,Itaguari,46,101,732,"6,3%","13,8%"
1712454,Norte,Tocantins,Luzinópolis,45,124,455,"9,9%","27,3%"
2112001,Nordeste,Maranhão,Tasso Fragoso,45,155,1210,"3,7%","12,8%"
2202075,Nordeste,Piauí,Cajazeiras do Piauí,45,134,462,"9,7%","29,0%"
2406809,Nordeste,Rio Grande do Norte,Lajes Pintadas,45,197,947,"4,8%","20,8%"
2408508,Nordeste,Rio Grande do Norte,Ouro Branco,45,208,1103,"4,1%","18,9%"
3102001,Sudeste,Minas Gerais,Alterosa,45,242,1196,"3,8%","20,2%"
3102050,Sudeste,Minas Gerais,Alto Caparaó,45,124,879,"5,1%","14,1%"
3135407,Sudeste,Minas Gerais,Jeceaba,45,88,449,"10,0%","19,6%"
3136959,Sudeste,Minas Gerais,Juvenília,45,193,1016,"4,4%","19,0%"
3145372,Sudeste,Minas Gerais,Novorizonte,45,168,725,"6,2%","23,2%"
3504800,Sudeste,São Paulo,Bálsamo,45,68,670,"6,7%","10,1%"
3506805,Sudeste,São Paulo,Bocaina,45,55,724,"6,2%","7,6%"
3540853,Sudeste,São Paulo,Pracinha,45,48,316,"14,2%","15,2%"
3550902,Sudeste,São Paulo,São Simão,45,61,750,"6,0%","8,1%"
3551108,Sudeste,São Paulo,Sarapuí,45,79,728,"6,2%","10,9%"
3556602,Sudeste,São Paulo,Vera Cruz,45,71,695,"6,5%","10,2%"
4126306,Sul,Paraná,Sengés,45,108,1583,"2,8%","6,8%"
4128633,Sul,Paraná,Doutor Ulysses,45,187,879,"5,1%","21,3%"
4206306,Sul,Santa Catarina,Guabiruba,45,67,824,"5,5%","8,1%"
4212205,Sul,Santa Catarina,Papanduva,45,82,827,"5,4%","9,9%"
4218251,Sul,Santa Catarina,Timbó Grande,45,72,920,"4,9%","7,8%"
4304002,Sul,Rio Grande do Sul,Campo Novo,45,74,385,"11,7%","19,2%"
4306056,Sul,Rio Grande do Sul,Cristal,45,100,716,"6,3%","14,0%"
4311155,Sul,Rio Grande do Sul,Jóia,45,123,583,"7,7%","21,1%"
5100359,Centro-Oeste,Mato Grosso,Alto Boa Vista,45,101,752,"6,0%","13,4%"
5222203,Centro-Oeste,Goiás,Vila Boa,45,132,918,"4,9%","14,4%"
5222302,Centro-Oeste,Goiás,Vila Propício,45,112,718,"6,3%","15,6%"
1720937,Norte,Tocantins,Taipas do Tocantins,44,89,262,"16,8%","34,0%"
2410504,Nordeste,Rio Grande do Norte,Rafael Fernan- des,44,127,814,"5,4%","15,6%"
2512606,Nordeste,Paraíba,Quixaba,44,73,390,"11,3%","18,7%"
3102506,Sudeste,Minas Gerais,Amparo do Serra,44,116,622,"7,1%","18,6%"
3104809,Sudeste,Minas Gerais,Augusto de Lima,44,82,442,"10,0%","18,6%"
3120706,Sudeste,Minas Gerais,Cruzeiro da Fortaleza,44,54,584,"7,5%","9,2%"
3129103,Sudeste,Minas Gerais,Gurinhatã,44,129,782,"5,6%","16,5%"
3500550,Sudeste,São Paulo,Águas de Santa Bárbara,44,96,586,"7,5%","16,4%"
3514601,Sudeste,São Paulo,Dumont,44,64,589,"7,5%","10,9%"
3516903,Sudeste,São Paulo,General Salgado,44,103,590,"7,5%","17,5%"
3519253,Sudeste,São Paulo,Iaras,44,77,800,"5,5%","9,6%"
3528601,Sudeste,São Paulo,Manduri,44,86,764,"5,8%","11,3%"
3545506,Sudeste,São Paulo,Sandovalina,44,55,443,"9,9%","12,4%"
4103404,Sul,Paraná,Cafeara,44,56,294,"15,0%","19,0%"
4106308,Sul,Paraná,Corbélia,44,81,1259,"3,5%","6,4%"
4107256,Sul,Paraná,Douradina,44,62,562,"7,8%","11,0%"
4300307,Sul,Rio Grande do Sul,Alecrim,44,111,804,"5,5%","13,8%"
4306007,Sul,Rio Grande do Sul,Crissiumal,44,88,1176,"3,7%","7,5%"
4311759,Sul,Rio Grande do Sul,Manoel Viana,44,101,649,"6,8%","15,6%"
5007307,Centro-Oeste,Mato Grosso do Sul,Rio Negro,44,123,866,"5,1%","14,2%"
5106240,Centro-Oeste,Mato Grosso,Nova Ubiratã,44,73,808,"5,4%","9,0%"
5106281,Centro-Oeste,Mato Grosso,Novo São Joaquim,44,115,847,"5,2%","13,6%"
5107206,Centro-Oeste,Mato Grosso,Rio Branco,44,69,558,"7,9%","12,4%"
5209408,Centro-Oeste,Goiás,Guarani de Goiás,44,99,765,"5,8%","12,9%"
5221007,Centro-Oeste,Goiás,Taquaral de Goiás,44,91,550,"8,0%","16,5%"
1704600,Norte,Tocantins,Chapada de Areia,43,109,316,"13,6%","34,5%"
1708304,Norte,Tocantins,Goianorte,43,454,894,"4,8%","50,8%"
1717206,Norte,Tocantins,Piraquê,43,184,485,"8,9%","37,9%"
1718709,Norte,Tocantins,Rio dos Bois,43,149,426,"10,1%","35,0%"
2411106,Nordeste,Rio Grande do Norte,Ruy Barbosa,43,77,359,"12,0%","21,4%"
2413805,Nordeste,Rio Grande do Norte,Taboleiro Grande,43,181,570,"7,5%","31,8%"
2505303,Nordeste,Paraíba,Curral Velho,43,115,383,"11,2%","30,0%"
2513943,Nordeste,Paraíba,São Domingos do Cariri,43,97,454,"9,5%","21,4%"
2513984,Nordeste,Paraíba,São Francisco,43,87,622,"6,9%","14,0%"
2514602,Nordeste,Paraíba,São José do Bonfim,43,107,893,"4,8%","12,0%"
3109501,Sudeste,Minas Gerais,Cabo Verde,43,84,980,"4,4%","8,6%"
3111903,Sudeste,Minas Gerais,Cana Verde,43,74,507,"8,5%","14,6%"
3113909,Sudeste,Minas Gerais,Carmo da Cachoeira,43,74,1099,"3,9%","6,7%"
3127339,Sudeste,Minas Gerais,Gameleiras,43,104,729,"5,9%","14,3%"
3127354,Sudeste,Minas Gerais,Glaucilândia,43,163,574,"7,5%","28,4%"
3158508,Sudeste,Minas Gerais,Santana de Pirapama,43,161,742,"5,8%","21,7%"
3159100,Sudeste,Minas Gerais,Santana dos Montes,43,75,377,"11,4%","19,9%"
3159357,Sudeste,Minas Gerais,Santa Rita de Minas,43,119,699,"6,2%","17,0%"
3170057,Sudeste,Minas Gerais,Ubaporanga,43,213,1210,"3,6%","17,6%"
3170438,Sudeste,Minas Gerais,União de Minas,43,64,590,"7,3%","10,8%"
3511904,Sudeste,São Paulo,Clementina,43,87,513,"8,4%","17,0%"
3514502,Sudeste,São Paulo,Duartina,43,85,921,"4,7%","9,2%"
3532801,Sudeste,São Paulo,Nova Aliança,43,70,424,"10,1%","16,5%"
3546504,Sudeste,São Paulo,Santa Ernestina,43,70,423,"10,2%","16,5%"
3549607,Sudeste,São Paulo,São José do Barreiro,43,81,696,"6,2%","11,6%"
3553609,Sudeste,São Paulo,Tapiratiba,43,78,952,"4,5%","8,2%"
4103479,Sul,Paraná,Cafezal do Sul,43,88,479,"9,0%","18,4%"
4107306,Sul,Paraná,Doutor Camargo,43,66,618,"7,0%","10,7%"
4113908,Sul,Paraná,Mallet,43,111,801,"5,4%","13,9%"
4119202,Sul,Paraná,Pinhalão,43,93,817,"5,3%","11,4%"
4120655,Sul,Paraná,Quarto Cente- nário,43,55,414,"10,4%","13,3%"
4122701,Sul,Paraná,Sabáudia,43,48,634,"6,8%","7,6%"
4125209,Sul,Paraná,São Jorge d’Oeste,43,56,599,"7,2%","9,3%"
4207908,Sul,Santa Catarina,Irineópolis,43,124,728,"5,9%","17,0%"
4316006,Sul,Rio Grande do Sul,Rolante,43,106,1108,"3,9%","9,6%"
4316709,Sul,Rio Grande do Sul,Santa Bárbara do Sul,43,73,635,"6,8%","11,5%"
5107743,Centro-Oeste,Mato Grosso,Santa Cruz do Xingu,43,86,377,"11,4%","22,8%"
5200852,Centro-Oeste,Goiás,Americano do Brasil,43,92,650,"6,6%","14,2%"
1101807,Norte,Rondônia,Vale do Paraíso,42,148,550,"7,6%","26,9%"
1712801,Norte,Tocantins,Maurilândia do Tocantins,42,258,538,"7,8%","48,0%"
2205359,Nordeste,Piauí,João Costa,42,109,514,"8,2%","21,2%"
2515930,Nordeste,Paraíba,Sertãozinho,42,257,887,"4,7%","29,0%"
2900603,Nordeste,Bahia,Aiquara,42,246,939,"4,5%","26,2%"
3102407,Sudeste,Minas Gerais,Alvorada de Minas,42,141,813,"5,2%","17,3%"
3103603,Sudeste,Minas Gerais,Arantina,42,65,482,"8,7%","13,5%"
3115458,Sudeste,Minas Gerais,Catuji,42,210,1249,"3,4%","16,8%"
3120003,Sudeste,Minas Gerais,Córrego Novo,42,78,384,"10,9%","20,3%"
3138682,Sudeste,Minas Gerais,Luislândia,42,277,1159,"3,6%","23,9%"
3140605,Sudeste,Minas Gerais,Materlândia,42,151,817,"5,1%","18,5%"
3143005,Sudeste,Minas Gerais,Monte Belo,42,102,1040,"4,0%","9,8%"
3150406,Sudeste,Minas Gerais,Piedade dos Gerais,42,170,777,"5,4%","21,9%"
3157278,Sudeste,Minas Gerais,Santa Bárbara do Monte Verde,42,48,382,"11,0%","12,6%"
3504305,Sudeste,São Paulo,Avaí,42,60,559,"7,5%","10,7%"
3518859,Sudeste,São Paulo,Guatapará,42,55,626,"6,7%","8,8%"
3534757,Sudeste,São Paulo,Ouroeste,42,75,562,"7,5%","13,3%"
3535903,Sudeste,São Paulo,Paranapuã,42,78,467,"9,0%","16,7%"
3557204,Sudeste,São Paulo,Chavantes,42,85,845,"5,0%","10,1%"
4108320,Sul,Paraná,Francisco Alves,42,89,578,"7,3%","15,4%"
4111001,Sul,Paraná,Itambaracá,42,98,692,"6,1%","14,2%"
4112900,Sul,Paraná,Jundiaí do Sul,42,56,531,"7,9%","10,5%"
4126702,Sul,Paraná,Tamboara,42,76,492,"8,5%","15,4%"
4311718,Sul,Rio Grande do Sul,Maçambará,42,60,594,"7,1%","10,1%"
5106216,Centro-Oeste,Mato Grosso,Nova Canaã do Norte,42,101,1172,"3,6%","8,6%"
5213053,Centro-Oeste,Goiás,Mimoso de Goiás,42,130,604,"7,0%","21,5%"
1712504,Norte,Tocantins,Marianópolis do Tocantins,41,136,610,"6,7%","22,3%"
1718550,Norte,Tocantins,Riachinho,41,217,684,"6,0%","31,7%"
2510501,Nordeste,Paraíba,Olivedos,41,68,727,"5,6%","9,4%"
3110103,Sudeste,Minas Gerais,Caiana,41,97,735,"5,6%","13,2%"
3110301,Sudeste,Minas Gerais,Caldas,41,124,1049,"3,9%","11,8%"
3111002,Sudeste,Minas Gerais,Campestre,41,109,1357,"3,0%","8,0%"
3111507,Sudeste,Minas Gerais,Campos Altos,41,95,697,"5,9%","13,6%"
3118106,Sudeste,Minas Gerais,Congonhas do Norte,41,121,597,"6,9%","20,3%"
3130507,Sudeste,Minas Gerais,Ilicínea,41,69,1069,"3,8%","6,5%"
3136603,Sudeste,Minas Gerais,Nova União,41,69,626,"6,5%","11,0%"
3160108,Sudeste,Minas Gerais,Santo Antônio do Grama,41,60,343,"12,0%","17,5%"
3166956,Sudeste,Minas Gerais,Serranópolis de Minas,41,81,429,"9,6%","18,9%"
3202009,Sudeste,Espírito Santo,Dores do Rio Preto,41,99,829,"4,9%","11,9%"
3552601,Sudeste,São Paulo,Tabapuã,41,64,758,"5,4%","8,4%"
4105003,Sul,Paraná,Catanduvas,41,93,1071,"3,8%","8,7%"
4111555,Sul,Paraná,Ivaté,41,130,714,"5,7%","18,2%"
4121109,Sul,Paraná,Quinta do Sol,41,68,498,"8,2%","13,7%"
4321451,Sul,Rio Grande do Sul,Teutônia,41,63,1120,"3,7%","5,6%"
5004403,Centro-Oeste,Mato Grosso do Sul,Inocência,41,54,685,"6,0%","7,9%"
5102686,Centro-Oeste,Mato Grosso,Campos de Júlio,41,83,895,"4,6%","9,3%"
5204557,Centro-Oeste,Goiás,Caldazinha,41,77,554,"7,4%","13,9%"
5206909,Centro-Oeste,Goiás,Davinópolis,41,60,339,"12,1%","17,7%"
5219506,Centro-Oeste,Goiás,Santa Rosa de Goiás,41,97,442,"9,3%","21,9%"
5219712,Centro-Oeste,Goiás,Santo Antônio da Barra,41,67,490,"8,4%","13,7%"
1712702,Norte,Tocantins,Mateiros,40,161,432,"9,3%","37,3%"
2404705,Nordeste,Rio Grande do Norte,Ipanguaçu,40,150,980,"4,1%","15,3%"
2415008,Nordeste,Rio Grande do Norte,Vila Flor,40,23,428,"9,3%","5,4%"
3120508,Sudeste,Minas Gerais,Cristina,40,89,812,"4,9%","11,0%"
3128600,Sudeste,Minas Gerais,Guarda-Mor,40,89,639,"6,3%","13,9%"
3149002,Sudeste,Minas Gerais,Pedra Dourada,40,74,503,"8,0%","14,7%"
3158409,Sudeste,Minas Gerais,Santana de Cataguases,40,83,481,"8,3%","17,3%"
3165206,Sudeste,Minas Gerais,São Tomé das Letras,40,72,613,"6,5%","11,7%"
3501400,Sudeste,São Paulo,Álvaro de Carvalho,40,46,360,"11,1%","12,8%"
3501806,Sudeste,São Paulo,Américo de Campos,40,66,628,"6,4%","10,5%"
3509957,Sudeste,São Paulo,Canas,40,49,555,"7,2%","8,8%"
3511508,Sudeste,São Paulo,Cerquilho,40,70,1118,"3,6%","6,3%"
3532900,Sudeste,São Paulo,Nova Europa,40,84,669,"6,0%","12,6%"
3553906,Sudeste,São Paulo,Tarabai,40,83,460,"8,7%","18,0%"
4102208,Sul,Paraná,Atalaia,40,49,542,"7,4%","9,0%"
4110409,Sul,Paraná,Indianópolis,40,53,420,"9,5%","12,6%"
4115457,Sul,Paraná,Marquinho,40,85,518,"7,7%","16,4%"
4116307,Sul,Paraná,Munhoz de Melo,40,59,645,"6,2%","9,1%"
4117453,Sul,Paraná,Ouro Verde do Oeste,40,45,519,"7,7%","8,7%"
4120408,Sul,Paraná,Presidente Cas- telo Branco,40,52,391,"10,2%","13,3%"
4126108,Sul,Paraná,São Tomé,40,64,490,"8,2%","13,1%"
4201950,Sul,Santa Catarina,Balneário Arroio do Silva,40,117,1379,"2,9%","8,5%"
4208500,Sul,Santa Catarina,Ituporanga,40,75,789,"5,1%","9,5%"
4213807,Sul,Santa Catarina,Praia Grande,40,64,672,"6,0%","9,5%"
4217600,Sul,Santa Catarina,Siderópolis,40,65,669,"6,0%","9,7%"
4302600,Sul,Rio Grande do Sul,Braga,40,72,406,"9,9%","17,7%"
4308409,Sul,Rio Grande do Sul,Formigueiro,40,114,671,"6,0%","17,0%"
4310009,Sul,Rio Grande do Sul,Ibirubá,40,60,934,"4,3%","6,4%"
4314704,Sul,Rio Grande do Sul,Planalto,40,129,688,"5,8%","18,8%"
5102694,Centro-Oeste,Mato Grosso,Canabrava do Norte,40,65,588,"6,8%","11,1%"
5104526,Centro-Oeste,Mato Grosso,Ipiranga do Norte,40,122,912,"4,4%","13,4%"
5106315,Centro-Oeste,Mato Grosso,Novo Santo Antônio,40,117,370,"10,8%","31,6%"
5108055,Centro-Oeste,Mato Grosso,Terra Nova do Norte,40,85,906,"4,4%","9,4%"
5209804,Centro-Oeste,Goiás,Hidrolina,40,96,461,"8,7%","20,8%"
5212907,Centro-Oeste,Goiás,Marzagão,40,48,403,"9,9%","11,9%"
2111052,Nordeste,Maranhão,São João do Paraíso,39,407,1618,"2,4%","25,2%"
2206696,Nordeste,Piauí,Murici dos Portelas,39,284,971,"4,0%","29,2%"
2207405,Nordeste,Piauí,Palmeira do Piauí,39,75,654,"6,0%","11,5%"
2501351,Nordeste,Paraíba,Assunção,39,197,764,"5,1%","25,8%"
2510303,Nordeste,Paraíba,Nova Palmeira,39,123,601,"6,5%","20,5%"
3108503,Sudeste,Minas Gerais,Botumirim,39,163,829,"4,7%","19,7%"
3130556,Sudeste,Minas Gerais,Imbé de Minas,39,239,926,"4,2%","25,8%"
3133907,Sudeste,Minas Gerais,Itaverava,39,110,641,"6,1%","17,2%"
3138625,Sudeste,Minas Gerais,Limeira do Oeste,39,53,796,"4,9%","6,7%"
3142254,Sudeste,Minas Gerais,Miravânia,39,110,598,"6,5%","18,4%"
3143153,Sudeste,Minas Gerais,Monte Formoso,39,128,600,"6,5%","21,3%"
3149507,Sudeste,Minas Gerais,Pequeri,39,44,381,"10,2%","11,5%"
3157609,Sudeste,Minas Gerais,Santa Fé de Minas,39,86,507,"7,7%","17,0%"
3161650,Sudeste,Minas Gerais,São Geraldo do Baixio,39,73,475,"8,2%","15,4%"
3165560,Sudeste,Minas Gerais,Sem-Peixe,39,103,355,"11,0%","29,0%"
3171402,Sudeste,Minas Gerais,Vieiras,39,104,608,"6,4%","17,1%"
3522901,Sudeste,São Paulo,Itapuí,39,84,630,"6,2%","13,3%"
3532207,Sudeste,São Paulo,Narandiba,39,62,473,"8,2%","13,1%"
3539004,Sudeste,São Paulo,Pirangi,39,51,395,"9,9%","12,9%"
3540259,Sudeste,São Paulo,Pontalinda,39,51,462,"8,4%","11,0%"
3547106,Sudeste,São Paulo,Santa Mercedes,39,43,478,"8,2%","9,0%"
3548609,Sudeste,São Paulo,São Bento do Sapucaí,39,139,885,"4,4%","15,7%"
3553104,Sudeste,São Paulo,Taiaçu,39,65,407,"9,6%","16,0%"
3555604,Sudeste,São Paulo,Uchoa,39,66,890,"4,4%","7,4%"
4209003,Sul,Santa Catarina,Joaçaba,39,53,977,"4,0%","5,4%"
4218301,Sul,Santa Catarina,Três Barras,39,75,1419,"2,7%","5,3%"
4311254,Sul,Rio Grande do Sul,Lagoão,39,111,647,"6,0%","17,2%"
4313060,Sul,Rio Grande do Sul,Nova Hartz,39,82,1304,"3,0%","6,3%"
5107941,Centro-Oeste,Mato Grosso,Tabaporã,39,78,699,"5,6%","11,2%"
5216908,Centro-Oeste,Goiás,Pilar de Goiás,39,64,292,"13,4%","21,9%"
5219456,Centro-Oeste,Goiás,Santa Rita do Novo Destino,39,70,424,"9,2%","16,5%"
1100031,Norte,Rondônia,Cabixi,38,122,557,"6,8%","21,9%"
1720978,Norte,Tocantins,Talismã,38,97,330,"11,5%","29,4%"
2207793,Nordeste,Piauí,Pau D’Arco do Piauí,38,189,613,"6,2%","30,8%"
2509339,Nordeste,Paraíba,Matinhas,38,67,603,"6,3%","11,1%"
2513505,Nordeste,Paraíba,Santana de Mangueira,38,196,798,"4,8%","24,6%"
3100104,Sudeste,Minas Gerais,Abadia dos Dourados,38,125,544,"7,0%","23,0%"
3104304,Sudeste,Minas Gerais,Areado,38,116,1168,"3,3%","9,9%"
3112802,Sudeste,Minas Gerais,Capitólio,38,87,904,"4,2%","9,6%"
3116407,Sudeste,Minas Gerais,Claraval,38,63,455,"8,4%","13,8%"
3129657,Sudeste,Minas Gerais,Ibiracatu,38,219,867,"4,4%","25,3%"
3135902,Sudeste,Minas Gerais,Jesuânia,38,108,851,"4,5%","12,7%"
3157500,Sudeste,Minas Gerais,Santa Efigênia de Minas,38,108,649,"5,9%","16,6%"
3164001,Sudeste,Minas Gerais,São Pedro dos Ferros,38,54,545,"7,0%","9,9%"
3171907,Sudeste,Minas Gerais,Virgolândia,38,199,800,"4,8%","24,9%"
3517802,Sudeste,São Paulo,Guaraçaí,38,82,777,"4,9%","10,6%"
3533205,Sudeste,São Paulo,Nova Indepen- dência,38,54,433,"8,8%","12,5%"
3542107,Sudeste,São Paulo,Rafard,38,62,570,"6,7%","10,9%"
3542909,Sudeste,São Paulo,Ribeirão Bonito,38,47,609,"6,2%","7,7%"
3547908,Sudeste,São Paulo,Santo Antônio da Alegria,38,66,546,"7,0%","12,1%"
3554409,Sudeste,São Paulo,Terra Roxa,38,46,372,"10,2%","12,4%"
4110904,Sul,Paraná,Itaguajé,38,49,441,"8,6%","11,1%"
4117255,Sul,Paraná,Nova Prata do Iguaçu,38,83,805,"4,7%","10,3%"
4211108,Sul,Santa Catarina,Monte Castelo,38,64,936,"4,1%","6,8%"
4305801,Sul,Rio Grande do Sul,Constantina,38,66,356,"10,7%","18,5%"
4306205,Sul,Rio Grande do Sul,Cruzeiro do Sul,38,81,1429,"2,7%","5,7%"
4306809,Sul,Rio Grande do Sul,Encantado,38,62,921,"4,1%","6,7%"
5006259,Centro-Oeste,Mato Grosso do Sul,Novo Horizonte do Sul,38,63,372,"10,2%","16,9%"
5106455,Centro-Oeste,Mato Grosso,Planalto da Serra,38,112,707,"5,4%","15,8%"
5107883,Centro-Oeste,Mato Grosso,Serra Nova Dourada,38,59,413,"9,2%","14,3%"
5108857,Centro-Oeste,Mato Grosso,Nova Marilândia,38,57,434,"8,8%","13,1%"
5213855,Centro-Oeste,Goiás,Morro Agudo de Goiás,38,57,434,"8,8%","13,1%"
1100601,Norte,Rondônia,Cacaulândia,37,151,655,"5,6%","23,1%"
1711803,Norte,Tocantins,Juarina,37,161,438,"8,4%","36,8%"
1712157,Norte,Tocantins,Lavandeira,37,102,258,"14,3%","39,5%"
2707008,Nordeste,Alagoas,Pindoba,37,122,411,"9,0%","29,7%"
2709004,Nordeste,Alagoas,Tanque d’Arca,37,247,882,"4,2%","28,0%"
2804904,Nordeste,Sergipe,Pacatuba,37,518,2252,"1,6%","23,0%"
3117900,Sudeste,Minas Gerais,Congonhal,37,131,939,"3,9%","14,0%"
3122504,Sudeste,Minas Gerais,Dom Cavati,37,65,423,"8,7%","15,4%"
3127602,Sudeste,Minas Gerais,Gouveia,37,168,912,"4,1%","18,4%"
3133600,Sudeste,Minas Gerais,Itapeva,37,78,916,"4,0%","8,5%"
3134103,Sudeste,Minas Gerais,Itueta,37,180,654,"5,7%","27,5%"
3138500,Sudeste,Minas Gerais,Liberdade,37,71,627,"5,9%","11,3%"
3148400,Sudeste,Minas Gerais,Paulistas,37,125,649,"5,7%","19,3%"
3150307,Sudeste,Minas Gerais,Piedade do Rio Grande,37,67,419,"8,8%","16,0%"
3155504,Sudeste,Minas Gerais,Rio Paranaíba,37,89,990,"3,7%","9,0%"
3162559,Sudeste,Minas Gerais,São João do Manhuaçu,37,262,1435,"2,6%","18,3%"
3509304,Sudeste,São Paulo,Cajobi,37,74,839,"4,4%","8,8%"
3511607,Sudeste,São Paulo,Cesário Lange,37,69,932,"4,0%","7,4%"
3521200,Sudeste,São Paulo,Iporanga,37,97,566,"6,5%","17,1%"
3533304,Sudeste,São Paulo,Nova Luzitânia,37,53,454,"8,1%","11,7%"
3535200,Sudeste,São Paulo,Palmeira d’Oeste,37,73,707,"5,2%","10,3%"
3539707,Sudeste,São Paulo,Platina,37,61,368,"10,1%","16,6%"
3554904,Sudeste,São Paulo,Três Fronteiras,37,49,623,"5,9%","7,9%"
4108205,Sul,Paraná,Formosa do Oeste,37,61,629,"5,9%","9,7%"
4123600,Sul,Paraná,Santa Inês,37,42,198,"18,7%","21,2%"
4203709,Sul,Santa Catarina,Canelinha,37,54,1125,"3,3%","4,8%"
4313805,Sul,Rio Grande do Sul,Palmitinho,37,106,617,"6,0%","17,2%"
1700251,Norte,Tocantins,Abreulândia,36,160,529,"6,8%","30,2%"
1719004,Norte,Tocantins,Santa Tereza do Tocantins,36,94,304,"11,8%","30,9%"
1720150,Norte,Tocantins,São Félix do Tocantins,36,90,236,"15,3%","38,1%"
2105963,Nordeste,Maranhão,Lagoa Grande do Maranhão,36,362,2284,"1,6%","15,8%"
2407906,Nordeste,Rio Grande do Norte,Monte das Gameleiras,36,118,553,"6,5%","21,3%"
2409506,Nordeste,Rio Grande do Norte,Pedra Grande,36,23,653,"5,5%","3,5%"
2501153,Nordeste,Paraíba,Areia de Ba- raúnas,36,52,351,"10,3%","14,8%"
2515609,Nordeste,Paraíba,Serra da Raiz,36,71,336,"10,7%","21,1%"
2515708,Nordeste,Paraíba,Serra Grande,36,125,729,"4,9%","17,1%"
2702702,Nordeste,Alagoas,Feliz Deserto,36,101,609,"5,9%","16,6%"
3103900,Sudeste,Minas Gerais,Araújos,36,54,594,"6,1%","9,1%"
3107208,Sudeste,Minas Gerais,Bocaina de Minas,36,103,879,"4,1%","11,7%"
3107703,Sudeste,Minas Gerais,Bom Jesus do Amparo,36,67,775,"4,6%","8,6%"
3125408,Sudeste,Minas Gerais,Felício dos Santos,36,208,916,"3,9%","22,7%"
3130200,Sudeste,Minas Gerais,Igaratinga,36,66,807,"4,5%","8,2%"
3135456,Sudeste,Minas Gerais,Jenipapo de Minas,36,138,757,"4,8%","18,2%"
3136108,Sudeste,Minas Gerais,Joanésia,36,117,617,"5,8%","19,0%"
3146552,Sudeste,Minas Gerais,Pai Pedro,36,206,1075,"3,3%","19,2%"
3147204,Sudeste,Minas Gerais,Paraguaçu,36,106,1140,"3,2%","9,3%"
3168903,Sudeste,Minas Gerais,Tiros,36,83,749,"4,8%","11,1%"
3171808,Sudeste,Minas Gerais,Virginópolis,36,108,1027,"3,5%","10,5%"
3202900,Sudeste,Espírito Santo,Itarana,36,67,711,"5,1%","9,4%"
3503158,Sudeste,São Paulo,Arapeí,36,46,401,"9,0%","11,5%"
3506409,Sudeste,São Paulo,Bilac,36,52,577,"6,2%","9,0%"
3508207,Sudeste,São Paulo,Buritizal,36,54,569,"6,3%","9,5%"
3520707,Sudeste,São Paulo,Indiaporã,36,75,494,"7,3%","15,2%"
3552908,Sudeste,São Paulo,Taciba,36,103,655,"5,5%","15,7%"
4108452,Sul,Paraná,Foz do Jordão,36,81,648,"5,6%","12,5%"
4206009,Sul,Santa Catarina,Governador Celso Ramos,36,65,1049,"3,4%","6,2%"
4209706,Sul,Santa Catarina,Lebon Régis,36,60,1382,"2,6%","4,3%"
4220000,Sul,Santa Catarina,Balneário Rincão,36,72,1218,"3,0%","5,9%"
4321857,Sul,Rio Grande do Sul,Três Palmeiras,36,87,538,"6,7%","16,2%"
5103379,Centro-Oeste,Mato Grosso,Cotriguaçu,36,144,1034,"3,5%","13,9%"
5212105,Centro-Oeste,Goiás,Joviânia,36,63,521,"6,9%","12,1%"
5212253,Centro-Oeste,Goiás,Lagoa Santa,36,69,375,"9,6%","18,4%"
5214051,Centro-Oeste,Goiás,Mundo Novo,36,79,730,"4,9%","10,8%"
5219258,Centro-Oeste,Goiás,Santa Fé de Goiás,36,65,487,"7,4%","13,3%"
5221908,Centro-Oeste,Goiás,Varjão,36,62,486,"7,4%","12,8%"
1100908,Norte,Rondônia,Castanheiras,35,105,366,"9,6%","28,7%"
1101476,Norte,Rondônia,Primavera de Rondônia,35,103,574,"6,1%","17,9%"
2512788,Nordeste,Paraíba,Riacho de Santo Antônio,35,59,509,"6,9%","11,6%"
2517209,Nordeste,Paraíba,Vieirópolis,35,188,867,"4,0%","21,7%"
3122900,Sudeste,Minas Gerais,Dona Euzébia,35,63,608,"5,8%","10,4%"
3126950,Sudeste,Minas Gerais,Frei Lagonegro,35,173,610,"5,7%","28,4%"
3134905,Sudeste,Minas Gerais,Jacutinga,35,107,1722,"2,0%","6,2%"
3141702,Sudeste,Minas Gerais,Mesquita,35,91,516,"6,8%","17,6%"
3151008,Sudeste,Minas Gerais,Piranguinho,35,79,785,"4,5%","10,1%"
3154507,Sudeste,Minas Gerais,Riacho dos Machados,35,198,1292,"2,7%","15,3%"
3163409,Sudeste,Minas Gerais,São José do Goiabal,35,152,724,"4,8%","21,0%"
3503604,Sudeste,São Paulo,Areiópolis,35,83,703,"5,0%","11,8%"
3520608,Sudeste,São Paulo,Indiana,35,72,471,"7,4%","15,3%"
3532603,Sudeste,São Paulo,Nhandeara,35,53,623,"5,6%","8,5%"
3538105,Sudeste,São Paulo,Pindorama,35,75,683,"5,1%","11,0%"
3550209,Sudeste,São Paulo,São Miguel Arcanjo,35,201,1915,"1,8%","10,5%"
3552551,Sudeste,São Paulo,Suzanápolis,35,52,591,"5,9%","8,8%"
4106704,Sul,Paraná,Cruzeiro do Sul,35,60,552,"6,3%","10,9%"
4116059,Sul,Paraná,Missal,35,62,773,"4,5%","8,0%"
4126405,Sul,Paraná,Sertaneja,35,52,592,"5,9%","8,8%"
4206652,Sul,Santa Catarina,Guatambú,35,45,374,"9,4%","12,0%"
4305132,Sul,Rio Grande do Sul,Cerro Branco,35,64,455,"7,7%","14,1%"
4305207,Sul,Rio Grande do Sul,Cerro Largo,35,64,424,"8,3%","15,1%"
5005103,Centro-Oeste,Mato Grosso do Sul,Jateí,35,99,504,"6,9%","19,6%"
5106851,Centro-Oeste,Mato Grosso,Porto Estrela,35,71,472,"7,4%","15,0%"
5201603,Centro-Oeste,Goiás,Araçu,35,89,579,"6,0%","15,4%"
5214101,Centro-Oeste,Goiás,Mutunópolis,35,96,501,"7,0%","19,2%"
5214903,Centro-Oeste,Goiás,Nova Roma,35,102,514,"6,8%","19,8%"
5215405,Centro-Oeste,Goiás,Ouro Verde de Goiás,35,70,450,"7,8%","15,6%"
2201556,Nordeste,Piauí,Bela Vista do Piauí,34,190,818,"4,2%","23,2%"
2403905,Nordeste,Rio Grande do Norte,Francisco Dantas,34,172,736,"4,6%","23,4%"
3121506,Sudeste,Minas Gerais,Desterro do Melo,34,100,377,"9,0%","26,5%"
3127370,Sudeste,Minas Gerais,Goiabeira,34,80,389,"8,7%","20,6%"
3134509,Sudeste,Minas Gerais,Itutinga,34,61,420,"8,1%","14,5%"
3503505,Sudeste,São Paulo,Areias,34,66,418,"8,1%","15,8%"
3508306,Sudeste,São Paulo,Cabrália Paulista,34,86,529,"6,4%","16,3%"
3518909,Sudeste,São Paulo,Guzolândia,34,56,485,"7,0%","11,5%"
3537701,Sudeste,São Paulo,Piacatu,34,59,502,"6,8%","11,8%"
3543709,Sudeste,São Paulo,Rincão,34,53,595,"5,7%","8,9%"
3556354,Sudeste,São Paulo,Vargem,34,52,604,"5,6%","8,6%"
4109757,Sul,Paraná,Ibema,34,80,1094,"3,1%","7,3%"
4122651,Sul,Paraná,Rosário do Ivaí,34,95,741,"4,6%","12,8%"
4127957,Sul,Paraná,Tupãssi,34,52,473,"7,2%","11,0%"
4309050,Sul,Rio Grande do Sul,Glorinha,34,57,635,"5,4%","9,0%"
4319208,Sul,Rio Grande do Sul,São Nicolau,34,97,864,"3,9%","11,2%"
5101001,Centro-Oeste,Mato Grosso,Araguaiana,34,47,297,"11,4%","15,8%"
5213772,Centro-Oeste,Goiás,Montividiu do Norte,34,154,714,"4,8%","21,6%"
5218052,Centro-Oeste,Goiás,Porteirão,34,53,665,"5,1%","8,0%"
1711506,Norte,Tocantins,Jaú do Tocantins,33,125,360,"9,2%","34,7%"
2205250,Nordeste,Piauí,Jardim do Mulato,33,252,995,"3,3%","25,3%"
2209450,Nordeste,Piauí,Santo Antônio dos Milagres,33,19,451,"7,3%","4,2%"
2209609,Nordeste,Piauí,São Félix do Piauí,33,87,439,"7,5%","19,8%"
2410603,Nordeste,Rio Grande do Norte,Rafael Godeiro,33,150,572,"5,8%","26,2%"
3123304,Sudeste,Minas Gerais,Dores do Turvo,33,85,503,"6,6%","16,9%"
3132602,Sudeste,Minas Gerais,Itamarati de Minas,33,49,377,"8,8%","13,0%"
3132800,Sudeste,Minas Gerais,Itambé do Mato Dentro,33,52,381,"8,7%","13,6%"
3137908,Sudeste,Minas Gerais,Lamim,33,78,373,"8,8%","20,9%"
3140308,Sudeste,Minas Gerais,Marliéria,33,80,499,"6,6%","16,0%"
3156205,Sudeste,Minas Gerais,Rochedo de Minas,33,50,329,"10,0%","15,2%"
3157401,Sudeste,Minas Gerais,Santa Cruz do Escalvado,33,73,487,"6,8%","15,0%"
3160900,Sudeste,Minas Gerais,São Brás do Suaçuí,33,42,255,"12,9%","16,5%"
3160959,Sudeste,Minas Gerais,São Domingos das Dores,33,76,546,"6,0%","13,9%"
3163102,Sudeste,Minas Gerais,São José da Varginha,33,47,461,"7,2%","10,2%"
3513900,Sudeste,São Paulo,Divinolândia,33,74,795,"4,2%","9,3%"
3524907,Sudeste,São Paulo,Jambeiro,33,62,555,"5,9%","11,2%"
3530409,Sudeste,São Paulo,Mirassolândia,33,81,602,"5,5%","13,5%"
3531704,Sudeste,São Paulo,Monteiro Lobato,33,57,518,"6,4%","11,0%"
4101655,Sul,Paraná,Arapuã,33,53,413,"8,0%","12,8%"
4106456,Sul,Paraná,Coronel Domin- gos Soares,33,38,821,"4,0%","4,6%"
4107108,Sul,Paraná,Diamante do Norte,33,60,437,"7,6%","13,7%"
4107736,Sul,Paraná,Fernandes Pinheiro,33,148,801,"4,1%","18,5%"
4112306,Sul,Paraná,Japira,33,67,496,"6,7%","13,5%"
4118857,Sul,Paraná,Perobal,33,50,643,"5,1%","7,8%"
4119103,Sul,Paraná,Piên,33,58,632,"5,2%","9,2%"
4123006,Sul,Paraná,Salto do Lontra,33,94,988,"3,3%","9,5%"
4207502,Sul,Santa Catarina,Indaial,33,65,1233,"2,7%","5,3%"
4208104,Sul,Santa Catarina,Itaiópolis,33,126,1061,"3,1%","11,9%"
4216107,Sul,Santa Catarina,São Domingos,33,70,537,"6,1%","13,0%"
4301750,Sul,Rio Grande do Sul,Barão do Triunfo,33,97,408,"8,1%","23,8%"
4302402,Sul,Rio Grande do Sul,Bom Retiro do Sul,33,61,710,"4,6%","8,6%"
4311130,Sul,Rio Grande do Sul,Jari,33,114,502,"6,6%","22,7%"
4313300,Sul,Rio Grande do Sul,Nova Prata,33,55,926,"3,6%","5,9%"
4319000,Sul,Rio Grande do Sul,São Marcos,33,64,524,"6,3%","12,2%"
5106703,Centro-Oeste,Mato Grosso,Ponte Branca,33,67,285,"11,6%","23,5%"
5201504,Centro-Oeste,Goiás,Aporé,33,56,580,"5,7%","9,7%"
5210158,Centro-Oeste,Goiás,Ipiranga de Goiás,33,79,448,"7,4%","17,6%"
1721307,Norte,Tocantins,Tupiratins,32,58,290,"11,0%","20,0%"
2106359,Nordeste,Maranhão,Marajá do Sena,32,206,947,"3,4%","21,8%"
2404101,Nordeste,Rio Grande do Norte,Galinhos,32,79,370,"8,6%","21,4%"
2411809,Nordeste,Rio Grande do Norte,São Fernando,32,160,672,"4,8%","23,8%"
2503100,Nordeste,Paraíba,Cabaceiras,32,264,1185,"2,7%","22,3%"
3105707,Sudeste,Minas Gerais,Barra Longa,32,126,657,"4,9%","19,2%"
3115904,Sudeste,Minas Gerais,Chácara,32,62,461,"6,9%","13,4%"
3121209,Sudeste,Minas Gerais,Delfinópolis,32,64,640,"5,0%","10,0%"
3132008,Sudeste,Minas Gerais,Itacambira,32,80,704,"4,5%","11,4%"
3142403,Sudeste,Minas Gerais,Moema,32,86,539,"5,9%","16,0%"
3143500,Sudeste,Minas Gerais,Morada Nova de Minas,32,56,652,"4,9%","8,6%"
3144904,Sudeste,Minas Gerais,Nova Módica,32,106,524,"6,1%","20,2%"
3153103,Sudeste,Minas Gerais,Presidente Bernardes,32,102,704,"4,5%","14,5%"
3156106,Sudeste,Minas Gerais,Ritápolis,32,67,592,"5,4%","11,3%"
3159209,Sudeste,Minas Gerais,Santa Rita de Caldas,32,109,914,"3,5%","11,9%"
3159407,Sudeste,Minas Gerais,Santa Rita de Ibitipoca,32,61,377,"8,5%","16,2%"
3203163,Sudeste,Espírito Santo,Laranja da Terra,32,123,701,"4,6%","17,5%"
3501103,Sudeste,São Paulo,Alto Alegre,32,49,449,"7,1%","10,9%"
3502309,Sudeste,São Paulo,Anhembi,32,83,728,"4,4%","11,4%"
3512001,Sudeste,São Paulo,Colina,32,43,607,"5,3%","7,1%"
3519402,Sudeste,São Paulo,Ibirá,32,92,665,"4,8%","13,8%"
3525409,Sudeste,São Paulo,Jeriquara,32,42,358,"8,9%","11,7%"
3535804,Sudeste,São Paulo,Paranapanema,32,277,1809,"1,8%","15,3%"
3556909,Sudeste,São Paulo,Vista Alegre do Alto,32,42,556,"5,8%","7,6%"
4100459,Sul,Paraná,Altamira do Paraná,32,100,513,"6,2%","19,5%"
4110508,Sul,Paraná,Ipiranga,32,96,1121,"2,9%","8,6%"
4110953,Sul,Paraná,Itaipulândia,32,104,1561,"2,0%","6,7%"
4111308,Sul,Paraná,Itaúna do Sul,32,65,497,"6,4%","13,1%"
4203956,Sul,Santa Catarina,Capivari de Baixo,32,45,777,"4,1%","5,8%"
4210308,Sul,Santa Catarina,Major Vieira,32,80,591,"5,4%","13,5%"
4300646,Sul,Rio Grande do Sul,Ametista do Sul,32,67,602,"5,3%","11,1%"
4302501,Sul,Rio Grande do Sul,Bossoroca,32,91,428,"7,5%","21,3%"
4305702,Sul,Rio Grande do Sul,Condor,32,88,508,"6,3%","17,3%"
4305900,Sul,Rio Grande do Sul,Coronel Bicaco,32,62,550,"5,8%","11,3%"
4310553,Sul,Rio Grande do Sul,Itacurubi,32,81,363,"8,8%","22,3%"
4311775,Sul,Rio Grande do Sul,Maquiné,32,90,543,"5,9%","16,6%"
4320677,Sul,Rio Grande do Sul,Sinimbu,32,141,723,"4,4%","19,5%"
5220280,Centro-Oeste,Goiás,São Patrício,32,54,312,"10,3%","17,3%"
1100262,Norte,Rondônia,Rio Crespo,31,117,446,"7,0%","26,2%"
1101450,Norte,Rondônia,Parecis,31,169,626,"5,0%","27,0%"
2104701,Nordeste,Maranhão,Graça Aranha,31,170,1120,"2,8%","15,2%"
2704906,Nordeste,Alagoas,Mar Vermelho,31,56,348,"8,9%","16,1%"
3103306,Sudeste,Minas Gerais,Aracitaba,31,43,334,"9,3%","12,9%"
3108701,Sudeste,Minas Gerais,Brás Pires,31,216,811,"3,8%","26,6%"
3112208,Sudeste,Minas Gerais,Capela Nova,31,101,489,"6,3%","20,7%"
3121100,Sudeste,Minas Gerais,Delfim Moreira,31,94,881,"3,5%","10,7%"
3129400,Sudeste,Minas Gerais,Ibertioga,31,105,537,"5,8%","19,6%"
3133758,Sudeste,Minas Gerais,Itaú de Minas,31,72,796,"3,9%","9,0%"
3147600,Sudeste,Minas Gerais,Passa Quatro,31,107,1374,"2,3%","7,8%"
3160207,Sudeste,Minas Gerais,Santo Antônio do Itambé,31,124,515,"6,0%","24,1%"
3161056,Sudeste,Minas Gerais,São Félix de Minas,31,84,413,"7,5%","20,3%"
3164308,Sudeste,Minas Gerais,São Roque de Minas,31,66,522,"5,9%","12,6%"
3167400,Sudeste,Minas Gerais,Silvianópolis,31,116,749,"4,1%","15,5%"
3168309,Sudeste,Minas Gerais,Taquaraçu de Minas,31,96,612,"5,1%","15,7%"
3171709,Sudeste,Minas Gerais,Virgínia,31,166,1134,"2,7%","14,6%"
3205069,Sudeste,Espírito Santo,Venda Nova do Imigrante,31,119,1414,"2,2%","8,4%"
3502002,Sudeste,São Paulo,Analândia,31,47,343,"9,0%","13,7%"
3510153,Sudeste,São Paulo,Canitar,31,50,558,"5,6%","9,0%"
3511300,Sudeste,São Paulo,Cedral,31,46,723,"4,3%","6,4%"
3515202,Sudeste,São Paulo,Estrela d’Oeste,31,42,635,"4,9%","6,6%"
3517109,Sudeste,São Paulo,Glicério,31,55,445,"7,0%","12,4%"
3521606,Sudeste,São Paulo,Irapuru,31,69,525,"5,9%","13,1%"
3536406,Sudeste,São Paulo,Paulicéia,31,82,807,"3,8%","10,2%"
3542701,Sudeste,São Paulo,Restinga,31,46,557,"5,6%","8,3%"
3548203,Sudeste,São Paulo,Santo Antônio do Pinhal,31,72,814,"3,8%","8,8%"
4107702,Sul,Paraná,Fênix,31,100,571,"5,4%","17,5%"
4123808,Sul,Paraná,Santa Izabel do Oeste,31,56,869,"3,6%","6,4%"
4207205,Sul,Santa Catarina,Imaruí,31,57,699,"4,4%","8,2%"
4212502,Sul,Santa Catarina,Penha,31,95,1272,"2,4%","7,5%"
4301404,Sul,Rio Grande do Sul,Arvorezinha,31,45,473,"6,6%","9,5%"
4316428,Sul,Rio Grande do Sul,Sagrada Família,31,97,408,"7,6%","23,8%"
4319802,Sul,Rio Grande do Sul,São Vicente do Sul,31,48,624,"5,0%","7,7%"
4320552,Sul,Rio Grande do Sul,Sertão Santana,31,84,345,"9,0%","24,3%"
4321006,Sul,Rio Grande do Sul,Tapera,31,66,801,"3,9%","8,2%"
4321709,Sul,Rio Grande do Sul,Três Coroas,31,59,1080,"2,9%","5,5%"
5107768,Centro-Oeste,Mato Grosso,Santa Rita do Trivelato,31,73,540,"5,7%","13,5%"
5200829,Centro-Oeste,Goiás,Amaralina,31,93,464,"6,7%","20,0%"
5208509,Centro-Oeste,Goiás,Goiandira,31,43,522,"5,9%","8,2%"
5213905,Centro-Oeste,Goiás,Mossâmedes,31,57,492,"6,3%","11,6%"
1712009,Norte,Tocantins,Lajeado,30,105,373,"8,0%","28,2%"
2200954,Nordeste,Piauí,Aroeiras do Itaim,30,229,564,"5,3%","40,6%"
2206308,Nordeste,Piauí,Miguel Leão,30,42,289,"10,4%","14,5%"
2414753,Nordeste,Rio Grande do Norte,Venha-Ver,30,64,546,"5,5%","11,7%"
2512036,Nordeste,Paraíba,Poço Dantas,30,54,711,"4,2%","7,6%"
3106804,Sudeste,Minas Gerais,Bias Fortes,30,50,455,"6,6%","11,0%"
3108909,Sudeste,Minas Gerais,Brazópolis,30,82,934,"3,2%","8,8%"
3120409,Sudeste,Minas Gerais,Cristiano Otoni,30,65,345,"8,7%","18,8%"
3135704,Sudeste,Minas Gerais,Jequitibá,30,80,656,"4,6%","12,2%"
3154200,Sudeste,Minas Gerais,Resende Costa,30,92,719,"4,2%","12,8%"
3162302,Sudeste,Minas Gerais,São João da Mata,30,65,373,"8,0%","17,4%"
3165578,Sudeste,Minas Gerais,Senador Amaral,30,102,950,"3,2%","10,7%"
3201159,Sudeste,Espírito Santo,Brejetuba,30,105,1128,"2,7%","9,3%"
3514205,Sudeste,São Paulo,Dolcinópolis,30,53,285,"10,5%","18,6%"
3532058,Sudeste,São Paulo,Motuca,30,37,288,"10,4%","12,8%"
4103354,Sul,Paraná,Braganey,30,56,572,"5,2%","9,8%"
4107850,Sul,Paraná,Flor da Serra do Sul,30,64,605,"5,0%","10,6%"
4111209,Sul,Paraná,Itapejara d’Oeste,30,69,1122,"2,7%","6,1%"
4113429,Sul,Paraná,Lidianópolis,30,111,855,"3,5%","13,0%"
4115309,Sul,Paraná,Mariópolis,30,56,621,"4,8%","9,0%"
4116604,Sul,Paraná,Nova América da Colina,30,82,463,"6,5%","17,7%"
4120705,Sul,Paraná,Quatiguá,30,34,707,"4,2%","4,8%"
4121307,Sul,Paraná,Rancho Alegre,30,81,438,"6,8%","18,5%"
4122008,Sul,Paraná,Rio Azul,30,131,1010,"3,0%","13,0%"
4125407,Sul,Paraná,São José da Boa Vista,30,90,725,"4,1%","12,4%"
4207106,Sul,Santa Catarina,Ilhota,30,45,662,"4,5%","6,8%"
4211058,Sul,Santa Catarina,Monte Carlo,30,67,705,"4,3%","9,5%"
4302006,Sul,Rio Grande do Sul,Barros Cassal,30,60,487,"6,2%","12,3%"
4309605,Sul,Rio Grande do Sul,Horizontina,30,70,769,"3,9%","9,1%"
5103809,Centro-Oeste,Mato Grosso,Figueirópolis D’Oeste,30,41,399,"7,5%","10,3%"
5107156,Centro-Oeste,Mato Grosso,Reserva do Cabaçal,30,97,540,"5,6%","18,0%"
5221452,Centro-Oeste,Goiás,Trombas,30,138,506,"5,9%","27,3%"
2210953,Nordeste,Piauí,Tamboril do Piauí,29,192,730,"4,0%","26,3%"
2400406,Nordeste,Rio Grande do Norte,Água Nova,29,77,357,"8,1%","21,6%"
2502151,Nordeste,Paraíba,Boa Vista,29,118,1009,"2,9%","11,7%"
2508406,Nordeste,Paraíba,Lastro,29,43,471,"6,2%","9,1%"
3117108,Sudeste,Minas Gerais,Conceição da Aparecida,29,93,748,"3,9%","12,4%"
3145109,Sudeste,Minas Gerais,Nova Resende,29,106,1333,"2,2%","8,0%"
3159308,Sudeste,Minas Gerais,Santa Rita de Jacutinga,29,91,513,"5,7%","17,7%"
3171501,Sudeste,Minas Gerais,Mathias Lobato,29,179,724,"4,0%","24,7%"
3202256,Sudeste,Espírito Santo,Governador Lindenberg,29,113,1064,"2,7%","10,6%"
3509106,Sudeste,São Paulo,Caiuá,29,87,458,"6,3%","19,0%"
3516606,Sudeste,São Paulo,Gália,29,43,423,"6,9%","10,2%"
3518107,Sudeste,São Paulo,Guarantã,29,143,884,"3,3%","16,2%"
3526308,Sudeste,São Paulo,Lagoinha,29,56,645,"4,5%","8,7%"
3532827,Sudeste,São Paulo,Nova Campina,29,109,1110,"2,6%","9,8%"
3543808,Sudeste,São Paulo,Rinópolis,29,42,405,"7,2%","10,4%"
3544509,Sudeste,São Paulo,Rubinéia,29,33,420,"6,9%","7,9%"
3546702,Sudeste,São Paulo,Santa Gertrudes,29,80,966,"3,0%","8,3%"
4101051,Sul,Paraná,Anahy,29,41,398,"7,3%","10,3%"
4112801,Sul,Paraná,Joaquim Távora,29,83,839,"3,5%","9,9%"
4121356,Sul,Paraná,Rancho Alegre D’Oeste,29,43,263,"11,0%","16,3%"
4203303,Sul,Santa Catarina,Campo Alegre,29,45,639,"4,5%","7,0%"
4303673,Sul,Rio Grande do Sul,Campestre da Serra,29,39,175,"16,6%","22,3%"
4307302,Sul,Rio Grande do Sul,Erval Seco,29,81,604,"4,8%","13,4%"
4312302,Sul,Rio Grande do Sul,Miraguaí,29,51,482,"6,0%","10,6%"
4321352,Sul,Rio Grande do Sul,Tavares,29,82,395,"7,3%","20,8%"
5106802,Centro-Oeste,Mato Grosso,Porto dos Gaúchos,29,45,514,"5,6%","8,8%"
5108907,Centro-Oeste,Mato Grosso,Nova Maringá,29,71,536,"5,4%","13,2%"
5210604,Centro-Oeste,Goiás,Itaguaru,29,54,432,"6,7%","12,5%"
1701051,Norte,Tocantins,Angico,28,137,437,"6,4%","31,4%"
1703602,Norte,Tocantins,Brasilândia do Tocantins,28,102,359,"7,8%","28,4%"
1720853,Norte,Tocantins,Sucupira,28,61,241,"11,6%","25,3%"
2101939,Nordeste,Maranhão,Bernardo do Mearim,28,183,780,"3,6%","23,5%"
2411601,Nordeste,Rio Grande do Norte,São Bento do Norte,28,84,663,"4,2%","12,7%"
3105301,Sudeste,Minas Gerais,Bandeira do Sul,28,46,381,"7,3%","12,1%"
3123528,Sudeste,Minas Gerais,Durandé,28,132,738,"3,8%","17,9%"
3124401,Sudeste,Minas Gerais,Espírito Santo do Dourado,28,99,770,"3,6%","12,9%"
3126406,Sudeste,Minas Gerais,Fortuna de Minas,28,55,358,"7,8%","15,4%"
3154408,Sudeste,Minas Gerais,Ressaquinha,28,58,509,"5,5%","11,4%"
3509809,Sudeste,São Paulo,Campos Novos Paulista,28,48,426,"6,6%","11,3%"
3513207,Sudeste,São Paulo,Cristais Paulista,28,50,583,"4,8%","8,6%"
3514304,Sudeste,São Paulo,Dourado,28,69,516,"5,4%","13,4%"
3532108,Sudeste,São Paulo,Murutinga do Sul,28,38,388,"7,2%","9,8%"
3543600,Sudeste,São Paulo,Rifaina,28,52,466,"6,0%","11,2%"
3548302,Sudeste,São Paulo,Santo Expedito,28,55,316,"8,9%","17,4%"
4115903,Sul,Paraná,Mirador,28,36,244,"11,5%","14,8%"
4118600,Sul,Paraná,Paula Freitas,28,117,540,"5,2%","21,7%"
4127007,Sul,Paraná,Teixeira Soares,28,140,926,"3,0%","15,1%"
4203600,Sul,Santa Catarina,Campos Novos,28,39,1163,"2,4%","3,4%"
5102850,Centro-Oeste,Mato Grosso,Castanheira,28,113,811,"3,5%","13,9%"
5209457,Centro-Oeste,Goiás,Guarinos,28,42,255,"11,0%","16,5%"
2111573,Nordeste,Maranhão,São Pedro dos Crentes,27,192,761,"3,5%","25,2%"
3104403,Sudeste,Minas Gerais,Argirita,27,48,434,"6,2%","11,1%"
3121407,Sudeste,Minas Gerais,Desterro de Entre Rios,27,102,606,"4,5%","16,8%"
3166105,Sudeste,Minas Gerais,Senhora do Porto,27,61,376,"7,2%","16,2%"
3501152,Sudeste,São Paulo,Alumínio,27,58,547,"4,9%","10,6%"
3515608,Sudeste,São Paulo,Fernando Prestes,27,51,385,"7,0%","13,2%"
3516853,Sudeste,São Paulo,Gavião Peixoto,27,36,305,"8,9%","11,8%"
3528007,Sudeste,São Paulo,Macatuba,27,50,836,"3,2%","6,0%"
3533254,Sudeste,São Paulo,Novais,27,35,412,"6,6%","8,5%"
3542008,Sudeste,São Paulo,Quintana,27,87,562,"4,8%","15,5%"
3543253,Sudeste,São Paulo,Ribeirão Grande,27,72,1054,"2,6%","6,8%"
3553856,Sudeste,São Paulo,Taquarivaí,27,62,903,"3,0%","6,9%"
4105300,Sul,Paraná,Céu Azul,27,48,965,"2,8%","5,0%"
4107405,Sul,Paraná,Enéas Marques,27,52,517,"5,2%","10,1%"
4109005,Sul,Paraná,Guapirama,27,58,629,"4,3%","9,2%"
4110003,Sul,Paraná,Iguaraçu,27,48,491,"5,5%","9,8%"
4111704,Sul,Paraná,Jaboti,27,65,573,"4,7%","11,3%"
4120309,Sul,Paraná,Porto Vitória,27,76,521,"5,2%","14,6%"
4121257,Sul,Paraná,Ramilândia,27,48,424,"6,4%","11,3%"
4125456,Sul,Paraná,São José das Palmeiras,27,54,477,"5,7%","11,3%"
4206702,Sul,Santa Catarina,Herval d’Oeste,27,34,610,"4,4%","5,6%"
4211702,Sul,Santa Catarina,Orleans,27,45,608,"4,4%","7,4%"
4217501,Sul,Santa Catarina,Seara,27,37,583,"4,6%","6,3%"
4307203,Sul,Rio Grande do Sul,Erval Grande,27,77,490,"5,5%","15,7%"
4309902,Sul,Rio Grande do Sul,Ibiraiaras,27,52,302,"8,9%","17,2%"
4314498,Sul,Rio Grande do Sul,Pinheirinho do Vale,27,72,474,"5,7%","15,2%"
5103361,Centro-Oeste,Mato Grosso,Conquista D’Oeste,27,69,370,"7,3%","18,6%"
5107750,Centro-Oeste,Mato Grosso,Salto do Céu,27,47,576,"4,7%","8,2%"
5204201,Centro-Oeste,Goiás,Cachoeira de Goiás,27,43,189,"14,3%","22,8%"
2209757,Nordeste,Piauí,São Gonçalo do Gurguéia,26,92,606,"4,3%","15,2%"
3129202,Sudeste,Minas Gerais,Heliodora,26,42,622,"4,2%","6,8%"
3134806,Sudeste,Minas Gerais,Jacuí,26,102,835,"3,1%","12,2%"
3136520,Sudeste,Minas Gerais,José Gonçalves de Minas,26,99,491,"5,3%","20,2%"
3145802,Sudeste,Minas Gerais,Onça de Pi- tangui,26,54,350,"7,4%","15,4%"
3151701,Sudeste,Minas Gerais,Poço Fundo,26,57,948,"2,7%","6,0%"
3167301,Sudeste,Minas Gerais,Silveirânia,26,47,263,"9,9%","17,9%"
3167905,Sudeste,Minas Gerais,Tabuleiro,26,52,505,"5,1%","10,3%"
3169109,Sudeste,Minas Gerais,Toledo,26,58,774,"3,4%","7,5%"
3502606,Sudeste,São Paulo,Aparecida d’Oeste,26,74,642,"4,0%","11,5%"
3507753,Sudeste,São Paulo,Brejo Alegre,26,92,465,"5,6%","19,8%"
3534203,Sudeste,São Paulo,Orindiúva,26,36,360,"7,2%","10,0%"
3536802,Sudeste,São Paulo,Pedra Bela,26,66,534,"4,9%","12,4%"
3538303,Sudeste,São Paulo,Piquerobi,26,46,328,"7,9%","14,0%"
3540408,Sudeste,São Paulo,Populina,26,56,394,"6,6%","14,2%"
3544608,Sudeste,São Paulo,Sabino,26,60,431,"6,0%","13,9%"
4104055,Sul,Paraná,Campo Bonito,26,39,539,"4,8%","7,2%"
4107157,Sul,Paraná,Diamante D’Oeste,26,80,521,"5,0%","15,4%"
4113759,Sul,Paraná,Lunardelli,26,76,510,"5,1%","14,9%"
4121802,Sul,Paraná,Ribeirão Claro,26,80,994,"2,6%","8,0%"
4123204,Sul,Paraná,Santa Cecília do Pavão,26,37,390,"6,7%","9,5%"
4124509,Sul,Paraná,Santo Inácio,26,29,268,"9,7%","10,8%"
4128625,Sul,Paraná,Alto Paraíso,26,48,403,"6,5%","11,9%"
4204509,Sul,Santa Catarina,Corupá,26,51,460,"5,7%","11,1%"
4305306,Sul,Rio Grande do Sul,Chapada,26,50,1106,"2,4%","4,5%"
4306403,Sul,Rio Grande do Sul,Dois Irmãos,26,46,451,"5,8%","10,2%"
4323804,Sul,Rio Grande do Sul,Xangri-lá,26,62,1014,"2,6%","6,1%"
5104559,Centro-Oeste,Mato Grosso,Itaúba,26,72,693,"3,8%","10,4%"
5107248,Centro-Oeste,Mato Grosso,Santa Carmem,26,38,436,"6,0%","8,7%"
5201454,Centro-Oeste,Goiás,Aparecida do Rio Doce,26,36,303,"8,6%","11,9%"
5205703,Centro-Oeste,Goiás,Córrego do Ouro,26,51,277,"9,4%","18,4%"
5214804,Centro-Oeste,Goiás,Nova Aurora,26,51,287,"9,1%","17,8%"
5215652,Centro-Oeste,Goiás,Palestina de Goiás,26,49,354,"7,3%","13,8%"
1101468,Norte,Rondônia,Pimenteiras do Oeste,25,151,433,"5,8%","34,9%"
1718899,Norte,Tocantins,Santa Rita do Tocantins,25,107,272,"9,2%","39,3%"
2504108,Nordeste,Paraíba,Carrapateira,25,130,511,"4,9%","25,4%"
2800100,Nordeste,Sergipe,Amparo do São Francisco,25,69,410,"6,1%","16,8%"
3103751,Sudeste,Minas Gerais,Araporã,25,91,622,"4,0%","14,6%"
3107000,Sudeste,Minas Gerais,Biquinhas,25,28,311,"8,0%","9,0%"
3109808,Sudeste,Minas Gerais,Cachoeira Dourada,25,30,289,"8,7%","10,4%"
3112059,Sudeste,Minas Gerais,Cantagalo,25,116,620,"4,0%","18,7%"
3119005,Sudeste,Minas Gerais,Cordislândia,25,83,383,"6,5%","21,7%"
3122470,Sudeste,Minas Gerais,Dom Bosco,25,50,463,"5,4%","10,8%"
3123007,Sudeste,Minas Gerais,Dores de Cam- pos,25,88,816,"3,1%","10,8%"
3124708,Sudeste,Minas Gerais,Estrela do Indaiá,25,52,278,"9,0%","18,7%"
3138674,Sudeste,Minas Gerais,Luisburgo,25,95,687,"3,6%","13,8%"
3142304,Sudeste,Minas Gerais,Moeda,25,76,546,"4,6%","13,9%"
3142502,Sudeste,Minas Gerais,Monjolos,25,42,230,"10,9%","18,3%"
3158300,Sudeste,Minas Gerais,Santana da Vargem,25,46,802,"3,1%","5,7%"
3163201,Sudeste,Minas Gerais,São José do Alegre,25,55,454,"5,5%","12,1%"
3163607,Sudeste,Minas Gerais,São José do Mantimento,25,94,288,"8,7%","32,6%"
3500907,Sudeste,São Paulo,Altair,25,54,332,"7,5%","16,3%"
3503109,Sudeste,São Paulo,Arandu,25,65,709,"3,5%","9,2%"
3509452,Sudeste,São Paulo,Campina do Monte Alegre,25,108,734,"3,4%","14,7%"
3528700,Sudeste,São Paulo,Marabá Paulista,25,104,406,"6,2%","25,6%"
3531209,Sudeste,São Paulo,Monte Alegre do Sul,25,39,405,"6,2%","9,6%"
3539608,Sudeste,São Paulo,Planalto,25,47,381,"6,6%","12,3%"
3555505,Sudeste,São Paulo,Ubirajara,25,56,389,"6,4%","14,4%"
4101150,Sul,Paraná,Ângulo,25,31,287,"8,7%","10,8%"
4106100,Sul,Paraná,Conselheiro Mairinck,25,34,345,"7,2%","9,9%"
4110052,Sul,Paraná,Iguatu,25,56,436,"5,7%","12,8%"
4120101,Sul,Paraná,Porto Amazonas,25,36,438,"5,7%","8,2%"
4201000,Sul,Santa Catarina,Anita Garibaldi,25,71,619,"4,0%","11,5%"
4216404,Sul,Santa Catarina,São João do Sul,25,63,520,"4,8%","12,1%"
4307815,Sul,Rio Grande do Sul,Estrela Velha,25,92,323,"7,7%","28,5%"
4308052,Sul,Rio Grande do Sul,Faxinalzinho,25,31,173,"14,5%","17,9%"
4320354,Sul,Rio Grande do Sul,Sentinela do Sul,25,79,381,"6,6%","20,7%"
5101209,Centro-Oeste,Mato Grosso,Araguainha,25,32,168,"14,9%","19,0%"
5107578,Centro-Oeste,Mato Grosso,Rondolândia,25,88,470,"5,3%","18,7%"
1720002,Norte,Tocantins,Santa Terezinha do Tocantins,24,120,343,"7,0%","35,0%"
3116209,Sudeste,Minas Gerais,Chiador,24,39,342,"7,0%","11,4%"
3120607,Sudeste,Minas Gerais,Crucilândia,24,61,557,"4,3%","11,0%"
3122405,Sudeste,Minas Gerais,Divisa Nova,24,42,464,"5,2%","9,1%"
3130002,Sudeste,Minas Gerais,Ibituruna,24,36,240,"10,0%","15,0%"
3136900,Sudeste,Minas Gerais,Juruaia,24,48,628,"3,8%","7,6%"
3143609,Sudeste,Minas Gerais,Morro da Garça,24,58,370,"6,5%","15,7%"
3146503,Sudeste,Minas Gerais,Pains,24,29,405,"5,9%","7,2%"
3147709,Sudeste,Minas Gerais,Passa Tempo,24,57,645,"3,7%","8,8%"
3148756,Sudeste,Minas Gerais,Pedra Bonita,24,278,1130,"2,1%","24,6%"
3149101,Sudeste,Minas Gerais,Pedralva,24,106,1159,"2,1%","9,1%"
3152907,Sudeste,Minas Gerais,Pratápolis,24,96,649,"3,7%","14,8%"
3153202,Sudeste,Minas Gerais,Presidente Juscelino,24,49,394,"6,1%","12,4%"
3153301,Sudeste,Minas Gerais,Presidente Kubitschek,24,62,358,"6,7%","17,3%"
3160504,Sudeste,Minas Gerais,Santo Antônio do Rio Abaixo,24,69,295,"8,1%","23,4%"
3512506,Sudeste,São Paulo,Coroados,24,69,680,"3,5%","10,1%"
3515129,Sudeste,São Paulo,Emilianópolis,24,47,238,"10,1%","19,7%"
3518503,Sudeste,São Paulo,Guareí,24,76,842,"2,9%","9,0%"
3527256,Sudeste,São Paulo,Lourdes,24,27,299,"8,0%","9,0%"
3533106,Sudeste,São Paulo,Nova Guatapo- ranga,24,49,296,"8,1%","16,6%"
3541059,Sudeste,São Paulo,Pratânia,24,60,683,"3,5%","8,8%"
3544905,Sudeste,São Paulo,Sales Oliveira,24,40,441,"5,4%","9,1%"
3551306,Sudeste,São Paulo,Sebastianópolis do Sul,24,32,449,"5,3%","7,1%"
3557303,Sudeste,São Paulo,Estiva Gerbi,24,35,683,"3,5%","5,1%"
4113403,Sul,Paraná,Leópolis,24,74,542,"4,4%","13,7%"
4115739,Sul,Paraná,Mato Rico,24,86,498,"4,8%","17,3%"
4205605,Sul,Santa Catarina,Galvão,24,34,258,"9,3%","13,2%"
4211603,Sul,Santa Catarina,Nova Veneza,24,30,345,"7,0%","8,7%"
4212650,Sul,Santa Catarina,Pescaria Brava,24,57,708,"3,4%","8,1%"
4213401,Sul,Santa Catarina,Ponte Serrada,24,70,915,"2,6%","7,7%"
4215059,Sul,Santa Catarina,Rio Rufino,24,32,203,"11,8%","15,8%"
4217808,Sul,Santa Catarina,Taió,24,47,711,"3,4%","6,6%"
4301206,Sul,Rio Grande do Sul,Arroio do Tigre,24,52,424,"5,7%","12,3%"
4308904,Sul,Rio Grande do Sul,Getúlio Vargas,24,47,635,"3,8%","7,4%"
4311601,Sul,Rio Grande do Sul,Liberato Salzano,24,94,540,"4,4%","17,4%"
4314779,Sul,Rio Grande do Sul,Pontão,24,49,296,"8,1%","16,6%"
4323754,Sul,Rio Grande do Sul,Vitória das Missões,24,51,271,"8,9%","18,8%"
5208152,Centro-Oeste,Goiás,Gameleira de Goiás,24,39,364,"6,6%","10,7%"
5212006,Centro-Oeste,Goiás,Jaupaci,24,60,378,"6,3%","15,9%"
5219209,Centro-Oeste,Goiás,Santa Cruz de Goiás,24,35,393,"6,1%","8,9%"
1101484,Norte,Rondônia,São Felipe D’Oeste,23,101,711,"3,2%","14,2%"
1709807,Norte,Tocantins,Ipueiras,23,73,231,"10,0%","31,6%"
2509370,Nordeste,Paraíba,Mato Grosso,23,53,470,"4,9%","11,3%"
2511004,Nordeste,Paraíba,Pedra Branca,23,148,602,"3,8%","24,6%"
3101201,Sudeste,Minas Gerais,Aiuruoca,23,68,436,"5,3%","15,6%"
3136553,Sudeste,Minas Gerais,José Raydan,23,110,614,"3,7%","17,9%"
3142601,Sudeste,Minas Gerais,Monsenhor Paulo,23,63,667,"3,4%","9,4%"
3150109,Sudeste,Minas Gerais,Piau,23,43,272,"8,5%","15,8%"
3150505,Sudeste,Minas Gerais,Pimenta,23,49,454,"5,1%","10,8%"
3162948,Sudeste,Minas Gerais,São José da Barra,23,49,636,"3,6%","7,7%"
3524501,Sudeste,São Paulo,Jaci,23,26,455,"5,1%","5,7%"
3540507,Sudeste,São Paulo,Porangaba,23,104,898,"2,6%","11,6%"
3542800,Sudeste,São Paulo,Ribeira,23,66,427,"5,4%","15,5%"
3543238,Sudeste,São Paulo,Ribeirão dos Índios,23,51,300,"7,7%","17,0%"
3545100,Sudeste,São Paulo,Salmourão,23,56,350,"6,6%","16,0%"
3548401,Sudeste,São Paulo,Santópolis do Aguapeí,23,52,306,"7,5%","17,0%"
3554953,Sudeste,São Paulo,Tuiuti,23,41,674,"3,4%","6,1%"
4103057,Sul,Paraná,Boa Vista da Aparecida,23,109,1113,"2,1%","9,8%"
4107553,Sul,Paraná,Farol,23,52,345,"6,7%","15,1%"
4124202,Sul,Paraná,Santo Antônio do Caiuá,23,43,280,"8,2%","15,4%"
4127809,Sul,Paraná,Tomazina,23,106,658,"3,5%","16,1%"
4128708,Sul,Paraná,Vitorino,23,74,623,"3,7%","11,9%"
4218202,Sul,Santa Catarina,Timbó,23,42,803,"2,9%","5,2%"
4307401,Sul,Rio Grande do Sul,Esmeralda,23,47,399,"5,8%","11,8%"
4310413,Sul,Rio Grande do Sul,Inhacorá,23,42,190,"12,1%","22,1%"
4310538,Sul,Rio Grande do Sul,Itaara,23,48,483,"4,8%","9,9%"
4310850,Sul,Rio Grande do Sul,Jaboticaba,23,50,483,"4,8%","10,4%"
4311981,Sul,Rio Grande do Sul,Mariana Pi- mentel,23,56,265,"8,7%","21,1%"
4312658,Sul,Rio Grande do Sul,Não-Me-Toque,23,40,704,"3,3%","5,7%"
4315156,Sul,Rio Grande do Sul,Progresso,23,57,425,"5,4%","13,4%"
4315800,Sul,Rio Grande do Sul,Roca Sales,23,28,601,"3,8%","4,7%"
4319125,Sul,Rio Grande do Sul,São Martinho da Serra,23,48,328,"7,0%","14,6%"
5107198,Centro-Oeste,Mato Grosso,Ribeirãozinho,23,60,398,"5,8%","15,1%"
5207105,Centro-Oeste,Goiás,Diorama,23,64,303,"7,6%","21,1%"
5219605,Centro-Oeste,Goiás,Santa Tereza de Goiás,23,62,402,"5,7%","15,4%"
2405504,Nordeste,Rio Grande do Norte,Jardim de Angicos,22,147,534,"4,1%","27,5%"
3130705,Sudeste,Minas Gerais,Indianópolis,22,55,410,"5,4%","13,4%"
3132909,Sudeste,Minas Gerais,Itamogi,22,61,927,"2,4%","6,6%"
3153707,Sudeste,Minas Gerais,Quartel Geral,22,57,348,"6,3%","16,4%"
3167004,Sudeste,Minas Gerais,Serranos,22,46,289,"7,6%","15,9%"
3201803,Sudeste,Espírito Santo,Divino de São Lourenço,22,55,522,"4,2%","10,5%"
3527009,Sudeste,São Paulo,Lindóia,22,39,556,"4,0%","7,0%"
3540309,Sudeste,São Paulo,Pontes Gestal,22,28,386,"5,7%","7,3%"
3542305,Sudeste,São Paulo,Redenção da Serra,22,48,466,"4,7%","10,3%"
4103206,Sul,Paraná,Bom Sucesso,22,28,498,"4,4%","5,6%"
4107124,Sul,Paraná,Diamante do Sul,22,81,499,"4,4%","16,2%"
4113106,Sul,Paraná,Kaloré,22,77,461,"4,8%","16,7%"
4115507,Sul,Paraná,Marumbi,22,54,415,"5,3%","13,0%"
4128609,Sul,Paraná,Verê,22,38,371,"5,9%","10,2%"
4202131,Sul,Santa Catarina,Bela Vista do Toldo,22,35,413,"5,3%","8,5%"
4300505,Sul,Rio Grande do Sul,Alpestre,22,49,381,"5,8%","12,9%"
4307450,Sul,Rio Grande do Sul,Esperança do Sul,22,46,297,"7,4%","15,5%"
4313102,Sul,Rio Grande do Sul,Nova Palma,22,72,429,"5,1%","16,8%"
4315321,Sul,Rio Grande do Sul,Quevedos,22,80,320,"6,9%","25,0%"
4318622,Sul,Rio Grande do Sul,São José dos Ausentes,22,36,266,"8,3%","13,5%"
5108303,Centro-Oeste,Mato Grosso,União do Sul,22,107,606,"3,6%","17,7%"
3109600,Sudeste,Minas Gerais,Cachoeira da Prata,21,43,372,"5,6%","11,6%"
3117603,Sudeste,Minas Gerais,Conceição do Pará,21,38,447,"4,7%","8,5%"
3138302,Sudeste,Minas Gerais,Leandro Ferreira,21,40,292,"7,2%","13,7%"
3141306,Sudeste,Minas Gerais,Medeiros,21,26,378,"5,6%","6,9%"
3141900,Sudeste,Minas Gerais,Minduri,21,76,333,"6,3%","22,8%"
3143708,Sudeste,Minas Gerais,Morro do Pilar,21,78,338,"6,2%","23,1%"
3143807,Sudeste,Minas Gerais,Munhoz,21,77,831,"2,5%","9,3%"
3145505,Sudeste,Minas Gerais,Olímpio No- ronha,21,39,514,"4,1%","7,6%"
3152600,Sudeste,Minas Gerais,Pouso Alto,21,73,502,"4,2%","14,5%"
3501202,Sudeste,São Paulo,Álvares Florence,21,39,443,"4,7%","8,8%"
3505005,Sudeste,São Paulo,Barão de An- tonina,21,52,479,"4,4%","10,9%"
3516804,Sudeste,São Paulo,Gastão Vidigal,21,50,395,"5,3%","12,7%"
3526506,Sudeste,São Paulo,Lavínia,21,36,278,"7,6%","12,9%"
3536257,Sudeste,São Paulo,Parisi,21,32,379,"5,5%","8,4%"
3543204,Sudeste,São Paulo,Ribeirão do Sul,21,106,557,"3,8%","19,0%"
3554706,Sudeste,São Paulo,Torrinha,21,42,686,"3,1%","6,1%"
4109104,Sul,Paraná,Guaporema,21,27,256,"8,2%","10,5%"
4117206,Sul,Paraná,Nova Olímpia,21,38,396,"5,3%","9,6%"
4118709,Sul,Paraná,Paulo Frontin,21,52,557,"3,8%","9,3%"
4122107,Sul,Paraná,Rio Bom,21,59,438,"4,8%","13,5%"
4123105,Sul,Paraná,Santa Amélia,21,45,332,"6,3%","13,6%"
4208708,Sul,Santa Catarina,Jacinto Ma- chado,21,30,399,"5,3%","7,5%"
4210605,Sul,Santa Catarina,Massaranduba,21,45,568,"3,7%","7,9%"
4211009,Sul,Santa Catarina,Mondaí,21,35,437,"4,8%","8,0%"
4212908,Sul,Santa Catarina,Pinhalzinho,21,31,497,"4,2%","6,2%"
4215109,Sul,Santa Catarina,Rodeio,21,35,364,"5,8%","9,6%"
4310801,Sul,Rio Grande do Sul,Ivoti,21,41,431,"4,9%","9,5%"
5216452,Centro-Oeste,Goiás,Perolândia,21,47,465,"4,5%","10,1%"
5220058,Centro-Oeste,Goiás,São João da Paraúna,21,28,179,"11,7%","15,6%"
1715507,Norte,Tocantins,Oliveira de Fátima,20,50,173,"11,6%","28,9%"
3100807,Sudeste,Minas Gerais,Aguanil,20,41,435,"4,6%","9,4%"
3104106,Sudeste,Minas Gerais,Arceburgo,20,37,519,"3,9%","7,1%"
3107604,Sudeste,Minas Gerais,Bom Jesus da Penha,20,57,413,"4,8%","13,8%"
3117405,Sudeste,Minas Gerais,Conceição de Ipanema,20,140,545,"3,7%","25,7%"
3124500,Sudeste,Minas Gerais,Estiva,20,50,605,"3,3%","8,3%"
3124609,Sudeste,Minas Gerais,Estrela Dalva,20,42,337,"5,9%","12,5%"
3135001,Sudeste,Minas Gerais,Jaguaraçu,20,53,344,"5,8%","15,4%"
3150901,Sudeste,Minas Gerais,Piranguçu,20,60,549,"3,6%","10,9%"
3162203,Sudeste,Minas Gerais,São João Batista do Glória,20,23,517,"3,9%","4,4%"
3168804,Sudeste,Minas Gerais,Tiradentes,20,104,665,"3,0%","15,6%"
3171105,Sudeste,Minas Gerais,Veríssimo,20,47,424,"4,7%","11,1%"
3500758,Sudeste,São Paulo,Alambari,20,46,430,"4,7%","10,7%"
3522653,Sudeste,São Paulo,Itapirapuã Paulista,20,122,629,"3,2%","19,4%"
3528304,Sudeste,São Paulo,Magda,20,32,367,"5,4%","8,7%"
3544400,Sudeste,São Paulo,Rubiácea,20,53,406,"4,9%","13,1%"
4102703,Sul,Paraná,Barra do Jacaré,20,37,410,"4,9%","9,0%"
4128302,Sul,Paraná,Uniflor,20,41,213,"9,4%","19,2%"
4201505,Sul,Santa Catarina,Armazém,20,57,400,"5,0%","14,3%"
4205803,Sul,Santa Catarina,Garuva,20,66,906,"2,2%","7,3%"
4206207,Sul,Santa Catarina,Gravatal,20,61,448,"4,5%","13,6%"
4210704,Sul,Santa Catarina,Matos Costa,20,44,482,"4,1%","9,1%"
4213302,Sul,Santa Catarina,Ponte Alta,20,26,360,"5,6%","7,2%"
4214201,Sul,Santa Catarina,Quilombo,20,45,323,"6,2%","13,9%"
4301701,Sul,Rio Grande do Sul,Barão de Co- tegipe,20,45,533,"3,8%","8,4%"
4301859,Sul,Rio Grande do Sul,Barra do Guarita,20,36,281,"7,1%","12,8%"
4304101,Sul,Rio Grande do Sul,Campos Borges,20,40,363,"5,5%","11,0%"
4306734,Sul,Rio Grande do Sul,Doutor Maurício Cardoso,20,32,215,"9,3%","14,9%"
4309506,Sul,Rio Grande do Sul,Guarani das Missões,20,52,316,"6,3%","16,5%"
4312138,Sul,Rio Grande do Sul,Mato Caste- lhano,20,28,266,"7,5%","10,5%"
4321956,Sul,Rio Grande do Sul,Trindade do Sul,20,35,452,"4,4%","7,7%"
4322327,Sul,Rio Grande do Sul,Turuçu,20,39,275,"7,3%","14,2%"
5213400,Centro-Oeste,Goiás,Moiporá,20,34,190,"10,5%","17,9%"
3101631,Sudeste,Minas Gerais,Alfredo Vascon- celos,19,76,606,"3,1%","12,5%"
3102209,Sudeste,Minas Gerais,Alvarenga,19,114,610,"3,1%","18,7%"
3113602,Sudeste,Minas Gerais,Careaçu,19,35,506,"3,8%","6,9%"
3113800,Sudeste,Minas Gerais,Carmésia,19,36,251,"7,6%","14,3%"
3126307,Sudeste,Minas Gerais,Fortaleza de Minas,19,28,183,"10,4%","15,3%"
3165107,Sudeste,Minas Gerais,São Tomás de Aquino,19,53,457,"4,2%","11,6%"
3503356,Sudeste,São Paulo,Arco-Íris,19,27,247,"7,7%","10,9%"
3506201,Sudeste,São Paulo,Bento de Abreu,19,31,196,"9,7%","15,8%"
3534005,Sudeste,São Paulo,Onda Verde,19,33,284,"6,7%","11,6%"
3546900,Sudeste,São Paulo,Santa Lúcia,19,25,282,"6,7%","8,9%"
3555356,Sudeste,São Paulo,Ubarana,19,68,384,"4,9%","17,7%"
3555703,Sudeste,São Paulo,União Paulista,19,28,199,"9,5%","14,1%"
4103156,Sul,Paraná,Bom Jesus do Sul,19,61,350,"5,4%","17,4%"
4111100,Sul,Paraná,Itambé,19,34,385,"4,9%","8,8%"
4116950,Sul,Paraná,Nova Esperança do Sudoeste,19,29,313,"6,1%","9,3%"
4119657,Sul,Paraná,Pitangueiras,19,28,294,"6,5%","9,5%"
4125357,Sul,Paraná,São Jorge do Patrocínio,19,35,545,"3,5%","6,4%"
4204004,Sul,Santa Catarina,Catanduvas,19,26,633,"3,0%","4,1%"
4206900,Sul,Santa Catarina,Ibirama,19,36,583,"3,3%","6,2%"
4208807,Sul,Santa Catarina,Jaguaruna,19,55,689,"2,8%","8,0%"
4211751,Sul,Santa Catarina,Otacílio Costa,19,49,588,"3,2%","8,3%"
4219176,Sul,Santa Catarina,Vargem Bonita,19,36,405,"4,7%","8,9%"
4300638,Sul,Rio Grande do Sul,Amaral Ferrador,19,75,322,"5,9%","23,3%"
4306353,Sul,Rio Grande do Sul,Dezesseis de Novembro,19,96,378,"5,0%","25,4%"
4309803,Sul,Rio Grande do Sul,Ibiaçá,19,58,327,"5,8%","17,7%"
5104500,Centro-Oeste,Mato Grosso,Indiavaí,19,46,339,"5,6%","13,6%"
5106273,Centro-Oeste,Mato Grosso,Novo Horizonte do Norte,19,48,409,"4,6%","11,7%"
5202601,Centro-Oeste,Goiás,Aurilândia,19,61,438,"4,3%","13,9%"
5206602,Centro-Oeste,Goiás,Cumari,19,43,295,"6,4%","14,6%"
2510659,Nordeste,Paraíba,Parari,18,38,347,"5,2%","11,0%"
3113107,Sudeste,Minas Gerais,Caranaíba,18,57,285,"6,3%","20,0%"
3116902,Sudeste,Minas Gerais,Comendador Gomes,18,41,335,"5,4%","12,2%"
3128105,Sudeste,Minas Gerais,Guapé,18,86,759,"2,4%","11,3%"
3130804,Sudeste,Minas Gerais,Ingaí,18,27,255,"7,1%","10,6%"
3146602,Sudeste,Minas Gerais,Paiva,18,44,187,"9,6%","23,5%"
3167509,Sudeste,Minas Gerais,Simão Pereira,18,43,245,"7,3%","17,6%"
3500808,Sudeste,São Paulo,Alfredo Mar- condes,18,30,276,"6,5%","10,9%"
3503703,Sudeste,São Paulo,Ariranha,18,33,292,"6,2%","11,3%"
3508900,Sudeste,São Paulo,Caiabu,18,44,246,"7,3%","17,9%"
3515905,Sudeste,São Paulo,Floreal,18,41,284,"6,3%","14,4%"
3521101,Sudeste,São Paulo,Ipeúna,18,28,396,"4,5%","7,1%"
3528858,Sudeste,São Paulo,Marapoama,18,39,220,"8,2%","17,7%"
3531605,Sudeste,São Paulo,Monte Castelo,18,63,429,"4,2%","14,7%"
3544707,Sudeste,São Paulo,Sagres,18,24,265,"6,8%","9,1%"
4103958,Sul,Paraná,Campina do Simão,18,59,391,"4,6%","15,1%"
4108957,Sul,Paraná,Guamiranga,18,87,701,"2,6%","12,4%"
4202875,Sul,Santa Catarina,Brunópolis,18,23,202,"8,9%","11,4%"
4207809,Sul,Santa Catarina,Irani,18,42,644,"2,8%","6,5%"
4209151,Sul,Santa Catarina,José Boiteux,18,50,310,"5,8%","16,1%"
4214706,Sul,Santa Catarina,Rio dos Cedros,18,28,253,"7,1%","11,1%"
4300877,Sul,Rio Grande do Sul,Araricá,18,37,521,"3,5%","7,1%"
4301552,Sul,Rio Grande do Sul,Áurea,18,29,123,"14,6%","23,6%"
4301800,Sul,Rio Grande do Sul,Barracão,18,63,314,"5,7%","20,1%"
4304671,Sul,Rio Grande do Sul,Capivari do Sul,18,19,340,"5,3%","5,6%"
4306924,Sul,Rio Grande do Sul,Engenho Velho,18,24,131,"13,7%","18,3%"
4308078,Sul,Rio Grande do Sul,Fazenda Vila- nova,18,26,373,"4,8%","7,0%"
4308607,Sul,Rio Grande do Sul,Garibaldi,18,35,574,"3,1%","6,1%"
4309704,Sul,Rio Grande do Sul,Humaitá,18,28,295,"6,1%","9,5%"
4313037,Sul,Rio Grande do Sul,Nova Esperança do Sul,18,17,566,"3,2%","3,0%"
4314308,Sul,Rio Grande do Sul,Pejuçara,18,32,445,"4,0%","7,2%"
4316303,Sul,Rio Grande do Sul,Roque Gonzales,18,73,747,"2,4%","9,8%"
4318465,Sul,Rio Grande do Sul,São José do Herval,18,26,204,"8,8%","12,7%"
4320404,Sul,Rio Grande do Sul,Serafina Corrêa,18,26,546,"3,3%","4,8%"
5108808,Centro-Oeste,Mato Grosso,Nova Guarita,18,59,462,"3,9%","12,8%"
5200506,Centro-Oeste,Goiás,Aloândia,18,38,284,"6,3%","13,4%"
2210383,Nordeste,Piauí,São Miguel da Baixa Grande,17,66,329,"5,2%","20,1%"
3108800,Sudeste,Minas Gerais,Braúnas,17,90,392,"4,3%","23,0%"
3109709,Sudeste,Minas Gerais,Cachoeira de Minas,17,46,639,"2,7%","7,2%"
3114600,Sudeste,Minas Gerais,Carrancas,17,31,269,"6,3%","11,5%"
3119609,Sudeste,Minas Gerais,Coronel Pa- checo,17,32,324,"5,2%","9,9%"
3150604,Sudeste,Minas Gerais,Piracema,17,40,422,"4,0%","9,5%"
3153004,Sudeste,Minas Gerais,Pratinha,17,20,334,"5,1%","6,0%"
3168101,Sudeste,Minas Gerais,Tapira,17,50,362,"4,7%","13,8%"
3510906,Sudeste,São Paulo,Cássia dos Coqueiros,17,25,208,"8,2%","12,0%"
3529609,Sudeste,São Paulo,Meridiano,17,25,390,"4,4%","6,4%"
3530904,Sudeste,São Paulo,Mombuca,17,29,338,"5,0%","8,6%"
3533809,Sudeste,São Paulo,Óleo,17,25,265,"6,4%","9,4%"
3536109,Sudeste,São Paulo,Pardinho,17,39,517,"3,3%","7,5%"
3542503,Sudeste,São Paulo,Reginópolis,17,31,334,"5,1%","9,3%"
3545704,Sudeste,São Paulo,Santa Albertina,17,31,418,"4,1%","7,4%"
3549003,Sudeste,São Paulo,São Francisco,17,33,257,"6,6%","12,8%"
4109658,Sul,Paraná,Honório Serpa,17,47,532,"3,2%","8,8%"
4116406,Sul,Paraná,Nossa Senhora das Graças,17,30,336,"5,1%","8,9%"
4126272,Sul,Paraná,Saudade do Iguaçu,17,32,595,"2,9%","5,4%"
4203105,Sul,Santa Catarina,Caibi,17,34,315,"5,4%","10,8%"
4205001,Sul,Santa Catarina,Dionísio Cer- queira,17,51,627,"2,7%","8,1%"
4208401,Sul,Santa Catarina,Itapiranga,17,32,506,"3,4%","6,3%"
4211207,Sul,Santa Catarina,Morro da Fu- maça,17,30,684,"2,5%","4,4%"
4212304,Sul,Santa Catarina,Paulo Lopes,17,32,450,"3,8%","7,1%"
4218350,Sul,Santa Catarina,Treviso,17,26,162,"10,5%","16,0%"
4218806,Sul,Santa Catarina,Turvo,17,37,358,"4,7%","10,3%"
4218954,Sul,Santa Catarina,Urupema,17,27,251,"6,8%","10,8%"
4304804,Sul,Rio Grande do Sul,Carlos Barbosa,17,31,387,"4,4%","8,0%"
4306957,Sul,Rio Grande do Sul,Entre Rios do Sul,17,32,241,"7,1%","13,3%"
4308656,Sul,Rio Grande do Sul,Garruchos,17,113,496,"3,4%","22,8%"
4308706,Sul,Rio Grande do Sul,Gaurama,17,32,304,"5,6%","10,5%"
4311627,Sul,Rio Grande do Sul,Lindolfo Collor,17,17,306,"5,6%","5,6%"
4312609,Sul,Rio Grande do Sul,Muçum,17,24,387,"4,4%","6,2%"
4313391,Sul,Rio Grande do Sul,Novo Cabrais,17,39,276,"6,2%","14,1%"
4314472,Sul,Rio Grande do Sul,Pinhal Grande,17,59,351,"4,8%","16,8%"
4315552,Sul,Rio Grande do Sul,Rio dos Índios,17,43,239,"7,1%","18,0%"
4315909,Sul,Rio Grande do Sul,Rodeio Bonito,17,47,461,"3,7%","10,2%"
4320503,Sul,Rio Grande do Sul,Sertão,17,30,225,"7,6%","13,3%"
4321667,Sul,Rio Grande do Sul,Três Cachoeiras,17,31,332,"5,1%","9,3%"
5006275,Centro-Oeste,Mato Grosso do Sul,Paraíso das Águas,17,43,429,"4,0%","10,0%"
5200159,Centro-Oeste,Goiás,Adelândia,17,39,338,"5,0%","11,5%"
3101300,Sudeste,Minas Gerais,Alagoa,16,59,258,"6,2%","22,9%"
3103207,Sudeste,Minas Gerais,Araçaí,16,29,230,"7,0%","12,6%"
3115607,Sudeste,Minas Gerais,Cedro do Abaeté,16,26,155,"10,3%","16,8%"
3125804,Sudeste,Minas Gerais,Fernandes Tourinho,16,42,346,"4,6%","12,1%"
3131505,Sudeste,Minas Gerais,Ipuiúna,16,55,863,"1,9%","6,4%"
3140209,Sudeste,Minas Gerais,Maripá de Minas,16,27,390,"4,1%","6,9%"
3148806,Sudeste,Minas Gerais,Pedra do Anta,16,74,359,"4,5%","20,6%"
3149408,Sudeste,Minas Gerais,Pedro Teixeira,16,28,220,"7,3%","12,7%"
3164431,Sudeste,Minas Gerais,São Sebastião da Vargem Alegre,16,42,302,"5,3%","13,9%"
3166907,Sudeste,Minas Gerais,Serrania,16,53,708,"2,3%","7,5%"
3502408,Sudeste,São Paulo,Anhumas,16,46,398,"4,0%","11,6%"
3516101,Sudeste,São Paulo,Florínea,16,68,304,"5,3%","22,4%"
3532843,Sudeste,São Paulo,Nova Canaã Paulista,16,32,189,"8,5%","16,9%"
3535705,Sudeste,São Paulo,Paraíso,16,27,407,"3,9%","6,6%"
3541109,Sudeste,São Paulo,Presidente Alves,16,34,325,"4,9%","10,5%"
4106852,Sul,Paraná,Cruzmaltina,16,49,243,"6,6%","20,2%"
4119004,Sul,Paraná,Pérola d’Oeste,16,54,626,"2,6%","8,6%"
4119251,Sul,Paraná,Pinhal de São Bento,16,47,364,"4,4%","12,9%"
4200705,Sul,Santa Catarina,Alfredo Wagner,16,88,503,"3,2%","17,5%"
4203154,Sul,Santa Catarina,Calmon,16,42,542,"3,0%","7,7%"
4203907,Sul,Santa Catarina,Capinzal,16,56,581,"2,8%","9,6%"
4204178,Sul,Santa Catarina,Cerro Negro,16,62,377,"4,2%","16,4%"
4204400,Sul,Santa Catarina,Coronel Freitas,16,61,552,"2,9%","11,1%"
4210506,Sul,Santa Catarina,Maravilha,16,47,760,"2,1%","6,2%"
4214003,Sul,Santa Catarina,Presidente Getúlio,16,34,412,"3,9%","8,3%"
4215455,Sul,Santa Catarina,Sangão,16,33,553,"2,9%","6,0%"
4300034,Sul,Rio Grande do Sul,Aceguá,16,33,370,"4,3%","8,9%"
4300208,Sul,Rio Grande do Sul,Ajuricaba,16,35,305,"5,2%","11,5%"
4304903,Sul,Rio Grande do Sul,Casca,16,27,378,"4,2%","7,1%"
4306379,Sul,Rio Grande do Sul,Dilermando de Aguiar,16,52,276,"5,8%","18,8%"
4306700,Sul,Rio Grande do Sul,Dona Francisca,16,26,265,"6,0%","9,8%"
4309753,Sul,Rio Grande do Sul,Ibarama,16,47,331,"4,8%","14,2%"
4314076,Sul,Rio Grande do Sul,Passo do So- brado,16,52,280,"5,7%","18,6%"
4314175,Sul,Rio Grande do Sul,Pedras Altas,16,21,245,"6,5%","8,6%"
4314555,Sul,Rio Grande do Sul,Pirapó,16,43,273,"5,9%","15,8%"
4315750,Sul,Rio Grande do Sul,Riozinho,16,19,198,"8,1%","9,6%"
4315958,Sul,Rio Grande do Sul,Rolador,16,35,246,"6,5%","14,2%"
4322103,Sul,Rio Grande do Sul,Tucunduva,16,24,247,"6,5%","9,7%"
4322152,Sul,Rio Grande do Sul,Tunas,16,45,366,"4,4%","12,3%"
5107297,Centro-Oeste,Mato Grosso,São José do Povo,16,46,464,"3,4%","9,9%"
5215801,Centro-Oeste,Goiás,Palmelo,16,34,273,"5,9%","12,5%"
5216007,Centro-Oeste,Goiás,Panamá,16,58,446,"3,6%","13,0%"
3115201,Sudeste,Minas Gerais,Conceição da Barra de Minas,15,105,423,"3,5%","24,8%"
3144672,Sudeste,Minas Gerais,Nova Belém,15,94,424,"3,5%","22,2%"
3154705,Sudeste,Minas Gerais,Ribeirão Ver- melho,15,34,345,"4,3%","9,9%"
3158607,Sudeste,Minas Gerais,Santana do Deserto,15,38,262,"5,7%","14,5%"
3504701,Sudeste,São Paulo,Balbinos,15,19,141,"10,6%","13,5%"
3507159,Sudeste,São Paulo,Bom Sucesso de Itararé,15,49,454,"3,3%","10,8%"
3520806,Sudeste,São Paulo,Inúbia Paulista,15,20,268,"5,6%","7,5%"
3527801,Sudeste,São Paulo,Lupércio,15,49,404,"3,7%","12,1%"
3532157,Sudeste,São Paulo,Nantes,15,26,239,"6,3%","10,9%"
3534104,Sudeste,São Paulo,Oriente,15,66,328,"4,6%","20,1%"
3537503,Sudeste,São Paulo,Pereiras,15,51,680,"2,2%","7,5%"
3547205,Sudeste,São Paulo,Santana da Ponte Pensa,15,25,159,"9,4%","15,7%"
3550803,Sudeste,São Paulo,São Sebastião da Grama,15,25,493,"3,0%","5,1%"
3553203,Sudeste,São Paulo,Taiúva,15,28,341,"4,4%","8,2%"
4112603,Sul,Paraná,Jardim Olinda,15,39,181,"8,3%","21,5%"
4202602,Sul,Santa Catarina,Bom Retiro,15,39,610,"2,5%","6,4%"
4211801,Sul,Santa Catarina,Ouro,15,27,175,"8,6%","15,4%"
4215653,Sul,Santa Catarina,Santa Rosa do Sul,15,33,574,"2,6%","5,7%"
4216909,Sul,Santa Catarina,São Lourenço do Oeste,15,38,606,"2,5%","6,3%"
4300802,Sul,Rio Grande do Sul,Antônio Prado,15,57,452,"3,3%","12,6%"
4302352,Sul,Rio Grande do Sul,Bom Princípio,15,26,319,"4,7%","8,2%"
4302378,Sul,Rio Grande do Sul,Bom Progresso,15,10,267,"5,6%","3,7%"
4305447,Sul,Rio Grande do Sul,Chuvisca,15,54,340,"4,4%","15,9%"
4321493,Sul,Rio Grande do Sul,Toropi,15,32,211,"7,1%","15,2%"
4322905,Sul,Rio Grande do Sul,Viadutos,15,20,137,"10,9%","14,6%"
5106190,Centro-Oeste,Mato Grosso,Nova Santa Helena,15,22,398,"3,8%","5,5%"
3117207,Sudeste,Minas Gerais,Conceição das Pedras,14,59,368,"3,8%","16,0%"
3121704,Sudeste,Minas Gerais,Diogo de Vas- concelos,14,77,447,"3,1%","17,2%"
3130309,Sudeste,Minas Gerais,Iguatama,14,79,602,"2,3%","13,1%"
3145406,Sudeste,Minas Gerais,Olaria,14,29,315,"4,4%","9,2%"
3500204,Sudeste,São Paulo,Adolfo,14,31,305,"4,6%","10,2%"
3500402,Sudeste,São Paulo,Águas da Prata,14,27,381,"3,7%","7,1%"
3507456,Sudeste,São Paulo,Borebi,14,24,362,"3,9%","6,6%"
3514924,Sudeste,São Paulo,Elisiário,14,17,205,"6,8%","8,3%"
3527900,Sudeste,São Paulo,Lutécia,14,35,245,"5,7%","14,3%"
3541653,Sudeste,São Paulo,Quadra,14,73,488,"2,9%","15,0%"
3551207,Sudeste,São Paulo,Sarutaiá,14,60,569,"2,5%","10,5%"
4102752,Sul,Paraná,Bela Vista da Caroba,14,40,335,"4,2%","11,9%"
4111605,Sul,Paraná,Ivatuba,14,17,178,"7,9%","9,6%"
4204103,Sul,Santa Catarina,Caxambu do Sul,14,24,233,"6,0%","10,3%"
4216057,Sul,Santa Catarina,São Cristóvão do Sul,14,28,311,"4,5%","9,0%"
4216354,Sul,Santa Catarina,São João do Itaperiú,14,10,296,"4,7%","3,4%"
4217006,Sul,Santa Catarina,São Ludgero,14,21,314,"4,5%","6,7%"
4217907,Sul,Santa Catarina,Tangará,14,38,560,"2,5%","6,8%"
4219002,Sul,Santa Catarina,Urussanga,14,37,511,"2,7%","7,2%"
4304713,Sul,Rio Grande do Sul,Caraá,14,21,499,"2,8%","4,2%"
4306072,Sul,Rio Grande do Sul,Cristal do Sul,14,62,382,"3,7%","16,2%"
4306932,Sul,Rio Grande do Sul,Entre-Ijuís,14,41,507,"2,8%","8,1%"
4311700,Sul,Rio Grande do Sul,Machadinho,14,26,200,"7,0%","13,0%"
4312203,Sul,Rio Grande do Sul,Maximiliano de Almeida,14,26,310,"4,5%","8,4%"
4312617,Sul,Rio Grande do Sul,Muitos Capões,14,13,169,"8,3%","7,7%"
4320321,Sul,Rio Grande do Sul,Senador Salga- do Filho,14,47,189,"7,4%","24,9%"
4320701,Sul,Rio Grande do Sul,Sobradinho,14,62,470,"3,0%","13,2%"
3114709,Sudeste,Minas Gerais,Carvalhópolis,13,34,274,"4,7%","12,4%"
3139102,Sudeste,Minas Gerais,Madre de Deus de Minas,13,38,426,"3,1%","8,9%"
3167806,Sudeste,Minas Gerais,Soledade de Minas,13,63,371,"3,5%","17,0%"
3503950,Sudeste,São Paulo,Aspásia,13,21,260,"5,0%","8,1%"
3518008,Sudeste,São Paulo,Guarani d’Oeste,13,23,293,"4,4%","7,8%"
3529104,Sudeste,São Paulo,Marinópolis,13,27,299,"4,3%","9,0%"
3530003,Sudeste,São Paulo,Mira Estrela,13,30,315,"4,1%","9,5%"
3533601,Sudeste,São Paulo,Nuporanga,13,19,335,"3,9%","5,7%"
3549250,Sudeste,São Paulo,São João de Iracema,13,21,172,"7,6%","12,2%"
4101853,Sul,Paraná,Ariranha do Ivaí,13,22,223,"5,8%","9,9%"
4107801,Sul,Paraná,Floraí,13,22,296,"4,4%","7,4%"
4123824,Sul,Paraná,Santa Lúcia,13,29,301,"4,3%","9,6%"
4125308,Sul,Paraná,São Jorge do Ivaí,13,37,394,"3,3%","9,4%"
4125555,Sul,Paraná,São Manoel do Paraná,13,13,195,"6,7%","6,7%"
4202438,Sul,Santa Catarina,Bocaina do Sul,13,37,341,"3,8%","10,9%"
4212007,Sul,Santa Catarina,Palma Sola,13,43,530,"2,5%","8,1%"
4212254,Sul,Santa Catarina,Passo de Torres,13,21,581,"2,2%","3,6%"
4216701,Sul,Santa Catarina,São José do Cedro,13,46,440,"3,0%","10,5%"
4219150,Sul,Santa Catarina,Vargem,13,21,135,"9,6%","15,6%"
4303608,Sul,Rio Grande do Sul,Cambará do Sul,13,28,385,"3,4%","7,3%"
4305405,Sul,Rio Grande do Sul,Chiapetta,13,28,291,"4,5%","9,6%"
4305504,Sul,Rio Grande do Sul,Ciríaco,13,46,303,"4,3%","15,2%"
4308458,Sul,Rio Grande do Sul,Fortaleza dos Valos,13,37,329,"4,0%","11,2%"
4309951,Sul,Rio Grande do Sul,Ibirapuitã,13,33,335,"3,9%","9,9%"
4311734,Sul,Rio Grande do Sul,Mampituba,13,44,238,"5,5%","18,5%"
4316204,Sul,Rio Grande do Sul,Rondinha,13,47,331,"3,9%","14,2%"
4316972,Sul,Rio Grande do Sul,Santa Margarida do Sul,13,35,249,"5,2%","14,1%"
4319109,Sul,Rio Grande do Sul,São Martinho,13,46,453,"2,9%","10,2%"
4320230,Sul,Rio Grande do Sul,Sede Nova,13,33,338,"3,8%","9,8%"
4320305,Sul,Rio Grande do Sul,Selbach,13,26,191,"6,8%","13,6%"
2404804,Nordeste,Rio Grande do Norte,Ipueira,12,58,367,"3,3%","15,8%"
3112109,Sudeste,Minas Gerais,Caparaó,12,95,526,"2,3%","18,1%"
3114907,Sudeste,Minas Gerais,Casa Grande,12,20,164,"7,3%","12,2%"
3115409,Sudeste,Minas Gerais,Catas Altas da Noruega,12,53,309,"3,9%","17,2%"
3135308,Sudeste,Minas Gerais,Japaraíba,12,24,252,"4,8%","9,5%"
3144409,Sudeste,Minas Gerais,Natércia,12,31,367,"3,3%","8,4%"
3147501,Sudeste,Minas Gerais,Passabém,12,18,146,"8,2%","12,3%"
3156403,Sudeste,Minas Gerais,Romaria,12,26,215,"5,6%","12,1%"
3157302,Sudeste,Minas Gerais,Santa Bárbara do Tugúrio,12,40,286,"4,2%","14,0%"
3168200,Sudeste,Minas Gerais,Tapiraí,12,16,263,"4,6%","6,1%"
3501509,Sudeste,São Paulo,Alvinlândia,12,24,207,"5,8%","11,6%"
3514957,Sudeste,São Paulo,Embaúba,12,21,131,"9,2%","16,0%"
3528205,Sudeste,São Paulo,Macedônia,12,17,253,"4,7%","6,7%"
3529500,Sudeste,São Paulo,Mendonça,12,24,333,"3,6%","7,2%"
3533700,Sudeste,São Paulo,Ocauçu,12,46,363,"3,3%","12,7%"
3555208,Sudeste,São Paulo,Turiúba,12,23,239,"5,0%","9,6%"
4117222,Sul,Paraná,Nova Santa Rosa,12,33,695,"1,7%","4,7%"
4126355,Sul,Paraná,Serranópolis do Iguaçu,12,35,350,"3,4%","10,0%"
4211892,Sul,Santa Catarina,Painel,12,23,257,"4,7%","8,9%"
4212106,Sul,Santa Catarina,Palmitos,12,41,555,"2,2%","7,4%"
4212270,Sul,Santa Catarina,Passos Maia,12,35,390,"3,1%","9,0%"
4213708,Sul,Santa Catarina,Pouso Redondo,12,18,472,"2,5%","3,8%"
4215406,Sul,Santa Catarina,Salto Veloso,12,18,177,"6,8%","10,2%"
4302204,Sul,Rio Grande do Sul,Boa Vista do Buricá,12,20,308,"3,9%","6,5%"
4303301,Sul,Rio Grande do Sul,Caibaté,12,54,334,"3,6%","16,2%"
4303806,Sul,Rio Grande do Sul,Campinas do Sul,12,31,426,"2,8%","7,3%"
4304952,Sul,Rio Grande do Sul,Caseiros,12,22,215,"5,6%","10,2%"
4305975,Sul,Rio Grande do Sul,Coxilha,12,16,180,"6,7%","8,9%"
4311908,Sul,Rio Grande do Sul,Marcelino Ramos,12,14,332,"3,6%","4,2%"
4312427,Sul,Rio Grande do Sul,Mormaço,12,24,200,"6,0%","12,0%"
4313607,Sul,Rio Grande do Sul,Paim Filho,12,22,209,"5,7%","10,5%"
4320859,Sul,Rio Grande do Sul,Tabaí,12,23,191,"6,3%","12,0%"
4322525,Sul,Rio Grande do Sul,Vale Verde,12,21,328,"3,7%","6,4%"
5214879,Centro-Oeste,Goiás,Nova Iguaçu de Goiás,12,49,337,"3,6%","14,5%"
2411429,Nordeste,Rio Grande do Norte,Santana do Seridó,11,52,454,"2,4%","11,5%"
3100708,Sudeste,Minas Gerais,Água Comprida,11,23,190,"5,8%","12,1%"
3106101,Sudeste,Minas Gerais,Belmiro Braga,11,29,266,"4,1%","10,9%"
3119708,Sudeste,Minas Gerais,Coronel Xavier Chaves,11,24,207,"5,3%","11,6%"
3119955,Sudeste,Minas Gerais,Córrego Fundo,11,18,602,"1,8%","3,0%"
3123502,Sudeste,Minas Gerais,Douradoquara,11,14,117,"9,4%","12,0%"
3147808,Sudeste,Minas Gerais,Passa Vinte,11,31,233,"4,7%","13,3%"
3513850,Sudeste,São Paulo,Dirce Reis,11,29,307,"3,6%","9,4%"
3527504,Sudeste,São Paulo,Lucianópolis,11,17,258,"4,3%","6,6%"
3546108,Sudeste,São Paulo,Santa Clara d’Oeste,11,13,271,"4,1%","4,8%"
3548104,Sudeste,São Paulo,Santo Antônio do Jardim,11,22,360,"3,1%","6,1%"
3549201,Sudeste,São Paulo,São João das Duas Pontes,11,21,285,"3,9%","7,4%"
3549300,Sudeste,São Paulo,São João do Pau d’Alho,11,15,257,"4,3%","5,8%"
4103222,Sul,Paraná,Bom Sucesso do Sul,11,25,274,"4,0%","9,1%"
4107520,Sul,Paraná,Esperança Nova,11,27,222,"5,0%","12,2%"
4108106,Sul,Paraná,Flórida,11,45,266,"4,1%","16,9%"
4118451,Sul,Paraná,Pato Bragado,11,28,365,"3,0%","7,7%"
4122800,Sul,Paraná,Salgado Filho,11,30,233,"4,7%","12,9%"
4128658,Sul,Paraná,Virmond,11,32,390,"2,8%","8,2%"
4200507,Sul,Santa Catarina,Águas de Chapecó,11,19,323,"3,4%","5,9%"
4201208,Sul,Santa Catarina,Antônio Carlos,11,17,219,"5,0%","7,8%"
4204905,Sul,Santa Catarina,Descanso,11,23,234,"4,7%","9,8%"
4205555,Sul,Santa Catarina,Frei Rogério,11,16,219,"5,0%","7,3%"
4208005,Sul,Santa Catarina,Itá,11,32,349,"3,2%","9,2%"
4210407,Sul,Santa Catarina,Maracajá,11,25,491,"2,2%","5,1%"
4211405,Sul,Santa Catarina,Nova Erechim,11,22,279,"3,9%","7,9%"
4214409,Sul,Santa Catarina,Rio das Antas,11,25,428,"2,6%","5,8%"
4217154,Sul,Santa Catarina,São Miguel da Boa Vista,11,17,134,"8,2%","12,7%"
4302451,Sul,Rio Grande do Sul,Boqueirão do Leão,11,67,441,"2,5%","15,2%"
4305157,Sul,Rio Grande do Sul,Cerro Grande,11,37,303,"3,6%","12,2%"
4306320,Sul,Rio Grande do Sul,Derrubadas,11,18,111,"9,9%","16,2%"
4308102,Sul,Rio Grande do Sul,Feliz,11,30,458,"2,4%","6,6%"
4308201,Sul,Rio Grande do Sul,Flores da Cunha,11,32,834,"1,3%","3,8%"
4314068,Sul,Rio Grande do Sul,Passa Sete,11,48,286,"3,8%","16,8%"
4316600,Sul,Rio Grande do Sul,Sananduva,11,28,347,"3,2%","8,1%"
4317905,Sul,Rio Grande do Sul,Santo Cristo,11,34,282,"3,9%","12,1%"
3103801,Sudeste,Minas Gerais,Arapuá,10,12,190,"5,3%","6,3%"
3159704,Sudeste,Minas Gerais,Santa Rosa da Serra,10,36,351,"2,8%","10,3%"
3163904,Sudeste,Minas Gerais,São Pedro da União,10,58,421,"2,4%","13,8%"
3169802,Sudeste,Minas Gerais,Turvolândia,10,64,421,"2,4%","15,2%"
3507308,Sudeste,São Paulo,Boracéia,10,21,345,"2,9%","6,1%"
3519055,Sudeste,São Paulo,Holambra,10,18,328,"3,0%","5,5%"
3522158,Sudeste,São Paulo,Itaoca,10,55,488,"2,0%","11,3%"
3529658,Sudeste,São Paulo,Mesópolis,10,19,141,"7,1%","13,5%"
3546256,Sudeste,São Paulo,Santa Cruz da Esperança,10,11,115,"8,7%","9,6%"
3554755,Sudeste,São Paulo,Trabiju,10,15,193,"5,2%","7,8%"
4118303,Sul,Paraná,Paranapoema,10,36,255,"3,9%","14,1%"
4120200,Sul,Paraná,Porto Rico,10,21,262,"3,8%","8,0%"
4124301,Sul,Paraná,Santo Antônio do Paraíso,10,18,213,"4,7%","8,5%"
4204707,Sul,Santa Catarina,Cunha Porã,10,29,349,"2,9%","8,3%"
4206801,Sul,Santa Catarina,Ibicaré,10,20,154,"6,5%","13,0%"
4211504,Sul,Santa Catarina,Nova Trento,10,21,439,"2,3%","4,8%"
4212056,Sul,Santa Catarina,Palmeira,10,19,148,"6,8%","12,8%"
4212239,Sul,Santa Catarina,Paraíso,10,19,253,"4,0%","7,5%"
4213203,Sul,Santa Catarina,Pomerode,10,12,243,"4,1%","4,9%"
4215208,Sul,Santa Catarina,Romelândia,10,26,256,"3,9%","10,2%"
4216008,Sul,Santa Catarina,São Carlos,10,22,335,"3,0%","6,6%"
4217303,Sul,Santa Catarina,Saudades,10,20,337,"3,0%","5,9%"
4217402,Sul,Santa Catarina,Schroeder,10,23,475,"2,1%","4,8%"
4301503,Sul,Rio Grande do Sul,Augusto Pes- tana,10,19,365,"2,7%","5,2%"
4304697,Sul,Rio Grande do Sul,Capitão,10,11,291,"3,4%","3,8%"
4305850,Sul,Rio Grande do Sul,Coqueiros do Sul,10,17,97,"10,3%","17,5%"
4306429,Sul,Rio Grande do Sul,Dois Irmãos das Missões,10,30,320,"3,1%","9,4%"
4307559,Sul,Rio Grande do Sul,Estação,10,13,224,"4,5%","5,8%"
4309126,Sul,Rio Grande do Sul,Gramado dos Loureiros,10,44,211,"4,7%","20,9%"
4316436,Sul,Rio Grande do Sul,Saldanha Marinho,10,14,100,"10,0%","14,0%"
4318457,Sul,Rio Grande do Sul,São José das Missões,10,37,229,"4,4%","16,2%"
5201207,Centro-Oeste,Goiás,Anhanguera,10,14,122,"8,2%","11,5%"
3115003,Sudeste,Minas Gerais,Cascalho Rico,9,28,232,"3,9%","12,1%"
3123403,Sudeste,Minas Gerais,Doresópolis,9,19,126,"7,1%","15,1%"
3141207,Sudeste,Minas Gerais,Matutina,9,14,266,"3,4%","5,3%"
3148905,Sudeste,Minas Gerais,Pedra do Indaiá,9,27,236,"3,8%","11,4%"
3158706,Sudeste,Minas Gerais,Santana do Garambéu,9,73,256,"3,5%","28,5%"
3164407,Sudeste,Minas Gerais,São Sebastião da Bela Vista,9,21,348,"2,6%","6,0%"
3172202,Sudeste,Minas Gerais,Wenceslau Braz,9,14,197,"4,6%","7,1%"
3500600,Sudeste,São Paulo,Águas de São Pedro,9,21,178,"5,1%","11,8%"
3507209,Sudeste,São Paulo,Borá,9,11,102,"8,8%","10,8%"
3515301,Sudeste,São Paulo,Estrela do Norte,9,17,216,"4,2%","7,9%"
3521150,Sudeste,São Paulo,Ipiguá,9,36,364,"2,5%","9,9%"
3546207,Sudeste,São Paulo,Santa Cruz da Conceição,9,14,338,"2,7%","4,1%"
3554201,Sudeste,São Paulo,Tejupá,9,47,359,"2,5%","13,1%"
3554607,Sudeste,São Paulo,Timburi,9,47,401,"2,2%","11,7%"
3557154,Sudeste,São Paulo,Zacarias,9,27,305,"3,0%","8,9%"
4115358,Sul,Paraná,Maripá,9,19,313,"2,9%","6,1%"
4117404,Sul,Paraná,Ourizona,9,33,232,"3,9%","14,2%"
4120358,Sul,Paraná,Pranchita,9,33,348,"2,6%","9,5%"
4202099,Sul,Santa Catarina,Barra Bonita,9,16,98,"9,2%","16,3%"
4204152,Sul,Santa Catarina,Celso Ramos,9,17,138,"6,5%","12,3%"
4205191,Sul,Santa Catarina,Ermo,9,20,197,"4,6%","10,2%"
4205308,Sul,Santa Catarina,Faxinal dos Guedes,9,17,441,"2,0%","3,9%"
4207858,Sul,Santa Catarina,Irati,9,12,145,"6,2%","8,3%"
4209508,Sul,Santa Catarina,Laurentino,9,17,274,"3,3%","6,2%"
4209854,Sul,Santa Catarina,Lindóia do Sul,9,11,205,"4,4%","5,4%"
4210209,Sul,Santa Catarina,Major Gercino,9,13,185,"4,9%","7,0%"
4211454,Sul,Santa Catarina,Nova Itaberaba,9,37,232,"3,9%","15,9%"
4215901,Sul,Santa Catarina,São Bonifácio,9,30,147,"6,1%","20,4%"
4218103,Sul,Santa Catarina,Timbé do Sul,9,9,268,"3,4%","3,4%"
4219358,Sul,Santa Catarina,Vitor Meireles,9,20,196,"4,6%","10,2%"
4304622,Sul,Rio Grande do Sul,Capão Bonito do Sul,9,15,190,"4,7%","7,9%"
4304655,Sul,Rio Grande do Sul,Capão do Cipó,9,33,195,"4,6%","16,9%"
4305116,Sul,Rio Grande do Sul,Centenário,9,14,164,"5,5%","8,5%"
4310439,Sul,Rio Grande do Sul,Ipê,9,9,193,"4,7%","4,7%"
4310652,Sul,Rio Grande do Sul,Itati,9,31,245,"3,7%","12,7%"
4310751,Sul,Rio Grande do Sul,Ivorá,9,23,175,"5,1%","13,1%"
4311239,Sul,Rio Grande do Sul,Lagoa Bonita do Sul,9,41,256,"3,5%","16,0%"
4312625,Sul,Rio Grande do Sul,Muliterno,9,21,127,"7,1%","16,5%"
4314027,Sul,Rio Grande do Sul,Paraíso do Sul,9,58,490,"1,8%","11,8%"
4314035,Sul,Rio Grande do Sul,Pareci Novo,9,23,176,"5,1%","13,1%"
4315008,Sul,Rio Grande do Sul,Porto Lucena,9,32,309,"2,9%","10,4%"
4318432,Sul,Rio Grande do Sul,São João do Polêsine,9,31,192,"4,7%","16,1%"
4321832,Sul,Rio Grande do Sul,Três Forquilhas,9,39,281,"3,2%","13,9%"
4323507,Sul,Rio Grande do Sul,Vista Alegre,9,23,255,"3,5%","9,0%"
3101409,Sudeste,Minas Gerais,Albertina,8,30,318,"2,5%","9,4%"
3103108,Sudeste,Minas Gerais,Antônio Prado de Minas,8,42,188,"4,3%","22,3%"
3119807,Sudeste,Minas Gerais,Córrego Danta,8,20,294,"2,7%","6,8%"
3125200,Sudeste,Minas Gerais,Fama,8,26,174,"4,6%","14,9%"
3129905,Sudeste,Minas Gerais,Ibitiúra de Minas,8,20,264,"3,0%","7,6%"
3140407,Sudeste,Minas Gerais,Marmelópolis,8,66,283,"2,8%","23,3%"
3164803,Sudeste,Minas Gerais,São Sebastião do Rio Preto,8,32,141,"5,7%","22,7%"
3165800,Sudeste,Minas Gerais,Senador José Bento,8,24,151,"5,3%","15,9%"
3537156,Sudeste,São Paulo,Pedrinhas Paulista,8,48,366,"2,2%","13,1%"
3541802,Sudeste,São Paulo,Queiroz,8,11,210,"3,8%","5,2%"
3545159,Sudeste,São Paulo,Saltinho,8,20,294,"2,7%","6,8%"
3553658,Sudeste,São Paulo,Taquaral,8,19,186,"4,3%","10,2%"
3556958,Sudeste,São Paulo,Vitória Brasil,8,12,127,"6,3%","9,4%"
4121604,Sul,Paraná,Renascença,8,20,559,"1,4%","3,6%"
4125902,Sul,Paraná,São Pedro do Paraná,8,15,243,"3,3%","6,2%"
4201703,Sul,Santa Catarina,Ascurra,8,15,276,"2,9%","5,4%"
4201901,Sul,Santa Catarina,Aurora,8,14,159,"5,0%","8,8%"
4202206,Sul,Santa Catarina,Benedito Novo,8,10,217,"3,7%","4,6%"
4204251,Sul,Santa Catarina,Cocal do Sul,8,20,313,"2,6%","6,4%"
4204350,Sul,Santa Catarina,Cordilheira Alta,8,15,152,"5,3%","9,9%"
4205209,Sul,Santa Catarina,Erval Velho,8,8,174,"4,6%","4,6%"
4206405,Sul,Santa Catarina,Guaraciaba,8,10,285,"2,8%","3,5%"
4213351,Sul,Santa Catarina,Ponte Alta do Norte,8,18,292,"2,7%","6,2%"
4215075,Sul,Santa Catarina,Riqueza,8,27,228,"3,5%","11,8%"
4300901,Sul,Rio Grande do Sul,Aratiba,8,12,183,"4,4%","6,6%"
4302220,Sul,Rio Grande do Sul,Boa Vista do Cadeado,8,12,127,"6,3%","9,4%"
4302584,Sul,Rio Grande do Sul,Bozano,8,13,87,"9,2%","14,9%"
4303558,Sul,Rio Grande do Sul,Camargo,8,9,164,"4,9%","5,5%"
4307831,Sul,Rio Grande do Sul,Eugênio de Castro,8,34,209,"3,8%","16,3%"
4310702,Sul,Rio Grande do Sul,Itatiba do Sul,8,28,238,"3,4%","11,8%"
4310876,Sul,Rio Grande do Sul,Jacuizinho,8,19,192,"4,2%","9,9%"
4312054,Sul,Rio Grande do Sul,Marques de Souza,8,15,511,"1,6%","2,9%"
4313201,Sul,Rio Grande do Sul,Nova Petrópolis,8,20,319,"2,5%","6,3%"
4313425,Sul,Rio Grande do Sul,Novo Machado,8,25,163,"4,9%","15,3%"
4313466,Sul,Rio Grande do Sul,Novo Xingu,8,13,132,"6,1%","9,8%"
4314456,Sul,Rio Grande do Sul,Pinhal,8,10,181,"4,4%","5,5%"
4320651,Sul,Rio Grande do Sul,Silveira Martins,8,25,154,"5,2%","16,2%"
4322301,Sul,Rio Grande do Sul,Tuparendi,8,43,565,"1,4%","7,6%"
4322343,Sul,Rio Grande do Sul,Ubiretama,8,16,88,"9,1%","18,2%"
4323408,Sul,Rio Grande do Sul,Vila Maria,8,14,262,"3,1%","5,3%"
3118502,Sudeste,Minas Gerais,Consolação,7,60,241,"2,9%","24,9%"
3122801,Sudeste,Minas Gerais,Dom Viçoso,7,36,296,"2,4%","12,2%"
3127909,Sudeste,Minas Gerais,Grupiara,7,10,102,"6,9%","9,8%"
3512704,Sudeste,São Paulo,Corumbataí,7,17,214,"3,3%","7,9%"
3513306,Sudeste,São Paulo,Cruzália,7,22,190,"3,7%","11,6%"
3522000,Sudeste,São Paulo,Itaju,7,14,160,"4,4%","8,8%"
3536901,Sudeste,São Paulo,Pedranópolis,7,14,349,"2,0%","4,0%"
4106571,Sul,Paraná,Cruzeiro do Iguaçu,7,22,343,"2,0%","6,4%"
4116000,Sul,Paraná,Miraselva,7,24,189,"3,7%","12,7%"
4126652,Sul,Paraná,Sulina,7,42,237,"3,0%","17,7%"
4200051,Sul,Santa Catarina,Abdon Batista,7,27,238,"2,9%","11,3%"
4200408,Sul,Santa Catarina,Água Doce,7,7,362,"1,9%","1,9%"
4202701,Sul,Santa Catarina,Botuverá,7,11,324,"2,2%","3,4%"
4204459,Sul,Santa Catarina,Coronel Martins,7,14,134,"5,2%","10,4%"
4206108,Sul,Santa Catarina,Grão-Pará,7,25,307,"2,3%","8,1%"
4206603,Sul,Santa Catarina,Guarujá do Sul,7,19,277,"2,5%","6,9%"
4209607,Sul,Santa Catarina,Lauro Müller,7,24,491,"1,4%","4,9%"
4212700,Sul,Santa Catarina,Petrolândia,7,14,215,"3,3%","6,5%"
4217253,Sul,Santa Catarina,São Pedro de Alcântara,7,12,190,"3,7%","6,3%"
4219408,Sul,Santa Catarina,Witmarsum,7,8,210,"3,3%","3,8%"
4300455,Sul,Rio Grande do Sul,Alegria,7,44,268,"2,6%","16,4%"
4304309,Sul,Rio Grande do Sul,Cândido Godói,7,17,214,"3,3%","7,9%"
4306304,Sul,Rio Grande do Sul,David Canabarro,7,14,240,"2,9%","5,8%"
4308250,Sul,Rio Grande do Sul,Floriano Peixoto,7,15,137,"5,1%","10,9%"
4309159,Sul,Rio Grande do Sul,Gramado Xavier,7,27,266,"2,6%","10,2%"
4309571,Sul,Rio Grande do Sul,Herveiras,7,33,171,"4,1%","19,3%"
4310306,Sul,Rio Grande do Sul,Ilópolis,7,8,184,"3,8%","4,3%"
4314464,Sul,Rio Grande do Sul,Pinhal da Serra,7,20,143,"4,9%","14,0%"
4314548,Sul,Rio Grande do Sul,Pinto Bandeira,7,9,57,"12,3%","15,8%"
4315131,Sul,Rio Grande do Sul,Pouso Novo,7,14,170,"4,1%","8,2%"
4315354,Sul,Rio Grande do Sul,Quinze de Novembro,7,10,82,"8,5%","12,2%"
4318606,Sul,Rio Grande do Sul,São José do Ouro,7,31,386,"1,8%","8,0%"
4321477,Sul,Rio Grande do Sul,Tiradentes do Sul,7,18,167,"4,2%","10,8%"
4322376,Sul,Rio Grande do Sul,Unistalda,7,48,142,"4,9%","33,8%"
4322806,Sul,Rio Grande do Sul,Veranópolis,7,19,405,"1,7%","4,7%"
2605459,Nordeste,Pernambuco,Fernando de Noronha,6,6,89,"6,7%","6,7%"
3127404,Sudeste,Minas Gerais,Gonçalves,6,37,284,"2,1%","13,0%"
3145703,Sudeste,Minas Gerais,Oliveira Fortes,6,26,220,"2,7%","11,8%"
3153806,Sudeste,Minas Gerais,Queluzito,6,16,108,"5,6%","14,8%"
3164902,Sudeste,Minas Gerais,São Sebastião do Rio Verde,6,24,214,"2,8%","11,2%"
3166600,Sudeste,Minas Gerais,Serra da Sau- dade,6,7,60,"10,0%","11,7%"
3515194,Sudeste,São Paulo,Espírito Santo do Turvo,6,27,373,"1,6%","7,2%"
3515657,Sudeste,São Paulo,Fernão,6,6,76,"7,9%","7,9%"
3515806,Sudeste,São Paulo,Flora Rica,6,20,142,"4,2%","14,1%"
3534500,Sudeste,São Paulo,Oscar Bressane,6,16,176,"3,4%","9,1%"
4110656,Sul,Paraná,Iracema do Oeste,6,29,255,"2,4%","11,4%"
4117297,Sul,Paraná,Novo Itacolomi,6,48,387,"1,6%","12,4%"
4200200,Sul,Santa Catarina,Agrolândia,6,19,255,"2,4%","7,5%"
4201257,Sul,Santa Catarina,Apiúna,6,14,246,"2,4%","5,7%"
4201273,Sul,Santa Catarina,Arabutã,6,12,111,"5,4%","10,8%"
4202156,Sul,Santa Catarina,Belmonte,6,13,149,"4,0%","8,7%"
4202537,Sul,Santa Catarina,Bom Jesus,6,37,265,"2,3%","14,0%"
4207700,Sul,Santa Catarina,Ipumirim,6,7,78,"7,7%","9,0%"
4208609,Sul,Santa Catarina,Jaborá,6,15,194,"3,1%","7,7%"
4215356,Sul,Santa Catarina,Saltinho,6,26,195,"3,1%","13,3%"
4218509,Sul,Santa Catarina,Treze Tílias,6,15,253,"2,4%","5,9%"
4304853,Sul,Rio Grande do Sul,Carlos Gomes,6,9,101,"5,9%","8,9%"
4312377,Sul,Rio Grande do Sul,Monte Alegre dos Campos,6,9,185,"3,2%","4,9%"
4312807,Sul,Rio Grande do Sul,Nova Araçá,6,7,99,"6,1%","7,1%"
4312906,Sul,Rio Grande do Sul,Nova Bassano,6,10,191,"3,1%","5,2%"
4313441,Sul,Rio Grande do Sul,Novo Tiradentes,6,26,338,"1,8%","7,7%"
4315172,Sul,Rio Grande do Sul,Protásio Alves,6,6,53,"11,3%","11,3%"
4316501,Sul,Rio Grande do Sul,Salvador do Sul,6,9,128,"4,7%","7,0%"
4317251,Sul,Rio Grande do Sul,Santa Tereza,6,6,56,"10,7%","10,7%"
4317954,Sul,Rio Grande do Sul,Santo Expedito do Sul,6,12,140,"4,3%","8,6%"
4318424,Sul,Rio Grande do Sul,São João da Urtiga,6,19,304,"2,0%","6,3%"
4319307,Sul,Rio Grande do Sul,São Paulo das Missões,6,24,311,"1,9%","7,7%"
4323705,Sul,Rio Grande do Sul,Vista Gaúcha,6,15,282,"2,1%","5,3%"
3110400,Sudeste,Minas Gerais,Camacho,5,16,157,"3,2%","10,2%"
3119906,Sudeste,Minas Gerais,Córrego do Bom Jesus,5,27,301,"1,7%","9,0%"
3165602,Sudeste,Minas Gerais,Senador Cortes,5,15,260,"1,9%","5,8%"
3170602,Sudeste,Minas Gerais,Vargem Bonita,5,44,275,"1,8%","16,0%"
3516507,Sudeste,São Paulo,Gabriel Monteiro,5,11,159,"3,1%","6,9%"
3547403,Sudeste,São Paulo,Santa Rita d’Oeste,5,10,155,"3,2%","6,5%"
3554656,Sudeste,São Paulo,Torre de Pedra,5,46,310,"1,6%","14,8%"
3555307,Sudeste,São Paulo,Turmalina,5,7,142,"3,5%","4,9%"
3555901,Sudeste,São Paulo,Uru,5,8,99,"5,1%","8,1%"
4114351,Sul,Paraná,Manfrinópolis,5,12,224,"2,2%","5,4%"
4120150,Sul,Paraná,Porto Barreiro,5,54,367,"1,4%","14,7%"
4200804,Sul,Santa Catarina,Anchieta,5,14,208,"2,4%","6,7%"
4203253,Sul,Santa Catarina,Capão Alto,5,9,157,"3,2%","5,7%"
4205100,Sul,Santa Catarina,Dona Emma,5,15,78,"6,4%","19,2%"
4205431,Sul,Santa Catarina,Formosa do Sul,5,13,109,"4,6%","11,9%"
4207403,Sul,Santa Catarina,Imbuia,5,10,199,"2,5%","5,0%"
4207650,Sul,Santa Catarina,Iporã do Oeste,5,13,382,"1,3%","3,4%"
4209177,Sul,Santa Catarina,Jupiá,5,28,208,"2,4%","13,5%"
4209904,Sul,Santa Catarina,Lontras,5,11,236,"2,1%","4,7%"
4210001,Sul,Santa Catarina,Luiz Alves,5,29,328,"1,5%","8,8%"
4210555,Sul,Santa Catarina,Marema,5,10,79,"6,3%","12,7%"
4211256,Sul,Santa Catarina,Morro Grande,5,11,162,"3,1%","6,8%"
4213005,Sul,Santa Catarina,Pinheiro Preto,5,7,174,"2,9%","4,0%"
4213153,Sul,Santa Catarina,Planalto Alegre,5,12,215,"2,3%","5,6%"
4214508,Sul,Santa Catarina,Rio do Campo,5,8,212,"2,4%","3,8%"
4215307,Sul,Santa Catarina,Salete,5,11,208,"2,4%","5,3%"
4217956,Sul,Santa Catarina,Tigrinhos,5,6,126,"4,0%","4,8%"
4218756,Sul,Santa Catarina,Tunápolis,5,7,197,"2,5%","3,6%"
4302154,Sul,Rio Grande do Sul,Boa Vista das Missões,5,12,254,"2,0%","4,7%"
4307054,Sul,Rio Grande do Sul,Ernestina,5,7,125,"4,0%","5,6%"
4309555,Sul,Rio Grande do Sul,Harmonia,5,9,153,"3,3%","5,9%"
4312153,Sul,Rio Grande do Sul,Mato Leitão,5,8,273,"1,8%","2,9%"
4312476,Sul,Rio Grande do Sul,Morro Reuter,5,10,138,"3,6%","7,2%"
4312757,Sul,Rio Grande do Sul,Nova Alvorada,5,11,70,"7,1%","15,7%"
4314159,Sul,Rio Grande do Sul,Paverama,5,31,373,"1,3%","8,3%"
4315057,Sul,Rio Grande do Sul,Porto Mauá,5,13,91,"5,5%","14,3%"
4315149,Sul,Rio Grande do Sul,Presidente Lucena,5,8,66,"7,6%","12,1%"
4319703,Sul,Rio Grande do Sul,São Valentim,5,14,131,"3,8%","10,7%"
4320578,Sul,Rio Grande do Sul,Sete de Se- tembro,5,30,169,"3,0%","17,8%"
4321329,Sul,Rio Grande do Sul,Taquaruçu do Sul,5,16,218,"2,3%","7,3%"
4322251,Sul,Rio Grande do Sul,Tupandi,5,13,118,"4,2%","11,0%"
3169059,Sudeste,Minas Gerais,Tocos do Moji,4,34,299,"1,3%","11,4%"
3510104,Sudeste,São Paulo,Cândido Rodri- gues,4,11,236,"1,7%","4,7%"
3525854,Sudeste,São Paulo,Jumirim,4,9,201,"2,0%","4,5%"
3531001,Sudeste,São Paulo,Monções,4,14,132,"3,0%","10,6%"
3536570,Sudeste,São Paulo,Paulistânia,4,10,220,"1,8%","4,5%"
3540101,Sudeste,São Paulo,Pongaí,4,33,186,"2,2%","17,7%"
4200606,Sul,Santa Catarina,Águas Mornas,4,11,227,"1,8%","4,8%"
4202081,Sul,Santa Catarina,Bandeirante,4,19,207,"1,9%","9,2%"
4204756,Sul,Santa Catarina,Cunhataí,4,3,45,"8,9%","6,7%"
4205159,Sul,Santa Catarina,Doutor Pedrinho,4,10,95,"4,2%","10,5%"
4206751,Sul,Santa Catarina,Ibiam,4,5,184,"2,2%","2,7%"
4207759,Sul,Santa Catarina,Iraceminha,4,14,220,"1,8%","6,4%"
4210803,Sul,Santa Catarina,Meleiro,4,7,231,"1,7%","3,0%"
4210902,Sul,Santa Catarina,Modelo,4,5,119,"3,4%","4,2%"
4211652,Sul,Santa Catarina,Novo Horizonte,4,5,94,"4,3%","5,3%"
4213104,Sul,Santa Catarina,Piratuba,4,13,100,"4,0%","13,0%"
4214300,Sul,Santa Catarina,Rancho Quei- mado,4,9,153,"2,6%","5,9%"
4215752,Sul,Santa Catarina,São Bernardino,4,8,184,"2,2%","4,3%"
4218400,Sul,Santa Catarina,Treze de Maio,4,7,221,"1,8%","3,2%"
4218608,Sul,Santa Catarina,Trombudo Central,4,5,138,"2,9%","3,6%"
4219853,Sul,Santa Catarina,Zortéa,4,16,151,"2,6%","10,6%"
4300554,Sul,Rio Grande do Sul,Alto Alegre,4,14,113,"3,5%","12,4%"
4301073,Sul,Rio Grande do Sul,Arroio do Padre,4,6,73,"5,5%","8,2%"
4301925,Sul,Rio Grande do Sul,Barra do Rio Azul,4,5,71,"5,6%","7,0%"
4302659,Sul,Rio Grande do Sul,Brochier,4,10,169,"2,4%","5,9%"
4309258,Sul,Rio Grande do Sul,Guabiju,4,5,31,"12,9%","16,1%"
4310900,Sul,Rio Grande do Sul,Jacutinga,4,13,137,"2,9%","9,5%"
4312005,Sul,Rio Grande do Sul,Mariano Moro,4,10,212,"1,9%","4,7%"
4313334,Sul,Rio Grande do Sul,Nova Ramada,4,11,101,"4,0%","10,9%"
4314001,Sul,Rio Grande do Sul,Paraí,4,8,159,"2,5%","5,0%"
4315313,Sul,Rio Grande do Sul,Quatro Irmãos,4,9,85,"4,7%","10,6%"
4315453,Sul,Rio Grande do Sul,Relvado,4,4,116,"3,4%","3,4%"
4316956,Sul,Rio Grande do Sul,Santa Maria do Herval,4,5,81,"4,9%","6,2%"
4318481,Sul,Rio Grande do Sul,São José do Hortêncio,4,4,46,"8,7%","8,7%"
4318614,Sul,Rio Grande do Sul,São José do Sul,4,6,40,"10,0%","15,0%"
4322541,Sul,Rio Grande do Sul,Vale Real,4,7,361,"1,1%","1,9%"
4322855,Sul,Rio Grande do Sul,Vespasiano Corrêa,4,7,82,"4,9%","8,5%"
3166402,Sudeste,Minas Gerais,Seritinga,3,14,149,"2,0%","9,4%"
3532868,Sudeste,São Paulo,Nova Castilho,3,7,85,"3,5%","8,2%"
3547650,Sudeste,São Paulo,Santa Salete,3,5,144,"2,1%","3,5%"
4115853,Sul,Paraná,Mercedes,3,9,263,"1,1%","3,4%"
4116505,Sul,Paraná,Nova Aliança do Ivaí,3,10,92,"3,3%","10,9%"
4201109,Sul,Santa Catarina,Anitápolis,3,11,129,"2,3%","8,5%"
4201604,Sul,Santa Catarina,Arroio Trinta,3,3,106,"2,8%","2,8%"
4201653,Sul,Santa Catarina,Arvoredo,3,8,76,"3,9%","10,5%"
4201802,Sul,Santa Catarina,Atalanta,3,5,88,"3,4%","5,7%"
4207577,Sul,Santa Catarina,Iomerê,3,5,141,"2,1%","3,5%"
4207601,Sul,Santa Catarina,Ipira,3,5,149,"2,0%","3,4%"
4209458,Sul,Santa Catarina,Lajeado Grande,3,3,137,"2,2%","2,2%"
4209805,Sul,Santa Catarina,Leoberto Leal,3,6,109,"2,8%","5,5%"
4211850,Sul,Santa Catarina,Ouro Verde,3,30,152,"2,0%","19,7%"
4214151,Sul,Santa Catarina,Princesa,3,10,105,"2,9%","9,5%"
4215554,Sul,Santa Catarina,Santa Helena,3,3,153,"2,0%","2,0%"
4215679,Sul,Santa Catarina,Santa Terezinha,3,19,223,"1,3%","8,5%"
4216255,Sul,Santa Catarina,São João do Oeste,3,3,71,"4,2%","4,2%"
4217550,Sul,Santa Catarina,Serra Alta,3,5,84,"3,6%","6,0%"
4217758,Sul,Santa Catarina,Sul Brasil,3,12,126,"2,4%","9,5%"
4218855,Sul,Santa Catarina,União do Oeste,3,8,189,"1,6%","4,2%"
4219200,Sul,Santa Catarina,Vidal Ramos,3,22,183,"1,6%","12,0%"
4300661,Sul,Rio Grande do Sul,André da Rocha,3,8,177,"1,7%","4,5%"
4301651,Sul,Rio Grande do Sul,Barão,3,5,159,"1,9%","3,1%"
4301958,Sul,Rio Grande do Sul,Barra Funda,3,4,234,"1,3%","1,7%"
4302238,Sul,Rio Grande do Sul,Boa Vista do Incra,3,18,164,"1,8%","11,0%"
4303707,Sul,Rio Grande do Sul,Campina das Missões,3,20,202,"1,5%","9,9%"
4305603,Sul,Rio Grande do Sul,Colorado,3,9,159,"1,9%","5,7%"
4305871,Sul,Rio Grande do Sul,Coronel Barros,3,11,140,"2,1%","7,9%"
4306130,Sul,Rio Grande do Sul,Cruzaltense,3,6,59,"5,1%","10,2%"
4306452,Sul,Rio Grande do Sul,Dois Lajeados,3,7,70,"4,3%","10,0%"
4306551,Sul,Rio Grande do Sul,Dom Pedro de Alcântara,3,6,213,"1,4%","2,8%"
4310363,Sul,Rio Grande do Sul,Imigrante,3,2,74,"4,1%","2,7%"
4314423,Sul,Rio Grande do Sul,Picada Café,3,5,88,"3,4%","5,7%"
4315206,Sul,Rio Grande do Sul,Putinga,3,6,172,"1,7%","3,5%"
4317756,Sul,Rio Grande do Sul,Santo Antônio do Planalto,3,7,128,"2,3%","5,5%"
4318440,Sul,Rio Grande do Sul,São Jorge,3,5,147,"2,0%","3,4%"
4318499,Sul,Rio Grande do Sul,São José do Inhacorá,3,4,192,"1,6%","2,1%"
4319356,Sul,Rio Grande do Sul,São Pedro da Serra,3,3,20,"15,0%","15,0%"
4319364,Sul,Rio Grande do Sul,São Pedro das Missões,3,15,127,"2,4%","11,8%"
4319752,Sul,Rio Grande do Sul,São Vendelino,3,2,86,"3,5%","2,3%"
4322186,Sul,Rio Grande do Sul,Tupanci do Sul,3,15,137,"2,2%","10,9%"
4323309,Sul,Rio Grande do Sul,Vila Flores,3,4,90,"3,3%","4,4%"
4323606,Sul,Rio Grande do Sul,Vista Alegre do Prata,3,7,136,"2,2%","5,1%"
4323770,Sul,Rio Grande do Sul,Westfália,3,4,91,"3,3%","4,4%"
4103024,Sul,Paraná,Boa Esperança do Iguaçu,2,24,193,"1,0%","12,4%"
4107538,Sul,Paraná,Entre Rios do Oeste,2,2,166,"1,2%","1,2%"
4120853,Sul,Paraná,Quatro Pontes,2,6,169,"1,2%","3,6%"
4200903,Sul,Santa Catarina,Angelina,2,11,195,"1,0%","5,6%"
4211876,Sul,Santa Catarina,Paial,2,6,122,"1,6%","4,9%"
4212403,Sul,Santa Catarina,Pedras Grandes,2,1,231,"0,9%","0,4%"
4213906,Sul,Santa Catarina,Presidente Cas- tello Branco,2,4,43,"4,7%","9,3%"
4214607,Sul,Santa Catarina,Rio do Oeste,2,3,111,"1,8%","2,7%"
4219606,Sul,Santa Catarina,Xavantina,2,11,74,"2,7%","14,9%"
4300703,Sul,Rio Grande do Sul,Anta Gorda,2,8,250,"0,8%","3,2%"
4304614,Sul,Rio Grande do Sul,Canudos do Vale,2,9,112,"1,8%","8,0%"
4305959,Sul,Rio Grande do Sul,Cotiporã,2,3,97,"2,1%","3,1%"
4306759,Sul,Rio Grande do Sul,Doutor Ricardo,2,4,200,"1,0%","2,0%"
4307864,Sul,Rio Grande do Sul,Fagundes Varela,2,3,25,"8,0%","12,0%"
4308854,Sul,Rio Grande do Sul,Gentil,2,7,121,"1,7%","5,8%"
4310462,Sul,Rio Grande do Sul,Ipiranga do Sul,2,3,26,"7,7%","11,5%"
4310579,Sul,Rio Grande do Sul,Itapuca,2,9,73,"2,7%","12,3%"
4311791,Sul,Rio Grande do Sul,Maratá,2,6,135,"1,5%","4,4%"
4312674,Sul,Rio Grande do Sul,Nicolau Ver- gueiro,2,15,100,"2,0%","15,0%"
4313003,Sul,Rio Grande do Sul,Nova Bréscia,2,4,103,"1,9%","3,9%"
4313086,Sul,Rio Grande do Sul,Nova Pádua,2,6,17,"11,8%","35,3%"
4314134,Sul,Rio Grande do Sul,Paulo Bento,2,4,105,"1,9%","3,8%"
4314753,Sul,Rio Grande do Sul,Poço das Antas,2,3,137,"1,5%","2,2%"
4314787,Sul,Rio Grande do Sul,Ponte Preta,2,5,82,"2,4%","6,1%"
4316477,Sul,Rio Grande do Sul,Salvador das Missões,2,3,117,"1,7%","2,6%"
4316733,Sul,Rio Grande do Sul,Santa Cecília do Sul,2,6,145,"1,4%","4,1%"
4321469,Sul,Rio Grande do Sul,Tio Hugo,2,4,49,"4,1%","8,2%"
4321634,Sul,Rio Grande do Sul,Três Arroios,2,3,122,"1,6%","2,5%"
4322558,Sul,Rio Grande do Sul,Vanini,2,6,129,"1,6%","4,7%"
4323358,Sul,Rio Grande do Sul,Vila Lângaro,2,4,80,"2,5%","5,0%"
4200309,Sul,Santa Catarina,Agronômica,1,9,96,"1,0%","9,4%"
4200556,Sul,Santa Catarina,Águas Frias,1,2,109,"0,9%","1,8%"
4202578,Sul,Santa Catarina,Bom Jesus do Oeste,1,3,84,"1,2%","3,6%"
4202859,Sul,Santa Catarina,Braço do Trom- budo,1,3,45,"2,2%","6,7%"
4204194,Sul,Santa Catarina,Chapadão do Lageado,1,2,29,"3,4%","6,9%"
4205357,Sul,Santa Catarina,Flor do Sertão,1,5,134,"0,7%","3,7%"
4209201,Sul,Santa Catarina,Lacerdópolis,1,1,45,"2,2%","2,2%"
4210035,Sul,Santa Catarina,Luzerna,1,2,183,"0,5%","1,1%"
4210050,Sul,Santa Catarina,Macieira,1,3,59,"1,7%","5,1%"
4210852,Sul,Santa Catarina,Mirim Doce,1,4,65,"1,5%","6,2%"
4212601,Sul,Santa Catarina,Peritiba,1,3,63,"1,6%","4,8%"
4214102,Sul,Santa Catarina,Presidente Nereu,1,5,92,"1,1%","5,4%"
4215604,Sul,Santa Catarina,Santa Rosa de Lima,1,2,54,"1,9%","3,7%"
4215687,Sul,Santa Catarina,Santa Terezinha do Progresso,1,8,137,"0,7%","5,8%"
4219101,Sul,Santa Catarina,Vargeão,1,10,240,"0,4%","4,2%"
4300471,Sul,Rio Grande do Sul,Almirante Ta- mandaré do Sul,1,7,136,"0,7%","5,1%"
4300570,Sul,Rio Grande do Sul,Alto Feliz,1,2,37,"2,7%","5,4%"
4302253,Sul,Rio Grande do Sul,Boa Vista do Sul,1,0,25,"4,0%","0,0%"
4305587,Sul,Rio Grande do Sul,Colinas,1,1,119,"0,8%","0,8%"
4305835,Sul,Rio Grande do Sul,Coqueiro Baixo,1,3,148,"0,7%","2,0%"
4308433,Sul,Rio Grande do Sul,Forquetinha,1,10,258,"0,4%","3,9%"
4312179,Sul,Rio Grande do Sul,Mato Queimado,1,7,96,"1,0%","7,3%"
4312385,Sul,Rio Grande do Sul,Monte Belo do Sul,1,1,13,"7,7%","7,7%"
4312443,Sul,Rio Grande do Sul,Morrinhos do Sul,1,6,168,"0,6%","3,6%"
4312955,Sul,Rio Grande do Sul,Nova Boa Vista,1,3,33,"3,0%","9,1%"
4313011,Sul,Rio Grande do Sul,Nova Candelária,1,4,137,"0,7%","2,9%"
4313359,Sul,Rio Grande do Sul,Nova Roma do Sul,1,4,36,"2,8%","11,1%"
4315073,Sul,Rio Grande do Sul,Porto Vera Cruz,1,11,185,"0,5%","5,9%"
4317558,Sul,Rio Grande do Sul,Santo Antônio do Palma,1,5,119,"0,8%","4,2%"
4319372,Sul,Rio Grande do Sul,São Pedro do Butiá,1,12,110,"0,9%","10,9%"
4319711,Sul,Rio Grande do Sul,São Valentim do Sul,1,5,63,"1,6%","7,9%"
4320453,Sul,Rio Grande do Sul,Sério,1,4,96,"1,0%","4,2%"
4320602,Sul,Rio Grande do Sul,Severiano de Almeida,1,10,226,"0,4%","4,4%"
4321626,Sul,Rio Grande do Sul,Travesseiro,1,3,275,"0,4%","1,1%"
4322350,Sul,Rio Grande do Sul,União da Serra,1,2,27,"3,7%","7,4%"
4323200,Sul,Rio Grande do Sul,Victor Graeff,1,3,102,"1,0%","2,9%"
4200754,Sul,Santa Catarina,Alto Bela Vista,0,4,79,"0,0%","5,1%"
4208955,Sul,Santa Catarina,Jardinópolis,0,9,117,"0,0%","7,7%"
4214904,Sul,Santa Catarina,Rio Fortuna,0,1,93,"0,0%","1,1%"
4215695,Sul,Santa Catarina,Santiago do Sul,0,2,43,"0,0%","4,7%"
4217105,Sul,Santa Catarina,São Martinho,0,4,68,"0,0%","5,9%"
4305934,Sul,Rio Grande do Sul,Coronel Pilar,0,0,20,"0,0%","0,0%"
4311270,Sul,Rio Grande do Sul,Lagoa dos Três Cantos,0,4,79,"0,0%","5,1%"
4311643,Sul,Rio Grande do Sul,Linha Nova,0,1,89,"0,0%","1,1%"
4312351,Sul,Rio Grande do Sul,Montauri,0,1,76,"0,0%","1,3%"
4316758,Sul,Rio Grande do Sul,Santa Clara do Sul,0,1,232,"0,0%","0,4%"
4318051,Sul,Rio Grande do Sul,São Domingos do Sul,0,0,132,"0,0%","0,0%"
