Código da Cozinha,Nome da Cozinha,Endereço da Cozinha,Bairro da Cozinha,CEP,Município da Cozinha,Código IBGE,UF,Email,CNPJ,A cozinha está em funcionamento atualmente?,Em quantos dias da semana a Cozinha Solidária funciona?,Situação,Público Atendido,Público Total Atendido,Quantidade refeições produzidas por dia de trabalho,Latitude,Longitude
CS016282,AÇÃO CRISTÃ ESPÍRITA JESUS DE NAZARÉ,"Rua Itamogi, 14",Sepetiba,23545-120,RIO DE JANEIRO,3304557,RJ,munikaragaoadv@gmail.com,09.398.631/0001-85,"Sim, está funcionando normalmente",3 vezes por semana,Habilitada,"Mulheres, Jovens, Crianças, Idosos, População LGBTQIA+, Trabalhadores informais diversos (Motoristas de aplicativos, motoboys, serventes ou outros), Pessoas em situação de rua, Famílias beneﬁciárias do Programa Bolsa Família e famílias inscritas no Cadastro Único , Pessoas e famílias atingidas por situações de emergência ou calamidade pública, Imigrantes, Outros grupos de pessoas em situação de vulnerabilidade social",348,225,-22.9632323,-43.7075766
CS014987,ACATSISAL,"RUA 2 DE JULHO, 37",Centro,48700-000,SERRINHA,2930501,BA,acatbacat@gmail.com,03.376.965/0001-71,"Sim, está funcionando normalmente",3 vezes por semana,Habilitada,"Mulheres, Jovens, Crianças, Idosos, População LGBTQIA+, Agricultores Familiares e Campesinos, Trabalhadores informais diversos (Motoristas de aplicativos, motoboys, serventes ou outros), Famílias beneﬁciárias do Programa Bolsa Família e famílias inscritas no Cadastro Único , Povos e comunidades tradicionais (indígenas, quilombolas, ribeirinhos, etc.), Outros grupos de pessoas em situação de vulnerabilidade social",120,50,-11.6603784,-39.0078992
CS016249,AGROVILA SÃO LUIZ,"Fazenda São Luiz, 1",Zona Rural,57700-000,VIÇOSA,2709400,AL,agrovilasl@gmail.com,32.875.546/0001-82,"Sim, está funcionando normalmente",5 vezes por semana,Habilitada,"Mulheres, Jovens, Crianças, Idosos, População LGBTQIA+, Agricultores Familiares e Campesinos, Pessoas em situação de rua, Famílias beneﬁciárias do Programa Bolsa Família e famílias inscritas no Cadastro Único , Pessoas e famílias atingidas por situações de emergência ou calamidade pública, Grupo específico vinculado a determinada localidade, atividade, serviço ou movimento, Outros grupos de pessoas em situação de vulnerabilidade social",475,150,-9.3800589,-36.2464602
CS015205,AIRE - ACOLHIMENTO E INTEGRAÇÃO AO REFUGIADO,"Rua Washington Luis, 368",Parque Sete de Setembro,09919-190,DIADEMA,3513801,SP,tarsila.nomoto@aire.org.br,40.949.907/0001-16,"Sim, está funcionando normalmente",7 vezes por semana,Habilitada,"Famílias beneﬁciárias do Programa Bolsa Família e famílias inscritas no Cadastro Único , Pessoas e famílias atingidas por situações de emergência ou calamidade pública, Imigrantes, Outros grupos de pessoas em situação de vulnerabilidade social",80,70,-23.6937020,-46.6274854
CS016724,ASSOCIAÇÃO ALIMENTANDO COM AMOR,"rua santo antonio, 731",cidade alta,59025-520,NATAL,2408102,RN,alimentandocomamor731@gmail.com,51.753.476/0001-34,"Sim, está funcionando normalmente",7 vezes por semana,Habilitada,"Mulheres, Jovens, Crianças, Idosos, População LGBTQIA+, Pessoas em situação de rua, Pessoas e famílias atingidas por situações de emergência ou calamidade pública, Imigrantes, Outros grupos de pessoas em situação de vulnerabilidade social",154,250,-5.7874438,-35.2091155
CS016862,ASSOCIAÇAO BENEFICENTE ANA BEATRIZ,"RUA RUI BARBOSA, 453, 453",CENTRO,28300-000,ITAPERUNA,3302205,RJ,ABABITAPERUNA@GMAIL.COM,30.407.795/0001-18,"Sim, está funcionando normalmente",6 vezes por semana,Habilitada,"Mulheres, Jovens, Crianças, Idosos, População LGBTQIA+, Agricultores Familiares e Campesinos, Pessoas em situação de rua, Famílias beneﬁciárias do Programa Bolsa Família e famílias inscritas no Cadastro Único , Pessoas e famílias atingidas por situações de emergência ou calamidade pública, Outros grupos de pessoas em situação de vulnerabilidade social",160,250,-21.2006237,-41.8891244
CS014755,ASSOCIAÇÃO DOS AGRICULTORES E AGRICULTORAS DO MUNICÍPIO DE MINADOR DO NEGRÃO,"Povoado Jiquiri, s/n",Zona rural,57615-000,MINADOR DO NEGRÃO,2705309,AL,associacaodosagricultores2013@gmail.com,18.802.943/0001-01,"Sim, está funcionando normalmente",6 vezes por semana,Habilitada,"Mulheres, Jovens, Crianças, Idosos, População LGBTQIA+, Agricultores Familiares e Campesinos, Pessoas em situação de rua, Famílias beneﬁciárias do Programa Bolsa Família e famílias inscritas no Cadastro Único , Pessoas e famílias atingidas por situações de emergência ou calamidade pública, Outros grupos de pessoas em situação de vulnerabilidade social",632,3,-9.3082598,-36.8665692
CS016568,ASSOCIACAO DOS REMANESCENTES DO QUILOMBO DO DESERTO EM CAUCAIA,"povoado do Deserto n° 47, 47",DESERTO,61616-992,CAUCAIA,2303709,CE,quilombolasdeserto@yahoo.com.br,20.661.541/0001-78,"Sim, está funcionando normalmente",5 vezes por semana,Habilitada,"Mulheres, Jovens, Crianças, Idosos, Agricultores Familiares e Campesinos, Famílias beneﬁciárias do Programa Bolsa Família e famílias inscritas no Cadastro Único , Povos e comunidades tradicionais (indígenas, quilombolas, ribeirinhos, etc.), Outros grupos de pessoas em situação de vulnerabilidade social",204,100,-3.7338109,-38.7053914
CS016244,ASSOCIAÇÃO FILANTRÓPICA CASA DE APOIO SOCIAL RNA,"Rua Goianapolis, 453",Alexandrina,75060-220,ANÁPOLIS,5201108,GO,ellysamaaireslo@gmail.com,04.566.353/0001-04,"Sim, está funcionando normalmente",5 vezes por semana,Habilitada,"Mulheres, Jovens, Crianças, Idosos, População LGBTQIA+, Trabalhadores informais diversos (Motoristas de aplicativos, motoboys, serventes ou outros), Pessoas em situação de rua, Famílias beneﬁciárias do Programa Bolsa Família e famílias inscritas no Cadastro Único , Povos e comunidades tradicionais (indígenas, quilombolas, ribeirinhos, etc.), Pessoas e famílias atingidas por situações de emergência ou calamidade pública, Imigrantes, Grupo específico vinculado a determinada localidade, atividade, serviço ou movimento, Outros grupos de pessoas em situação de vulnerabilidade social",1700,6,-16.2982639,-48.9568944
CS015014,ASSOCIAÇÃO ROSAS DE OURO,"Rua Vigário Jobim, 116",Divisa,97573-350,SANT'ANA DO LIVRAMENTO,4317103,RS,rosasdeourolvto@gmail.com,34.319.535/0001-41,Está funcionando com carga horária reduzida,Uma vez ao mês,Habilitada,"Mulheres, Jovens, Crianças, Idosos, População LGBTQIA+, Famílias beneﬁciárias do Programa Bolsa Família e famílias inscritas no Cadastro Único , Povos e comunidades tradicionais (indígenas, quilombolas, ribeirinhos, etc.), Pessoas e famílias atingidas por situações de emergência ou calamidade pública, Outros grupos de pessoas em situação de vulnerabilidade social",120,100,-30.8878173,-55.5462250
CS014912,CAFÉ DAS MÃES,"Avenida Engenheiro Richard 25, 25",Grajaú,20561-092,RIO DE JANEIRO,3304557,RJ,direcao@grupoanjosdatiastellinha.org.br,27.481.838/0001-09,"Sim, está funcionando normalmente",5 vezes por semana,Habilitada,"Famílias beneﬁciárias do Programa Bolsa Família e famílias inscritas no Cadastro Único , Grupo específico vinculado a determinada localidade, atividade, serviço ou movimento, Outros grupos de pessoas em situação de vulnerabilidade social",900,250,-22.9209119,-43.2600650
CS016708,CARIDADE ROSA,"Rua Brasil, 35., 35",Santa Maria,49039-095,ARACAJU,2800308,SE,institutocaridaderosa@gmail.com,50.200.339/0001-00,"Sim, está funcionando normalmente",5 vezes por semana,Habilitada,"Mulheres, Crianças, Idosos, População LGBTQIA+, Pessoas em situação de rua, Famílias beneﬁciárias do Programa Bolsa Família e famílias inscritas no Cadastro Único , Pessoas e famílias atingidas por situações de emergência ou calamidade pública, Outros grupos de pessoas em situação de vulnerabilidade social",480,250,-10.9762239,-37.0948847
CS014558,CASA DA TIA GRAZI,"Nossa senhora do Brasil número 54, 54",Morro santa Tereza,90850-510,PORTO ALEGRE,4314902,RS,grazielaconceicao41@gmail.com,54.683.964/0001-00,Está funcionando com carga horária reduzida,4 vezes por semana,Habilitada,"Mulheres, Jovens, Crianças, Idosos, População LGBTQIA+, Trabalhadores informais diversos (Motoristas de aplicativos, motoboys, serventes ou outros), Pessoas em situação de rua, Famílias beneﬁciárias do Programa Bolsa Família e famílias inscritas no Cadastro Único , Pessoas e famílias atingidas por situações de emergência ou calamidade pública, Imigrantes, Outros grupos de pessoas em situação de vulnerabilidade social",210,415,-30.0700791,-51.2225023
CS015412,CASA DO PÃO,"Rua principal número, 103",Clima bom,57071-201,MACEIÓ,2704302,AL,institutobeneficentebelem@gmail.com,15.597.640/0001-06,"Sim, está funcionando normalmente",3 vezes por semana,Habilitada,"Mulheres, Jovens, Crianças, Idosos, População LGBTQIA+, Pessoas em situação de rua, Famílias beneﬁciárias do Programa Bolsa Família e famílias inscritas no Cadastro Único , Pessoas e famílias atingidas por situações de emergência ou calamidade pública, Outros grupos de pessoas em situação de vulnerabilidade social",205,100,-9.5800244,-35.7844007
CS016954,CENTRO DE APOIO AOS IRMAOS EM SITUAÇÃO DE RUA,"RUA IBIRAPUITÃ, 130",ROCHA MIRANDA,21510-200,RIO DE JANEIRO,3304557,RJ,caisir2020@gmail.com,46.567.824/0001-49,"Sim, está funcionando normalmente",1 vez por semana,Habilitada,"Mulheres, Jovens, Crianças, Idosos, Pessoas em situação de rua, Pessoas e famílias atingidas por situações de emergência ou calamidade pública, Outros grupos de pessoas em situação de vulnerabilidade social",1270,1400,-22.8423088,-43.3478976
CS015245,CENTRO DE INTEGRAÇÃO FAMILIAR,"Rua Direta de Tancredo Neves, 402",Tancredo Neves,41205-000,SALVADOR,2927408,BA,ceifarcp@gmail.com,03.598.003/0001-67,"Sim, está funcionando normalmente",5 vezes por semana,Habilitada,"Mulheres, Jovens, Crianças, Pessoas em situação de rua, Outros grupos de pessoas em situação de vulnerabilidade social",170,1340,-12.9419723,-38.4496181
CS016337,CIDADANIA,"Garbosa,, 772",Vila Tinguá,26385-150,QUEIMADOS,3304144,RJ,rosangelasouza929@gmail.com,,"Sim, está funcionando normalmente",2 vezes por semana,Habilitada,"Pessoas em situação de rua, Outros grupos de pessoas em situação de vulnerabilidade social",125,120,-22.7054691,-43.5606824
CS016905,COMUNIDADE BOM VIVER. (. BOM PRATO. ),"Rua João Manoel de Lima, 981",Jardim Paulista,14866-004,BARRINHA,3505609,SP,ilmagaia772@gmail.com,,"Sim, está funcionando normalmente",3 vezes por semana,Habilitada,"Mulheres, Jovens, Crianças, Idosos, População LGBTQIA+, Agricultores Familiares e Campesinos, Trabalhadores informais diversos (Motoristas de aplicativos, motoboys, serventes ou outros), Pessoas em situação de rua, Famílias beneﬁciárias do Programa Bolsa Família e famílias inscritas no Cadastro Único , Povos e comunidades tradicionais (indígenas, quilombolas, ribeirinhos, etc.), Pessoas e famílias atingidas por situações de emergência ou calamidade pública, Imigrantes, Assentados da Reforma Agrária, Grupo específico vinculado a determinada localidade, atividade, serviço ou movimento, Outros grupos de pessoas em situação de vulnerabilidade social",166,250,-21.1900189,-48.1510933
CS017303,CORAÇÕES QUE ALIMENTAM,"Rua Eduardo Dotto,, 40",PARIPE,40800-010,SALVADOR,2927408,BA,coracoesquealimentam@outlook.com,45.611.594/0001-05,"Sim, está funcionando normalmente",5 vezes por semana,Habilitada,"Pessoas em situação de rua, Famílias beneﬁciárias do Programa Bolsa Família e famílias inscritas no Cadastro Único , Povos e comunidades tradicionais (indígenas, quilombolas, ribeirinhos, etc.), Pessoas e famílias atingidas por situações de emergência ou calamidade pública, Imigrantes, Outros grupos de pessoas em situação de vulnerabilidade social",600,600,-12.8391843,-38.4721029
CS014534,COZINHA AFETIVA COMUNITARIA SUSTENTAVEL,"Rua Manoel Soares da Costa, 13",Engenho,23821-740,ITAGUAÍ,3302007,RJ,cozinhaafetivacomunitariasustentavel@outlook.com,45.377.889/0001-69,"Sim, está funcionando normalmente",2 vezes por semana,Habilitada,"Mulheres, Jovens, Crianças, Idosos, População LGBTQIA+, Trabalhadores informais diversos (Motoristas de aplicativos, motoboys, serventes ou outros), Pessoas em situação de rua, Famílias beneﬁciárias do Programa Bolsa Família e famílias inscritas no Cadastro Único , Povos e comunidades tradicionais (indígenas, quilombolas, ribeirinhos, etc.), Pessoas e famílias atingidas por situações de emergência ou calamidade pública, Grupo específico vinculado a determinada localidade, atividade, serviço ou movimento, Outros grupos de pessoas em situação de vulnerabilidade social",1533,300,-22.8651724,-43.7878844
CS016759,COZINHA COM AFETO,"Visconde de Pelotas 116, 116",Centro,58010-670,JOÃO PESSOA,2507507,PB,albertofjacuma@gmail.com,16.812.887/0001-52,"Sim, está funcionando normalmente",1 vez por semana,Habilitada,"Mulheres, Pessoas em situação de rua, Famílias beneﬁciárias do Programa Bolsa Família e famílias inscritas no Cadastro Único , Pessoas e famílias atingidas por situações de emergência ou calamidade pública, Outros grupos de pessoas em situação de vulnerabilidade social",540,200,-7.1165539,-34.8830461
CS016671,COZINHA COMUNITARIA DEUS É FIEL,"rua dos potiguares, 4063",cidade nova,59072-820,NATAL,2408102,RN,edilma.cirilo@gmail.com,35.696.167/0001-13,Está funcionando com carga horária reduzida,3 vezes por semana,Habilitada,"Mulheres, Jovens, Crianças, Idosos, População LGBTQIA+, Agricultores Familiares e Campesinos, Pessoas em situação de rua, Famílias beneﬁciárias do Programa Bolsa Família e famílias inscritas no Cadastro Único , Pessoas e famílias atingidas por situações de emergência ou calamidade pública, Outros grupos de pessoas em situação de vulnerabilidade social",627,382,-5.8353848,-35.2318147
CS014876,COZINHA COMUNITÁRIA SÃO BENEDITO,"QUILOMBO OITEIRO DOS NOGUEIRAS, sn",ZONA RURAL,65485-000,ITAPECURU MIRIM,2105401,MA,ass.oiteiro.quilombo@gmail.com,12.553.244/0001-80,Está funcionando com carga horária reduzida,1 vez por semana,Habilitada,"Povos e comunidades tradicionais (indígenas, quilombolas, ribeirinhos, etc.), Assentados da Reforma Agrária, Outros grupos de pessoas em situação de vulnerabilidade social",71,100,-3.3361482,-44.4570594
CS016009,COZINHA COMUNTARIA SÃO MIGUEL - AEUSM,"Rua Medellín, 2914",Granja Lisboa,60540-000,FORTALEZA,2304400,CE,aeusm.ong@gmail.com,03.015.686/0001-82,"Sim, está funcionando normalmente",6 vezes por semana,Habilitada,"Famílias beneﬁciárias do Programa Bolsa Família e famílias inscritas no Cadastro Único , Outros grupos de pessoas em situação de vulnerabilidade social",175,100,-3.7916936,-38.6257719
CS015171,COZINHA DA AACOSSA,"Avenida Rui Barbosa, 188",Bonfim,44200-000,SANTO AMARO,2928604,BA,luisbarreto0022@gmail.com,,Está funcionando com carga horária reduzida,1 vez por semana,Habilitada,"Mulheres, Jovens, Crianças, Idosos, População LGBTQIA+, Trabalhadores informais diversos (Motoristas de aplicativos, motoboys, serventes ou outros), Pessoas em situação de rua, Famílias beneﬁciárias do Programa Bolsa Família e famílias inscritas no Cadastro Único , Povos e comunidades tradicionais (indígenas, quilombolas, ribeirinhos, etc.), Pessoas e famílias atingidas por situações de emergência ou calamidade pública, Outros grupos de pessoas em situação de vulnerabilidade social",277,390,-12.5454065,-38.7179416
CS014686,COZINHA DA CASA DOM HELDER CÂMARA,"Rua Visconde de Santa Isabel, 480, Cozinha da Casa Dom Helder Câmara",Grajaú,20650-121,RIO DE JANEIRO,3304557,RJ,contato@associacaoamar.org.br,04.090.760/0001-98,"Sim, está funcionando normalmente",5 vezes por semana,Habilitada,"Crianças, Outros grupos de pessoas em situação de vulnerabilidade social",120,20,-22.9175412,-43.2652015
CS014775,COZINHA DO ARROCHA,"Rua Doutor Olinto de Magalhães, 66",Vidigal,22450-250,RIO DE JANEIRO,3304557,RJ,Rafa.antunes9@gmail.com,31.275.343/0001-92,"Sim, está funcionando normalmente",2 vezes por semana,Habilitada,"Mulheres, Jovens, Crianças, Famílias beneﬁciárias do Programa Bolsa Família e famílias inscritas no Cadastro Único , Grupo específico vinculado a determinada localidade, atividade, serviço ou movimento, Outros grupos de pessoas em situação de vulnerabilidade social",670,650,-22.9938498,-43.2390182
CS015938,COZINHA EXPERIMENTAL LIA ESPERANÇA,"Rua da Caixa d’Água, 61",Vila Nova Esperança,05570-775,SÃO PAULO,3550308,SP,institutoliaesperanca@gmail.com,33.338.994/0001-00,"Sim, está funcionando normalmente",5 vezes por semana,Habilitada,"Mulheres, Jovens, Crianças, Idosos, População LGBTQIA+, Trabalhadores informais diversos (Motoristas de aplicativos, motoboys, serventes ou outros), Pessoas em situação de rua, Famílias beneﬁciárias do Programa Bolsa Família e famílias inscritas no Cadastro Único , Grupo específico vinculado a determinada localidade, atividade, serviço ou movimento, Outros grupos de pessoas em situação de vulnerabilidade social",590,200,-23.6053850,-46.7910288
CS016127,COZINHA FEHSOLNA,"shsn chacara 160c lote 01 av p1 trecho I sol nascente, ",Sol Nascente,72218-900,BRASÍLIA,5300108,DF,fehsolnadefe@gmail.com,03.635.287/0001-14,Está funcionando com carga horária reduzida,1 vez por semana,Habilitada,"Mulheres, Jovens, Crianças, Idosos, População LGBTQIA+, Trabalhadores informais diversos (Motoristas de aplicativos, motoboys, serventes ou outros), Pessoas em situação de rua, Famílias beneﬁciárias do Programa Bolsa Família e famílias inscritas no Cadastro Único , Outros grupos de pessoas em situação de vulnerabilidade social",174,278,-15.8296846,-48.1188011
CS016992,COZINHA IRMÃ DULCE,"Rua Pergentino José Saippa, 4",Vila Nova,28630-210,NOVA FRIBURGO,3303401,RJ,caritasdiocesenf@gmail.com,30.553.481/0001-23,Está funcionando com carga horária reduzida,1 vez por semana,Habilitada,"Mulheres, Jovens, População LGBTQIA+, Trabalhadores informais diversos (Motoristas de aplicativos, motoboys, serventes ou outros), Pessoas em situação de rua, Pessoas e famílias atingidas por situações de emergência ou calamidade pública, Imigrantes, Outros grupos de pessoas em situação de vulnerabilidade social",23,30,-22.2606016,-42.5320239
CS017138,COZINHA JARDIM SÃO LUIZ,"RUA SEBASTIAO MUNIZ DE SOUZA, 120",parque santo antonio,05821-150,SÃO PAULO,3550308,SP,amanhaparatodos_@hotmail.com,08.541.314/0001-03,"Sim, está funcionando normalmente",6 vezes por semana,Habilitada,"Mulheres, Jovens, Crianças, Idosos, População LGBTQIA+, Trabalhadores informais diversos (Motoristas de aplicativos, motoboys, serventes ou outros), Pessoas em situação de rua, Famílias beneﬁciárias do Programa Bolsa Família e famílias inscritas no Cadastro Único , Outros grupos de pessoas em situação de vulnerabilidade social",584,587,-23.6655660,-46.7480386
CS017298,COZINHA NOVO MUNDO,"Rua Santa Maria, 64, 64",Santa Rita,35790-644,CURVELO,3120904,MG,apdsnovomundo@gmail.com,24.038.615/0001-75,"Não, a Cozinha encontra-se paralisada, sem atividade",5 vezes por semana,Habilitada,"Famílias beneﬁciárias do Programa Bolsa Família e famílias inscritas no Cadastro Único , Outros grupos de pessoas em situação de vulnerabilidade social",200,1,-18.7454865,-44.4508454
CS016511,COZINHA POPULAR SABORES DO CAMPO,"Rua 414, 270",Loteamento Pontal Norte,75708-350,CATALÃO,5205109,GO,cozinhasolidariapopularsabores@gmail.com,,Está funcionando com carga horária reduzida,Quinzenalmente,Habilitada,"Mulheres, Jovens, Crianças, Idosos, População LGBTQIA+, Trabalhadores informais diversos (Motoristas de aplicativos, motoboys, serventes ou outros), Pessoas em situação de rua, Famílias beneﬁciárias do Programa Bolsa Família e famílias inscritas no Cadastro Único , Outros grupos de pessoas em situação de vulnerabilidade social",60,250,-18.1729458,-47.9203112
CS017260,COZINHA POPULAR SOLIDÁRIA CASA DA SOPA,"Av. presidente Castelo Branco, S/N, 132",SÃO FRANCISCO,68644-000,SANTA LUZIA DO PARÁ,1506559,PA,amolslp6@gmail.com,08.216.280/0001-81,"Sim, está funcionando normalmente",2 vezes por semana,Habilitada,"Pessoas em situação de rua, Famílias beneﬁciárias do Programa Bolsa Família e famílias inscritas no Cadastro Único , Outros grupos de pessoas em situação de vulnerabilidade social",90,80,-1.5171167,-46.9053910
CS017256,COZINHA POPULAR SOLIDÁRIA MÃOS DE MULHERES,"Rua João Andrade, 177",Centro,67030-150,ANANINDEUA,1500800,PA,pinheironina13@gmail.com,08.921.160/0001-85,"Sim, está funcionando normalmente",5 vezes por semana,Habilitada,"Mulheres, Jovens, Crianças, Idosos, Pessoas em situação de rua, Famílias beneﬁciárias do Programa Bolsa Família e famílias inscritas no Cadastro Único , Imigrantes, Outros grupos de pessoas em situação de vulnerabilidade social",140,250,-1.3657108,-48.3746643
CS014633,COZINHA SANTA MARTHA,"Rua Aladino Carneiro, 11",Fronteira,27961-200,MACAÉ,3302403,RJ,caritasdiocesenf@gmail.com,30.553.481/0001-23,Está funcionando com carga horária reduzida,1 vez por semana,Habilitada,"Pessoas em situação de rua, Pessoas e famílias atingidas por situações de emergência ou calamidade pública, Outros grupos de pessoas em situação de vulnerabilidade social",65,40,-22.3587618,-41.7717616
CS015703,COZINHA SOLIDÁRIA ABPADEC,"Rua Francisco Alves Pereira, 568",Jd Sta Cruz,02674-050,SÃO PAULO,3550308,SP,Presidente.abpadec68@yahoo.com,09.615.570/0001-60,"Sim, está funcionando normalmente",3 vezes por semana,Habilitada,"Pessoas em situação de rua, Pessoas e famílias atingidas por situações de emergência ou calamidade pública, Outros grupos de pessoas em situação de vulnerabilidade social",300,350,-23.4606299,-46.6667268
CS016172,COZINHA SOLIDÁRIA ALIMENTA BAHIA,"Rua Marcelo T maschesini, 90",Mangabeira,44066-290,FEIRA DE SANTANA,2910800,BA,habitarbahia.fsa@gmail.com,07.771.925/0001-85,Está funcionando com carga horária reduzida,4 vezes por semana,Habilitada,"Mulheres, Jovens, Crianças, Idosos, População LGBTQIA+, Agricultores Familiares e Campesinos, Trabalhadores informais diversos (Motoristas de aplicativos, motoboys, serventes ou outros), Famílias beneﬁciárias do Programa Bolsa Família e famílias inscritas no Cadastro Único , Povos e comunidades tradicionais (indígenas, quilombolas, ribeirinhos, etc.), Pessoas e famílias atingidas por situações de emergência ou calamidade pública, Grupo específico vinculado a determinada localidade, atividade, serviço ou movimento, Outros grupos de pessoas em situação de vulnerabilidade social",750,3250,-12.2219269,-38.9392324
CS016993,COZINHA SOLIDARIA ASSOCIAÇÃO DOS MORADORES DE ARACUÍ,"Rodovia Dr. Frued Nemer, km04, 70",Aracuí,29360-000,CASTELO,3201407,ES,ama.aracui@gmail.com,36.401.735/0001-74,"Sim, está funcionando normalmente",5 vezes por semana,Habilitada,"Mulheres, Jovens, Crianças, Idosos, População LGBTQIA+, Famílias beneﬁciárias do Programa Bolsa Família e famílias inscritas no Cadastro Único , Pessoas e famílias atingidas por situações de emergência ou calamidade pública, Outros grupos de pessoas em situação de vulnerabilidade social",1800,380,-20.6407420,-41.2096279
CS015134,COZINHA SOLIDARIA - CASA DA PROVIDENCIA,"RUA 1, 142",LOTEAMENTO PARAISO,45604-652,ITABUNA,2914802,BA,comfilhosdeisrael@gmail.com,13.982.334/0001-50,"Sim, está funcionando normalmente",3 vezes por semana,Habilitada,"Mulheres, Jovens, Crianças, Idosos, Pessoas em situação de rua, Outros grupos de pessoas em situação de vulnerabilidade social",350,300,-14.7764658,-39.2579829
CS017136,COZINHA SOLIDÁRIA DA AMARQVUC,"Rodovia PA 154 km 10, sn",QUILOMBO VILA UNIÃO CAMPINAS,68860-000,SALVATERRA,1506302,PA,moreirarosimar8@gmail.com,07.162.531/0001-20,Está funcionando com carga horária reduzida,2 vezes por semana,Habilitada,"Famílias beneﬁciárias do Programa Bolsa Família e famílias inscritas no Cadastro Único , Povos e comunidades tradicionais (indígenas, quilombolas, ribeirinhos, etc.), Outros grupos de pessoas em situação de vulnerabilidade social",220,200,-22.9050824,-47.0613327
CS017137,COZINHA SOLIDÁRIA DE PLANURA,"RUA MONTE ALEGRE, 310",Vila Paiva,38220-000,PLANURA,3151602,MG,regiabrincksmds@gmail.com,15.635.509/0001-88,"Sim, está funcionando normalmente",5 vezes por semana,Habilitada,"Pessoas em situação de rua, Famílias beneﬁciárias do Programa Bolsa Família e famílias inscritas no Cadastro Único , Pessoas e famílias atingidas por situações de emergência ou calamidade pública, Outros grupos de pessoas em situação de vulnerabilidade social",1007,250,-20.1346303,-48.7071492
CS016530,COZINHA SOLIDÁRIA DO BEM VIVER,"RUA JADER MORAES, 156",PROMISSÃO 3,68628-510,PARAGOMINAS,1505502,PA,cozinhasolidariadobemviver@gmail.com,34.844.993/0001-08,"Sim, está funcionando normalmente",2 vezes por semana,Habilitada,"Mulheres, Jovens, Crianças, Idosos, Pessoas em situação de rua, Famílias beneﬁciárias do Programa Bolsa Família e famílias inscritas no Cadastro Único , Pessoas e famílias atingidas por situações de emergência ou calamidade pública, Outros grupos de pessoas em situação de vulnerabilidade social",150,100,-2.9779156,-47.3496516
CS016991,COZINHA SOLIDÁRIA MOVER HELIPA | FAVELA HELIÓPOLIS-SP,"Rua Comandante Taylor, 612",Heliópolis | Sacomã,04218-000,SÃO PAULO,3550308,SP,moverhelipa@gmail.com,10.935.841/0001-44,"Sim, está funcionando normalmente",6 vezes por semana,Habilitada,"Mulheres, Jovens, Crianças, Idosos, População LGBTQIA+, Trabalhadores informais diversos (Motoristas de aplicativos, motoboys, serventes ou outros), Pessoas em situação de rua, Famílias beneﬁciárias do Programa Bolsa Família e famílias inscritas no Cadastro Único , Pessoas e famílias atingidas por situações de emergência ou calamidade pública, Imigrantes, Outros grupos de pessoas em situação de vulnerabilidade social",825,450,-23.5998759,-46.5982509
CS017152,COZINHA SOLIDARIA NEAC - NÚCLEO ESPECIAL DE ATENÇÃO À CRIANÇA,"ESTRADA IARAQUA, 375",Campo Grande,23047-160,RIO DE JANEIRO,3304557,RJ,neac@neac.org.br,01.721.077/0001-13,"Sim, está funcionando normalmente",5 vezes por semana,Habilitada,"Mulheres, Jovens, Crianças, Idosos, População LGBTQIA+, Trabalhadores informais diversos (Motoristas de aplicativos, motoboys, serventes ou outros), Pessoas em situação de rua, Famílias beneﬁciárias do Programa Bolsa Família e famílias inscritas no Cadastro Único , Pessoas e famílias atingidas por situações de emergência ou calamidade pública, Outros grupos de pessoas em situação de vulnerabilidade social",608,480,-22.9276633,-43.5563389
CS017150,COZINHA SOLIDARIA NOVO SER,"RUA ZEZITO SILVANO, 1007",PLANALTO DE BEBERIBE,62840-000,BEBERIBE,2302206,CE,institutinovoserbeberibe@gmail.com,51.123.121/0001-61,"Sim, está funcionando normalmente",5 vezes por semana,Habilitada,"Mulheres, Jovens, Crianças, Idosos, Pessoas em situação de rua, Famílias beneﬁciárias do Programa Bolsa Família e famílias inscritas no Cadastro Único , Pessoas e famílias atingidas por situações de emergência ou calamidade pública, Outros grupos de pessoas em situação de vulnerabilidade social",273,100,-4.1783299,-38.1410594
CS017153,COZINHA SOLIDÁRIA SOMAR JARAGUÁ,"Rua Vasco Balboa, 128",Jardim Ipanema,05187-000,SÃO PAULO,3550308,SP,somarassociacao@gmail.com,32.704.477/0001-44,"Sim, está funcionando normalmente",6 vezes por semana,Habilitada,"Pessoas em situação de rua, Famílias beneﬁciárias do Programa Bolsa Família e famílias inscritas no Cadastro Único , Outros grupos de pessoas em situação de vulnerabilidade social",730,400,-23.4451258,-46.7491800
CS014567,COZINHA TIA NEIDE,"Rua João Ramalho, 195",Roger,58020-200,JOÃO PESSOA,2507507,PB,casapequenodavi@pequenodavi.org.br,10.733.541/0001-82,Está funcionando com carga horária reduzida,3 vezes por semana,Habilitada,"Mulheres, Jovens, Crianças, Idosos, População LGBTQIA+, Trabalhadores informais diversos (Motoristas de aplicativos, motoboys, serventes ou outros), Famílias beneﬁciárias do Programa Bolsa Família e famílias inscritas no Cadastro Único , Outros grupos de pessoas em situação de vulnerabilidade social",376,200,-7.1089013,-34.8807102
CS016157,DAI- LHE VÓS MESMO DE COMER,"Rua Arlindo Nogueira, 2531",Macaúba,64018-903,TERESINA,2211001,PI,abespa09@gmail.com,10.762.866/0001-93,"Sim, está funcionando normalmente",7 vezes por semana,Habilitada,"Mulheres, Jovens, Idosos, População LGBTQIA+, Trabalhadores informais diversos (Motoristas de aplicativos, motoboys, serventes ou outros), Pessoas em situação de rua, Famílias beneﬁciárias do Programa Bolsa Família e famílias inscritas no Cadastro Único , Povos e comunidades tradicionais (indígenas, quilombolas, ribeirinhos, etc.), Pessoas e famílias atingidas por situações de emergência ou calamidade pública, Imigrantes, Outros grupos de pessoas em situação de vulnerabilidade social",819,350,-5.1102718,-42.7992746
CS017129,ESPERANÇA E LUZ PARA TODOS - POLO ABOLIÇÃO,"Avenida Dom Hélder Câmara, 7414",Abolição,20751-014,RIO DE JANEIRO,3304557,RJ,pauletetristao@yahoo.com.br,39.238.966/0001-05,"Sim, está funcionando normalmente",2 vezes por semana,Habilitada,"Mulheres, Jovens, Crianças, Idosos, População LGBTQIA+, Pessoas em situação de rua, Famílias beneﬁciárias do Programa Bolsa Família e famílias inscritas no Cadastro Único , Pessoas e famílias atingidas por situações de emergência ou calamidade pública, Outros grupos de pessoas em situação de vulnerabilidade social",1350,250,-22.8851081,-43.2991797
CS015930,ESPERANÇA VIVA VOVÓ CONGA,"Rua da liberdade, 190",Nossa senhora Aparecida,39270-004,PIRAPORA,3151206,MG,casadeculturaafrogerais@gmail.com,16.525.897/0001-07,"Sim, está funcionando normalmente",6 vezes por semana,Habilitada,"Mulheres, Jovens, Crianças, Idosos, População LGBTQIA+, Pessoas em situação de rua, Famílias beneﬁciárias do Programa Bolsa Família e famílias inscritas no Cadastro Único , Povos e comunidades tradicionais (indígenas, quilombolas, ribeirinhos, etc.), Outros grupos de pessoas em situação de vulnerabilidade social",370,1200,-17.3399493,-44.9525673
CS017104,FIEL DO BEM,"Rua Manuel Guilherme dos Reis, 480",Parque Grajaú,04842-280,SÃO PAULO,3550308,SP,jeffersoncandido.31@gmail.com,44.052.950/0001-35,"Sim, está funcionando normalmente",4 vezes por semana,Habilitada,"Pessoas em situação de rua, Outros grupos de pessoas em situação de vulnerabilidade social",100,120,-23.7441973,-46.6900222
CS017247,FITNESS DA PERIFERIA,"Rua Mariano Teixeira, 121",Peixinhos,53220-100,OLINDA,2609600,PE,rozangelasilva05@gmail.com,51.769.624/0001-09,"Sim, está funcionando normalmente",3 vezes por semana,Habilitada,"Mulheres, Idosos, Pessoas em situação de rua, Famílias beneﬁciárias do Programa Bolsa Família e famílias inscritas no Cadastro Único , Pessoas e famílias atingidas por situações de emergência ou calamidade pública, Grupo específico vinculado a determinada localidade, atividade, serviço ou movimento, Outros grupos de pessoas em situação de vulnerabilidade social",290,300,-8.0176911,-34.8719186
CS016526,FREI DANIEL DE SAMARATE,"Rua Santo Izidoro, S/N, Vila Santo Antônio do Prata, sn",Zona Rural,68725-000,IGARAPÉ-AÇU,1503200,PA,projetofreidanieldesamarate@gmail.com,04.133.788/0001-65,"Sim, está funcionando normalmente",4 vezes por semana,Habilitada,"Mulheres, Jovens, Crianças, Idosos, Agricultores Familiares e Campesinos, Trabalhadores informais diversos (Motoristas de aplicativos, motoboys, serventes ou outros), Famílias beneﬁciárias do Programa Bolsa Família e famílias inscritas no Cadastro Único , Outros grupos de pessoas em situação de vulnerabilidade social",300,370,-1.2997273,-47.6044076
CS016303,IWAJU ERÊ - ALIMENTAÇÃO ANCESTRAL,"Av Três Irmãos, 65 Jardim Progresso, Av. Três Irmãos,65 Jardim Progresso, 59114-675 Natal-RN",Nossa Senhora da Apresentação,59114-675,NATAL,2408102,RN,futurodecrianca@outlook.com,,"Sim, está funcionando normalmente",3 vezes por semana,Habilitada,"Mulheres, Jovens, Crianças, Idosos, População LGBTQIA+, Trabalhadores informais diversos (Motoristas de aplicativos, motoboys, serventes ou outros), Pessoas em situação de rua, Famílias beneﬁciárias do Programa Bolsa Família e famílias inscritas no Cadastro Único , Povos e comunidades tradicionais (indígenas, quilombolas, ribeirinhos, etc.), Grupo específico vinculado a determinada localidade, atividade, serviço ou movimento, Outros grupos de pessoas em situação de vulnerabilidade social",674,383,-5.7279640,-35.2785991
CS017189,MÃOS SOLIDÁRIAS,"Rua Clidenor Saraiva, 989",Centro,68725-000,IGARAPÉ-AÇU,1503200,PA,cozinhamaossolidarias@gmail.com,,"Sim, está funcionando normalmente",6 vezes por semana,Habilitada,"Mulheres, Crianças, Idosos, Pessoas em situação de rua, Famílias beneﬁciárias do Programa Bolsa Família e famílias inscritas no Cadastro Único , Outros grupos de pessoas em situação de vulnerabilidade social",92,150,-1.1247773,-47.6189993
CS014639,MULTIPLICAAÇÃO,"Rua D, 30",São Benedito,29145-395,CARIACICA,3201308,ES,goncalveselis266@gmail.com,12.138.588/0001-23,"Sim, está funcionando normalmente",3 vezes por semana,Habilitada,"Mulheres, Jovens, Crianças, Idosos, População LGBTQIA+, Agricultores Familiares e Campesinos, Trabalhadores informais diversos (Motoristas de aplicativos, motoboys, serventes ou outros), Pessoas em situação de rua, Famílias beneﬁciárias do Programa Bolsa Família e famílias inscritas no Cadastro Único , Povos e comunidades tradicionais (indígenas, quilombolas, ribeirinhos, etc.)",73,30,-20.3463778,-40.3836340
CS017340,NOVO AMANHECER,"RUA: Paulo Maranhão, 2964",João Paulo II,68721-000,SALINÓPOLIS,1506203,PA,redecpsmcppa@gmail.com,08.921.160/0001-85,"Sim, está funcionando normalmente",2 vezes por semana,Habilitada,"Mulheres, Jovens, Crianças, Idosos, Pessoas em situação de rua, Famílias beneﬁciárias do Programa Bolsa Família e famílias inscritas no Cadastro Único , Imigrantes, Outros grupos de pessoas em situação de vulnerabilidade social",140,140,-0.6281070,-47.3491084
CS016451,OELA - COZINHA SOLIDÁRIA,"Avenida dos Ipês, 367",IPE,68909-469,MACAPÁ,1600303,AP,jessica@oela.org.br,03.470.157/0001-79,"Sim, está funcionando normalmente",4 vezes por semana,Habilitada,"Mulheres, Jovens, Crianças, População LGBTQIA+, Pessoas em situação de rua, Famílias beneﬁciárias do Programa Bolsa Família e famílias inscritas no Cadastro Único , Povos e comunidades tradicionais (indígenas, quilombolas, ribeirinhos, etc.), Pessoas e famílias atingidas por situações de emergência ou calamidade pública, Imigrantes, Outros grupos de pessoas em situação de vulnerabilidade social",1040,200,0.1018151,-51.0616125
CS016720,PASTORAL DE RUA,"AVENIDA MINISTRO JOÃO ALBERTO, 221",BELA VISTA,78600-026,BARRA DO GARÇAS,5101803,MT,pe.cristianodias@gmail.com,43.443.549/0001-63,"Sim, está funcionando normalmente",1 vez por semana,Habilitada,"Pessoas em situação de rua, Povos e comunidades tradicionais (indígenas, quilombolas, ribeirinhos, etc.), Pessoas e famílias atingidas por situações de emergência ou calamidade pública, Imigrantes, Outros grupos de pessoas em situação de vulnerabilidade social",135,100,-15.8937062,-52.2587299
CS014925,PRA CIMA DA FOME,"Av waldemar tietz, 1662",Arthur Alvim,03589-001,SÃO PAULO,3550308,SP,institutopracimazonaleste@gmail.com,39.277.486/0001-45,"Sim, está funcionando normalmente",6 vezes por semana,Habilitada,"Mulheres, Jovens, Crianças, Idosos, População LGBTQIA+, Trabalhadores informais diversos (Motoristas de aplicativos, motoboys, serventes ou outros), Pessoas em situação de rua, Famílias beneﬁciárias do Programa Bolsa Família e famílias inscritas no Cadastro Único , Pessoas e famílias atingidas por situações de emergência ou calamidade pública, Outros grupos de pessoas em situação de vulnerabilidade social",750,600,-23.5521767,-46.4840141
CS015763,PRATO SAGRADO,"Rua stevam Pereira da costa nº 1889, 1889",santa luzia,69317-166,BOA VISTA,1400100,RR,ihsla.humanitaria@gmail.com,03.715.491/0001-45,"Não, a Cozinha encontra-se paralisada, sem atividade",6 vezes por semana,Habilitada,"Mulheres, Jovens, Crianças, Idosos, População LGBTQIA+, Pessoas em situação de rua, Famílias beneﬁciárias do Programa Bolsa Família e famílias inscritas no Cadastro Único , Povos e comunidades tradicionais (indígenas, quilombolas, ribeirinhos, etc.), Imigrantes, Outros grupos de pessoas em situação de vulnerabilidade social",1532,2017,2.8113229,-60.7551190
CS016011,PROJETO MANANCIAL,"Avenida Paisagista, loteamento boa vizinhança, Quadra 28 lote 19",Jereissati lll,61819-801,PACATUBA,2309706,CE,nidialira1301@gmail.com,,Está funcionando com carga horária reduzida,3 vezes por semana,Habilitada,"Mulheres, Jovens, Crianças, Idosos, Pessoas em situação de rua, Famílias beneﬁciárias do Programa Bolsa Família e famílias inscritas no Cadastro Único , Outros grupos de pessoas em situação de vulnerabilidade social",100,100,-3.8898770,-38.5994881
CS016234,PROJETO SOCIAL UM DIA SEM FOME,"R da paz qda 23 lotes 27/28, 27/28",Chacara Sta Luzia,71300-000,BRASÍLIA,5300108,DF,veraguedes744@gmail.com,61113390/0001 09,"Sim, está funcionando normalmente",1 vez por semana,Habilitada,"Mulheres, Jovens, Crianças, Idosos, População LGBTQIA+, Trabalhadores informais diversos (Motoristas de aplicativos, motoboys, serventes ou outros), Pessoas em situação de rua, Famílias beneﬁciárias do Programa Bolsa Família e famílias inscritas no Cadastro Único , Pessoas e famílias atingidas por situações de emergência ou calamidade pública, Outros grupos de pessoas em situação de vulnerabilidade social",420,280,-15.7773191,-47.9873457
CS017044,PROJETO SPORT VIDA,"Rua Fernando Pessoa, 300",Vila Nova,91750-340,PORTO ALEGRE,4314902,RS,projetosportvida300@gmail.com,26.823.743/0001-55,"Sim, está funcionando normalmente",5 vezes por semana,Habilitada,"Pessoas em situação de rua, Famílias beneﬁciárias do Programa Bolsa Família e famílias inscritas no Cadastro Único , Povos e comunidades tradicionais (indígenas, quilombolas, ribeirinhos, etc.), Pessoas e famílias atingidas por situações de emergência ou calamidade pública, Imigrantes, Grupo específico vinculado a determinada localidade, atividade, serviço ou movimento, Outros grupos de pessoas em situação de vulnerabilidade social",202,120,-30.1261702,-51.2094727
CS016555,PROJETO SUPRIR,"Rua Mucugê, 400",Jd. Maracanã,02839-060,SÃO PAULO,3550308,SP,viver.imp@gmail.com,43.134.498/0001-98,"Sim, está funcionando normalmente",6 vezes por semana,Habilitada,"Mulheres, Jovens, Crianças, Idosos, Trabalhadores informais diversos (Motoristas de aplicativos, motoboys, serventes ou outros), Pessoas em situação de rua, Famílias beneﬁciárias do Programa Bolsa Família e famílias inscritas no Cadastro Único , Pessoas e famílias atingidas por situações de emergência ou calamidade pública, Outros grupos de pessoas em situação de vulnerabilidade social",1050,500,-23.4767661,-46.6827184
CS016356,QUEBRADA ALIMENTADA,"Rua Renato Serra, 10",Jardim Julieta,02162-080,SÃO PAULO,3550308,SP,adrianasalay@gmail.com,48.948.120/0001-41,"Sim, está funcionando normalmente",5 vezes por semana,Habilitada,"Mulheres, Jovens, Crianças, Idosos, População LGBTQIA+, Trabalhadores informais diversos (Motoristas de aplicativos, motoboys, serventes ou outros), Pessoas em situação de rua, Famílias beneﬁciárias do Programa Bolsa Família e famílias inscritas no Cadastro Único , Imigrantes, Outros grupos de pessoas em situação de vulnerabilidade social",580,500,-23.4888908,-46.5634112
CS017238,REDE COZINHA FOLHINHAS VERDES,"Rua Arne Ragnar Enge, 142",Vila Iolanda II,08476-010,SÃO PAULO,3550308,SP,folhinhasverdes2021@gmail.com,21.987.617/0001-12,"Sim, está funcionando normalmente",6 vezes por semana,Habilitada,"Mulheres, Idosos, Pessoas em situação de rua, Famílias beneﬁciárias do Programa Bolsa Família e famílias inscritas no Cadastro Único ",330,400,-23.5786247,-46.3875275
CS015482,SABOR E VIDA,"Rua Pedroso 111, VIADUTO PEDROSO",Bela Vista,01322-010,SÃO PAULO,3550308,SP,projeto@cisarte.org.br,37.830.782/0001-04,"Sim, está funcionando normalmente",3 vezes por semana,Habilitada,"Mulheres, Idosos, População LGBTQIA+, Pessoas em situação de rua, Outros grupos de pessoas em situação de vulnerabilidade social",190,150,-23.5628396,-46.6401939
CS015403,SABOR SOLIDÁRIO DE HELIÓPOLIS,"Rua da Mina Central Nº 37/b, Rua da Mina Central, Nº 37/b",Heliópolis,04235-460,SÃO PAULO,3550308,SP,cozinhaescola.unas@gmail.com,38.883.732/0001-40,"Sim, está funcionando normalmente",6 vezes por semana,Habilitada,"Pessoas em situação de rua, Famílias beneﬁciárias do Programa Bolsa Família e famílias inscritas no Cadastro Único , Pessoas e famílias atingidas por situações de emergência ou calamidade pública, Imigrantes, Outros grupos de pessoas em situação de vulnerabilidade social",620,450,-23.6159855,-46.5918802
CS017132,SANTO ANTÔNIO,"RUA DOM JUVENCIO DE BRITO, 1145",REMANSO,49900-000,PROPRIÁ,2805703,SE,IRANYATAIDE@YAHOO.COM.BR,16.457.665/0001-69,Está funcionando com carga horária reduzida,5 vezes por semana,Habilitada,"Mulheres, Jovens, Crianças, Idosos, População LGBTQIA+, Agricultores Familiares e Campesinos, Trabalhadores informais diversos (Motoristas de aplicativos, motoboys, serventes ou outros), Pessoas em situação de rua, Famílias beneﬁciárias do Programa Bolsa Família e famílias inscritas no Cadastro Único , Povos e comunidades tradicionais (indígenas, quilombolas, ribeirinhos, etc.), Pessoas e famílias atingidas por situações de emergência ou calamidade pública, Imigrantes, Assentados da Reforma Agrária, Outros grupos de pessoas em situação de vulnerabilidade social",1631,300,-10.2173105,-36.8392237
CS017244,SEVA,"Rua Doutor Luiz Zamenhof, 137",Jardim Paraíso,02417-230,SÃO PAULO,3550308,SP,saopaulo@anandamarga.org.br,92.251.354/0004-70,"Sim, está funcionando normalmente",3 vezes por semana,Habilitada,"Mulheres, Jovens, Crianças, Idosos, População LGBTQIA+, Pessoas em situação de rua, Imigrantes, Outros grupos de pessoas em situação de vulnerabilidade social",125,150,-23.4741196,-46.6287849
CS017149,ZÉLIA FONSECA DE OLIVEIRA,"Rua Jorge Rudge, 138",Vila Isabel,20550-220,RIO DE JANEIRO,3304557,RJ,elisangelaoffreitas@micro.ufrj.br,,"Sim, está funcionando normalmente",7 vezes por semana,Habilitada,Pessoas em situação de rua,100,150,-22.9106247,-43.2404891
CS017218,INSTITUTO MÁXIMOS,"Rua Wlademiro do Amaral, 225",Vila Amaral,79814-022,DOURADOS,5003702,MS,rsflavio@bol.com.br,46.250.662/0001-10,Está funcionando com carga horária reduzida,5 vezes por semana,Habilitada,"Famílias beneﬁciárias do Programa Bolsa Família e famílias inscritas no Cadastro Único , Povos e comunidades tradicionais (indígenas, quilombolas, ribeirinhos, etc.), Outros grupos de pessoas em situação de vulnerabilidade social",1050,350,-22.2340032,-54.8188304
CS016779,AAFV,"Av Laranja da china, 700",Jardim das Camélias,08050-305,SÃO PAULO,3550308,SP,associacaoaafv@gmail.com,47.532.283/0001-86,"Sim, está funcionando normalmente",3 vezes por semana,Habilitada,"Mulheres, Jovens, Crianças, Idosos, Pessoas em situação de rua, Imigrantes",110,350,-23.5077666,-46.4585112
CS017123,COZINHA ANCESTRAL SOLIDÁRIA ILÊ INÃ,"Travessa da Igreja, 44",Sepetiba,21850-216,RIO DE JANEIRO,3304557,RJ,aguasdoamanhaprojeto@gmail.com,40.246.330/0001-86,"Sim, está funcionando normalmente",2 vezes por semana,Habilitada,"Mulheres, Jovens, Crianças, Idosos, População LGBTQIA+, Pessoas em situação de rua, Povos e comunidades tradicionais (indígenas, quilombolas, ribeirinhos, etc.), Outros grupos de pessoas em situação de vulnerabilidade social",600,416,-22.9680661,-43.6931613
CS017203,ASSOCIAÇÃO TONKIRI VOA,"Avenida Dracena, 579, 579",Jaguare,05329-000,SÃO PAULO,3550308,SP,projetos@tonkiri.org.br,43.943.781/0001-60,"Sim, está funcionando normalmente",5 vezes por semana,Habilitada,"Mulheres, Crianças, Idosos, População LGBTQIA+, Pessoas em situação de rua, Famílias beneﬁciárias do Programa Bolsa Família e famílias inscritas no Cadastro Único , Povos e comunidades tradicionais (indígenas, quilombolas, ribeirinhos, etc.), Imigrantes",365,330,-23.5421942,-46.7475861
CS017209,ASSOCIAÇÃO PROJETO JUNINHO,"RUA JOSÉ LINHARES, 26",Jordanópolis,04830-290,SÃO PAULO,3550308,SP,associacaoprojetojuninho@gmail.com,42.899.515/0001-15,Está funcionando com carga horária reduzida,5 vezes por semana,Habilitada,"Mulheres, Jovens, Crianças, Idosos, População LGBTQIA+, Pessoas em situação de rua, Famílias beneﬁciárias do Programa Bolsa Família e famílias inscritas no Cadastro Único , Outros grupos de pessoas em situação de vulnerabilidade social",376,351,-23.7319882,-46.7013837
CS017236,ASSOCIAÇÃO BENEFICENTE MADRE FELICY - AMEFE,"Rua Barão do Rio Branco, 300",Centro,12570-000,APARECIDA,3502507,SP,associacaomadrefelicy@gmail.com,43.998.550/0001-54,"Sim, está funcionando normalmente",5 vezes por semana,Habilitada,"Pessoas em situação de rua, Outros grupos de pessoas em situação de vulnerabilidade social",150,150,-22.8413777,-45.2283113
CS016686,COZINHA COMUNITÁRIA CAROLINA DE JESUS,"Av souza ramos, 430",cidade tiradentes,08490-490,SÃO PAULO,3550308,SP,projetocarolinas72@gmail.com,24.866.909/0001-95,"Sim, está funcionando normalmente",3 vezes por semana,Habilitada,"Pessoas em situação de rua, Famílias beneﬁciárias do Programa Bolsa Família e famílias inscritas no Cadastro Único , Pessoas e famílias atingidas por situações de emergência ou calamidade pública, Imigrantes, Outros grupos de pessoas em situação de vulnerabilidade social",560,250,-23.5672698,-46.4134447
CS017372,COZINHA COMUNITARIA MONTE CELESTE,"Rua Monte Celeste, 952",Planalto,59073-250,NATAL,2408102,RN,fatimasirino1954@gmail.com,09.544.139/0001-70,"Sim, está funcionando normalmente",3 vezes por semana,Habilitada,"Mulheres, Jovens, Crianças, Idosos, População LGBTQIA+, Agricultores Familiares e Campesinos, Pessoas em situação de rua, Famílias beneﬁciárias do Programa Bolsa Família e famílias inscritas no Cadastro Único , Pessoas e famílias atingidas por situações de emergência ou calamidade pública, Assentados da Reforma Agrária, Outros grupos de pessoas em situação de vulnerabilidade social",390,382,-5.8444788,-35.2613334
CS016252,COZINHA SOLIDÁRIA DONA HILDA,"Rua Nossa Senhora do Carmo, 120",Vila Aparecida,88095-705,FLORIANÓPOLIS,4205407,SC,cis@asafloripa.org.br,83.892.828/0001-29,"Sim, está funcionando normalmente",2 vezes por semana,Habilitada,"Mulheres, Jovens, Crianças, Idosos, Pessoas em situação de rua, Famílias beneﬁciárias do Programa Bolsa Família e famílias inscritas no Cadastro Único , Imigrantes, Outros grupos de pessoas em situação de vulnerabilidade social",205,255,-27.6051827,-48.5862971
CS014627,PROJETO ALIMENTAR,"Rua Sexta Avenida, 1251",bairro dos Municípios,88337-320,BALNEÁRIO CAMBORIÚ,4202008,SC,projetoalimentarcamboriubc@gmail.com,46.271.743/0002-88,"Sim, está funcionando normalmente",6 vezes por semana,Habilitada,"Mulheres, Jovens, Crianças, Idosos, População LGBTQIA+, Trabalhadores informais diversos (Motoristas de aplicativos, motoboys, serventes ou outros), Pessoas em situação de rua, Famílias beneﬁciárias do Programa Bolsa Família e famílias inscritas no Cadastro Único , Povos e comunidades tradicionais (indígenas, quilombolas, ribeirinhos, etc.), Pessoas e famílias atingidas por situações de emergência ou calamidade pública, Imigrantes, Outros grupos de pessoas em situação de vulnerabilidade social",285,100,-27.0086300,-48.6469604
CS014684,COZINHA SOLIDÁRIA IRV,"Rua Soror Maria Celeste, 140",Parque São Luís,02842-070,SÃO PAULO,3550308,SP,contato@institutorosadosventos.com.br,03.940.443/0001-50,"Sim, está funcionando normalmente",5 vezes por semana,Habilitada,"Mulheres, Jovens, Crianças, Idosos, População LGBTQIA+, Trabalhadores informais diversos (Motoristas de aplicativos, motoboys, serventes ou outros), Pessoas em situação de rua, Famílias beneﬁciárias do Programa Bolsa Família e famílias inscritas no Cadastro Único , Pessoas e famílias atingidas por situações de emergência ou calamidade pública, Imigrantes, Outros grupos de pessoas em situação de vulnerabilidade social",370,600,-23.4763873,-46.6893547
CS016447,COZINHA SOLIDÁRIA ADELPHOS,"Rua. São João Clímaco, 430",São João Clímaco,04255-000,SÃO PAULO,3550308,SP,adephos.br@gmail.com,25.143.570/0001-61,Está funcionando com carga horária reduzida,2 vezes por semana,Habilitada,"Mulheres, Jovens, Crianças, Idosos, População LGBTQIA+, Trabalhadores informais diversos (Motoristas de aplicativos, motoboys, serventes ou outros), Pessoas em situação de rua, Famílias beneﬁciárias do Programa Bolsa Família e famílias inscritas no Cadastro Único , Pessoas e famílias atingidas por situações de emergência ou calamidade pública, Imigrantes, Grupo específico vinculado a determinada localidade, atividade, serviço ou movimento, Outros grupos de pessoas em situação de vulnerabilidade social",85,205,-23.6247511,-46.5936897
CS014820,PROJETO VIVER ALIMENTA,"Avenida Raposo Tavares, 1422",Japuara,61637-973,CAUCAIA,2303709,CE,institutovivercaucaia@gmail.com,32.657.661/0001-80,"Sim, está funcionando normalmente",5 vezes por semana,Habilitada,"Mulheres, Jovens, Crianças, Idosos, Agricultores Familiares e Campesinos, Pessoas em situação de rua, Famílias beneﬁciárias do Programa Bolsa Família e famílias inscritas no Cadastro Único , Povos e comunidades tradicionais (indígenas, quilombolas, ribeirinhos, etc.), Pessoas e famílias atingidas por situações de emergência ou calamidade pública, Outros grupos de pessoas em situação de vulnerabilidade social",480,100,-3.6823782,-38.7472584
CS015172,COZINHA SOLIDÁRIA -  AVANTE,"Avenida Ipiranga, 712",Menino Deus,90160-090,PORTO ALEGRE,4314902,RS,ongavantefidalgos@gmail.com,87.954.335/0001-27,Está funcionando com carga horária reduzida,1 vez por semana,Habilitada,"Mulheres, Jovens, Crianças, Idosos, População LGBTQIA+, Pessoas em situação de rua, Famílias beneﬁciárias do Programa Bolsa Família e famílias inscritas no Cadastro Único , Pessoas e famílias atingidas por situações de emergência ou calamidade pública, Outros grupos de pessoas em situação de vulnerabilidade social",440,100,-30.0479794,-51.2208164
CS017337,COZINHA MUS-E BRASIL,"RUA DO CAXUNDÉ, 7",BOCA DO RIO,41705-140,SALVADOR,2927408,BA,rodin7@hotmail.com,06.886.464/0001-23,Está funcionando com carga horária reduzida,5 vezes por semana,Habilitada,"Jovens, Crianças, População LGBTQIA+, Pessoas em situação de rua, Famílias beneﬁciárias do Programa Bolsa Família e famílias inscritas no Cadastro Único , Pessoas e famílias atingidas por situações de emergência ou calamidade pública, Grupo específico vinculado a determinada localidade, atividade, serviço ou movimento, Outros grupos de pessoas em situação de vulnerabilidade social",800,1000,-12.9800277,-38.4368539
CS015839,COZINHA COMUNITÁRIA E SOLIDÁRIA ESPAÇO CASA DO BEIJA-FLOR,"Rua Santo Amaro, 1852",SÃO FRANCISCO II,95590-000,TRAMANDAÍ,4321600,RS,kokojbeijaflor@gmail.com,,"Não, a Cozinha encontra-se paralisada, sem atividade",3 vezes por semana,Habilitada,"Mulheres, Jovens, Crianças, Idosos, Pessoas em situação de rua, Famílias beneﬁciárias do Programa Bolsa Família e famílias inscritas no Cadastro Único , Pessoas e famílias atingidas por situações de emergência ou calamidade pública, Outros grupos de pessoas em situação de vulnerabilidade social",135,120,-30.0125007,-50.1474884
CS015453,COZINHA ASSOMARY ( BAURU SEM FOME),"Rua Antônio Alcazar N5-153, 5153",Mary Dota,17025-030,BAURU,3506003,SP,assomarydota@gmail.com,19.457.216/0001-09,"Sim, está funcionando normalmente",6 vezes por semana,Habilitada,"Mulheres, Jovens, Crianças, Idosos, Pessoas em situação de rua, Famílias beneﬁciárias do Programa Bolsa Família e famílias inscritas no Cadastro Único , Outros grupos de pessoas em situação de vulnerabilidade social",215,200,-22.2995617,-49.0505815
CS016653,COZINHA SOLIDÁRIA EM SÃO JOÃO DE MERITI ( CPX GUARANY ),"Rua Visconde de Inhaúma, lote 01 quadra 121",Jardim Metropole,25575-300,SÃO JOÃO DE MERITI,3305109,RJ,jj5158353@gmail.com,26.002.736/0001-92,"Sim, está funcionando normalmente",5 vezes por semana,Habilitada,"Mulheres, Jovens, Crianças, Idosos, População LGBTQIA+, Trabalhadores informais diversos (Motoristas de aplicativos, motoboys, serventes ou outros), Pessoas em situação de rua, Famílias beneﬁciárias do Programa Bolsa Família e famílias inscritas no Cadastro Único , Pessoas e famílias atingidas por situações de emergência ou calamidade pública, Outros grupos de pessoas em situação de vulnerabilidade social",110,50,-22.7667194,-43.3324020
CS017330,COZINHA SAGRADA DE ASÉ,"Rua Francisco Xavier das Chagas, 477, 477",Jardim Felicidade 1,68909-050,MACAPÁ,1600303,AP,sheilaaraujo78@hotmail.com,35.705.856/0001-47,Está funcionando com carga horária reduzida,Quinzenalmente,Habilitada,"Mulheres, Jovens, Crianças, Idosos, População LGBTQIA+, Pessoas em situação de rua, Famílias beneﬁciárias do Programa Bolsa Família e famílias inscritas no Cadastro Único , Povos e comunidades tradicionais (indígenas, quilombolas, ribeirinhos, etc.), Grupo específico vinculado a determinada localidade, atividade, serviço ou movimento, Outros grupos de pessoas em situação de vulnerabilidade social",585,400,0.0835894,-51.0603320
CS017081,INSTITUTO Ô LUAR,"Rua Casa Nova, 165",Campo grande,23075-150,RIO DE JANEIRO,3304557,RJ,contato.institutooluar@gmail.com,47.276.650/0001-28,"Sim, está funcionando normalmente",5 vezes por semana,Habilitada,"Mulheres, Crianças",100,480,-22.8827214,-43.5671412
CS016620,COZINHA SOLIDÁRIA AMD/RR,"Rua Dr.Luiz Brito Junior n709, 709",Equatorial,69317-312,BOA VISTA,1400100,RR,cozinhasolidaria95@gmail.com,10.487.881/0001-70,"Sim, está funcionando normalmente",5 vezes por semana,Habilitada,"Mulheres, Jovens, Crianças, Idosos, Pessoas em situação de rua, Famílias beneﬁciárias do Programa Bolsa Família e famílias inscritas no Cadastro Único , Povos e comunidades tradicionais (indígenas, quilombolas, ribeirinhos, etc.), Pessoas e famílias atingidas por situações de emergência ou calamidade pública, Imigrantes, Outros grupos de pessoas em situação de vulnerabilidade social",705,300,2.8193891,-60.7621242
CS014829,COZINHA SOLIDÁRIA INSTITUTO CEU ESTRELA GUIA,"Rua Itapiru, 137, 137",Saúde,04143-010,SÃO PAULO,3550308,SP,ceupelavida@gmail.com,23.491.453/0001-63,"Sim, está funcionando normalmente",2 vezes por semana,Habilitada,"Mulheres, Jovens, Crianças, Idosos, População LGBTQIA+, Trabalhadores informais diversos (Motoristas de aplicativos, motoboys, serventes ou outros), Pessoas em situação de rua, Famílias beneﬁciárias do Programa Bolsa Família e famílias inscritas no Cadastro Único , Povos e comunidades tradicionais (indígenas, quilombolas, ribeirinhos, etc.), Imigrantes, Outros grupos de pessoas em situação de vulnerabilidade social",1750,400,-23.6135021,-46.6363785
CS015933,CENTRO SAO JOAO DE DEUS,"Comunidade de nova esperança, 32",Zona rural,48725-000,ICHU,2913309,BA,Acacsjd@yahoo.com.br,03.228.114/0001-81,Está funcionando com carga horária reduzida,2 vezes por semana,Habilitada,"Famílias beneﬁciárias do Programa Bolsa Família e famílias inscritas no Cadastro Único , Outros grupos de pessoas em situação de vulnerabilidade social",258,150,-11.7417162,-39.1751737
CS017258,COZINHA POPULAR SOLIDÁRIA VIVA A VIDA,"Rua Recife, 790",Jardim Paraíso,75711-560,CATALÃO,5205109,GO,cozinhavivaavida@gmail.com,,Está funcionando com carga horária reduzida,Quinzenalmente,Habilitada,"Mulheres, Jovens, Crianças, Idosos, População LGBTQIA+, Trabalhadores informais diversos (Motoristas de aplicativos, motoboys, serventes ou outros), Pessoas em situação de rua, Famílias beneﬁciárias do Programa Bolsa Família e famílias inscritas no Cadastro Único , Outros grupos de pessoas em situação de vulnerabilidade social",100,250,-18.1664720,-47.9748839
CS014741,PROGRAMA COMBATE A FOME ABACC,"Rua Tenente José Wilson da Silva, 14",Centro,25011-380,DUQUE DE CAXIAS,3301702,RJ,sandradaong@yahoo.com,12.299.112/0001-74,"Sim, está funcionando normalmente",4 vezes por semana,Habilitada,"Mulheres, Jovens, Crianças, Idosos, População LGBTQIA+, Pessoas em situação de rua, Famílias beneﬁciárias do Programa Bolsa Família e famílias inscritas no Cadastro Único , Pessoas e famílias atingidas por situações de emergência ou calamidade pública, Grupo específico vinculado a determinada localidade, atividade, serviço ou movimento, Outros grupos de pessoas em situação de vulnerabilidade social",12240,525,-22.7956155,-43.3120779
CS016083,SOPÃO AMIGOS DE PAULO FREIRE,"RUA PULO, 314, 314",MANASSU,54130-380,JABOATÃO DOS GUARARAPES,2607901,PE,CENDECSPAULOFREIRE@GMAIL.COM,28.538.961/0001-73,"Sim, está funcionando normalmente",5 vezes por semana,Habilitada,"Mulheres, Crianças, Pessoas em situação de rua, Famílias beneﬁciárias do Programa Bolsa Família e famílias inscritas no Cadastro Único , Outros grupos de pessoas em situação de vulnerabilidade social",195,250,-8.1722575,-34.9239480
CS017429,ASSOCIACAO DE EDUCACAO AMBIENTAL E ECOLOGICA - ARTE DE RECICLAR,"AVENIDA FRANCISCO DAS CHAGAS ARRAIS, 498",APARECIDA,63150-000,CAMPOS SALES,2302701,CE,semearcampossales@gmail.com,31.629.365/0001-03,"Sim, está funcionando normalmente",5 vezes por semana,Habilitada,"Pessoas em situação de rua, Famílias beneﬁciárias do Programa Bolsa Família e famílias inscritas no Cadastro Único , Povos e comunidades tradicionais (indígenas, quilombolas, ribeirinhos, etc.), Pessoas e famílias atingidas por situações de emergência ou calamidade pública, Imigrantes, Grupo específico vinculado a determinada localidade, atividade, serviço ou movimento, Outros grupos de pessoas em situação de vulnerabilidade social",340,150,-7.0764839,-40.3742875
CS015216,CASA DO POVO,"Rua General Hermes, 91",Centro,57020-904,MACEIÓ,2704302,AL,casadopovomaceio@gmail.com,,Está funcionando com carga horária reduzida,1 vez por semana,Habilitada,"Mulheres, Jovens, Crianças, Idosos, Pessoas em situação de rua, Famílias beneﬁciárias do Programa Bolsa Família e famílias inscritas no Cadastro Único , Pessoas e famílias atingidas por situações de emergência ou calamidade pública, Outros grupos de pessoas em situação de vulnerabilidade social",185,150,-9.6585778,-35.7393770
CS014702,TRANÇAMOR COZINHA,"Rua Manuel Vieira Sarmento 36, ",Chácara Santana,05831-150,SÃO PAULO,3550308,SP,trancamoradm@gmail.com,47.454.216/0001-90,"Sim, está funcionando normalmente",4 vezes por semana,Habilitada,"Mulheres, Crianças, Idosos, Grupo específico vinculado a determinada localidade, atividade, serviço ou movimento, Outros grupos de pessoas em situação de vulnerabilidade social",750,700,-23.6721084,-46.7508715
CS015821,COZINHA SOLIDÁRIA DA TERRA,"Rua Guanabara, 539",Entroncamento,65913-447,IMPERATRIZ,2105302,MA,lizandraguedes@gmail.com,02.454.714/0001-03,"Sim, está funcionando normalmente",3 vezes por semana,Habilitada,"Mulheres, Jovens, Crianças, Idosos, Agricultores Familiares e Campesinos, Pessoas em situação de rua, Famílias beneﬁciárias do Programa Bolsa Família e famílias inscritas no Cadastro Único , Povos e comunidades tradicionais (indígenas, quilombolas, ribeirinhos, etc.), Pessoas e famílias atingidas por situações de emergência ou calamidade pública, Imigrantes, Assentados da Reforma Agrária, Grupo específico vinculado a determinada localidade, atividade, serviço ou movimento, Outros grupos de pessoas em situação de vulnerabilidade social",510,250,-5.5179840,-47.4747550
CS014862,COZINHA SOLIDÁRIA ESTRELA DA MANHÃ,"Caminho 88, Qd 85, Lote 16, nº 62, 62",Vida Nova,42717-535,LAURO DE FREITAS,2919207,BA,projetosocialestreladamanha@gmail.com,39.453.260/0001-58,"Sim, está funcionando normalmente",5 vezes por semana,Habilitada,"Mulheres, Jovens, Crianças, Idosos, Pessoas em situação de rua, Famílias beneﬁciárias do Programa Bolsa Família e famílias inscritas no Cadastro Único , Pessoas e famílias atingidas por situações de emergência ou calamidade pública, Outros grupos de pessoas em situação de vulnerabilidade social",598,400,-12.8961233,-38.3932749
CS015577,COZINHA SOLIDÁRIA PÃO FRATERNO,"Rua Janguará, 250",São José dos Índios,65110-000,SÃO JOSÉ DE RIBAMAR,2111201,MA,associacaodeloreto@gmail.com,02.849.676/0001-80,Está funcionando com carga horária reduzida,3 vezes por semana,Habilitada,"Mulheres, Jovens, Crianças, Idosos, Famílias beneﬁciárias do Programa Bolsa Família e famílias inscritas no Cadastro Único , Grupo específico vinculado a determinada localidade, atividade, serviço ou movimento, Outros grupos de pessoas em situação de vulnerabilidade social",151,180,-2.5467245,-44.0991737
CS017466,JORGE LUIS LIMA DUARTE,"Rua das Laranjeiras, 633",Jardim Zaíra 5,09322-288,MAUÁ,3529401,SP,associacao_laranjeirasz5@hotmail.com,26.518.293/0001-97,"Sim, está funcionando normalmente",5 vezes por semana,Habilitada,"Mulheres, Jovens, Crianças, Idosos, Pessoas em situação de rua, Famílias beneﬁciárias do Programa Bolsa Família e famílias inscritas no Cadastro Único , Pessoas e famílias atingidas por situações de emergência ou calamidade pública, Imigrantes, Outros grupos de pessoas em situação de vulnerabilidade social",163,314,-23.6406968,-46.4244651
CS016403,MULTIPLICANDO OS ALIMENTOS,"Rua José Bento cotolengo, 90",Jd das imbuias,04829-460,SÃO PAULO,3550308,SP,associacaojd.universitario@gmail.com.br,16.603.338/0001-78,"Sim, está funcionando normalmente",5 vezes por semana,Habilitada,"Mulheres, Jovens, Crianças, Idosos, População LGBTQIA+, Trabalhadores informais diversos (Motoristas de aplicativos, motoboys, serventes ou outros), Pessoas em situação de rua, Famílias beneﬁciárias do Programa Bolsa Família e famílias inscritas no Cadastro Único , Pessoas e famílias atingidas por situações de emergência ou calamidade pública, Outros grupos de pessoas em situação de vulnerabilidade social",121,250,-23.7362693,-46.7091413
CS017437,ASSOCIAÇÃO DE ASSISTÊNCIA E DESENVOLVIMENTO SOCIAL PEREGRINO DO AMOR,"Conjunto Denisson Menezes, quadra 4, nº13",Cidade Universitária,57073-634,MACEIÓ,2704302,AL,joseclaudiovital@live.com,19.933.214/0001-49,"Sim, está funcionando normalmente",5 vezes por semana,Habilitada,"Mulheres, Jovens, Crianças, Idosos, Pessoas em situação de rua, Famílias beneﬁciárias do Programa Bolsa Família e famílias inscritas no Cadastro Único , Imigrantes, Outros grupos de pessoas em situação de vulnerabilidade social",429,3,-9.5445275,-35.7704816
CS017483,COZINHA SOLIDÁRIA MARIELLE FRANCO ACRE,"RUA ANDIRÁ - OCUPAÇÃO MARIELLE FRANCO, S/N",DEFESA CIVIL,69921-869,RIO BRANCO,1200401,AC,jamyrrosas@hotmail.com,55.259.513/0001-03,"Sim, está funcionando normalmente",5 vezes por semana,Habilitada,"Mulheres, Jovens, Crianças, Idosos, População LGBTQIA+, Trabalhadores informais diversos (Motoristas de aplicativos, motoboys, serventes ou outros), Pessoas em situação de rua, Famílias beneﬁciárias do Programa Bolsa Família e famílias inscritas no Cadastro Único , Pessoas e famílias atingidas por situações de emergência ou calamidade pública, Imigrantes, Grupo específico vinculado a determinada localidade, atividade, serviço ou movimento, Outros grupos de pessoas em situação de vulnerabilidade social",1390,250,-9.9346123,-67.8381560
CS015419,MUTIRÃO CAROLINA MARIA DE JESUS,"Rua Santo André Avelino, s/n",Parque São Rafael,08320-280,SÃO PAULO,3550308,SP,dmjleste1@gmail.com,06.035.650/0001-59,"Sim, está funcionando normalmente",7 vezes por semana,Habilitada,"Mulheres, Jovens, Crianças, Idosos, População LGBTQIA+, Trabalhadores informais diversos (Motoristas de aplicativos, motoboys, serventes ou outros), Famílias beneﬁciárias do Programa Bolsa Família e famílias inscritas no Cadastro Único , Imigrantes, Grupo específico vinculado a determinada localidade, atividade, serviço ou movimento, Outros grupos de pessoas em situação de vulnerabilidade social",685,270,-23.6376032,-46.4668689
CS017442,COZINHA SOLIDÁRIA DA VILA SANTA LUZIA,"Rua Eliéser Olímpio de Moura, 100",Torre,50620-651,RECIFE,2611606,PE,correiaedilene6@gmail.com,59.039.623/0001-10,"Sim, está funcionando normalmente",5 vezes por semana,Habilitada,"Mulheres, Idosos, População LGBTQIA+, Trabalhadores informais diversos (Motoristas de aplicativos, motoboys, serventes ou outros), Pessoas em situação de rua, Famílias beneﬁciárias do Programa Bolsa Família e famílias inscritas no Cadastro Único , Grupo específico vinculado a determinada localidade, atividade, serviço ou movimento, Outros grupos de pessoas em situação de vulnerabilidade social",470,250,-8.0442304,-34.9129637
CS015409,COZINHA SOCIAL PROVOPAR CASCAVEL,"Rua Jarama, 1056",Interlagos,85814-290,CASCAVEL,4104808,PR,cozinhasocialprovopar@gmail.com,78.681.293/0001-07,"Sim, está funcionando normalmente",5 vezes por semana,Habilitada,"Mulheres, Jovens, Crianças, Idosos, População LGBTQIA+, Trabalhadores informais diversos (Motoristas de aplicativos, motoboys, serventes ou outros), Pessoas em situação de rua, Famílias beneﬁciárias do Programa Bolsa Família e famílias inscritas no Cadastro Único , Pessoas e famílias atingidas por situações de emergência ou calamidade pública, Imigrantes, Outros grupos de pessoas em situação de vulnerabilidade social",3010,450,-24.9155321,-53.4386632
CS015219,INSTITUIÇÃO OURO PRETO,"rua padre cicero, 86",ouro preto,57045-815,MACEIÓ,2704302,AL,instituicaoouropreto@gmail.com,39.862.189/0001-67,Está funcionando com carga horária reduzida,1 vez por semana,Habilitada,"Mulheres, Jovens, Idosos",0,150,-9.6056992,-35.7300210
CS016892,ACASECJT SOLIDÁRIA,"Rua Henrique José Testai 247, 247",Jardim Testai,07130-370,GUARULHOS,3518800,SP,acasecjt@gmail.com,45.996.972/0001-16,"Sim, está funcionando normalmente",3 vezes por semana,Habilitada,"Mulheres, Jovens, Crianças, Idosos, População LGBTQIA+, Pessoas em situação de rua, Outros grupos de pessoas em situação de vulnerabilidade social",350,300,-23.4414464,-46.5237521
CS017443,COZINHA SOLIDÁRIA DO SOL NASCENTE,"SHSN TR 02, Quadra 209, Conjunto M, 209",Sol Nascente,72236-800,BRASÍLIA,5300108,DF,organizacaomtstdf@gmail.com,59.486.766/0001-70,"Sim, está funcionando normalmente",5 vezes por semana,Habilitada,"Mulheres, Jovens, Crianças, Idosos, População LGBTQIA+, Trabalhadores informais diversos (Motoristas de aplicativos, motoboys, serventes ou outros), Pessoas em situação de rua, Famílias beneﬁciárias do Programa Bolsa Família e famílias inscritas no Cadastro Único , Grupo específico vinculado a determinada localidade, atividade, serviço ou movimento, Outros grupos de pessoas em situação de vulnerabilidade social",320,100,-15.8335382,-48.1438077
CS016937,SE ALIMENTE BEM,"Rua Santa Clara, 96",Mário Bezerra,55600-000,VITÓRIA DE SANTO ANTÃO,2616407,PE,grupodeapoiogapes@gmail.com,17.817.821/0001-18,"Sim, está funcionando normalmente",5 vezes por semana,Habilitada,"Mulheres, Idosos, População LGBTQIA+, Pessoas em situação de rua, Famílias beneﬁciárias do Programa Bolsa Família e famílias inscritas no Cadastro Único , Pessoas e famílias atingidas por situações de emergência ou calamidade pública, Outros grupos de pessoas em situação de vulnerabilidade social",31,205,-8.1276410,-35.2922289
CS017009,COZINHA SOLIDÁRIA ADECOL,"Rua Thomaz Fabrício,, 108",Conj. Saltinho,86042-550,LONDRINA,4113700,PR,adecol.londrina@gmail.com,01.577.013/0001-90,"Sim, está funcionando normalmente",3 vezes por semana,Habilitada,"Crianças, Idosos, Famílias beneﬁciárias do Programa Bolsa Família e famílias inscritas no Cadastro Único , Outros grupos de pessoas em situação de vulnerabilidade social",64,50,-23.3734364,-51.1457365
CS017521,COZINHA SOLIDÁRIA DANIELLE BISPO,"rua Marechal Deodoro Da Fonseca, 45",Centro,49100-000,SÃO CRISTÓVÃO,2806701,SE,juridicomtstse@gmail.com,31.948.743/0001-11,"Sim, está funcionando normalmente",5 vezes por semana,Habilitada,"Mulheres, Jovens, Crianças, Idosos, População LGBTQIA+, Trabalhadores informais diversos (Motoristas de aplicativos, motoboys, serventes ou outros), Pessoas em situação de rua, Famílias beneﬁciárias do Programa Bolsa Família e famílias inscritas no Cadastro Único , Grupo específico vinculado a determinada localidade, atividade, serviço ou movimento, Outros grupos de pessoas em situação de vulnerabilidade social",310,200,-10.9433078,-37.1152708
CS016402,PROJETO ALIMENTA PARA O CORPO QUE ALEGRA A ALMA,"Rua Rua Rio Grande do Sul, 354, galpão, 354, A",Jardim Algarve,08572-700,ITAQUAQUECETUBA,3523107,SP,aeuti.itaqua@gmail.com,14.252.259/0001-34,Está funcionando com carga horária reduzida,5 vezes por semana,Habilitada,"Pessoas em situação de rua, Famílias beneﬁciárias do Programa Bolsa Família e famílias inscritas no Cadastro Único , Pessoas e famílias atingidas por situações de emergência ou calamidade pública, Grupo específico vinculado a determinada localidade, atividade, serviço ou movimento, Outros grupos de pessoas em situação de vulnerabilidade social",790,200,-23.5023096,-46.3439901
CS016899,ECOCOZINHA,"Rodovia Engenheiro Dalmo Moreira Santana Km 02 AL 101 Sul, 00",Zona rural,57210-000,PIAÇABUÇU,2706802,AL,coopearp.aroeira@gmail.com,42.560.085/0001-02,Está funcionando com carga horária reduzida,2 vezes por semana,Habilitada,"Mulheres, Jovens, Crianças, Idosos, Pessoas em situação de rua, Famílias beneﬁciárias do Programa Bolsa Família e famílias inscritas no Cadastro Único , Povos e comunidades tradicionais (indígenas, quilombolas, ribeirinhos, etc.), Outros grupos de pessoas em situação de vulnerabilidade social",205,50,-10.3781676,-36.3721294
CS017091,COZINHA SOLIDÁRIA JARDIM IPÊ,"Rua Laerte Fenelon, 483",Jardim Ipê,83055-050,SÃO JOSÉ DOS PINHAIS,4125506,PR,batuqueformiga@gmail.com,50.856.183/0001-10,"Sim, está funcionando normalmente",3 vezes por semana,Habilitada,"Mulheres, Jovens, Crianças, Idosos, Trabalhadores informais diversos (Motoristas de aplicativos, motoboys, serventes ou outros), Pessoas em situação de rua, Famílias beneﬁciárias do Programa Bolsa Família e famílias inscritas no Cadastro Único , Pessoas e famílias atingidas por situações de emergência ou calamidade pública, Imigrantes, Outros grupos de pessoas em situação de vulnerabilidade social",220,300,-25.4782905,-49.1728201
CS016509,INSTITUTO MARIA LUIZA,"Rua Severina Paraiso da Silva, 65",São Benedito,53270-360,OLINDA,2609600,PE,itlcultural@gmail.com,23.862.700/0001-90,Está funcionando com carga horária reduzida,3 vezes por semana,Habilitada,"Mulheres, Jovens, Crianças, Idosos, Pessoas em situação de rua, Povos e comunidades tradicionais (indígenas, quilombolas, ribeirinhos, etc.), Outros grupos de pessoas em situação de vulnerabilidade social",162,300,-8.0015705,-34.8937259
CS016433,CASA DE CULTURA TELAR,"AR 04, LT 41 A, Vila Basevi, lote 41A",Núcleo Rural Lago Oeste,73100-705,BRASÍLIA,5300108,DF,casadeculturatelar@gmail.com,33.523.259/0001-76,"Sim, está funcionando normalmente",1 vez por semana,Habilitada,Outros grupos de pessoas em situação de vulnerabilidade social,40,40,-15.6559085,-47.8975213
CS017074,COZINHA SOLIDÁRIA ARTE & VIDA - AÇÃO DA CIDADANIA,"Rua Suiriri, 255",Centro,86701-320,ARAPONGAS,4101507,PR,contato@arteevida.org.br,07.754.511/0001-48,"Sim, está funcionando normalmente",6 vezes por semana,Habilitada,"Mulheres, Jovens, Crianças, Idosos, População LGBTQIA+, Pessoas em situação de rua, Famílias beneﬁciárias do Programa Bolsa Família e famílias inscritas no Cadastro Único , Imigrantes, Grupo específico vinculado a determinada localidade, atividade, serviço ou movimento, Outros grupos de pessoas em situação de vulnerabilidade social",670,250,-23.4040614,-51.4443100
CS017474,EXPRESS ALIMENTOS - COZINHA INDUSTRIAL LTDA,"Pass. São Paulo I, 02",Distrito Industrial,67035-440,ANANINDEUA,1500800,PA,bessa@expressalimentacao.com.br,18.580.303/0001-96,"Sim, está funcionando normalmente",7 vezes por semana,Habilitada,"Pessoas em situação de rua, Povos e comunidades tradicionais (indígenas, quilombolas, ribeirinhos, etc.), Pessoas e famílias atingidas por situações de emergência ou calamidade pública, Grupo específico vinculado a determinada localidade, atividade, serviço ou movimento, Outros grupos de pessoas em situação de vulnerabilidade social",2017,780,-1.3427210,-48.3577895
CS017569,ANA LEILA GONÇALVES,"Rua Tamaru, 50",Jacutinga,26564-010,MESQUITA,3302858,RJ,socialfusao@gmail.com,05.948.911/0001-69,Está funcionando com carga horária reduzida,6 vezes por semana,Habilitada,"Mulheres, Jovens, Crianças, Idosos, População LGBTQIA+, Trabalhadores informais diversos (Motoristas de aplicativos, motoboys, serventes ou outros), Pessoas em situação de rua, Famílias beneﬁciárias do Programa Bolsa Família e famílias inscritas no Cadastro Único , Pessoas e famílias atingidas por situações de emergência ou calamidade pública, Grupo específico vinculado a determinada localidade, atividade, serviço ou movimento, Outros grupos de pessoas em situação de vulnerabilidade social",476,150,-22.7741382,-43.4188441
CS015244,ASSOCIAÇÃO BENEFICENTE SANTA LUCIA,"RUA MANOEL ARAUJO, 300",SANTA LUCIA,57082-095,MACEIÓ,2704302,AL,associacaobeneficentestalucia@gmail.com,07.298.503/0001-34,"Sim, está funcionando normalmente",5 vezes por semana,Habilitada,"Mulheres, Jovens, Crianças, Idosos, População LGBTQIA+, Pessoas em situação de rua, Famílias beneﬁciárias do Programa Bolsa Família e famílias inscritas no Cadastro Único , Outros grupos de pessoas em situação de vulnerabilidade social",366,300,-9.5794602,-35.7562283
CS014681,SOLIDARIEDADE  ANCESTRAL,"Rua São Pedro, 16",Tamoios,28928-508,CABO FRIO,3300704,RJ,deboradealmeida2015@gmail.com,51.478.264/0001-96,Está funcionando com carga horária reduzida,2 vezes por semana,Habilitada,"Pessoas em situação de rua, Famílias beneﬁciárias do Programa Bolsa Família e famílias inscritas no Cadastro Único , Povos e comunidades tradicionais (indígenas, quilombolas, ribeirinhos, etc.), Pessoas e famílias atingidas por situações de emergência ou calamidade pública, Outros grupos de pessoas em situação de vulnerabilidade social",349,150,-22.6469474,-42.0082960
CS017597,CHAPELARIA SOCIAL IRMÃ ALBERTA GIRARDI,"Rua Campos Sales, 88",Brás,03041-090,SÃO PAULO,3550308,SP,coordenacao@rederua.org.br,03.221.537/0001-70,"Sim, está funcionando normalmente",5 vezes por semana,Habilitada,"Mulheres, Idosos, População LGBTQIA+, Pessoas em situação de rua, Famílias beneﬁciárias do Programa Bolsa Família e famílias inscritas no Cadastro Único , Povos e comunidades tradicionais (indígenas, quilombolas, ribeirinhos, etc.), Pessoas e famílias atingidas por situações de emergência ou calamidade pública, Imigrantes, Outros grupos de pessoas em situação de vulnerabilidade social",270,100,-23.5495818,-46.6195765
CS016518,MULHERES CAMPONESAS DE UMBAÚBA,"Povoado Riacho do Meio, SN",Zona Rural,49260-000,UMBAÚBA,2807600,SE,nascimentoivanilde84@gmail.com,59.071.476/0001-66,"Sim, está funcionando normalmente",2 vezes por semana,Habilitada,"Pessoas em situação de rua, Famílias beneﬁciárias do Programa Bolsa Família e famílias inscritas no Cadastro Único , Povos e comunidades tradicionais (indígenas, quilombolas, ribeirinhos, etc.), Outros grupos de pessoas em situação de vulnerabilidade social",125,150,-11.3811323,-37.6618281
CS017617,ASSOCIAÇÃO BENEFICENTE CASA LAR ESPERANÇA DE MAURITI ABRARCEM,"RUA MAJOR JOSÉ FRANCISCO, 470",CENTRO,63210-000,MAURITI,2308104,CE,abrarcem@gmail.com,33.040.369/0001-87,"Sim, está funcionando normalmente",5 vezes por semana,Habilitada,"Mulheres, Jovens, Crianças, Idosos, População LGBTQIA+, Agricultores Familiares e Campesinos, Trabalhadores informais diversos (Motoristas de aplicativos, motoboys, serventes ou outros), Pessoas em situação de rua, Famílias beneﬁciárias do Programa Bolsa Família e famílias inscritas no Cadastro Único , Outros grupos de pessoas em situação de vulnerabilidade social",127,100,-7.3887758,-38.7739733
CS016397,CESÁRIO E TALÍTA,"Laborne do vale sn lt01 qd65 casa 02, SN lote01 Quadra65 Casa02",Vila Andorinhas,25570-475,SÃO JOÃO DE MERITI,3305109,RJ,buenomauro834@gmail.com,45.949.865/0001-37,Está funcionando com carga horária reduzida,Somente em dia de eventos,Habilitada,"Mulheres, Jovens, Crianças, Idosos, População LGBTQIA+, Pessoas em situação de rua, Famílias beneﬁciárias do Programa Bolsa Família e famílias inscritas no Cadastro Único , Pessoas e famílias atingidas por situações de emergência ou calamidade pública, Imigrantes, Grupo específico vinculado a determinada localidade, atividade, serviço ou movimento, Outros grupos de pessoas em situação de vulnerabilidade social",141,50,-22.7722512,-43.3487195
CS017620,IRMÃ SCHEILLA,"Rua Poeta Goncalves de Magallhães, 97",Jardim Brasil 1,11497-015,GUARUJÁ,3518701,SP,irmascheilla98@gmail.com,02.629.597/0001-63,"Sim, está funcionando normalmente",5 vezes por semana,Habilitada,"Mulheres, Jovens, Crianças, Idosos, Pessoas em situação de rua, Outros grupos de pessoas em situação de vulnerabilidade social",60,250,-23.9641999,-46.2449270
CS017147,COZINHA AÇÃO EM VIDAS,"Rua antonio soares pais, 390",Vila São Geraldo,08460-500,SÃO PAULO,3550308,SP,contato@institutoacaoemvidas.org,51.337.398/0001-97,Está funcionando com carga horária reduzida,4 vezes por semana,Habilitada,"Mulheres, Jovens, Crianças, Idosos, Pessoas em situação de rua, Pessoas e famílias atingidas por situações de emergência ou calamidade pública, Outros grupos de pessoas em situação de vulnerabilidade social",662,400,-23.5554602,-46.3969890
CS017632,CASA ANTONIETA DE BARROS,"Rua Alceu de Carvalho Faria, 270",Nova Esperança,12445-470,PINDAMONHANGABA,3538006,SP,casaantonietadebarrospinda@gmail.com,58.603.534/0001-92 (Titular) / 43.949.654/0001-79 (Suplente),"Sim, está funcionando normalmente",2 vezes por semana,Habilitada,"Mulheres, Crianças, Famílias beneﬁciárias do Programa Bolsa Família e famílias inscritas no Cadastro Único , Outros grupos de pessoas em situação de vulnerabilidade social",630,500,-22.9478341,-45.4969665
CS016409,COZINHA SOLIDÁRIA DO CLUBE DE MÃES,"Silvia Andrade de Souza, s/n",Mangabeira,58000-000,JOÃO PESSOA,2507507,PB,janainacardosodonascimento739@gmail.com,,Está funcionando com carga horária reduzida,2 vezes por semana,Habilitada,"Mulheres, Jovens, Crianças, Idosos, População LGBTQIA+, Famílias beneﬁciárias do Programa Bolsa Família e famílias inscritas no Cadastro Único , Outros grupos de pessoas em situação de vulnerabilidade social",291,381,-7.1787273,-34.8113644
CS017640,UM OLHAR,"Rua das Pedras, N129",Centro,25010-040,DUQUE DE CAXIAS,3301702,RJ,isistenorio2018@gmail.com,39.127.840/0001-55,"Sim, está funcionando normalmente",6 vezes por semana,Habilitada,"Mulheres, Jovens, Crianças, Idosos, População LGBTQIA+, Pessoas em situação de rua, Famílias beneﬁciárias do Programa Bolsa Família e famílias inscritas no Cadastro Único , Pessoas e famílias atingidas por situações de emergência ou calamidade pública, Outros grupos de pessoas em situação de vulnerabilidade social",870,450,-22.7920359,-43.3142607
CS014569,COZINHA SOLIDARIA MULHERES QUE FAZEM DA CDD,"Rua Carmelo, 55",Cidade de Deus,22772-370,RIO DE JANEIRO,3304557,RJ,denisematos225@gmail.com,,Está funcionando com carga horária reduzida,5 vezes por semana,Habilitada,"Mulheres, Jovens, Crianças, Idosos, População LGBTQIA+, Pessoas em situação de rua, Famílias beneﬁciárias do Programa Bolsa Família e famílias inscritas no Cadastro Único , Pessoas e famílias atingidas por situações de emergência ou calamidade pública, Outros grupos de pessoas em situação de vulnerabilidade social",410,350,-22.9515283,-43.3608588
CS017656,COZINHA CASA DE ESTAR,"Av. Conselheiro Nébias, 737",Boqueirão,11045-003,SANTOS,3548500,SP,danielle_guerra@hotmail.com,58.250.267/0001-17,"Sim, está funcionando normalmente",5 vezes por semana,Habilitada,"Famílias beneﬁciárias do Programa Bolsa Família e famílias inscritas no Cadastro Único , Grupo específico vinculado a determinada localidade, atividade, serviço ou movimento",170,240,-23.9670123,-46.3235745
CS015750,COZINHA SOLIDÁRIA IPÊ AMARELO E ESCOLINHA LÉLIA GONZALES,"Rua Lourdes Henrique, 271",Lacy Mesquita,32051-105,CONTAGEM,3118601,MG,kellycruz7670@gmail.com,54.374.029/0001-62,"Sim, está funcionando normalmente",3 vezes por semana,Habilitada,"Povos e comunidades tradicionais (indígenas, quilombolas, ribeirinhos, etc.), Imigrantes, Outros grupos de pessoas em situação de vulnerabilidade social",162,150,-19.8113427,-44.1392306
CS017595,COZINHA SOLIDÁRIA MANZO DIÁ LUANGO,"Rua João padre Martins, 1191",Sagrada família,39300-000,SÃO FRANCISCO,3161106,MG,amanzodialuango@gmail.com,55.958.963/0001-94,Está funcionando com carga horária reduzida,3 vezes por semana,Habilitada,"Mulheres, Jovens, Crianças, Idosos, População LGBTQIA+, Agricultores Familiares e Campesinos, Trabalhadores informais diversos (Motoristas de aplicativos, motoboys, serventes ou outros), Pessoas em situação de rua, Famílias beneﬁciárias do Programa Bolsa Família e famílias inscritas no Cadastro Único , Povos e comunidades tradicionais (indígenas, quilombolas, ribeirinhos, etc.), Pessoas e famílias atingidas por situações de emergência ou calamidade pública, Imigrantes, Assentados da Reforma Agrária, Grupo específico vinculado a determinada localidade, atividade, serviço ou movimento, Outros grupos de pessoas em situação de vulnerabilidade social",610,300,-15.9454160,-44.8405233
CS017376,COZINHA SOLIDÁRIA DA LAPA,"Rua Avenida Mem de Sá, 25",Centro,20230-150,RIO DE JANEIRO,3304557,RJ,rj.apoiasemteto@gmail.com,56.879.037/0001-96,"Sim, está funcionando normalmente",3 vezes por semana,Habilitada,"Mulheres, Jovens, Crianças, Idosos, População LGBTQIA+, Trabalhadores informais diversos (Motoristas de aplicativos, motoboys, serventes ou outros), Pessoas em situação de rua, Famílias beneﬁciárias do Programa Bolsa Família e famílias inscritas no Cadastro Único , Pessoas e famílias atingidas por situações de emergência ou calamidade pública, Imigrantes, Grupo específico vinculado a determinada localidade, atividade, serviço ou movimento, Outros grupos de pessoas em situação de vulnerabilidade social",920,250,-22.9138204,-43.1793402
CS016915,ESTRELA BRILHANTE,"Rua Silva Jardim, 2006",Boa Fortuna,28300-000,ITAPERUNA,3302205,RJ,estrelabrilhante_@hotmail.com,17.211.644/0001-21,"Sim, está funcionando normalmente",5 vezes por semana,Habilitada,"Crianças, Pessoas em situação de rua, Pessoas e famílias atingidas por situações de emergência ou calamidade pública, Outros grupos de pessoas em situação de vulnerabilidade social",270,3,-21.2096144,-41.8627701
CS014617,VIDEIRA EU ME IMPORTO,"Rua Jacirendi, 723",Colégio,21545-290,RIO DE JANEIRO,3304557,RJ,videiraeumeimporto2023@gmail.com,32.190.767/0001-17,"Sim, está funcionando normalmente",3 vezes por semana,Habilitada,"Mulheres, Jovens, Crianças, Idosos, Famílias beneﬁciárias do Programa Bolsa Família e famílias inscritas no Cadastro Único , Pessoas e famílias atingidas por situações de emergência ou calamidade pública, Grupo específico vinculado a determinada localidade, atividade, serviço ou movimento, Outros grupos de pessoas em situação de vulnerabilidade social",2100,500,-22.8375874,-43.3441267
CS017095,COZINHA SOLIDARIA NOVOS HERDEIROS,"Rua Mario Grazini,, nº 100",Vila Santo Estefano,04153-150,SÃO PAULO,3550308,SP,novosherdeiros@gmail.com,05.809.335/0001-79,Está funcionando com carga horária reduzida,6 vezes por semana,Habilitada,"Pessoas em situação de rua, Famílias beneﬁciárias do Programa Bolsa Família e famílias inscritas no Cadastro Único , Pessoas e famílias atingidas por situações de emergência ou calamidade pública, Imigrantes, Grupo específico vinculado a determinada localidade, atividade, serviço ou movimento, Outros grupos de pessoas em situação de vulnerabilidade social",268,496,-23.6287660,-46.6240053
CS014985,COZINHA SOLIDARIA ODOYA PANORAMA,"Joao oliveira remiao 7140, 7140",Lomba pinheiro,91560-000,PORTO ALEGRE,4314902,RS,nlilge3@gmail.com,,"Sim, está funcionando normalmente",5 vezes por semana,Habilitada,"Mulheres, Jovens, Crianças, Idosos, População LGBTQIA+, Pessoas em situação de rua, Famílias beneﬁciárias do Programa Bolsa Família e famílias inscritas no Cadastro Único , Povos e comunidades tradicionais (indígenas, quilombolas, ribeirinhos, etc.), Pessoas e famílias atingidas por situações de emergência ou calamidade pública, Imigrantes, Grupo específico vinculado a determinada localidade, atividade, serviço ou movimento, Outros grupos de pessoas em situação de vulnerabilidade social",1044,150,-30.1251638,-51.1070639
CS017715,FOME NÃO ESPERA - NUCLEO SANTA BARBARA,"Rua Reprise, 130",Santa Barbara,94853-827,ALVORADA,4300604,RS,juliocolorido@gmail.com,09.074.641/0001-65,"Sim, está funcionando normalmente",5 vezes por semana,Habilitada,"Mulheres, Jovens, Crianças, Idosos, População LGBTQIA+, Trabalhadores informais diversos (Motoristas de aplicativos, motoboys, serventes ou outros), Pessoas em situação de rua, Famílias beneﬁciárias do Programa Bolsa Família e famílias inscritas no Cadastro Único , Povos e comunidades tradicionais (indígenas, quilombolas, ribeirinhos, etc.), Pessoas e famílias atingidas por situações de emergência ou calamidade pública, Imigrantes, Grupo específico vinculado a determinada localidade, atividade, serviço ou movimento, Outros grupos de pessoas em situação de vulnerabilidade social",325,160,-30.0264943,-51.0671372
CS016699,COZINHA OCUPAÇÃO 9 DE JULHO,"Rua Alvaro de Carvalho, 427",Bela Vista,01050-070,SÃO PAULO,3550308,SP,mstc.casaverbo@gmail.com,02.899.757/0001-94,"Sim, está funcionando normalmente",7 vezes por semana,Habilitada,"Mulheres, Jovens, Crianças, Idosos, População LGBTQIA+, Trabalhadores informais diversos (Motoristas de aplicativos, motoboys, serventes ou outros), Pessoas em situação de rua, Povos e comunidades tradicionais (indígenas, quilombolas, ribeirinhos, etc.), Pessoas e famílias atingidas por situações de emergência ou calamidade pública, Imigrantes, Grupo específico vinculado a determinada localidade, atividade, serviço ou movimento, Outros grupos de pessoas em situação de vulnerabilidade social",90750,300,-23.5496986,-46.6442107
CS017718,FOME NÃO ESPERA - NUCLEO SITIO DOS AÇUDES,"Rua Policarpio Rodrigues Alves, 33",Sitio dos Açudes,94830-058,ALVORADA,4300604,RS,juliocolorido@gmail.com,09.074.641/0001-65,Está funcionando com carga horária reduzida,5 vezes por semana,Habilitada,"Pessoas em situação de rua, Famílias beneﬁciárias do Programa Bolsa Família e famílias inscritas no Cadastro Único , Povos e comunidades tradicionais (indígenas, quilombolas, ribeirinhos, etc.), Pessoas e famílias atingidas por situações de emergência ou calamidade pública, Imigrantes, Grupo específico vinculado a determinada localidade, atividade, serviço ou movimento, Outros grupos de pessoas em situação de vulnerabilidade social",1020,510,-29.9866309,-51.0320842
CS015214,NUTRIVIDAS,"Rua Nossa Senhora do Carmo, A1 - Cj, 7",Sete de Abril,41385-040,SALVADOR,2927408,BA,inarv.adm@gmail.com,17.587.311/0001-00,"Sim, está funcionando normalmente",5 vezes por semana,Habilitada,"Mulheres, Jovens, Crianças, Idosos, Agricultores Familiares e Campesinos, Pessoas em situação de rua, Famílias beneﬁciárias do Programa Bolsa Família e famílias inscritas no Cadastro Único , Povos e comunidades tradicionais (indígenas, quilombolas, ribeirinhos, etc.), Pessoas e famílias atingidas por situações de emergência ou calamidade pública, Outros grupos de pessoas em situação de vulnerabilidade social",33207,1200,-12.9123909,-38.4300039
CS017720,FOME NÃO ESPERA NUCLEO CAXAMBU,"Avenida Presidente Getulio Vargas, 6385",Caxambu,94836-000,ALVORADA,4300604,RS,juliocolorido@gmail.com,09.074.641/0001-65,"Sim, está funcionando normalmente",4 vezes por semana,Habilitada,"Trabalhadores informais diversos (Motoristas de aplicativos, motoboys, serventes ou outros), Pessoas em situação de rua, Famílias beneﬁciárias do Programa Bolsa Família e famílias inscritas no Cadastro Único , Povos e comunidades tradicionais (indígenas, quilombolas, ribeirinhos, etc.), Pessoas e famílias atingidas por situações de emergência ou calamidade pública, Imigrantes, Grupo específico vinculado a determinada localidade, atividade, serviço ou movimento, Outros grupos de pessoas em situação de vulnerabilidade social",1060,530,-30.0071576,-51.0397340
CS017721,FOME NÃO ESPERA NUCLEO JARDIM PORTO ALEGRE,"Rua João Pessoa, 328",Jardim Porto Alegre,94850-620,ALVORADA,4300604,RS,juliocolorido@gmail.com,09.074.641/0001-65,Está funcionando com carga horária reduzida,5 vezes por semana,Habilitada,"População LGBTQIA+, Pessoas em situação de rua, Famílias beneﬁciárias do Programa Bolsa Família e famílias inscritas no Cadastro Único , Povos e comunidades tradicionais (indígenas, quilombolas, ribeirinhos, etc.), Pessoas e famílias atingidas por situações de emergência ou calamidade pública, Imigrantes, Grupo específico vinculado a determinada localidade, atividade, serviço ou movimento, Outros grupos de pessoas em situação de vulnerabilidade social",960,480,-30.0227256,-51.0799221
CS017041,COZINHA COMUNITÁRIA BIRA CARVALHO,"Endereço provisório : Rua da paz. Parque União, 42",Maré,22221-140,RIO DE JANEIRO,3304557,RJ,eixodesaude@redesdamare.org.br,08.934.089/0001-75,"Sim, está funcionando normalmente",5 vezes por semana,Habilitada,"Pessoas em situação de rua, Outros grupos de pessoas em situação de vulnerabilidade social",200,100,-22.8520980,-43.2455564
CS015940,COZINHA SOLIDÁRIA ITA,"Rua Doutor Aniz Tanury, 100",Benfica,26193-350,BELFORD ROXO,3300456,RJ,ctt.itabxd@gmail.com,,Está funcionando com carga horária reduzida,1 vez por semana,Habilitada,"Mulheres, Crianças, Pessoas em situação de rua, Pessoas e famílias atingidas por situações de emergência ou calamidade pública, Outros grupos de pessoas em situação de vulnerabilidade social",300,100,-22.7510382,-43.3452965
CS017143,FOME NÃO ESPERA NUCLEO PRO MORAR,"Rua Gregório Mattos guerra, 66",Jardim alvorada,94853-751,ALVORADA,4300604,RS,juliocolorido@gmail.com,09.074.641/0001-65,"Sim, está funcionando normalmente",5 vezes por semana,Habilitada,"Pessoas em situação de rua, Famílias beneﬁciárias do Programa Bolsa Família e famílias inscritas no Cadastro Único , Povos e comunidades tradicionais (indígenas, quilombolas, ribeirinhos, etc.), Pessoas e famílias atingidas por situações de emergência ou calamidade pública, Imigrantes, Grupo específico vinculado a determinada localidade, atividade, serviço ou movimento, Outros grupos de pessoas em situação de vulnerabilidade social",920,400,-30.0186505,-51.0581315
CS017580,COZINHA SOLIDÁRIA DO MARACANÃ,"Praça São Francisco Coll, 107",Maracanã,39403-081,MONTES CLAROS,3143302,MG,cozinhasolidariamtstmoc@gmail.com,59.015.764/0001-01 (TITULAR)/58.775.472/0001-04 (SUPLENTE),"Sim, está funcionando normalmente",5 vezes por semana,Habilitada,"Mulheres, Jovens, Crianças, Idosos, População LGBTQIA+, Agricultores Familiares e Campesinos, Trabalhadores informais diversos (Motoristas de aplicativos, motoboys, serventes ou outros), Pessoas em situação de rua, Famílias beneﬁciárias do Programa Bolsa Família e famílias inscritas no Cadastro Único , Pessoas e famílias atingidas por situações de emergência ou calamidade pública, Grupo específico vinculado a determinada localidade, atividade, serviço ou movimento, Outros grupos de pessoas em situação de vulnerabilidade social",445,250,-16.7674987,-43.8640446
CS017581,COZINHA SOLIDÁRIA DO ITATIAIA,"Rua Jandira Marques Tolentino, 14",Itatiaia,39403-349,MONTES CLAROS,3143302,MG,cozinhasolidariamtstmoc@gmail.com,58.682.698/0001-52  58.682.427/0001-05,"Sim, está funcionando normalmente",5 vezes por semana,Habilitada,"Mulheres, Jovens, Crianças, Idosos, População LGBTQIA+, Agricultores Familiares e Campesinos, Trabalhadores informais diversos (Motoristas de aplicativos, motoboys, serventes ou outros), Pessoas em situação de rua, Famílias beneﬁciárias do Programa Bolsa Família e famílias inscritas no Cadastro Único , Pessoas e famílias atingidas por situações de emergência ou calamidade pública, Grupo específico vinculado a determinada localidade, atividade, serviço ou movimento, Outros grupos de pessoas em situação de vulnerabilidade social",480,800,-16.7676265,-43.8548612
CS017489,COZINHA SOLIDÁRIA DO VILLAGE II,"Rua João Gonçalves Dias, 334",Village do Lago II,39404-856,MONTES CLAROS,3143302,MG,cozinhasolidariamtstmoc@gmail.com,58.682.447/0001-78 (titular) / 58.682.611/0001-47 (suplente),"Sim, está funcionando normalmente",4 vezes por semana,Habilitada,"Mulheres, Jovens, Crianças, Idosos, População LGBTQIA+, Agricultores Familiares e Campesinos, Trabalhadores informais diversos (Motoristas de aplicativos, motoboys, serventes ou outros), Pessoas em situação de rua, Famílias beneﬁciárias do Programa Bolsa Família e famílias inscritas no Cadastro Único , Pessoas e famílias atingidas por situações de emergência ou calamidade pública, Grupo específico vinculado a determinada localidade, atividade, serviço ou movimento, Outros grupos de pessoas em situação de vulnerabilidade social",450,250,-16.6753169,-43.8287724
CS017588,COZINHA SOLIDÁRIA DA MARIELLE FRANCO,"Rua Um, 500",Village do Lago,39404-056,MONTES CLAROS,3143302,MG,cozinhasolidariamtstmoc@gmail.com,58.775.625/0001-05 (TITULAR)/  58.743.577/0001-73 (SUPLENTE),"Sim, está funcionando normalmente",6 vezes por semana,Habilitada,"Mulheres, Jovens, Crianças, Idosos, População LGBTQIA+, Trabalhadores informais diversos (Motoristas de aplicativos, motoboys, serventes ou outros), Pessoas em situação de rua, Famílias beneﬁciárias do Programa Bolsa Família e famílias inscritas no Cadastro Único , Pessoas e famílias atingidas por situações de emergência ou calamidade pública, Grupo específico vinculado a determinada localidade, atividade, serviço ou movimento, Outros grupos de pessoas em situação de vulnerabilidade social",349,250,-16.6860152,-43.8256407
CS017818,"CHM, ENFRENTAMENTO À TUBERCULOSE E SEGURANÇA ALIMENTAR","Rua Abaeté, n.11",Chatuba,26587-650,MESQUITA,3302858,RJ,patriciaslyras@gmail.com,11.144.575/0001-02,Está funcionando com carga horária reduzida,1 vez por semana,Habilitada,"Mulheres, Jovens, Crianças, Idosos, População LGBTQIA+, Pessoas em situação de rua, Famílias beneﬁciárias do Programa Bolsa Família e famílias inscritas no Cadastro Único , Pessoas e famílias atingidas por situações de emergência ou calamidade pública, Grupo específico vinculado a determinada localidade, atividade, serviço ou movimento, Outros grupos de pessoas em situação de vulnerabilidade social",730,100,-22.8056747,-43.4425187
CS017589,COZINHA SOLIDÁRIA DO JOAQUIM COSTA,"Rua Dr. Luiz Carlos Prestes, 75",Conjunto Joaquim Costa,39403-153,MONTES CLAROS,3143302,MG,cozinhasolidariamtstmoc@gmail.com,51.791.016/0001-09,"Sim, está funcionando normalmente",3 vezes por semana,Habilitada,"Mulheres, Jovens, Crianças, Idosos, População LGBTQIA+, Trabalhadores informais diversos (Motoristas de aplicativos, motoboys, serventes ou outros), Pessoas em situação de rua, Famílias beneﬁciárias do Programa Bolsa Família e famílias inscritas no Cadastro Único , Grupo específico vinculado a determinada localidade, atividade, serviço ou movimento, Outros grupos de pessoas em situação de vulnerabilidade social",270,200,-16.7543694,-43.8696833
CS015105,COZINHA SOLIDÁRIA MARIA DA SOPA,"293 Estr. p/ Volta Terrabras, 293",Cento e quinze,44230-000,AMÉLIA RODRIGUES,2901106,BA,saladoempreendedor.amelia@gmail.com,17.025.854/0001-25,"Sim, está funcionando normalmente",5 vezes por semana,Habilitada,"Mulheres, Jovens, Crianças, Idosos, População LGBTQIA+, Pessoas em situação de rua, Famílias beneﬁciárias do Programa Bolsa Família e famílias inscritas no Cadastro Único , Povos e comunidades tradicionais (indígenas, quilombolas, ribeirinhos, etc.), Grupo específico vinculado a determinada localidade, atividade, serviço ou movimento, Outros grupos de pessoas em situação de vulnerabilidade social",425,200,-12.3935419,-38.7672766
CS017829,COZINHA SOLIDÁRIA JARDIM IPORANGA,"Rua Nicolas Alfaro, 229",Jardim Iporanga,04828-190,SÃO PAULO,3550308,SP,carolalarcon17@gmail.com,58.522.450/0001-24 (Titular)  -  58.522.678/0001-14 (Suplente),"Sim, está funcionando normalmente",5 vezes por semana,Habilitada,"Mulheres, Jovens, Crianças, Idosos, População LGBTQIA+, Trabalhadores informais diversos (Motoristas de aplicativos, motoboys, serventes ou outros), Pessoas em situação de rua, Famílias beneﬁciárias do Programa Bolsa Família e famílias inscritas no Cadastro Único , Pessoas e famílias atingidas por situações de emergência ou calamidade pública, Outros grupos de pessoas em situação de vulnerabilidade social",300,250,-23.7277570,-46.7067847
CS017836,COZINHA SOLIDÁRIA PERUS,"Rua Principal, 08",Jardim Conquista,05209-030,SÃO PAULO,3550308,SP,cozinhasolidariamtstperus@gmail.com,14.836.714/0001-49 (titular) /59.169.514/0001-18 (suplente),"Sim, está funcionando normalmente",5 vezes por semana,Habilitada,"Mulheres, Jovens, Crianças, Idosos, População LGBTQIA+, Pessoas em situação de rua, Pessoas e famílias atingidas por situações de emergência ou calamidade pública, Outros grupos de pessoas em situação de vulnerabilidade social",415,200,-23.4135611,-46.7473954
CS016513,COZINHA SOLIDÁRIA MCP CORDEIRO,"Rua professor Evaldo Altino, 657",Cordeiro,50721-180,RECIFE,2611606,PE,mcp.pernambuco@gmail.com,51.415.528/0001-62,Está funcionando com carga horária reduzida,2 vezes por semana,Habilitada,"Mulheres, Pessoas em situação de rua",120,120,-8.0525282,-34.9295352
CS017540,INSTITUTO ADENILSON CRUZ,"QE 01 conjunto H casa 75, 75",Guará 01,71020-051,BRASÍLIA,5300108,DF,contato@institutoadenilsoncruz.org.br,44.340.277/0001-39,"Sim, está funcionando normalmente",6 vezes por semana,Habilitada,"Mulheres, Jovens, Crianças, Idosos, População LGBTQIA+, Agricultores Familiares e Campesinos, Trabalhadores informais diversos (Motoristas de aplicativos, motoboys, serventes ou outros), Pessoas em situação de rua, Famílias beneﬁciárias do Programa Bolsa Família e famílias inscritas no Cadastro Único , Povos e comunidades tradicionais (indígenas, quilombolas, ribeirinhos, etc.), Pessoas e famílias atingidas por situações de emergência ou calamidade pública, Imigrantes, Assentados da Reforma Agrária, Grupo específico vinculado a determinada localidade, atividade, serviço ou movimento, Outros grupos de pessoas em situação de vulnerabilidade social",3000,400,-15.8110147,-47.9867661
CS017837,COZINHA SOLIDÁRIA JARDIM IGUATEMI,"Rua Serra do Evangelista, 240",Jardim Nova Vitória I,08373-220,SÃO PAULO,3550308,SP,cozinhasolidaria.iguatemi@gmail.com,52.017.053/0001-19,"Sim, está funcionando normalmente",6 vezes por semana,Habilitada,"Mulheres, Jovens, Crianças, Idosos, População LGBTQIA+, Pessoas em situação de rua, Famílias beneﬁciárias do Programa Bolsa Família e famílias inscritas no Cadastro Único , Pessoas e famílias atingidas por situações de emergência ou calamidade pública, Imigrantes, Outros grupos de pessoas em situação de vulnerabilidade social",357,250,-23.6082315,-46.4352687
CS017839,COZINHA SOLIDÁRIA VOVÓ LILI - TABOÃO DA SERRA,"Rua Flávio Dohoczki, 186",Jardim Maria Luiza,06770-200,TABOÃO DA SERRA,3552809,SP,paty.viks@gmail.com,58.536.397/0001-10,"Sim, está funcionando normalmente",5 vezes por semana,Habilitada,"Mulheres, Jovens, Crianças, Idosos, Pessoas e famílias atingidas por situações de emergência ou calamidade pública, Outros grupos de pessoas em situação de vulnerabilidade social",240,150,-23.6388993,-46.7894429
CS017111,COZINHA SOLIDÁRIA DO SALSO,"Rua Diones dos Santos Rosa, 100",Restinga,91790-007,PORTO ALEGRE,4314902,RS,a.amovas@gmail.com,02.261.187/0001-02,"Sim, está funcionando normalmente",3 vezes por semana,Habilitada,"Mulheres, Jovens, Crianças, Idosos, População LGBTQIA+, Pessoas em situação de rua, Famílias beneﬁciárias do Programa Bolsa Família e famílias inscritas no Cadastro Único , Pessoas e famílias atingidas por situações de emergência ou calamidade pública, Outros grupos de pessoas em situação de vulnerabilidade social",145,300,-30.1482493,-51.1541061
CS016610,COZINHA SOLIDÁRIA DOS TERRENOS NOVOS,"Rua Tancredo Neves, 880, 880",Cidade Doutor José Euclides Ferreira Gomes,62000-100,SOBRAL,2312908,CE,despertar.osc@gmail.com,22.919.498/0001-23,"Sim, está funcionando normalmente",2 vezes por semana,Habilitada,"Mulheres, Crianças, Idosos, Famílias beneﬁciárias do Programa Bolsa Família e famílias inscritas no Cadastro Único , Outros grupos de pessoas em situação de vulnerabilidade social",356,167,-3.6734521,-40.3767352
CS017842,APA-ASSOCIAÇÃO PLENITUDE DO AMOR,"Rua Dr. Mario Augusto Teixeira de Freitas, 340",Massaranduba,40435-570,SALVADOR,2927408,BA,associacaoplenitudedoamor@gmail.com,20.888.423/0001-05,"Sim, está funcionando normalmente",6 vezes por semana,Habilitada,"Mulheres, Jovens, Crianças, Idosos, Pessoas em situação de rua, Famílias beneﬁciárias do Programa Bolsa Família e famílias inscritas no Cadastro Único , Povos e comunidades tradicionais (indígenas, quilombolas, ribeirinhos, etc.), Pessoas e famílias atingidas por situações de emergência ou calamidade pública, Imigrantes, Outros grupos de pessoas em situação de vulnerabilidade social",440,480,-12.9261779,-38.5001472
CS015659,COZINHA SOLIDÁRIA BETÂNIA,"RODOVIA JOÃO PEREIRA MARTINS, 820",JARDIM ELDORADO,16600-970,PIRAJUÍ,3538907,SP,assistenciasocial_pirajui@hotmail.com,44.306.128/0001-53,"Sim, está funcionando normalmente",1 vez por semana,Habilitada,"Pessoas em situação de rua, Famílias beneﬁciárias do Programa Bolsa Família e famílias inscritas no Cadastro Único , Pessoas e famílias atingidas por situações de emergência ou calamidade pública, Outros grupos de pessoas em situação de vulnerabilidade social",1840,800,-21.9930264,-49.4545630
CS017804,COZINHA DA MISERICÓRDIA POP RUA,"Rua Visconde de Mauá, 339",Centro,69005-430,MANAUS,1302603,AM,COMUNIDADE.NOVA.ALIANCA.AM@GMAIL.COM,03.065.522/0001-60,Está funcionando com carga horária reduzida,3 vezes por semana,Habilitada,"Pessoas em situação de rua, Outros grupos de pessoas em situação de vulnerabilidade social",844,100,-3.1349278,-60.0267203
CS014602,PROJETO SOCIAL A RIQUEZA DO AMOR.,"Rua:Três Marias, 695",Parque Novo Santo Amaro,05874-180,SÃO PAULO,3550308,SP,digaroll3@hotmail.com,,"Sim, está funcionando normalmente",1 vez por semana,Habilitada,"Pessoas em situação de rua, Pessoas e famílias atingidas por situações de emergência ou calamidade pública, Outros grupos de pessoas em situação de vulnerabilidade social",900,300,-23.7003833,-46.7889520
CS014634,CAMESP,"Rua Projetada s/n - estrada da barra, 01",Zona rual,64995-000,CRISTALÂNDIA DO PIAUÍ,2203008,PI,caminhosdaesperanca2019@gmail.com,32.545.764/0001-59,"Sim, está funcionando normalmente",6 vezes por semana,Habilitada,"Mulheres, Jovens, Crianças, Idosos, Agricultores Familiares e Campesinos, Trabalhadores informais diversos (Motoristas de aplicativos, motoboys, serventes ou outros), Famílias beneﬁciárias do Programa Bolsa Família e famílias inscritas no Cadastro Único , Povos e comunidades tradicionais (indígenas, quilombolas, ribeirinhos, etc.), Outros grupos de pessoas em situação de vulnerabilidade social",1030,250,-10.6503409,-45.1865669
CS014605,CULTIVANDO SONHOS,"Rua Ana Maria Teixeira de Melo, 166",Jardim dos Palmares,26271-200,NOVA IGUAÇU,3303500,RJ,centrocomunitariocacjoc@hotmail.com,36.563.443/0001-38,"Sim, está funcionando normalmente",5 vezes por semana,Habilitada,"Mulheres, Jovens, Crianças, Idosos, Famílias beneﬁciárias do Programa Bolsa Família e famílias inscritas no Cadastro Único , Pessoas e famílias atingidas por situações de emergência ou calamidade pública, Imigrantes, Outros grupos de pessoas em situação de vulnerabilidade social",555,48,-22.7561151,-43.5106289
CS017855,COZINHA SOLIDÁRIA RIO PRETO,"Rua Sadalla Abrão Zainum, 70",Don Lafayete,15046-100,SÃO JOSÉ DO RIO PRETO,3549805,SP,cozinhasolidariarp@gmail.com,28.799.171/0001-41,"Sim, está funcionando normalmente",2 vezes por semana,Habilitada,"Pessoas em situação de rua, Famílias beneﬁciárias do Programa Bolsa Família e famílias inscritas no Cadastro Único , Outros grupos de pessoas em situação de vulnerabilidade social",180,180,-20.7760466,-49.3896727
CS017239,AMIGOS DA ASMALI,"Avenida madame curie, 44",Santa Lucia,25271-090,DUQUE DE CAXIAS,3301702,RJ,america.1986.bispo@gmail.com,32.101.530/0001-12,Está funcionando com carga horária reduzida,2 vezes por semana,Habilitada,"Pessoas em situação de rua, Famílias beneﬁciárias do Programa Bolsa Família e famílias inscritas no Cadastro Único , Outros grupos de pessoas em situação de vulnerabilidade social",60,50,-22.6286462,-43.2127867
CS017125,ASSOCIACAO PESTALOZZI DE MAURITI,"RUA BENJAMIN CONSTANT, 908",SERRINHA,63210-000,MAURITI,2308104,CE,pestalozzimauriti@gmail.com,12.467.973/0001-14,"Sim, está funcionando normalmente",5 vezes por semana,Habilitada,"Pessoas em situação de rua, Famílias beneﬁciárias do Programa Bolsa Família e famílias inscritas no Cadastro Único , Outros grupos de pessoas em situação de vulnerabilidade social",200,100,-7.3846898,-38.7744431
CS017222,COZINHA SOLIDÁRIA NORTE CANTA RR,"vicinal 21 gleba baruana Canta RR, 72",vicinal 21 gleba baruana,69390-000,CANTÁ,1400175,RR,MARIAFERRAZRR@GMAIL.COM,59.058.601/0001-06 23 (titular)/ 59.012.645/0001-97 (suplente),"Sim, está funcionando normalmente",6 vezes por semana,Habilitada,"Mulheres, Jovens, Crianças, Idosos, Agricultores Familiares e Campesinos, Famílias beneﬁciárias do Programa Bolsa Família e famílias inscritas no Cadastro Único , Povos e comunidades tradicionais (indígenas, quilombolas, ribeirinhos, etc.), Pessoas e famílias atingidas por situações de emergência ou calamidade pública, Imigrantes, Assentados da Reforma Agrária, Grupo específico vinculado a determinada localidade, atividade, serviço ou movimento, Outros grupos de pessoas em situação de vulnerabilidade social",219,250,2.6101143,-60.6010943
CS017767,COZINHA BEM SAUDÁVEL,"Avenida Recife, 198",Jardim Santo Afonso,07215-030,GUARULHOS,3518800,SP,iinstitutokaleo@gmail.com,05.726.788/0001-31,"Sim, está funcionando normalmente",5 vezes por semana,Habilitada,"Mulheres, Jovens, Crianças, Idosos, Famílias beneﬁciárias do Programa Bolsa Família e famílias inscritas no Cadastro Único , Imigrantes, Outros grupos de pessoas em situação de vulnerabilidade social",370,230,-23.4734693,-46.4404964
CS014945,COZINHA SOLIDÁRIA DA OCUPAÇÃO VITÓRIA,"Rua 26 de Marco, nº49. Ocupação Vitória, 49",Cazuza,39100-000,DIAMANTINA,3121605,MG,diamantinaparatodos@gmail.com,58.775.278/0001-10 (titular) /58.775.150/0001-57 (suplente),"Sim, está funcionando normalmente",6 vezes por semana,Habilitada,"Mulheres, Jovens, Crianças, Idosos, População LGBTQIA+, Trabalhadores informais diversos (Motoristas de aplicativos, motoboys, serventes ou outros), Pessoas em situação de rua, Famílias beneﬁciárias do Programa Bolsa Família e famílias inscritas no Cadastro Único , Povos e comunidades tradicionais (indígenas, quilombolas, ribeirinhos, etc.), Pessoas e famílias atingidas por situações de emergência ou calamidade pública, Grupo específico vinculado a determinada localidade, atividade, serviço ou movimento, Outros grupos de pessoas em situação de vulnerabilidade social",684,300,-18.2356358,-43.6224024
CS017878,COZINHA SOLIDÁRIA JARDIM DO ESTÁDIO,"Rua Professor Plínio Braga, 188/192",Jardim do Estádio,09172-080,SANTO ANDRÉ,3547809,SP,celina.math25@gmail.com,58.777.813/0001-72 (titular) /58.768.843/0001-12 (suplente),"Sim, está funcionando normalmente",5 vezes por semana,Habilitada,"Mulheres, Jovens, Crianças, Idosos, População LGBTQIA+, Pessoas em situação de rua, Pessoas e famílias atingidas por situações de emergência ou calamidade pública, Outros grupos de pessoas em situação de vulnerabilidade social",510,250,-23.6973287,-46.5139963
CS017879,COZINHA SOLIDÁRIA JARDIM BONANÇA,"Rua Gilson Nardoni Rodrigues, 179",Jardim Bonança,06266-180,OSASCO,3534401,SP,contas.cozinhas@gmail.com,53.421.046/0001-40,"Sim, está funcionando normalmente",5 vezes por semana,Habilitada,"Mulheres, Crianças, Idosos, Pessoas em situação de rua, Famílias beneﬁciárias do Programa Bolsa Família e famílias inscritas no Cadastro Único , Pessoas e famílias atingidas por situações de emergência ou calamidade pública, Imigrantes, Outros grupos de pessoas em situação de vulnerabilidade social",245,150,-23.4905918,-46.7909020
CS017884,COZINHA SOLIDÁRIA LUCIANA FERREIRA,"Rua Tietê, 309",Jardim Novo Campo Limpo,06826-480,EMBU DAS ARTES,3515004,SP,cidamoura825@gmail.com,58.666.176/0001-67,"Sim, está funcionando normalmente",5 vezes por semana,Habilitada,"Mulheres, Jovens, Crianças, Idosos, População LGBTQIA+, Pessoas em situação de rua, Pessoas e famílias atingidas por situações de emergência ou calamidade pública, Outros grupos de pessoas em situação de vulnerabilidade social",410,200,-23.6608154,-46.8013560
CS017885,COZINHA SOLIDÁRIA INSTITUTO CUCA,"Rua Nova Tuparoquera, 530",Jardim São Luiz Novo Santo Amaro,05820-200,SÃO PAULO,3550308,SP,zenildaseverina37@gmail.com,46.620.963/0001-99,"Sim, está funcionando normalmente",6 vezes por semana,Habilitada,"Mulheres, Jovens, Crianças, Idosos, População LGBTQIA+, Pessoas em situação de rua, Pessoas e famílias atingidas por situações de emergência ou calamidade pública, Imigrantes, Outros grupos de pessoas em situação de vulnerabilidade social",272,250,-23.6615917,-46.7402584
CS017886,COZINHA SOLIDÁRIA JARDIM VERMELHÃO,"Rua Central, 45",Jardim Vermelhão,07210-310,GUARULHOS,3518800,SP,wilcarodrigues@outlook.com,59.061.557/0001-85,"Sim, está funcionando normalmente",5 vezes por semana,Habilitada,"Mulheres, Jovens, Crianças, Idosos, Pessoas em situação de rua, Famílias beneﬁciárias do Programa Bolsa Família e famílias inscritas no Cadastro Único , Outros grupos de pessoas em situação de vulnerabilidade social",160,100,-23.4620630,-46.4343120
CS014618,MARMITA SOLIDÁRIA TVB,"Rua José Zgoda, 205",Bairro Alto,82820-440,CURITIBA,4106902,PR,lilian.dallastra@gmail.com,22.722.451/0001-75,"Sim, está funcionando normalmente",5 vezes por semana,Habilitada,"Pessoas em situação de rua, Povos e comunidades tradicionais (indígenas, quilombolas, ribeirinhos, etc.), Pessoas e famílias atingidas por situações de emergência ou calamidade pública, Grupo específico vinculado a determinada localidade, atividade, serviço ou movimento, Outros grupos de pessoas em situação de vulnerabilidade social",390,135,-25.4140346,-49.2202680
CS015858,COZINHA SOLIDÁRIA DIRINÉIA PINHEIRO,"Palmares 2 Vicinal do Limão IALA AMAZÔNICO, S/N",Palmares 2 zona rural,68515-000,PARAUAPEBAS,1505536,PA,cozinhadirineia@gmail.com,19.112.228/0001-00,"Sim, está funcionando normalmente",3 vezes por semana,Habilitada,"Mulheres, Jovens, Crianças, Idosos, População LGBTQIA+, Agricultores Familiares e Campesinos, Trabalhadores informais diversos (Motoristas de aplicativos, motoboys, serventes ou outros), Pessoas em situação de rua, Famílias beneﬁciárias do Programa Bolsa Família e famílias inscritas no Cadastro Único , Povos e comunidades tradicionais (indígenas, quilombolas, ribeirinhos, etc.), Pessoas e famílias atingidas por situações de emergência ou calamidade pública, Imigrantes, Assentados da Reforma Agrária, Grupo específico vinculado a determinada localidade, atividade, serviço ou movimento, Outros grupos de pessoas em situação de vulnerabilidade social",910,600,-5.9481079,-49.8391518
CS015146,COZINHA DA ALEGRIA,"Rua Recanto dos Humildes, 82",Recanto dos Humildes,05209-000,SÃO PAULO,3550308,SP,institutodipi@gmail.com,27.532.496/0001-09,Está funcionando com carga horária reduzida,2 vezes por semana,Habilitada,"Mulheres, Jovens, Crianças, Idosos, População LGBTQIA+, Pessoas em situação de rua, Famílias beneﬁciárias do Programa Bolsa Família e famílias inscritas no Cadastro Único , Pessoas e famílias atingidas por situações de emergência ou calamidade pública, Imigrantes, Outros grupos de pessoas em situação de vulnerabilidade social",300,400,-23.4101639,-46.7504461
CS017909,COZINHA SOLIDÁRIA HERBERT DE SOUZA,"Rua Irmã Simpliciana, 26",Centro,01016-010,SÃO PAULO,3550308,SP,cissagladchi1@gmail.com,48.690.462/0001-04,"Sim, está funcionando normalmente",5 vezes por semana,Habilitada,"Mulheres, Jovens, Crianças, Idosos, População LGBTQIA+, Trabalhadores informais diversos (Motoristas de aplicativos, motoboys, serventes ou outros), Pessoas em situação de rua, Pessoas e famílias atingidas por situações de emergência ou calamidade pública, Outros grupos de pessoas em situação de vulnerabilidade social",1500,500,-23.5498519,-46.6328125
CS017912,COZINHA SOLIDÁRIA MONTANHÃO,"Estrada do Montanhão, 64153",Montanhão,09791-200,SÃO BERNARDO DO CAMPO,3548708,SP,danilodlx@gmail.com,60.996.606/0001-50,"Sim, está funcionando normalmente",5 vezes por semana,Habilitada,"Mulheres, Jovens, Crianças, Idosos, População LGBTQIA+, Pessoas em situação de rua, Outros grupos de pessoas em situação de vulnerabilidade social",205,200,-23.7407267,-46.5213286
CS017816,COZINHA SOLIDÁRIA DA AMOBAC,"RUA CICERO RODRIGUES, 045",cohab I,63515-000,QUIXELÔ,2311355,CE,ambc18@bol.com.br,09.404.190/0001-87,"Sim, está funcionando normalmente",5 vezes por semana,Habilitada,"Pessoas em situação de rua, Famílias beneﬁciárias do Programa Bolsa Família e famílias inscritas no Cadastro Único , Povos e comunidades tradicionais (indígenas, quilombolas, ribeirinhos, etc.), Outros grupos de pessoas em situação de vulnerabilidade social",320,100,-6.2561064,-39.2002423
CS016517,COZINHA SOLIDÁRIA MCP AFOGADOS,"Rua conjunto Habitacional Miguel Arrais de Alencar, 189",centro,56800-000,AFOGADOS DA INGAZEIRA,2600104,PE,mcp.pernambuco@gmail.com,51.415.528/0001-62,Está funcionando com carga horária reduzida,1 vez por semana,Habilitada,"Mulheres, Jovens, Pessoas em situação de rua, Outros grupos de pessoas em situação de vulnerabilidade social",170,120,-7.7361946,-37.6507664
CS017667,COZINHA SOLIDÁRIA DO SAPÊ,"Rua Daniel Riente, 10",Caramujo,24140-555,NITERÓI,3303302,RJ,rj.apoiasemteto@gmail.com,53.340.165/0001-79,Está funcionando com carga horária reduzida,3 vezes por semana,Habilitada,"Mulheres, Jovens, Crianças, Idosos, Famílias beneﬁciárias do Programa Bolsa Família e famílias inscritas no Cadastro Único , Pessoas e famílias atingidas por situações de emergência ou calamidade pública, Grupo específico vinculado a determinada localidade, atividade, serviço ou movimento, Outros grupos de pessoas em situação de vulnerabilidade social",820,200,-22.8946640,-43.0672981
CS014641,COZINHA SOCIAL ARC,"Rua Coronel Barata, 131",Treze de Maio,58025-300,JOÃO PESSOA,2507507,PB,arc.acoesolidarias@gmail.com,38.020.411/0001-11,"Sim, está funcionando normalmente",1 vez por semana,Habilitada,"Pessoas em situação de rua, Famílias beneﬁciárias do Programa Bolsa Família e famílias inscritas no Cadastro Único , Povos e comunidades tradicionais (indígenas, quilombolas, ribeirinhos, etc.), Grupo específico vinculado a determinada localidade, atividade, serviço ou movimento, Outros grupos de pessoas em situação de vulnerabilidade social",2031,495,-7.1128078,-34.8653924
CS017641,COZINHA PRATO CHEIO,"Rua Dr. March,, 1255",Tenente Jardim,24410-375,SÃO GONÇALO,3304904,RJ,monicaseverinosantosdasilva@gmail.com,,Está funcionando com carga horária reduzida,2 vezes por semana,Habilitada,Pessoas em situação de rua,150,573,-22.8636163,-43.0829129
CS015324,COZINHA ESPERANÇA,"Rua Rio kaquende 116E Itacaranha, 116E",Itacaranha,40413-090,SALVADOR,2927408,BA,Samuelnunes.psicologo@gmail.com,34.282.533/0001-25,"Sim, está funcionando normalmente",3 vezes por semana,Habilitada,"Mulheres, Jovens, Crianças, Idosos, População LGBTQIA+, Trabalhadores informais diversos (Motoristas de aplicativos, motoboys, serventes ou outros), Pessoas em situação de rua, Famílias beneﬁciárias do Programa Bolsa Família e famílias inscritas no Cadastro Único , Pessoas e famílias atingidas por situações de emergência ou calamidade pública, Grupo específico vinculado a determinada localidade, atividade, serviço ou movimento, Outros grupos de pessoas em situação de vulnerabilidade social",924,400,-12.8890355,-38.4861159
CS017522,INSTITUTO MARIA LUZ,"Rua Divisão, 66- Posse-Nova Iguaçu- RJ- CEP: 26020176, 66",Ponto Chic,26032-780,NOVA IGUAÇU,3303500,RJ,institutomarialuz@gmail.com,48.847.361/0001-02,Está funcionando com carga horária reduzida,5 vezes por semana,Habilitada,"Mulheres, Jovens, Crianças, Trabalhadores informais diversos (Motoristas de aplicativos, motoboys, serventes ou outros), Famílias beneﬁciárias do Programa Bolsa Família e famílias inscritas no Cadastro Único , Pessoas e famílias atingidas por situações de emergência ou calamidade pública, Grupo específico vinculado a determinada localidade, atividade, serviço ou movimento, Outros grupos de pessoas em situação de vulnerabilidade social",635,150,-22.7339265,-43.4576123
CS016803,PROJETO SOCIAL MISSÃO IDE-RS,"Rua Mário Adelar, 20",Salgado filho,97043-760,SANTA MARIA,4316907,RS,projetosocialmissaoide.rs@gmail.com,,"Sim, está funcionando normalmente",3 vezes por semana,Habilitada,"Mulheres, Jovens, Crianças, Idosos, Pessoas em situação de rua, Famílias beneﬁciárias do Programa Bolsa Família e famílias inscritas no Cadastro Único , Pessoas e famílias atingidas por situações de emergência ou calamidade pública, Grupo específico vinculado a determinada localidade, atividade, serviço ou movimento, Outros grupos de pessoas em situação de vulnerabilidade social",825,150,-29.6704895,-53.8251143
CS015811,COZINHA POPULAR,"Rua General Hermes, 91, 91",Centro,57020-091,MACEIÓ,2704302,AL,centrozumbi@gmail.com,07.365.874/0001-91,Está funcionando com carga horária reduzida,1 vez por semana,Habilitada,"Pessoas em situação de rua, Pessoas e famílias atingidas por situações de emergência ou calamidade pública, Outros grupos de pessoas em situação de vulnerabilidade social",700,100,-9.6585778,-35.7393770
CS018000,COZINHA FAMILIA POVO DE RUA,"Rua vila Caiz, N•05",VILA NOVA DAS BELEZAS,05777-110,SÃO PAULO,3550308,SP,Proj.fampovoderua@outlook.com,53.815.718/0001-00,"Sim, está funcionando normalmente",Uma vez ao mês,Habilitada,"Pessoas em situação de rua, Pessoas e famílias atingidas por situações de emergência ou calamidade pública, Imigrantes, Outros grupos de pessoas em situação de vulnerabilidade social",720,350,-23.6445427,-46.7523113
CS017972,COZINHA MARIA DO CARMO,"R DOS ESCOTEIROS, 641",SAO MIGUEL PAULISTA,08050-350,SÃO PAULO,3550308,SP,institutomariadocarmoevangelis@gmail.com,,Está funcionando com carga horária reduzida,3 vezes por semana,Habilitada,"Mulheres, Jovens, Crianças, Idosos, Trabalhadores informais diversos (Motoristas de aplicativos, motoboys, serventes ou outros), Pessoas em situação de rua, Outros grupos de pessoas em situação de vulnerabilidade social",140,350,-23.5148066,-46.4576647
CS017963,INSTITUTO LAR,"Rua Do Senado, 200",Centro,20231-006,RIO DE JANEIRO,3304557,RJ,contato@institutolar.org.br,29.082.702/0001-43,"Sim, está funcionando normalmente",4 vezes por semana,Habilitada,"Pessoas em situação de rua, Outros grupos de pessoas em situação de vulnerabilidade social",100,100,-22.9101768,-43.1887906
CS018020,COZINHA SOLIDÁRIA BANANAL,"Rua Carvoeira, 501/508",Jardim Angela,04948-030,SÃO PAULO,3550308,SP,manuellacorreiasantos@gmail.com,58.652.064/0001-57,"Sim, está funcionando normalmente",5 vezes por semana,Habilitada,"Mulheres, Jovens, Crianças, Idosos, População LGBTQIA+, Trabalhadores informais diversos (Motoristas de aplicativos, motoboys, serventes ou outros), Pessoas em situação de rua, Famílias beneﬁciárias do Programa Bolsa Família e famílias inscritas no Cadastro Único , Grupo específico vinculado a determinada localidade, atividade, serviço ou movimento, Outros grupos de pessoas em situação de vulnerabilidade social",245,150,-23.7337787,-46.7873349
CS018021,COZINHA TIA MARCELINA - ALAGOAS,"s/n°, avenida Alice Carolina",cidade universitaria,57073-415,MACEIÓ,2704302,AL,cozinhatiamarcelina@gmail.com,35.620.773/0001-55 (Titular)/ 52.190.475/0001-91 (Suplente),"Sim, está funcionando normalmente",7 vezes por semana,Habilitada,"Mulheres, Jovens, Crianças, Idosos, População LGBTQIA+, Pessoas em situação de rua, Famílias beneﬁciárias do Programa Bolsa Família e famílias inscritas no Cadastro Único , Pessoas e famílias atingidas por situações de emergência ou calamidade pública, Outros grupos de pessoas em situação de vulnerabilidade social",1400,1500,-9.5459591,-35.7616740
CS018027,COZINHA SOLIDARIA PROFESSOR PAULO BANDEIRA - ALAGOAS,"CJ PROFESSOR PAULO BANDEIRA QD 02, S/N°",Benedito Bentes 2,57086-284,MACEIÓ,2704302,AL,mtstalagoas@gmail.com,12.256.990/0001-02,"Sim, está funcionando normalmente",6 vezes por semana,Habilitada,"Mulheres, Jovens, Crianças, Idosos, População LGBTQIA+, Pessoas em situação de rua, Famílias beneﬁciárias do Programa Bolsa Família e famílias inscritas no Cadastro Único , Pessoas e famílias atingidas por situações de emergência ou calamidade pública, Outros grupos de pessoas em situação de vulnerabilidade social",1422,500,-9.5814816,-35.7173483
CS017993,COZINHA SOLIDÁRIA PICUAIA,"Rua Alfa, 14, 14",Jardim Picuaia - Caji,42721-290,LAURO DE FREITAS,2919207,BA,saoryakine@yahoo.com.br,28.799.171/0001-41,"Sim, está funcionando normalmente",5 vezes por semana,Habilitada,"Mulheres, Jovens, Crianças, Idosos, População LGBTQIA+, Trabalhadores informais diversos (Motoristas de aplicativos, motoboys, serventes ou outros), Pessoas em situação de rua, Famílias beneﬁciárias do Programa Bolsa Família e famílias inscritas no Cadastro Único , Povos e comunidades tradicionais (indígenas, quilombolas, ribeirinhos, etc.), Grupo específico vinculado a determinada localidade, atividade, serviço ou movimento, Outros grupos de pessoas em situação de vulnerabilidade social",1650,250,-12.8813110,-38.3398360
CS017825,KI-DELICÍAS,"Av Felisbela Caetano, S/N",São Joaquim,62660-000,UMIRIM,2313757,CE,tatyana_alcantara@hotmail.com,,"Sim, está funcionando normalmente",5 vezes por semana,Habilitada,"Famílias beneﬁciárias do Programa Bolsa Família e famílias inscritas no Cadastro Único , Outros grupos de pessoas em situação de vulnerabilidade social",140,80,-3.6922943,-39.4494620
CS014543,COZINHA POPULAR MARA,"SHSN Chácara 84 Conjunto H1, 8 e 9",Sol Nascente,72236-800,BRASÍLIA,5300108,DF,direitos.df@gmail.com,21.288.852/0001-04,"Sim, está funcionando normalmente",4 vezes por semana,Habilitada,"Mulheres, Crianças, Famílias beneﬁciárias do Programa Bolsa Família e famílias inscritas no Cadastro Único , Grupo específico vinculado a determinada localidade, atividade, serviço ou movimento, Outros grupos de pessoas em situação de vulnerabilidade social",393,171,-15.8175844,-48.1354767
CS018080,COZINHA SOLIDÁRIA TERRA PROMETIDA,"Rua Maria Trevizani, 1002",Jardim Vera Cruz,04965-150,SÃO PAULO,3550308,SP,claudiaterraprometida@gmail.com,59.175.304/0001-32 (titular) / 59.195.911/0001-64 (suplente),"Sim, está funcionando normalmente",5 vezes por semana,Habilitada,"Mulheres, Jovens, Crianças, Idosos, População LGBTQIA+, Pessoas em situação de rua, Pessoas e famílias atingidas por situações de emergência ou calamidade pública, Outros grupos de pessoas em situação de vulnerabilidade social",510,250,-23.7414584,-46.7786289
CS018077,COZINHA MAE SIMPLICIA,"2ª Travessa Pedro Gama de Baixo, 8O",Federação,40230-205,SALVADOR,2927408,BA,cozinhasolidarialf@gmail.com,28.799.171/0001-41,"Sim, está funcionando normalmente",5 vezes por semana,Habilitada,"Mulheres, Jovens, Crianças, Idosos, População LGBTQIA+, Trabalhadores informais diversos (Motoristas de aplicativos, motoboys, serventes ou outros), Pessoas em situação de rua, Famílias beneﬁciárias do Programa Bolsa Família e famílias inscritas no Cadastro Único , Povos e comunidades tradicionais (indígenas, quilombolas, ribeirinhos, etc.), Grupo específico vinculado a determinada localidade, atividade, serviço ou movimento, Outros grupos de pessoas em situação de vulnerabilidade social",500,200,-12.9938022,-38.4999247
CS017607,ABAF - ASSOCIAÇÃO BREJOSANTENSE DE APOIO À FAMILIA,"RUA LUIZ PINHEIRO TORRES, 04",MORRO DOURADO e 01 anexo no Renê Lucena,63260-000,BREJO SANTO,2302503,CE,abafbrejosanto1@gmail.com,12.465.597/0001-29,"Sim, está funcionando normalmente",5 vezes por semana,Habilitada,"Mulheres, Jovens, Crianças, Idosos, População LGBTQIA+, Trabalhadores informais diversos (Motoristas de aplicativos, motoboys, serventes ou outros), Pessoas em situação de rua, Famílias beneﬁciárias do Programa Bolsa Família e famílias inscritas no Cadastro Único , Outros grupos de pessoas em situação de vulnerabilidade social",393,210,-7.4902923,-38.9951254
CS018100,COZINHA LEVANTA-TE E ANDA,"Rua Lauro de Freitas, 562",Novo Horizonte,44036-388,FEIRA DE SANTANA,2910800,BA,alevantateeanda@gmail.com,27.088.969/0001-12,Está funcionando com carga horária reduzida,3 vezes por semana,Habilitada,"Mulheres, Jovens, Crianças, Idosos, População LGBTQIA+, Famílias beneﬁciárias do Programa Bolsa Família e famílias inscritas no Cadastro Único , Grupo específico vinculado a determinada localidade, atividade, serviço ou movimento, Outros grupos de pessoas em situação de vulnerabilidade social",570,150,-12.1896870,-38.9711290
CS018003,COZINHA CAROLI /C.J. SANTA CABRINI,"Rua São Valentino, 7790",Angelim,64040-060,TERESINA,2211001,PI,CJSCABRINI@HOTMAIL.COM,61.988.531/0004-71,"Sim, está funcionando normalmente",5 vezes por semana,Habilitada,"Crianças, Famílias beneﬁciárias do Programa Bolsa Família e famílias inscritas no Cadastro Único , Outros grupos de pessoas em situação de vulnerabilidade social",530,400,-5.0871610,-42.7390799
CS016512,COZINHA POPULAR DO CERRADO,"Ocupação Beira da Mata, Quadra 100B, Lote 43",Bairro Independência,74905-970,APARECIDA DE GOIÂNIA,5201405,GO,cozinhapopulardocerrado@gmail.com,,"Sim, está funcionando normalmente",2 vezes por semana,Habilitada,-,0,0,-16.8158920,-49.2930156
CS017779,ASSOCIAÇÃO MORADORES DE SALGADO,"COMUNIDADE DO SALGADO, S/N",Salgado,62630-000,APUIARÉS,2300903,CE,associacaomoradoressalgado@gmail.com,00.742.495/0001-24,"Sim, está funcionando normalmente",5 vezes por semana,Habilitada,"Famílias beneﬁciárias do Programa Bolsa Família e famílias inscritas no Cadastro Único , Outros grupos de pessoas em situação de vulnerabilidade social",120,80,-3.9531256,-39.2791011
CS017866,COZINHA SOLIDÁRIA DE NOVA SANTA RITA,"Rua Cinco de Maio, -----",Interior,92480-000,NOVA SANTA RITA,4313375,RS,aassociacao.filhosdaterra@gmail.com,09.434.587/0001-11,Está funcionando com carga horária reduzida,3 vezes por semana,Habilitada,"Mulheres, Jovens, Crianças, Idosos, Pessoas em situação de rua, Famílias beneﬁciárias do Programa Bolsa Família e famílias inscritas no Cadastro Único , Povos e comunidades tradicionais (indígenas, quilombolas, ribeirinhos, etc.), Pessoas e famílias atingidas por situações de emergência ou calamidade pública, Assentados da Reforma Agrária, Outros grupos de pessoas em situação de vulnerabilidade social",5774,5000,-29.7735873,-51.3288467
CS018113,COZINHA SOLIDÁRIA OCUPAÇÃO EM BUSCA DE UM SONHO,"Rua Guarino Baldan, 14",Antenor Garcia,13573-300,SÃO CARLOS,3548906,SP,julianaabf@gmail.com,,"Sim, está funcionando normalmente",5 vezes por semana,Habilitada,"Mulheres, Jovens, Crianças, Idosos, Pessoas em situação de rua, Famílias beneﬁciárias do Programa Bolsa Família e famílias inscritas no Cadastro Único , Pessoas e famílias atingidas por situações de emergência ou calamidade pública",185,200,-22.0521240,-47.9145260
CS017535,ADUM_ SABORES ANCESTRAIS,"Rua Benedita de Souza e Silva n 1, N 1 casa C",Leme,22010-020,RIO DE JANEIRO,3304557,RJ,lysandra.moura11@gmail.com,52.620.149/0001-77,"Sim, está funcionando normalmente",6 vezes por semana,Habilitada,"Mulheres, Jovens, Crianças, Idosos, População LGBTQIA+, Trabalhadores informais diversos (Motoristas de aplicativos, motoboys, serventes ou outros), Pessoas em situação de rua, Famílias beneﬁciárias do Programa Bolsa Família e famílias inscritas no Cadastro Único , Povos e comunidades tradicionais (indígenas, quilombolas, ribeirinhos, etc.), Outros grupos de pessoas em situação de vulnerabilidade social",215,300,-22.8965841,-43.5990792
CS018120,PROSPERANÇA,"Alameda dos Papagaios, 275",Balneário Arara Vermelha,11730-000,MONGAGUÁ,3531100,SP,ong.prosperanca@gmail.com,00.712.148/0001-59,"Sim, está funcionando normalmente",6 vezes por semana,Habilitada,"Mulheres, Jovens, Crianças, Idosos, População LGBTQIA+, Pessoas em situação de rua, Famílias beneﬁciárias do Programa Bolsa Família e famílias inscritas no Cadastro Único , Pessoas e famílias atingidas por situações de emergência ou calamidade pública, Outros grupos de pessoas em situação de vulnerabilidade social",53,131,-24.1307331,-46.7151076
CS016682,COZINHA SOLIDÁRIA PORTO ILUMINADO,"Rua Professor Hasegawa, 2015",Colônia (Zona Leste),08260-090,SÃO PAULO,3550308,SP,portoiluminado@gmail.com,58.532.762/0001-19,Está funcionando com carga horária reduzida,3 vezes por semana,Habilitada,"Pessoas em situação de rua, Famílias beneﬁciárias do Programa Bolsa Família e famílias inscritas no Cadastro Único , Pessoas e famílias atingidas por situações de emergência ou calamidade pública, Outros grupos de pessoas em situação de vulnerabilidade social",400,200,-23.5732299,-46.4306054
CS015548,CANTINA DA TIA SOL,"SHA conjunto 5, ch 93, área especial 2, lote 3, ",Arniqueria,71995-340,BRASÍLIA,5300108,DF,febomsamaritano@gmail.com,18.658.508/0001-47,"Sim, está funcionando normalmente",6 vezes por semana,Habilitada,"Mulheres, Jovens, Crianças, Idosos, População LGBTQIA+, Trabalhadores informais diversos (Motoristas de aplicativos, motoboys, serventes ou outros), Pessoas em situação de rua, Famílias beneﬁciárias do Programa Bolsa Família e famílias inscritas no Cadastro Único , Pessoas e famílias atingidas por situações de emergência ou calamidade pública, Imigrantes, Grupo específico vinculado a determinada localidade, atividade, serviço ou movimento, Outros grupos de pessoas em situação de vulnerabilidade social",600,400,-15.8308323,-47.9875643
CS018035,CENTRO DE APOIO A CRIANÇA - ITAPIÚNA,"RUA COSMO SANTOS, 93",PLANALTO,62740-000,ITAPIÚNA,2306504,CE,obas_ong@yahoo.com.br,12.459.145/0001-34,"Sim, está funcionando normalmente",4 vezes por semana,Habilitada,"Pessoas em situação de rua, Famílias beneﬁciárias do Programa Bolsa Família e famílias inscritas no Cadastro Único , Outros grupos de pessoas em situação de vulnerabilidade social",178,88,-4.5743480,-38.9167650
CS017753,COZINHA AMOR E SABORES,"Rua Rufino de Sousa, S/N",Bananas,62660-000,UMIRIM,2313757,CE,cozinhaamoresesabores@gmail.com,,"Sim, está funcionando normalmente",5 vezes por semana,Habilitada,"Famílias beneﬁciárias do Programa Bolsa Família e famílias inscritas no Cadastro Único , Outros grupos de pessoas em situação de vulnerabilidade social",160,80,-3.6732982,-39.3463502
CS018062,ASSOCIAÇÃO COMUNITÁRIA DOS MORADORES DE LAGOA NOVA,"Sítio Lagoa Nova, S/N",Lagoa Nova Dos Firminos,62725-000,OCARA,2309458,CE,obas_ong@yahoo.com.br,00.833.058/0001-16,"Sim, está funcionando normalmente",5 vezes por semana,Habilitada,"Famílias beneﬁciárias do Programa Bolsa Família e famílias inscritas no Cadastro Único , Outros grupos de pessoas em situação de vulnerabilidade social",176,88,-6.8644363,-38.6948038
CS015261,COZINHA SOLIDÁRIA DA TERRA,"ASSENTAMENTO MILTON SANTOS, S/N - DISTRITO OURICURI, ",ZONA RURAL,57690-000,ATALAIA,2700409,AL,COOPERCANUDOS@GMAIL.COM,18.126.811/0001-07,"Sim, está funcionando normalmente",4 vezes por semana,Habilitada,"Mulheres, Jovens, Crianças, Idosos, População LGBTQIA+, Agricultores Familiares e Campesinos, Trabalhadores informais diversos (Motoristas de aplicativos, motoboys, serventes ou outros), Pessoas em situação de rua, Pessoas e famílias atingidas por situações de emergência ou calamidade pública, Assentados da Reforma Agrária, Grupo específico vinculado a determinada localidade, atividade, serviço ou movimento, Outros grupos de pessoas em situação de vulnerabilidade social",1200,800,-9.5486802,-36.1716455
CS018152,COZINHA DO ZÉ,"Rua José Joaquim Esteves, 3",Jardim São Luis,05813-030,SÃO PAULO,3550308,SP,lucas.campana@hotmail.com,,"Não, a Cozinha encontra-se paralisada, sem atividade",3 vezes por semana,Habilitada,"Mulheres, Jovens, Crianças, Idosos, População LGBTQIA+, Pessoas em situação de rua, Outros grupos de pessoas em situação de vulnerabilidade social",2,120,-23.6579270,-46.7285414
CS018017,ASSOCIAÇÃO EVANGÉLICA DE MULUNGU,"SANTA INES, 542",Centro,62764-000,MULUNGU,2309102,CE,obas_ong@yahoo.com.br,07.336.217/0001-16,"Sim, está funcionando normalmente",5 vezes por semana,Habilitada,"Famílias beneﬁciárias do Programa Bolsa Família e famílias inscritas no Cadastro Único , Outros grupos de pessoas em situação de vulnerabilidade social",176,88,-4.3023897,-38.9934794
CS018119,COZINHA SOLIDÁRIA ANCESTRAL FILHOS DA TERRA,"Avenida Campo Mourão, QUADRA 77 LOTE 19",Guaratiba,23031-080,RIO DE JANEIRO,3304557,RJ,cozinhafilhosdaterra@gmail.com,58.196.837/0001-38,"Sim, está funcionando normalmente",Quinzenalmente,Habilitada,"Mulheres, Crianças, Idosos, Pessoas em situação de rua, Pessoas e famílias atingidas por situações de emergência ou calamidade pública, Outros grupos de pessoas em situação de vulnerabilidade social",480,5,-22.9622272,-43.6050691
CS018154,COZINHA PLENA,"Rua REFINARIA PRESIDENTE BERNARDES, 238",Vila Antonieta,03475-000,SÃO PAULO,3550308,SP,ccavivamentopleno@gmail.com,07.138.056/0001-56,Está funcionando com carga horária reduzida,2 vezes por semana,Habilitada,"Mulheres, Jovens, Crianças, Idosos, População LGBTQIA+, Trabalhadores informais diversos (Motoristas de aplicativos, motoboys, serventes ou outros), Pessoas em situação de rua, Famílias beneﬁciárias do Programa Bolsa Família e famílias inscritas no Cadastro Único , Povos e comunidades tradicionais (indígenas, quilombolas, ribeirinhos, etc.), Pessoas e famílias atingidas por situações de emergência ou calamidade pública, Imigrantes, Outros grupos de pessoas em situação de vulnerabilidade social",505,375,-23.5736523,-46.5185403
CS017938,ASSOCIAÇÃO BENEFICENTE RECRIANDO A VIDA DE ERECHIM,"Rua João Paulo I, 585",Três Vendas,99700-000,ERECHIM,4307005,RS,andreiameirelesam@gmail.com,20.803.114/0001-87,"Sim, está funcionando normalmente",6 vezes por semana,Habilitada,"Jovens, Crianças, Pessoas em situação de rua, Famílias beneﬁciárias do Programa Bolsa Família e famílias inscritas no Cadastro Único , Pessoas e famílias atingidas por situações de emergência ou calamidade pública, Imigrantes, Outros grupos de pessoas em situação de vulnerabilidade social",565,200,-27.6477546,-52.2991797
CS018040,ASSOCIAÇÃO COMUNITÁRIA DO VALE DO CANDEIA,"Travessa Capitão Porfirio, 69",CANDEIA SÃO SEBASTIÃO,62760-000,BATURITÉ,2302107,CE,obas_ong@yahoo.com.br,07.336.472/0001-69,"Sim, está funcionando normalmente",5 vezes por semana,Habilitada,"Famílias beneﬁciárias do Programa Bolsa Família e famílias inscritas no Cadastro Único , Outros grupos de pessoas em situação de vulnerabilidade social",176,88,-4.2898382,-38.8265717
CS018056,ASSOCIAÇÃO COMUNITÁRIA UNIÃO DOS AGRICULTORES DO SÍTIO JORDÃO,"SÍTIO JORDÃO, ZONA RURAL, N/N",JORDÃO,62760-000,BATURITÉ,2302107,CE,obas_ong@yahoo.com.br,03.765.118/0001-07,"Sim, está funcionando normalmente",5 vezes por semana,Habilitada,"Famílias beneﬁciárias do Programa Bolsa Família e famílias inscritas no Cadastro Único , Outros grupos de pessoas em situação de vulnerabilidade social",176,88,-4.3395381,-38.8913588
CS018160,COZINHA CAEDD,"Rua José Segundo Moura, 124",Guarapes,59280-000,MACAÍBA,2407104,RN,ctemacaiba1989@gmail.com,24.365.611/0001-00,"Sim, está funcionando normalmente",6 vezes por semana,Habilitada,"Pessoas em situação de rua, Famílias beneﬁciárias do Programa Bolsa Família e famílias inscritas no Cadastro Único , Outros grupos de pessoas em situação de vulnerabilidade social",135,150,-5.8413863,-35.2861023
CS017651,COZINHA SOLIDÁRIA DO CESPP,"Avenida Governador ROberto Silveira, 472",Campo do Prado,28680-000,CACHOEIRAS DE MACACU,3300803,RJ,neiatrabalho@gmail.com,27.789.197/0001-46,Está funcionando com carga horária reduzida,5 vezes por semana,Habilitada,"Mulheres, Jovens, Crianças, Idosos, Pessoas em situação de rua, Famílias beneﬁciárias do Programa Bolsa Família e famílias inscritas no Cadastro Único , Povos e comunidades tradicionais (indígenas, quilombolas, ribeirinhos, etc.), Pessoas e famílias atingidas por situações de emergência ou calamidade pública, Grupo específico vinculado a determinada localidade, atividade, serviço ou movimento, Outros grupos de pessoas em situação de vulnerabilidade social",370,600,-22.4600187,-42.6528350
CS017140,COZINHA RAIZ DE JESSE,"AV CAPITAO-MOR PERO DE GOIS, 195",VILA PRIMAVERA,03389-100,SÃO PAULO,3550308,SP,machadonovaesluana@gmail.com,35.591.715/0001-40,"Sim, está funcionando normalmente",1 vez por semana,Habilitada,"Mulheres, Jovens, Crianças, Idosos, População LGBTQIA+, Agricultores Familiares e Campesinos, Trabalhadores informais diversos (Motoristas de aplicativos, motoboys, serventes ou outros), Pessoas em situação de rua, Famílias beneﬁciárias do Programa Bolsa Família e famílias inscritas no Cadastro Único , Povos e comunidades tradicionais (indígenas, quilombolas, ribeirinhos, etc.), Pessoas e famílias atingidas por situações de emergência ou calamidade pública, Imigrantes, Assentados da Reforma Agrária, Grupo específico vinculado a determinada localidade, atividade, serviço ou movimento, Outros grupos de pessoas em situação de vulnerabilidade social",885,300,-23.5885459,-46.5250914
CS014710,COZINHA SOLIDÁRIA ITC POLO BRASILÂNDIA,"Rua Luiz Faccini, 548",Vila Teresinha,02853-040,SÃO PAULO,3550308,SP,contatositc@gmail.com,17.793.389/0001-72,"Sim, está funcionando normalmente",1 vez por semana,Habilitada,"Mulheres, Jovens, Crianças, Idosos, Trabalhadores informais diversos (Motoristas de aplicativos, motoboys, serventes ou outros), Pessoas em situação de rua, Famílias beneﬁciárias do Programa Bolsa Família e famílias inscritas no Cadastro Único , Povos e comunidades tradicionais (indígenas, quilombolas, ribeirinhos, etc.), Pessoas e famílias atingidas por situações de emergência ou calamidade pública, Outros grupos de pessoas em situação de vulnerabilidade social",232,115,-23.4574220,-46.6979660
CS017821,TEMPEROS E SABORES DA TERRA,"Sítio Jacaré, s/n, s/n",ZONA RURAL,57620-000,IGACI,2703106,AL,ugmaagra@yahoo.com.br,08.027.418/0001-02,"Sim, está funcionando normalmente",Somente em dia de eventos,Habilitada,"Mulheres, Jovens, Crianças, Agricultores Familiares e Campesinos, Grupo específico vinculado a determinada localidade, atividade, serviço ou movimento",100,50,-9.5376138,-36.6305904
CS018198,APDRG-ASSOCIAÇAO PROL-DESENVOLVIMENTO RURAL DE GUARIBAS,"SITIO GUARIBAS, S/N",ZONA RURAL,63138-500,CRATO,2304202,CE,ASSOCIACAOGUARIBAS@GMAIL.COM,03.881.481/0001-80,"Sim, está funcionando normalmente",5 vezes por semana,Habilitada,"Famílias beneﬁciárias do Programa Bolsa Família e famílias inscritas no Cadastro Único , Outros grupos de pessoas em situação de vulnerabilidade social",200,100,-7.2299572,-39.4122984
CS017163,AJEUM TIA IRANI E SR CARAZINHO,"Rua Três, 14",Rocinha,22451-570,RIO DE JANEIRO,3304557,RJ,csecrprojeto@gmail.com,10.828.584/0001-41,Está funcionando com carga horária reduzida,3 vezes por semana,Habilitada,"Mulheres, Crianças, Idosos, População LGBTQIA+, Trabalhadores informais diversos (Motoristas de aplicativos, motoboys, serventes ou outros), Pessoas em situação de rua, Famílias beneﬁciárias do Programa Bolsa Família e famílias inscritas no Cadastro Único , Imigrantes, Grupo específico vinculado a determinada localidade, atividade, serviço ou movimento, Outros grupos de pessoas em situação de vulnerabilidade social",107,150,-22.8787349,-43.2292543
CS018204,ASSOCIAÇÃO DE MORADORES ARTISTAS E COMERCIANTES DO BAIRRO ALTO DO ROSÁRIO,"RUA BEATRIZ PEREIRA FEITOSA, 78",ALTO DO ROSARIO,63180-000,BARBALHA,2301901,CE,bezzerafurtado@gmail.com,11.027.396/0001-87,"Sim, está funcionando normalmente",5 vezes por semana,Habilitada,"Famílias beneﬁciárias do Programa Bolsa Família e famílias inscritas no Cadastro Único , Outros grupos de pessoas em situação de vulnerabilidade social",180,100,-7.3161519,-39.3089485
CS018226,ASSOCIAÇÃO DE MORADORES DO  DISTRITO HORIZONTE,"RUA JOSÉ DIAS, 57",HORIZONTE,63290-000,JARDIM,2307106,CE,SLAURILUCIA@YAHOO.COM.BR,41.338.435/0001-28,"Sim, está funcionando normalmente",5 vezes por semana,Habilitada,"Famílias beneﬁciárias do Programa Bolsa Família e famílias inscritas no Cadastro Único , Outros grupos de pessoas em situação de vulnerabilidade social",200,100,-7.5874736,-39.2771431
CS018238,ASSOCIAÇÃO MÃOS ENSANGUENTADAS DE JESUS,"RUA SANTO ANTONIO, 152",CENTRO,63290-000,JARDIM,2307106,CE,AMEJ.CANALDEGRACAS@GMAIL.COM,14.011.402/0001-04,"Sim, está funcionando normalmente",5 vezes por semana,Habilitada,"Mulheres, Jovens, Crianças, Pessoas em situação de rua, Famílias beneﬁciárias do Programa Bolsa Família e famílias inscritas no Cadastro Único , Outros grupos de pessoas em situação de vulnerabilidade social",250,100,-7.5869078,-39.2763183
CS017497,ESTRELA NA COZINHA/INSTITUTO ESTRELA AZUL,"Rua Caiçara, 15",Santa Amélia,26115-430,BELFORD ROXO,3300456,RJ,iteaazul@gmail.com,30.920.881/0001-20,Está funcionando com carga horária reduzida,2 vezes por semana,Habilitada,"Mulheres, Jovens, Crianças, Idosos, População LGBTQIA+, Trabalhadores informais diversos (Motoristas de aplicativos, motoboys, serventes ou outros), Pessoas em situação de rua, Famílias beneﬁciárias do Programa Bolsa Família e famílias inscritas no Cadastro Único , Pessoas e famílias atingidas por situações de emergência ou calamidade pública, Outros grupos de pessoas em situação de vulnerabilidade social",1250,573,-22.7442766,-43.3885195
CS018015,INSTITUTO RUAH,"Rua Divino Salvador, S/N",Centro,62770-000,PACOTI,2309805,CE,obas_ong@yahoo.com.br,43.523.552/0001-97,"Sim, está funcionando normalmente",5 vezes por semana,Habilitada,"Famílias beneﬁciárias do Programa Bolsa Família e famílias inscritas no Cadastro Único , Outros grupos de pessoas em situação de vulnerabilidade social",176,88,-4.2263683,-38.9230803
CS018272,COZINHA SOLIDÁRIA SERRA,"Rua Oliem Bonfim Guimarães, 325",Nossa Senhora do Rosário,30260-640,BELO HORIZONTE,3106200,MG,cozinhasolidariamtstbh@gmail.com,,Está funcionando com carga horária reduzida,2 vezes por semana,Habilitada,"Mulheres, Jovens, Crianças, Idosos, População LGBTQIA+, Trabalhadores informais diversos (Motoristas de aplicativos, motoboys, serventes ou outros), Pessoas em situação de rua, Famílias beneﬁciárias do Programa Bolsa Família e famílias inscritas no Cadastro Único , Pessoas e famílias atingidas por situações de emergência ou calamidade pública, Grupo específico vinculado a determinada localidade, atividade, serviço ou movimento, Outros grupos de pessoas em situação de vulnerabilidade social",210,150,-19.9329050,-43.9133722
CS015425,COZINHA DO FILZAO,"Rua Dr. Rafael Parisi, 348",Americanopolis,04410-110,SÃO PAULO,3550308,SP,sousadavy52715@gmail.com,47.674.806/0001-29,"Sim, está funcionando normalmente",5 vezes por semana,Habilitada,"Mulheres, Jovens, Crianças, Idosos, População LGBTQIA+, Trabalhadores informais diversos (Motoristas de aplicativos, motoboys, serventes ou outros), Pessoas em situação de rua, Famílias beneﬁciárias do Programa Bolsa Família e famílias inscritas no Cadastro Único , Pessoas e famílias atingidas por situações de emergência ou calamidade pública, Grupo específico vinculado a determinada localidade, atividade, serviço ou movimento, Outros grupos de pessoas em situação de vulnerabilidade social",1210,450,-23.6816414,-46.6481602
CS018252,INSTITUTO PROJETO EM NOME DA FÉ-IPENF,"RUA MARIA SILVINA TAVARES, 403",MORRO DO INDIO,05873-270,SÃO PAULO,3550308,SP,kleber.barbosa@penf.ong.br,41.502.256/0001-84,"Sim, está funcionando normalmente",5 vezes por semana,Habilitada,"Mulheres, Jovens, Crianças, Idosos, População LGBTQIA+, Pessoas em situação de rua, Famílias beneﬁciárias do Programa Bolsa Família e famílias inscritas no Cadastro Único , Pessoas e famílias atingidas por situações de emergência ou calamidade pública, Imigrantes, Grupo específico vinculado a determinada localidade, atividade, serviço ou movimento, Outros grupos de pessoas em situação de vulnerabilidade social",1112,450,-23.6889544,-46.7783937
CS018156,KANTINA AGROECOLÓGICA DA JAQUEIRA,"Sítio Jaqueira - Povoado do Córrego 2, s/n",Distrito de Corta Mão,45300-000,AMARGOSA,2901007,BA,aajaqueira.compras@gmail.com,39.926.376/0001-67,"Sim, está funcionando normalmente",5 vezes por semana,Habilitada,"Pessoas em situação de rua, Famílias beneﬁciárias do Programa Bolsa Família e famílias inscritas no Cadastro Único , Pessoas e famílias atingidas por situações de emergência ou calamidade pública, Grupo específico vinculado a determinada localidade, atividade, serviço ou movimento, Outros grupos de pessoas em situação de vulnerabilidade social",670,250,-13.0720072,-39.5028511
CS016332,COZINHA DA ONG AICC,"Rua Edmilson Bezerra de Mendonça, 558, 558",Aldeia Park,62870-000,PACAJUS,2309607,CE,ongaicc@gmail.com,08.612.978/0001-16,"Sim, está funcionando normalmente",5 vezes por semana,Habilitada,"Mulheres, Jovens, Crianças, Idosos, Famílias beneﬁciárias do Programa Bolsa Família e famílias inscritas no Cadastro Único , Grupo específico vinculado a determinada localidade, atividade, serviço ou movimento, Outros grupos de pessoas em situação de vulnerabilidade social",416,100,-4.1801126,-38.4594966
CS018263,COZINHA SOLIDÁRIA ONG ROSA DE SARON,"Avenida Augusto dos anjos, 1334",Bonsucesso,60542-164,FORTALEZA,2304400,CE,ongrosadesaron@hotmail.com,41.173.335/0001-99,"Sim, está funcionando normalmente",5 vezes por semana,Habilitada,"Mulheres, Jovens, Crianças, Idosos, Pessoas em situação de rua, Outros grupos de pessoas em situação de vulnerabilidade social",50,110,-3.7783465,-38.5776812
CS018109,COZINHA MARIA DA BARRA,"Rua Manoel  Bione de Araujo, 10 B",Vera Cruz,54786-380,CAMARAGIBE,2603454,PE,cozinhamariadabarra@gmail.com,,Está funcionando com carga horária reduzida,1 vez por semana,Habilitada,"Mulheres, Jovens, Crianças, Idosos, População LGBTQIA+, Trabalhadores informais diversos (Motoristas de aplicativos, motoboys, serventes ou outros), Pessoas em situação de rua, Famílias beneﬁciárias do Programa Bolsa Família e famílias inscritas no Cadastro Único , Povos e comunidades tradicionais (indígenas, quilombolas, ribeirinhos, etc.), Outros grupos de pessoas em situação de vulnerabilidade social",300,250,-7.9574318,-35.0073211
CS014843,COZINHA SOLIDARIA JULIA FERREIRA,"Rua sao pedro, 206",Mondubim,60752-285,FORTALEZA,2304400,CE,Anageliaferreira@gmail.com,,"Sim, está funcionando normalmente",5 vezes por semana,Habilitada,"Mulheres, Pessoas em situação de rua, Famílias beneﬁciárias do Programa Bolsa Família e famílias inscritas no Cadastro Único , Outros grupos de pessoas em situação de vulnerabilidade social",110,150,-3.8259555,-38.5680554
CS014758,COZINHA SOLIDÁRIA AMPARO AO PRÓXIMO,"Rua Francisco Enes, 230",Penha Circular,21011-420,RIO DE JANEIRO,3304557,RJ,contato@amparoaoproximo.org.br,31.059.075/0001-71,"Sim, está funcionando normalmente",3 vezes por semana,Habilitada,"Mulheres, Jovens, Crianças, Idosos, População LGBTQIA+, Pessoas em situação de rua, Outros grupos de pessoas em situação de vulnerabilidade social",250,400,-22.8317115,-43.2866799
CS016053,MARMITINHAS DOS AXÉS COM AMOR - INTECAB SP,"Rua Francisco Gomes, 120",Jardim Paraiso,02417-060,SÃO PAULO,3550308,SP,creisdogum73@gmail.com,31.918.701/0001-38,"Sim, está funcionando normalmente",4 vezes por semana,Habilitada,"Pessoas em situação de rua, Povos e comunidades tradicionais (indígenas, quilombolas, ribeirinhos, etc.), Outros grupos de pessoas em situação de vulnerabilidade social",2100,900,-23.4794006,-46.6306169
CS014590,COZINHA SOLIDÁRIA ONG ÁFRICA,"Rua General Bento Ribeiro, 01, ",Mangueira,20943-000,RIO DE JANEIRO,3304557,RJ,africaagencia@yahoo.com.br,08.748.655/0001-54,"Sim, está funcionando normalmente",3 vezes por semana,Habilitada,"Mulheres, Jovens, Crianças, Idosos, População LGBTQIA+, Pessoas em situação de rua, Famílias beneﬁciárias do Programa Bolsa Família e famílias inscritas no Cadastro Único , Povos e comunidades tradicionais (indígenas, quilombolas, ribeirinhos, etc.), Grupo específico vinculado a determinada localidade, atividade, serviço ou movimento, Outros grupos de pessoas em situação de vulnerabilidade social",810,375,-22.9023818,-43.2366989
CS016945,ESPAÇO DE EDUCAÇÃO E CULTURA MEMÓRIAS ALIMENTAM,"RUA ENRICO CARUSO, LOTE 08, QUADRA 08, 0",Guaratiba - Zona Oeste,23028-150,RIO DE JANEIRO,3304557,RJ,espacoere2019@gmail.com,,Está funcionando com carga horária reduzida,3 vezes por semana,Habilitada,"Mulheres, Jovens, Crianças, Idosos, População LGBTQIA+, Trabalhadores informais diversos (Motoristas de aplicativos, motoboys, serventes ou outros), Famílias beneﬁciárias do Programa Bolsa Família e famílias inscritas no Cadastro Único , Povos e comunidades tradicionais (indígenas, quilombolas, ribeirinhos, etc.), Grupo específico vinculado a determinada localidade, atividade, serviço ou movimento, Outros grupos de pessoas em situação de vulnerabilidade social",94,20,-22.9774076,-43.6698175
CS018334,COZINHA ÁFRICA BRASIL,"Rua Vidal de negreiros, 342",Fragata,96040-810,PELOTAS,4314407,RS,africabrasilpelotas@gmail.com,,"Sim, está funcionando normalmente",1 vez por semana,Habilitada,"Mulheres, Jovens, Crianças, Idosos, População LGBTQIA+, Pessoas em situação de rua, Famílias beneﬁciárias do Programa Bolsa Família e famílias inscritas no Cadastro Único , Povos e comunidades tradicionais (indígenas, quilombolas, ribeirinhos, etc.), Pessoas e famílias atingidas por situações de emergência ou calamidade pública, Outros grupos de pessoas em situação de vulnerabilidade social",195,100,-31.7531028,-52.3696858
CS018343,ASSOCIAÇÃO DE MORADORES DA VILA MONTE PIO COZINHA MÃOS DE FADA,"vila monte piu, S/N",ZONA RURAL,63185-000,FARIAS BRITO,2304301,CE,associacaomontepio80@gmail.com,06.744.130/0001-15,"Sim, está funcionando normalmente",5 vezes por semana,Habilitada,"Mulheres, Jovens, Crianças, Idosos, População LGBTQIA+, Famílias beneﬁciárias do Programa Bolsa Família e famílias inscritas no Cadastro Único , Pessoas e famílias atingidas por situações de emergência ou calamidade pública, Outros grupos de pessoas em situação de vulnerabilidade social",228,100,-6.8718251,-39.5278264
CS018345,ASSOCIAÇÃO DOS MORADORES DE CARIUTABA,"RUA DO COMÉRCIO, 32",CARIUTABA,63185-000,FARIAS BRITO,2304301,CE,AMOCARIUTABA@GMAIL.COM,37.079.009/0001-40,"Sim, está funcionando normalmente",5 vezes por semana,Habilitada,"Famílias beneﬁciárias do Programa Bolsa Família e famílias inscritas no Cadastro Único , Outros grupos de pessoas em situação de vulnerabilidade social",200,100,-6.8229714,-39.5239830
CS018138,COZINHA ANCESTRAL SOLIDÁRIA FRUTOS DA TERRA,"Rua Prefeito Xavier da Silveira, s/n",Marapicú - Cabuçú,26294-303,NOVA IGUAÇU,3303500,RJ,lainenery.48@gmail.com,30.158.337/0001-92,"Sim, está funcionando normalmente",Quinzenalmente,Habilitada,"Mulheres, Jovens, Crianças, Idosos, População LGBTQIA+, Pessoas em situação de rua, Outros grupos de pessoas em situação de vulnerabilidade social",400,320,-22.7921392,-43.5470897
CS018048,ASSOCIAÇÃO AGRICULTORES DA ESTRADA MUCUNÃ,"Rua Cel. Alfredo Dutra de Souza, 512",MUCUNA,62760-000,BATURITÉ,2302107,CE,obas_ong@yahoo.com.br,02.489.640/0001-32,"Sim, está funcionando normalmente",5 vezes por semana,Habilitada,"Pessoas em situação de rua, Famílias beneﬁciárias do Programa Bolsa Família e famílias inscritas no Cadastro Único , Outros grupos de pessoas em situação de vulnerabilidade social",178,88,-4.3467316,-38.8711763
CS016503,ALIMENTAR,"Rua Doutor Miguel Barcelos, 392",Centro,96015-150,PELOTAS,4314407,RS,aongalimentar@gmail.com,46.224.376/0001-80,"Sim, está funcionando normalmente",1 vez por semana,Habilitada,"Pessoas em situação de rua, Outros grupos de pessoas em situação de vulnerabilidade social",250,250,-31.7646179,-52.3353093
CS018155,INSTITUTO FÊNIX,"Passagem Helena Dias, 124",Jurunas,66030-280,BELÉM,1501402,PA,redecpsmcppa@gmail.com,08.921.160/0001-85,"Sim, está funcionando normalmente",5 vezes por semana,Habilitada,"Mulheres, Crianças, Idosos, Pessoas em situação de rua, Famílias beneﬁciárias do Programa Bolsa Família e famílias inscritas no Cadastro Único ",25,50,-1.4757732,-48.4900389
CS016988,COZINHA SOLIDÁRIA DO GEID,"Rua Romancista, 96",Freguesia Ilha do Governador,21911-170,RIO DE JANEIRO,3304557,RJ,contato@institutosreaprender.org.br,40.125.655/0001-00,"Sim, está funcionando normalmente",5 vezes por semana,Habilitada,"Mulheres, Jovens, Crianças, Idosos, População LGBTQIA+, Trabalhadores informais diversos (Motoristas de aplicativos, motoboys, serventes ou outros), Pessoas em situação de rua, Famílias beneﬁciárias do Programa Bolsa Família e famílias inscritas no Cadastro Único , Outros grupos de pessoas em situação de vulnerabilidade social",530,530,-22.7893690,-43.1706352
CS017524,VIDA COM AMOR,"Estrada de Sepetiba, 962",Cruz das Almas / Santa Cruz,23520-660,RIO DE JANEIRO,3304557,RJ,inpasbra@yahoo.com,11.950.392/0001-76,Está funcionando com carga horária reduzida,1 vez por semana,Habilitada,"Pessoas em situação de rua, Famílias beneﬁciárias do Programa Bolsa Família e famílias inscritas no Cadastro Único , Pessoas e famílias atingidas por situações de emergência ou calamidade pública, Outros grupos de pessoas em situação de vulnerabilidade social",91,50,-22.9397481,-43.6739381
CS017529,COZINHA SOLIDÁRIA FLAMENGUINHO,"rua Geraldo Bilac, 102",Pajuçara,61932-690,MARACANAÚ,2307650,CE,associacaoflameguinho@gmail.com,49.304.274/0001-63,"Sim, está funcionando normalmente",5 vezes por semana,Habilitada,"Mulheres, Jovens, Crianças, Idosos, População LGBTQIA+, Famílias beneﬁciárias do Programa Bolsa Família e famílias inscritas no Cadastro Único , Grupo específico vinculado a determinada localidade, atividade, serviço ou movimento, Outros grupos de pessoas em situação de vulnerabilidade social",201,3,-3.8594313,-38.5742936
CS015562,COZINHA ANCESTRAL PROFESSORA NELI BUENO,"Avenida Teixeira de Castro ,, 277",Ramos,21040-113,RIO DE JANEIRO,3304557,RJ,kinanbule50@gmail.com,64.005.003/0001-09,"Sim, está funcionando normalmente",5 vezes por semana,Habilitada,"Mulheres, Jovens, Crianças, Idosos, Pessoas em situação de rua, Povos e comunidades tradicionais (indígenas, quilombolas, ribeirinhos, etc.), Outros grupos de pessoas em situação de vulnerabilidade social",65,250,-22.8565833,-43.2525700
CS018030,COZINHA ANCESTRAL SOLIDÁRIA OMI GBONÃ,"Rua Benedito Coelho de Castro, 736",Fazenda Caxias,23895-260,SEROPÉDICA,3305554,RJ,aseomigbona@gmail.com,55.012.964/0001-41,"Sim, está funcionando normalmente",2 vezes por semana,Habilitada,"Mulheres, Jovens, Crianças, Idosos, População LGBTQIA+, Agricultores Familiares e Campesinos, Pessoas em situação de rua, Famílias beneﬁciárias do Programa Bolsa Família e famílias inscritas no Cadastro Único , Povos e comunidades tradicionais (indígenas, quilombolas, ribeirinhos, etc.), Pessoas e famílias atingidas por situações de emergência ou calamidade pública, Imigrantes, Assentados da Reforma Agrária, Grupo específico vinculado a determinada localidade, atividade, serviço ou movimento, Outros grupos de pessoas em situação de vulnerabilidade social",1025,400,-22.7467242,-43.7097378
CS018340,BENVINDA DE JESUS,"Rua das Giestas, 362",Vila Bela,03147-000,SÃO PAULO,3550308,SP,sirleybello@yahoo.com,31.732.410/0001-50,"Sim, está funcionando normalmente",6 vezes por semana,Habilitada,"Mulheres, Jovens, Crianças, Idosos, População LGBTQIA+, Pessoas em situação de rua, Famílias beneﬁciárias do Programa Bolsa Família e famílias inscritas no Cadastro Único ",410,400,-23.5954412,-46.5763734
CS018411,COMIDA PARA QUEM TEM FOME,"Rua Belchior de Godói, 142",Vila Dalila,03522-070,SÃO PAULO,3550308,SP,corporacaoalianca.ong@gmail.com,08.448.256/0001-78,"Sim, está funcionando normalmente",6 vezes por semana,Habilitada,"Mulheres, Jovens, Crianças, Idosos, Pessoas em situação de rua, Pessoas e famílias atingidas por situações de emergência ou calamidade pública, Outros grupos de pessoas em situação de vulnerabilidade social",360,400,-23.5458445,-46.5179870
CS018423,ASSOCIAÇÃO UNIÃO DE AMIGOS DO JARDIM SÃO FRANCISCO E JD RODOLFO PIRANE,"Av. Waldemar Tietz, 1662",Conj. Hab. Padre José de Anchieta,03589-001,SÃO PAULO,3550308,SP,associacaouarpf@gmail.com,97.334.783/0001-81,"Sim, está funcionando normalmente",5 vezes por semana,Habilitada,"Mulheres, Crianças, Idosos, Pessoas em situação de rua, Famílias beneﬁciárias do Programa Bolsa Família e famílias inscritas no Cadastro Único , Povos e comunidades tradicionais (indígenas, quilombolas, ribeirinhos, etc.), Pessoas e famílias atingidas por situações de emergência ou calamidade pública, Outros grupos de pessoas em situação de vulnerabilidade social",157,153,-23.5521767,-46.4840141
CS018165,COZINHA SUSTENTÁVEL,"Rua Vinte Quatro de Maio, 911",Engenho Novo,20950-092,RIO DE JANEIRO,3304557,RJ,contatocaritas@casadecaritas.org.br,26.469.868/0001-29,"Sim, está funcionando normalmente",4 vezes por semana,Habilitada,"Pessoas em situação de rua, Famílias beneﬁciárias do Programa Bolsa Família e famílias inscritas no Cadastro Único , Pessoas e famílias atingidas por situações de emergência ou calamidade pública, Outros grupos de pessoas em situação de vulnerabilidade social",390,50,-22.9029732,-43.2674772
CS018409,COZINHA SOLIDÁRIA CONJUNTO JOSÉ EUCLIDES,"Rua D, quadra 03",Jangurussu,60877-242,FORTALEZA,2304400,CE,oficiosmtstce@gmail.com,59.878.283/0001-11,"Sim, está funcionando normalmente",6 vezes por semana,Habilitada,"Mulheres, Crianças, Idosos, Pessoas em situação de rua, Outros grupos de pessoas em situação de vulnerabilidade social",80,150,-3.8527818,-38.5166624
CS015718,COZINHA FRANCISCA VERAS,"BR 116, KM 411, AVENIDA CHÉ GUEVARA, S/N, SN",ASSENTAMENTO OZIEL ALVES PEREIRA,35055-295,GOVERNADOR VALADARES,3127701,MG,franciscaveras@cffv.org.br,07.433.252/0001-53,"Sim, está funcionando normalmente",2 vezes por semana,Habilitada,"Mulheres, Jovens, Crianças, Idosos, População LGBTQIA+, Agricultores Familiares e Campesinos, Pessoas em situação de rua, Famílias beneﬁciárias do Programa Bolsa Família e famílias inscritas no Cadastro Único , Povos e comunidades tradicionais (indígenas, quilombolas, ribeirinhos, etc.), Pessoas e famílias atingidas por situações de emergência ou calamidade pública, Assentados da Reforma Agrária, Grupo específico vinculado a determinada localidade, atividade, serviço ou movimento, Outros grupos de pessoas em situação de vulnerabilidade social",700,150,-18.8226839,-41.9874993
CS014622,COMER BEM VIVER MAIS,"Rua Doutor Siqueira Cardoso, 297",Belenzinho,03163-010,SÃO PAULO,3550308,SP,danithomaz1001@gmail.com,32.908.318/0001-61,"Sim, está funcionando normalmente",5 vezes por semana,Habilitada,"Mulheres, Jovens, Crianças, Idosos, População LGBTQIA+, Pessoas em situação de rua, Famílias beneﬁciárias do Programa Bolsa Família e famílias inscritas no Cadastro Único , Imigrantes, Outros grupos de pessoas em situação de vulnerabilidade social",175,400,-23.5467090,-46.5960740
CS017719,COZINHA SOLIDÁRIA ANCESTRAL PROJETO AXÉ BAMBUZAL,"Rua Cardeal Saraiva, 116",Bom Retiro,24726-050,SÃO GONÇALO,3304904,RJ,docsecretariaaxebambuzal@gmail.com,44.580.277/0001-06,"Sim, está funcionando normalmente",3 vezes por semana,Habilitada,"Mulheres, Jovens, Crianças, Idosos, População LGBTQIA+, Trabalhadores informais diversos (Motoristas de aplicativos, motoboys, serventes ou outros), Pessoas em situação de rua, Famílias beneﬁciárias do Programa Bolsa Família e famílias inscritas no Cadastro Único , Povos e comunidades tradicionais (indígenas, quilombolas, ribeirinhos, etc.)",110,250,-22.7834170,-42.9564090
CS018467,MULHERES DO CERRADO,"Assentamento zumbi dos Palmares, s/n",Zona Rural,73930-000,SIMOLÂNDIA,5220686,GO,mmarieni2013@gmail.com,,"Sim, está funcionando normalmente",Quinzenalmente,Habilitada,"Mulheres, Jovens, Crianças, Idosos, População LGBTQIA+, Agricultores Familiares e Campesinos, Trabalhadores informais diversos (Motoristas de aplicativos, motoboys, serventes ou outros), Pessoas em situação de rua, Famílias beneﬁciárias do Programa Bolsa Família e famílias inscritas no Cadastro Único , Pessoas e famílias atingidas por situações de emergência ou calamidade pública, Assentados da Reforma Agrária, Grupo específico vinculado a determinada localidade, atividade, serviço ou movimento, Outros grupos de pessoas em situação de vulnerabilidade social",195,100,-14.4732767,-46.4852212
CS014823,COZINHA SOLIDÁRIA ASSOCIAÇÃO ARCANJO SÃO MIGUEL,"Rua Lindomar de Borba número 241, Quadra 241",São Miguel,93025-728,SÃO LEOPOLDO,4318705,RS,paulaaknewitz@gmail.com,53.268.386/0001-83,"Sim, está funcionando normalmente",5 vezes por semana,Habilitada,"Mulheres, Jovens, Crianças, Idosos, População LGBTQIA+, Trabalhadores informais diversos (Motoristas de aplicativos, motoboys, serventes ou outros), Pessoas em situação de rua, Famílias beneﬁciárias do Programa Bolsa Família e famílias inscritas no Cadastro Único , Pessoas e famílias atingidas por situações de emergência ou calamidade pública, Imigrantes, Outros grupos de pessoas em situação de vulnerabilidade social",820,350,-29.7594410,-51.1554260
CS018146,COZINHA CENTRO ESPÍRITA FRANCISCO DE ASSIS,"Rua Joaquim Monteiro, 343",Junco,64607-790,PICOS,2208007,PI,lumaleoncio@gmail.com,04.212.515/0001-06,"Sim, está funcionando normalmente",3 vezes por semana,Habilitada,"Mulheres, Jovens, Crianças, Idosos, Pessoas em situação de rua, Outros grupos de pessoas em situação de vulnerabilidade social",140,380,-7.0818872,-41.4292207
CS015443,COZINHA SABOR & VIDA,"Assentamento Cristina Alves, Agrovila 17 de Abril",Zona Rural,65485-000,ITAPECURU MIRIM,2105401,MA,costalimarosilene21@gmail.com,09.192.661/0001-30,"Sim, está funcionando normalmente",3 vezes por semana,Habilitada,"Mulheres, Jovens, Crianças, Idosos, População LGBTQIA+, Agricultores Familiares e Campesinos, Famílias beneﬁciárias do Programa Bolsa Família e famílias inscritas no Cadastro Único , Assentados da Reforma Agrária, Grupo específico vinculado a determinada localidade, atividade, serviço ou movimento, Outros grupos de pessoas em situação de vulnerabilidade social",185,472,-3.3937249,-44.3597809
CS017822,COZINHA COMUNITÁRIA DO CERRO-CORÁ,"rua joao de lery, 68",cosme velho,22241-290,RIO DE JANEIRO,3304557,RJ,alcilenecfigueiredo@gmail.com,,"Sim, está funcionando normalmente",2 vezes por semana,Habilitada,"Pessoas em situação de rua, Famílias beneﬁciárias do Programa Bolsa Família e famílias inscritas no Cadastro Único , Pessoas e famílias atingidas por situações de emergência ou calamidade pública, Outros grupos de pessoas em situação de vulnerabilidade social",180,200,-22.9409821,-43.2042645
CS018396,MULHERES DAS FLORES,"Passagem Santa Maria, 01",Cabanagem,66625-750,BELÉM,1501402,PA,redecpsmcppa@gmail.com,08.921.160/0001-85,"Sim, está funcionando normalmente",5 vezes por semana,Habilitada,"Mulheres, Crianças, Idosos, Pessoas em situação de rua, Famílias beneﬁciárias do Programa Bolsa Família e famílias inscritas no Cadastro Único , Outros grupos de pessoas em situação de vulnerabilidade social",165,125,-1.3617239,-48.4399739
CS018381,CRUZEIRO DO SUL,"Rua Carlos Palut, 230",Taquara,22710-310,RIO DE JANEIRO,3304557,RJ,capoeiratradicaobrasileira@gmail.com,10.379.797/0001-33,Está funcionando com carga horária reduzida,1 vez por semana,Habilitada,"Pessoas em situação de rua, Famílias beneﬁciárias do Programa Bolsa Família e famílias inscritas no Cadastro Único , Pessoas e famílias atingidas por situações de emergência ou calamidade pública, Outros grupos de pessoas em situação de vulnerabilidade social",95,60,-22.9344245,-43.3697052
CS018296,COZINHA POPULAR PÁTRIA LIVRE,"Rua Pedro Lessa, 435",Santo André,30720-580,BELO HORIZONTE,3106200,MG,associacaoamadmg@gmail.com,27.851.493/0001-20,"Sim, está funcionando normalmente",Somente em dia de eventos,Habilitada,"Mulheres, Pessoas em situação de rua, Famílias beneﬁciárias do Programa Bolsa Família e famílias inscritas no Cadastro Único , Outros grupos de pessoas em situação de vulnerabilidade social",111,40,-19.9044501,-43.9503059
CS016004,COZINHA COMUNITÁRIA INDÍGENA FULNI-Ô,"Aldeia Indígena Fulni-ô, s/n, Ponto de Cultura Fulni-ô, s/n",Aldeia Indígena Fulni-ô,55340-000,ÁGUAS BELAS,2600500,PE,yaradecruzfulnio@gmail.com,11.209.667/0001-15,"Não, a Cozinha encontra-se paralisada, sem atividade",5 vezes por semana,Habilitada,"Mulheres, Jovens, Crianças, Idosos, Famílias beneﬁciárias do Programa Bolsa Família e famílias inscritas no Cadastro Único , Povos e comunidades tradicionais (indígenas, quilombolas, ribeirinhos, etc.), Outros grupos de pessoas em situação de vulnerabilidade social",450,150,-9.1181971,-37.1229444
CS018004,PROJETO COMIDA NA MESA,"VL DANDARA DOS COCAIS, casa 11",Santa Maria da CODIPI,64000-000,TERESINA,2211001,PI,associacaocasasantadulce@gmail.com,45.821.425/0001-08,"Sim, está funcionando normalmente",5 vezes por semana,Habilitada,"Mulheres, Jovens, Crianças, Idosos, População LGBTQIA+, Pessoas em situação de rua, Famílias beneﬁciárias do Programa Bolsa Família e famílias inscritas no Cadastro Único , Outros grupos de pessoas em situação de vulnerabilidade social",580,350,-4.8876807,-42.7792821
CS017139,PROJETO FÉ & OBRAS,"Rua Balbina Blumer Hoffman, 445",Pq Virgilio Viel,13175-615,SUMARÉ,3552403,SP,projetofeeobras.sumare@gmail.com,45.147.814/0001-91,"Sim, está funcionando normalmente",1 vez por semana,Habilitada,"Mulheres, Jovens, Crianças, Idosos, População LGBTQIA+, Pessoas em situação de rua, Famílias beneﬁciárias do Programa Bolsa Família e famílias inscritas no Cadastro Único , Pessoas e famílias atingidas por situações de emergência ou calamidade pública, Outros grupos de pessoas em situação de vulnerabilidade social",590,330,-22.8140006,-47.2408295
CS018586,ALIMENTANDO O SABER,"Rua Pedro Vieira Leite, 721 - A",Parque Ecológico João Carlos II,45810-000,PORTO SEGURO,2925303,BA,senamps.projetos@gmail.com,04.643.737/0001-83,"Sim, está funcionando normalmente",5 vezes por semana,Habilitada,"Pessoas em situação de rua, Famílias beneﬁciárias do Programa Bolsa Família e famílias inscritas no Cadastro Único , Outros grupos de pessoas em situação de vulnerabilidade social",90,300,-16.4125363,-39.0901559
CS018584,ESPERANÇA QUE ALIMENTA,"Rua Abelino Cândido Medeiros, 113",São Lourenço,45992-129,TEIXEIRA DE FREITAS,2931350,BA,inst.a.esperanca.projetos@gmail.com,48.175.342/0001-79,"Sim, está funcionando normalmente",4 vezes por semana,Habilitada,"Mulheres, Jovens, Crianças, Idosos, Pessoas em situação de rua, Famílias beneﬁciárias do Programa Bolsa Família e famílias inscritas no Cadastro Único , Outros grupos de pessoas em situação de vulnerabilidade social",130,400,-17.5471257,-39.7433764
CS018571,FAZER O BEM SEM OLHAR A QUEM,"PRACA EDUARDO RUDGE, 40",PARI,03625-000,SÃO PAULO,3550308,SP,ANGELSINSTITUTO1@GMAIL.COM,03.526.323/0001-01,"Sim, está funcionando normalmente",6 vezes por semana,Habilitada,"Mulheres, Jovens, Crianças, População LGBTQIA+, Pessoas em situação de rua, Pessoas e famílias atingidas por situações de emergência ou calamidade pública, Imigrantes, Outros grupos de pessoas em situação de vulnerabilidade social",355,200,-23.5312341,-46.6157389
CS017331,COZINHA SOLIDARIA DONA GE,"Avenida Roma, 421",Bonsucesso,21041-060,RIO DE JANEIRO,3304557,RJ,gomesgerlandia227@gmail.com,08.505.223/0001-12,Está funcionando com carga horária reduzida,Uma vez ao mês,Habilitada,"Mulheres, Jovens, Crianças, Idosos, População LGBTQIA+, Pessoas em situação de rua, Famílias beneﬁciárias do Programa Bolsa Família e famílias inscritas no Cadastro Único , Outros grupos de pessoas em situação de vulnerabilidade social",340,200,-22.8641586,-43.2506479
CS018440,COZINHA ESCOLA INSTITUTO PRAC,"Avenida Ipê Roxo, 282",Itaim Paulista,08140-200,SÃO PAULO,3550308,SP,institutoprac@gmail.com,07.075.893/0001-83,"Sim, está funcionando normalmente",5 vezes por semana,Habilitada,"Mulheres, Jovens, Crianças, Idosos, População LGBTQIA+, Trabalhadores informais diversos (Motoristas de aplicativos, motoboys, serventes ou outros), Pessoas em situação de rua, Famílias beneﬁciárias do Programa Bolsa Família e famílias inscritas no Cadastro Único , Pessoas e famílias atingidas por situações de emergência ou calamidade pública, Imigrantes, Outros grupos de pessoas em situação de vulnerabilidade social",284,220,-23.5067933,-46.4008015
CS015583,COZINHA MARIA DE ARNOBIO,"TRAVESSA JOSÉ DE OLIVEIRA FONTES, 364",DEZ-CENTRO,57445-000,SÃO JOSÉ DA TAPERA,2708402,AL,NUNESJAILSON819@GMAIL.COM,47.345.740/0001-23,"Sim, está funcionando normalmente",2 vezes por semana,Habilitada,"Mulheres, Jovens, Crianças, Idosos, População LGBTQIA+, Agricultores Familiares e Campesinos, Trabalhadores informais diversos (Motoristas de aplicativos, motoboys, serventes ou outros), Pessoas em situação de rua, Famílias beneﬁciárias do Programa Bolsa Família e famílias inscritas no Cadastro Único , Povos e comunidades tradicionais (indígenas, quilombolas, ribeirinhos, etc.), Pessoas e famílias atingidas por situações de emergência ou calamidade pública, Grupo específico vinculado a determinada localidade, atividade, serviço ou movimento, Outros grupos de pessoas em situação de vulnerabilidade social",1494,2,-9.5548775,-37.3766441
CS018607,COZINHA SOCIAL COMIDA D'HORA,"Rua08,160, 160",Jandaiguaba,61615-724,CAUCAIA,2303709,CE,cj02102015@gmail.com,,"Sim, está funcionando normalmente",5 vezes por semana,Habilitada,"Idosos, Pessoas em situação de rua, Famílias beneﬁciárias do Programa Bolsa Família e famílias inscritas no Cadastro Único , Povos e comunidades tradicionais (indígenas, quilombolas, ribeirinhos, etc.), Outros grupos de pessoas em situação de vulnerabilidade social",102,100,-3.6854997,-38.6582511
CS018624,ASSOCIAÇÃO DOS MORADORES DO PARQUE ALBANO-AMPA,"RUA OLAVO BILAC, 611",PARQUE ALBANO,61645-340,CAUCAIA,2303709,CE,kettemarta@gmail.com,23.497.761/0001-04,"Sim, está funcionando normalmente",6 vezes por semana,Habilitada,"Famílias beneﬁciárias do Programa Bolsa Família e famílias inscritas no Cadastro Único , Outros grupos de pessoas em situação de vulnerabilidade social",116,100,-3.7556083,-38.6124184
CS018237,AMIGOS DA SOPA FLORIPA,"Sc 405, s/n",Rio Tavares,88063-700,FLORIANÓPOLIS,4205407,SC,amigosdasopafloripa@gmail.com,,"Sim, está funcionando normalmente",1 vez por semana,Habilitada,"Mulheres, Crianças, Pessoas em situação de rua, Famílias beneﬁciárias do Programa Bolsa Família e famílias inscritas no Cadastro Único , Outros grupos de pessoas em situação de vulnerabilidade social",530,270,-27.6806481,-48.5097282
CS018365,ADIC,"Rua Joaquim Alves, 120",Alecrim,59040-080,NATAL,2408102,RN,adicrn@gmail.com,07.708.428/0001-32,"Sim, está funcionando normalmente",5 vezes por semana,Habilitada,"Mulheres, Jovens, Crianças, Idosos, Pessoas em situação de rua",5,250,-5.7884779,-35.2145465
CS018242,MUNDO NOVO,"Rua caapoboxi 44, 44",Jardim lourdes,08452-385,SÃO PAULO,3550308,SP,abcmundonovo.ong@gmail.com,06.262.150/0001-50,"Sim, está funcionando normalmente",5 vezes por semana,Habilitada,"Mulheres, Jovens, Crianças, Idosos, População LGBTQIA+, Pessoas em situação de rua, Famílias beneﬁciárias do Programa Bolsa Família e famílias inscritas no Cadastro Único , Outros grupos de pessoas em situação de vulnerabilidade social",2162,650,-23.5293173,-46.3981005
CS018665,INSTITUTO AMIGOS DA SOPA DE ALAGOAS,"Rua Allan Kardec nº 001 - Loteamento Terra de Antars, S/N",Antares,57048-270,MACEIÓ,2704302,AL,contato@amigosdasopa.org,25.243.955/0001-09,"Sim, está funcionando normalmente",6 vezes por semana,Habilitada,"Mulheres, Jovens, Crianças, Idosos, Pessoas em situação de rua, Famílias beneﬁciárias do Programa Bolsa Família e famílias inscritas no Cadastro Único , Outros grupos de pessoas em situação de vulnerabilidade social",2640,800,-9.5697630,-35.7424604
CS018580,ILÊ AXÉ OMÒ ORÃ XAXARÁ DE PRATA,"DF 130 km 05 Núcleo Rural Sítios Agrovale chácara 04, 04",Planaltina,73370-991,BRASÍLIA,5300108,DF,xaxaraomoora@gmail.com,14.068.677/0001-76,Está funcionando com carga horária reduzida,3 vezes por semana,Habilitada,"Mulheres, Jovens, Crianças, Idosos, População LGBTQIA+, Pessoas em situação de rua, Famílias beneﬁciárias do Programa Bolsa Família e famílias inscritas no Cadastro Único , Povos e comunidades tradicionais (indígenas, quilombolas, ribeirinhos, etc.), Pessoas e famílias atingidas por situações de emergência ou calamidade pública, Outros grupos de pessoas em situação de vulnerabilidade social",1220,1000,-15.7698970,-47.6528619
CS018696,IFA COZINHA SOLIDARIA,"Rua Américo Rocha Lima, 569",Manoel Sátiro,60713-240,FORTALEZA,2304400,CE,jaydson_spfc@hotmail.com,43.009.313/0001-13,"Sim, está funcionando normalmente",5 vezes por semana,Habilitada,"Mulheres, Jovens, Crianças, Idosos, População LGBTQIA+, Pessoas em situação de rua, Famílias beneﬁciárias do Programa Bolsa Família e famílias inscritas no Cadastro Único , Outros grupos de pessoas em situação de vulnerabilidade social",410,200,-3.7991161,-38.5801524
CS018476,DAYSOCA NA SOCIAL,"Rua Humberto de Campos, 95",Leblon,22430-190,RIO DE JANEIRO,3304557,RJ,universodasfestas5@gmail.com,,"Sim, está funcionando normalmente",Quinzenalmente,Habilitada,"Mulheres, Jovens, Crianças, Idosos, Pessoas em situação de rua, Famílias beneﬁciárias do Programa Bolsa Família e famílias inscritas no Cadastro Único , Pessoas e famílias atingidas por situações de emergência ou calamidade pública, Outros grupos de pessoas em situação de vulnerabilidade social",110,60,-22.9818102,-43.2163983
CS018699,ONG CANTO DO ENCANTO,"Rua Trinta, 78",JARDIM SÃO BERNADINO,08695-860,SUZANO,3552502,SP,vandafrrr5@gmail.com,46.405.388/0001-01,Está funcionando com carga horária reduzida,2 vezes por semana,Habilitada,"Mulheres, Jovens, Crianças, Idosos, População LGBTQIA+, Pessoas em situação de rua, Famílias beneﬁciárias do Programa Bolsa Família e famílias inscritas no Cadastro Único , Outros grupos de pessoas em situação de vulnerabilidade social",102,500,-23.4950388,-46.3170963
CS018618,ALIMENTO PARA TODOS - CASA DO PAI CHICO,"Rua Imaculada Conceição, 229",Rebouças,80215-030,CURITIBA,4106902,PR,casadopaichico@gmail.com,32.226.202/0001-42,"Sim, está funcionando normalmente",2 vezes por semana,Habilitada,"Pessoas em situação de rua, Outros grupos de pessoas em situação de vulnerabilidade social",2000,200,-25.4427652,-49.2555720
CS018641,COZINHA AMOR,"Avenida Desembargador Maynard, 654",Cirurgia,49055-210,ARACAJU,2800308,SE,diretoria@gacc-se.org.br,03.628.747/0001-87,"Sim, está funcionando normalmente",5 vezes por semana,Habilitada,"Mulheres, Jovens, Crianças, Famílias beneﬁciárias do Programa Bolsa Família e famílias inscritas no Cadastro Único , Grupo específico vinculado a determinada localidade, atividade, serviço ou movimento, Outros grupos de pessoas em situação de vulnerabilidade social",45,25,-10.9184681,-37.0635238
CS018549,FAZER O BEM A QUEM NÃO TEM,"Avenida Dário Lopes dos Santos, 822",Jardim Botânico,80210-010,CURITIBA,4106902,PR,fazerobemaquemnaotem@gmail.com,23.981.100/0001-41,"Sim, está funcionando normalmente",1 vez por semana,Habilitada,"Pessoas em situação de rua, Famílias beneﬁciárias do Programa Bolsa Família e famílias inscritas no Cadastro Único , Imigrantes, Grupo específico vinculado a determinada localidade, atividade, serviço ou movimento, Outros grupos de pessoas em situação de vulnerabilidade social",570,350,-25.4362658,-49.2535423
CS018579,ASSOCIAÇÃO TEMPLO CULTURAL SOCIAL RELIGIOSO ILÊ ASÉ OSUM OBALUAYÊ OGUM,"AVENIDA ANTÔNIO SOARES AMARAL DO FARTO, 77",JARDIM BELA VISTA,16506-024,CAFELÂNDIA,3508801,SP,pai_ogun@hotmail.com,45.315.883/0001-67,"Sim, está funcionando normalmente",5 vezes por semana,Habilitada,"Mulheres, Jovens, Crianças, Idosos, População LGBTQIA+, Pessoas em situação de rua, Povos e comunidades tradicionais (indígenas, quilombolas, ribeirinhos, etc.), Pessoas e famílias atingidas por situações de emergência ou calamidade pública, Imigrantes, Outros grupos de pessoas em situação de vulnerabilidade social",231,150,-21.8036309,-49.5973211
CS016716,COZINHA SOLIDÁRIA DE BOTAFOGO E HUMAITA,"Rua São Clemente, 155",Botafogo,22260-003,RIO DE JANEIRO,3304557,RJ,cozinhasolidariabotafogo@gmail.com,,"Sim, está funcionando normalmente",4 vezes por semana,Habilitada,"Pessoas em situação de rua, Povos e comunidades tradicionais (indígenas, quilombolas, ribeirinhos, etc.), Outros grupos de pessoas em situação de vulnerabilidade social",150,50,-22.9505878,-43.1869141
CS018321,COZINHA ANCESTRAL SOLIDÁRIA AJUDANDO A QUEM PRECISA,"Travessa Luís dos Santos, 12",Madureira,21310-040,RIO DE JANEIRO,3304557,RJ,cozinhasolidariaajudando@gmail.com,,Está funcionando com carga horária reduzida,1 vez por semana,Habilitada,"Mulheres, Jovens, Crianças, Idosos, População LGBTQIA+, Trabalhadores informais diversos (Motoristas de aplicativos, motoboys, serventes ou outros), Pessoas em situação de rua, Pessoas e famílias atingidas por situações de emergência ou calamidade pública, Outros grupos de pessoas em situação de vulnerabilidade social",300,200,-22.8772770,-43.3466110
CS014800,COZINHA DA ASSOCIAÇÃO DE CATADORES DE MATERIAIS RECICLÁVEIS NOVO AMANHECER,"RUA LUIZ VALENZA, 163",Cidade Industrial de Curitiba,81350-080,CURITIBA,4106902,PR,acmrna@hotmail.com,05.685.690/0001-83,"Sim, está funcionando normalmente",5 vezes por semana,Habilitada,"Mulheres, Famílias beneﬁciárias do Programa Bolsa Família e famílias inscritas no Cadastro Único , Grupo específico vinculado a determinada localidade, atividade, serviço ou movimento, Outros grupos de pessoas em situação de vulnerabilidade social",61,35,-25.4921391,-49.3329933
CS018636,COZINHA UM FUTURO MELHOR,"Rua: Pedestre D., 149",Jurema - Conjunto Guadalajara,61648-040,CAUCAIA,2303709,CE,junimalves08@hotmail.com,,"Sim, está funcionando normalmente",5 vezes por semana,Habilitada,"Mulheres, Jovens, Idosos, Pessoas em situação de rua, Famílias beneﬁciárias do Programa Bolsa Família e famílias inscritas no Cadastro Único , Outros grupos de pessoas em situação de vulnerabilidade social",203,100,-3.7583071,-38.6186867
CS018589,COZINHA SOLIDÁRIA PAZ E BEM SANITAS,"Rua Júlia Vasconcelos., 199",São Joao do Tauape,60120-320,FORTALEZA,2304400,CE,sanitasinstituto@gmail.com,13.983.070/0001-59,"Sim, está funcionando normalmente",5 vezes por semana,Habilitada,"Mulheres, Jovens, Crianças, Idosos, População LGBTQIA+, Trabalhadores informais diversos (Motoristas de aplicativos, motoboys, serventes ou outros), Pessoas em situação de rua, Famílias beneﬁciárias do Programa Bolsa Família e famílias inscritas no Cadastro Único , Povos e comunidades tradicionais (indígenas, quilombolas, ribeirinhos, etc.), Outros grupos de pessoas em situação de vulnerabilidade social",171,300,-3.7571777,-38.5066343
CS015306,COZINHA SOLIDÁRIA DO IAFFA,"Avenida João Pessoa, 367-C",Jordoa,65040-000,SÃO LUÍS,2111300,MA,institutoiaffama@gmail.com,35.349.054/0001-41,"Sim, está funcionando normalmente",7 vezes por semana,Habilitada,"Mulheres, Jovens, Crianças, Idosos, Pessoas em situação de rua, Famílias beneﬁciárias do Programa Bolsa Família e famílias inscritas no Cadastro Único , Povos e comunidades tradicionais (indígenas, quilombolas, ribeirinhos, etc.), Imigrantes, Outros grupos de pessoas em situação de vulnerabilidade social",1050,400,-2.5490933,-44.2657469
CS018701,COZINHA SOLIDÁRIA APJ,"Rua Doutor Manoel Esteves, 350",Centro,39800-090,TEÓFILO OTONI,3168606,MG,secretariageralapjuntos@hotmail.com,22.057.335/0001-89,"Sim, está funcionando normalmente",5 vezes por semana,Habilitada,"Pessoas em situação de rua, Famílias beneﬁciárias do Programa Bolsa Família e famílias inscritas no Cadastro Único , Povos e comunidades tradicionais (indígenas, quilombolas, ribeirinhos, etc.), Grupo específico vinculado a determinada localidade, atividade, serviço ou movimento, Outros grupos de pessoas em situação de vulnerabilidade social",2050,1000,-17.8663896,-41.5076763
CS018720,COZINHA SOLIDÁRIA AÇÃO DA CIDADANIA,"Rua da Gamboa, 98",Santo Cristo,20220-680,RIO DE JANEIRO,3304557,RJ,jeniffer@acaodacidadania.org.br,00.346.076/0001-73,"Sim, está funcionando normalmente",5 vezes por semana,Habilitada,"Mulheres, Jovens, Crianças, Idosos, População LGBTQIA+, Pessoas em situação de rua, Famílias beneﬁciárias do Programa Bolsa Família e famílias inscritas no Cadastro Único , Povos e comunidades tradicionais (indígenas, quilombolas, ribeirinhos, etc.), Pessoas e famílias atingidas por situações de emergência ou calamidade pública, Imigrantes, Grupo específico vinculado a determinada localidade, atividade, serviço ou movimento, Outros grupos de pessoas em situação de vulnerabilidade social",700,1000,-22.8994623,-43.1980914
CS018526,AMIGO SOLIDÁRIO FLORIPA,"General Vieira da rosa, 610",Monte serrat,88020-420,FLORIANÓPOLIS,4205407,SC,solidariofloripa@gmail.com,,"Sim, está funcionando normalmente",Quinzenalmente,Habilitada,"Pessoas em situação de rua, Imigrantes, Outros grupos de pessoas em situação de vulnerabilidade social",300,300,-27.5946936,-48.5381096
CS017513,COZINHA ANCESTRAL SOLIDÁRIA DE MARIA,"Rua Floresta do Sul, 17A/16",Guaratiba,23028-512,RIO DE JANEIRO,3304557,RJ,institutoaxemulher@gmail.com,42.516.892/0001-28,"Sim, está funcionando normalmente",2 vezes por semana,Habilitada,"Mulheres, Jovens, Crianças, Idosos, População LGBTQIA+, Famílias beneﬁciárias do Programa Bolsa Família e famílias inscritas no Cadastro Único , Povos e comunidades tradicionais (indígenas, quilombolas, ribeirinhos, etc.), Pessoas e famílias atingidas por situações de emergência ou calamidade pública, Imigrantes, Grupo específico vinculado a determinada localidade, atividade, serviço ou movimento, Outros grupos de pessoas em situação de vulnerabilidade social",1004,1437,-22.9857442,-43.6614475
CS018574,GRUPO AÇÃO SOLIDÁRIA,"Rua Goiás, 768",Campos Elíseos,14021-200,RIBEIRÃO PRETO,3543402,SP,marco.pessoa@yahoo.com.br,40.654.255/0001-92,"Sim, está funcionando normalmente",1 vez por semana,Habilitada,"Pessoas em situação de rua, Famílias beneﬁciárias do Programa Bolsa Família e famílias inscritas no Cadastro Único , Outros grupos de pessoas em situação de vulnerabilidade social",340,180,-21.1638862,-47.8074246
CS016196,BUCHO CHEIO,"Rua Pastor Antonio Pedeira, s/n",Matadouro,64003-860,TERESINA,2211001,PI,avantejuventudes@gmail.com,13.763.481/0001-39,"Sim, está funcionando normalmente",6 vezes por semana,Habilitada,"Mulheres, Jovens, Crianças, Idosos, Pessoas em situação de rua, Famílias beneﬁciárias do Programa Bolsa Família e famílias inscritas no Cadastro Único , Povos e comunidades tradicionais (indígenas, quilombolas, ribeirinhos, etc.), Pessoas e famílias atingidas por situações de emergência ou calamidade pública, Outros grupos de pessoas em situação de vulnerabilidade social",970,250,-5.0646557,-42.8366014
CS016893,LAR DE ALICE,"Rua Estados Unidos, 101",Cidade soberana,07161-610,GUARULHOS,3518800,SP,onglardealice@gmail.com,09.469.988/0001-07,"Sim, está funcionando normalmente",6 vezes por semana,Habilitada,"Mulheres, Jovens, Crianças, Idosos, Pessoas em situação de rua, Famílias beneﬁciárias do Programa Bolsa Família e famílias inscritas no Cadastro Único ",130,200,-23.4037149,-46.4413413
CS018313,HUMANITÁRIA MÃE ÁFRICA,"Rua Medelim, 3311",Granja Lisboa,60540-000,FORTALEZA,2304400,CE,maeafricaoficial@gmail.com,11.335.192/0001-03,"Sim, está funcionando normalmente",5 vezes por semana,Habilitada,"Mulheres, Jovens, Crianças, Idosos, Pessoas em situação de rua, Famílias beneﬁciárias do Programa Bolsa Família e famílias inscritas no Cadastro Único , Povos e comunidades tradicionais (indígenas, quilombolas, ribeirinhos, etc.), Grupo específico vinculado a determinada localidade, atividade, serviço ou movimento, Outros grupos de pessoas em situação de vulnerabilidade social",125,110,-3.7916409,-38.6286382
CS018777,COMUNIDADE CURA,"Rua Palmiro Novi, 297",Residencial Ipiranga,13181-102,SUMARÉ,3552403,SP,rosa@nisfram.org.br,05.036.896/0001-82,"Sim, está funcionando normalmente",5 vezes por semana,Habilitada,"Mulheres, Jovens, Crianças, Idosos, Pessoas em situação de rua, Famílias beneﬁciárias do Programa Bolsa Família e famílias inscritas no Cadastro Único , Outros grupos de pessoas em situação de vulnerabilidade social",264,448,-22.8317647,-47.1879965
CS018781,COZINHA SOLIDÁRIA DO RIBEIRÃO DA ILHA,"Servidão Nossa Senhora do Carmo, 250",Vila Aparecida,88080-430,FLORIANÓPOLIS,4205407,SC,shiramaciel@hotmail.com,,"Sim, está funcionando normalmente",3 vezes por semana,Habilitada,"Pessoas em situação de rua, Famílias beneﬁciárias do Programa Bolsa Família e famílias inscritas no Cadastro Único , Imigrantes, Grupo específico vinculado a determinada localidade, atividade, serviço ou movimento, Outros grupos de pessoas em situação de vulnerabilidade social",400,250,-27.6048776,-48.5865876
CS018041,SINDICATO DOS TRABALHADORES RURAIS AGRICULTORES E AGRICULTORAS FAMILIARES DE IRACEMA-CE,"Rua Francisco das Chagas Magalhães, 152",Centro,62980-000,IRACEMA,2306009,CE,obas_ong@yahoo.com.br,07.628.928/0001-64,"Sim, está funcionando normalmente",5 vezes por semana,Habilitada,"Famílias beneﬁciárias do Programa Bolsa Família e famílias inscritas no Cadastro Único , Outros grupos de pessoas em situação de vulnerabilidade social",182,91,-5.8104780,-38.3041791
CS018043,ASS. DOS PRODUTORES RURAIS SEBASTIAO DE ABREU,"RUA CICERO LOPES MAGALHAES, 90",Centro,62980-000,IRACEMA,2306009,CE,obas_ong@yahoo.com.br,02.345.060/0001-71,"Sim, está funcionando normalmente",5 vezes por semana,Habilitada,"Famílias beneﬁciárias do Programa Bolsa Família e famílias inscritas no Cadastro Único , Outros grupos de pessoas em situação de vulnerabilidade social",200,100,-5.7763974,-38.3447063
CS014938,COZINHA DA CASA SAMARITANOS,"Rua Álvares de Azevedo, 180",Santo Amaro,50100-040,RECIFE,2611606,PE,gruposamaritanosrecife@gmail.com,32.589.782/0001-32,"Sim, está funcionando normalmente",2 vezes por semana,Habilitada,Pessoas em situação de rua,500,400,-8.0495200,-34.8883337
CS018727,COZINHA SOLIDÁRIA VIDA SAUDÁVEL,"Rua Santa Rosa, 88",Estrela,68738-000,SANTA MARIA DO PARÁ,1506609,PA,redecpsmcppa@gmail.com,05.363.072/0001-17,"Sim, está funcionando normalmente",2 vezes por semana,Habilitada,"Mulheres, Jovens, Crianças, Idosos, População LGBTQIA+, Agricultores Familiares e Campesinos, Trabalhadores informais diversos (Motoristas de aplicativos, motoboys, serventes ou outros), Pessoas em situação de rua, Famílias beneﬁciárias do Programa Bolsa Família e famílias inscritas no Cadastro Único , Povos e comunidades tradicionais (indígenas, quilombolas, ribeirinhos, etc.), Outros grupos de pessoas em situação de vulnerabilidade social",240,300,-1.3580856,-47.5712676
CS018767,COZINHA DO COLETIVO UNIFICADOS POP RUA,"Rua Major Codeceira, 74, 74",Santo Amaro,50100-070,RECIFE,2611606,PE,unificadospsr2020@gmail.com,44.908.842/0001-11,"Sim, está funcionando normalmente",3 vezes por semana,Habilitada,"Pessoas em situação de rua, Pessoas e famílias atingidas por situações de emergência ou calamidade pública, Outros grupos de pessoas em situação de vulnerabilidade social",1020,600,-8.0486828,-34.8892280
CS018809,VIDAS DE LUZ PAULINA C. MENDES,"Rua Chácara dos Bombeiros, 01",Agronomia,91510-283,PORTO ALEGRE,4314902,RS,alexfelipeebone@gmail.com,,"Sim, está funcionando normalmente",2 vezes por semana,Habilitada,"Mulheres, Jovens, Crianças, Idosos, Pessoas em situação de rua, Famílias beneﬁciárias do Programa Bolsa Família e famílias inscritas no Cadastro Único , Pessoas e famílias atingidas por situações de emergência ou calamidade pública, Outros grupos de pessoas em situação de vulnerabilidade social",410,300,-30.0780025,-51.1698346
CS018762,COZINHA UMA GOTA DE ESPERANÇA,"Rua bosque,, 46",Mirueira,53405-625,PAULISTA,2610707,PE,umagtesperanca@gmail.com,63.696.533/0001-70,"Sim, está funcionando normalmente",6 vezes por semana,Habilitada,"Mulheres, Jovens, Crianças, Idosos, Pessoas em situação de rua, Famílias beneﬁciárias do Programa Bolsa Família e famílias inscritas no Cadastro Único , Pessoas e famílias atingidas por situações de emergência ou calamidade pública, Outros grupos de pessoas em situação de vulnerabilidade social",1384,500,-7.9578971,-34.8896866
CS016523,COZINHA SABORES DA TERRA,"Rua Domingos Marques, Q. 19, L. 22, n 16A, 16 A",Centro,76510-000,CRIXÁS,5206404,GO,cozinhasolidariacrixas@gmail.com,,"Sim, está funcionando normalmente",Quinzenalmente,Habilitada,"Famílias beneﬁciárias do Programa Bolsa Família e famílias inscritas no Cadastro Único , Outros grupos de pessoas em situação de vulnerabilidade social",100,300,-14.5453487,-49.9703424
CS018032,PAROQUIA NOSSA SENHORA DA CONCEIÇÃO - ITAPIÚNA,"RUA FIRMINO JERONIMO, 9",Centro,62740-000,ITAPIÚNA,2306504,CE,obas_ong@yahoo.com.br,07.721.749/0009-24,"Sim, está funcionando normalmente",5 vezes por semana,Habilitada,"Famílias beneﬁciárias do Programa Bolsa Família e famílias inscritas no Cadastro Único , Outros grupos de pessoas em situação de vulnerabilidade social",176,88,-4.5641222,-38.9222138
CS018688,INSTITUTO LOURDES VIANA,"Rua Tomás Rodriges, 184",Aldeota,60175-080,FORTALEZA,2304400,CE,equipeilv23@gmail.com,12.203.138/0001-77,"Sim, está funcionando normalmente",5 vezes por semana,Habilitada,"Mulheres, Jovens, Crianças, Idosos, População LGBTQIA+, Famílias beneﬁciárias do Programa Bolsa Família e famílias inscritas no Cadastro Único , Outros grupos de pessoas em situação de vulnerabilidade social",200,100,-3.7412837,-38.4890931
CS018728,"ASSOCIAÇAO COMUNITARIA CAIANA, CAJAZEIRAS E ALTO SANTO","RD. DR. BRUNILO JACÓ, S/N",CAIANA,62795-000,BARREIRA,2301950,CE,obas_ong@yahoo.com.br,04.159.431/0001-56,"Sim, está funcionando normalmente",5 vezes por semana,Habilitada,"Famílias beneﬁciárias do Programa Bolsa Família e famílias inscritas no Cadastro Único , Outros grupos de pessoas em situação de vulnerabilidade social",176,88,-4.2839863,-38.6807361
CS018682,PASTORAL DO MENOR - FRANCA,"Coronel Tamarindo, 2851",Vila Nicácio,14405-140,FRANCA,3516200,SP,pastoral@pastoralmenorfranca.com.br,56.885.262/0019-64,"Sim, está funcionando normalmente",7 vezes por semana,Habilitada,"Pessoas em situação de rua, Famílias beneﬁciárias do Programa Bolsa Família e famílias inscritas no Cadastro Único , Imigrantes, Grupo específico vinculado a determinada localidade, atividade, serviço ou movimento, Outros grupos de pessoas em situação de vulnerabilidade social",570,210,-20.5270021,-47.4042441
CS018829,COMUNIDADE KOLPING DA AGRICULTURA FAMILIAR DO TIGIPIO,"Vila Tigipió, S/N",IDEAL,62750-000,ARACOIABA,2301208,CE,obas_ong@yahoo.com.br,63.367.585/0001-00,"Sim, está funcionando normalmente",5 vezes por semana,Habilitada,"Famílias beneﬁciárias do Programa Bolsa Família e famílias inscritas no Cadastro Único , Outros grupos de pessoas em situação de vulnerabilidade social",176,88,-4.4081070,-38.6162040
CS018772,AMADA COZINHA POP RUA,"Rua Dr. Sebastião Leão, 90",Azenha,90050-090,PORTO ALEGRE,4314902,RS,clubedepaesamadamassa@gmail.com,,Está funcionando com carga horária reduzida,Somente em dia de eventos,Habilitada,"Pessoas em situação de rua, Povos e comunidades tradicionais (indígenas, quilombolas, ribeirinhos, etc.), Pessoas e famílias atingidas por situações de emergência ou calamidade pública, Outros grupos de pessoas em situação de vulnerabilidade social",270,200,-30.0446287,-51.2171128
CS018689,PAROQUIA DE NOSSA SENHORA DE NAZARE - CAPISTRANO,"Rua Cel Francisco Nunes Cavalcante, 03",Centro,62748-000,CAPISTRANO,2302909,CE,obas_ong@yahoo.com.br,07.721.749/0008-43,"Sim, está funcionando normalmente",5 vezes por semana,Habilitada,"Famílias beneﬁciárias do Programa Bolsa Família e famílias inscritas no Cadastro Único , Outros grupos de pessoas em situação de vulnerabilidade social",176,88,-4.4676466,-38.9001277
CS018795,ASSOCIAÇÃO DE ASSISTÊNCIA AOS MENORES DE FORMIGA - PATRONATO SÃO LUIZ,"RUA JOSÉ CECÍLIO, S/Nº",SÃO LUIZ,35577-014,FORMIGA,3126109,MG,patronatosaoluiz@yahoo.com.br,16.784.316/0001-51,"Sim, está funcionando normalmente",5 vezes por semana,Habilitada,"Jovens, Crianças, Famílias beneﬁciárias do Programa Bolsa Família e famílias inscritas no Cadastro Único , Outros grupos de pessoas em situação de vulnerabilidade social",258,100,-20.4566176,-45.4396767
CS018823,INSTITUTO PROVIC PRÓ-VIDA E CIDADANIA,"Rua: Quinze de Novembro, 1055",Guajiru,61629-300,CAUCAIA,2303709,CE,provic.vivercrianca@gmail.com,22.614.106/0001-18,"Sim, está funcionando normalmente",5 vezes por semana,Habilitada,"Mulheres, Jovens, Crianças, Idosos, Famílias beneﬁciárias do Programa Bolsa Família e famílias inscritas no Cadastro Único , Outros grupos de pessoas em situação de vulnerabilidade social",200,100,-3.7031095,-38.6445089
CS018668,COZINHA SOCIAL NOVO MONDUBIM,"Rua 106, 100",Novo Mondubim,60764-290,FORTALEZA,2304400,CE,associacaoamcnm@gmail.com,07.551.765/0001-69,Está funcionando com carga horária reduzida,5 vezes por semana,Habilitada,"Mulheres, Crianças, Idosos, Famílias beneﬁciárias do Programa Bolsa Família e famílias inscritas no Cadastro Único , Grupo específico vinculado a determinada localidade, atividade, serviço ou movimento, Outros grupos de pessoas em situação de vulnerabilidade social",212,60,-3.8088462,-38.5878109
CS018042,AÇÃO NA COMUNIDADE,"Rua MAJ PEDRO CATÃO, S/N",MUNDEGO,62760-000,BATURITÉ,2302107,CE,obas_ong@yahoo.com.br,,"Sim, está funcionando normalmente",5 vezes por semana,Habilitada,"Famílias beneﬁciárias do Programa Bolsa Família e famílias inscritas no Cadastro Único , Outros grupos de pessoas em situação de vulnerabilidade social",176,88,-4.3201500,-38.8833883
CS018115,"ASSOCIACAO DE ARTE, CULTURA E CIDADANIA DO MACICO DE BATURITE - ACMB","R ESCRITORA DRA. EDNA MONTEIRO MOREIRA, 56",CENTRO,62760-000,BATURITÉ,2302107,CE,obas_ong@yahoo.com.br,11.479.556/0001-29,"Sim, está funcionando normalmente",5 vezes por semana,Habilitada,"Famílias beneﬁciárias do Programa Bolsa Família e famílias inscritas no Cadastro Único , Outros grupos de pessoas em situação de vulnerabilidade social",176,88,-4.3319121,-38.8863399
CS018066,INSTITUTO SOCIOEDUCACIONAL DE APOIO E PROTECAO A CRIANCAS E ADOLESCENTES - ISAPCA,"Pv. Córrego do Facó, S/N",Córrego do Facó,62725-000,OCARA,2309458,CE,instituicaovagalume@gmail.com,46.963.218/0001-42,"Sim, está funcionando normalmente",5 vezes por semana,Habilitada,"Famílias beneﬁciárias do Programa Bolsa Família e famílias inscritas no Cadastro Único , Outros grupos de pessoas em situação de vulnerabilidade social",176,88,-4.5839604,-38.6146624
CS018723,ASSOCIAÇÃO COZINHA SOLIDÁRIA SÃO MARCOS,"Rua Felinto de Almeida, 95",Jardim Santa Monica,13082-135,CAMPINAS,3509502,SP,marciacastagnamolina@gmail.com,57.978.683/0001-73,"Sim, está funcionando normalmente",4 vezes por semana,Habilitada,"Pessoas em situação de rua, Famílias beneﬁciárias do Programa Bolsa Família e famílias inscritas no Cadastro Único , Pessoas e famílias atingidas por situações de emergência ou calamidade pública, Imigrantes, Outros grupos de pessoas em situação de vulnerabilidade social",960,400,-22.8490882,-47.1062323
CS018135,LAR ESPIRITA CRISTÃO,"Rua Tapajós, 2127",Vila Recreio,14060-590,RIBEIRÃO PRETO,3543402,SP,laresp@hotmail.com,46.945.705/0001-82,Está funcionando com carga horária reduzida,3 vezes por semana,Habilitada,"Mulheres, Jovens, Crianças, Idosos, Pessoas em situação de rua, Outros grupos de pessoas em situação de vulnerabilidade social",265,250,-21.1423892,-47.8193688
CS018675,"ASSOCIACAO PRO BENEFICENCIA, SAUDE, EDUCACAO, CULTURA, ESPORTE E LAZER DE CARITAS NON EST SALUS","Rua A5, 150",Santa Maria,49043-522,ARACAJU,2800308,SE,amandabispo.care@gmail.com,38.731.046/0001-53,"Sim, está funcionando normalmente",3 vezes por semana,Habilitada,"Pessoas em situação de rua, Famílias beneﬁciárias do Programa Bolsa Família e famílias inscritas no Cadastro Único , Grupo específico vinculado a determinada localidade, atividade, serviço ou movimento, Outros grupos de pessoas em situação de vulnerabilidade social",250,1,-11.0912651,-37.1250411
CS017375,COZINHA SOLIDÁRIA DA AZENHA,"Av. Azenha, 608",Azenha,90160-005,PORTO ALEGRE,4314902,RS,csars.adm@gmail.com,55.670.561/0001-90,"Sim, está funcionando normalmente",6 vezes por semana,Habilitada,"Mulheres, Jovens, Crianças, Idosos, População LGBTQIA+, Agricultores Familiares e Campesinos, Trabalhadores informais diversos (Motoristas de aplicativos, motoboys, serventes ou outros), Pessoas em situação de rua, Pessoas e famílias atingidas por situações de emergência ou calamidade pública, Imigrantes, Outros grupos de pessoas em situação de vulnerabilidade social",5100,2000,-30.0491568,-51.2131269
CS018556,COZINHA CAMINHOS A TRILHAR,"Rua José Alves de souza, 991",Parque novo santo amaro,05874-000,SÃO PAULO,3550308,SP,rayanadanielle@gmail.com,55.138.891/0001-39,Está funcionando com carga horária reduzida,1 vez por semana,Habilitada,"Mulheres, Jovens, Crianças, Idosos, População LGBTQIA+, Pessoas em situação de rua, Famílias beneﬁciárias do Programa Bolsa Família e famílias inscritas no Cadastro Único , Pessoas e famílias atingidas por situações de emergência ou calamidade pública, Imigrantes",106,100,-23.7023009,-46.7827535
CS018844,UM NOVA ESPERANÇA,"Rua: 08, 05",Munguba,61624-080,CAUCAIA,2303709,CE,Alanapereira0811@gmail.com,,"Sim, está funcionando normalmente",5 vezes por semana,Habilitada,"Mulheres, Crianças, Idosos, Famílias beneﬁciárias do Programa Bolsa Família e famílias inscritas no Cadastro Único , Outros grupos de pessoas em situação de vulnerabilidade social",200,100,-3.6852244,-38.6599570
CS018851,COZINHA SOLIDÁRIA IRMÃOS MARISTAS,"Rua José Pedro Polidori, 100",Jardim Leopoldina,91253-070,PORTO ALEGRE,4314902,RS,csars.adm@gmail.com,54.965.988/0001-52,"Sim, está funcionando normalmente",6 vezes por semana,Habilitada,"Mulheres, Jovens, Crianças, Idosos, População LGBTQIA+, Pessoas em situação de rua, Pessoas e famílias atingidas por situações de emergência ou calamidade pública, Outros grupos de pessoas em situação de vulnerabilidade social",1100,500,-30.0262704,-51.0926319
CS015379,COZINHA SOLIDÁRIA UNIÃO DO VALE,"Rua Bem Te Vi,, 88",Lomba do Pinheiro,91540-320,PORTO ALEGRE,4314902,RS,cleitoncentenotipoa@gmail.com,,"Sim, está funcionando normalmente",3 vezes por semana,Habilitada,"Mulheres, Jovens, Crianças, Idosos, População LGBTQIA+, Trabalhadores informais diversos (Motoristas de aplicativos, motoboys, serventes ou outros), Pessoas em situação de rua, Famílias beneﬁciárias do Programa Bolsa Família e famílias inscritas no Cadastro Único , Povos e comunidades tradicionais (indígenas, quilombolas, ribeirinhos, etc.), Pessoas e famílias atingidas por situações de emergência ou calamidade pública, Imigrantes, Grupo específico vinculado a determinada localidade, atividade, serviço ou movimento, Outros grupos de pessoas em situação de vulnerabilidade social",590,200,-30.0869125,-51.1276599
CS018266,COZINHA SOLIDÁRIA ALÉM DAS ÁGUAS,"Rua:  Japir lote 05 qd:03, Lote 05 qd:003",Prados Verde,26299-171,NOVA IGUAÇU,3303500,RJ,ancestralvivendo@gmail.com,34.539.644/0001-74,"Sim, está funcionando normalmente",Quinzenalmente,Habilitada,"Pessoas em situação de rua, Famílias beneﬁciárias do Programa Bolsa Família e famílias inscritas no Cadastro Único , Povos e comunidades tradicionais (indígenas, quilombolas, ribeirinhos, etc.), Pessoas e famílias atingidas por situações de emergência ou calamidade pública, Imigrantes, Grupo específico vinculado a determinada localidade, atividade, serviço ou movimento, Outros grupos de pessoas em situação de vulnerabilidade social",1600,150,-22.8308580,-43.6165520
CS018522,COZINHA DA INFAM,"Praça Leonardo de Barros Carvalho/Praça Amadeu Lacerda, 807",Vila Nhocuné,03559-090,SÃO PAULO,3550308,SP,associacaoinfam@gmail.com,06.192.162/0001-55,"Sim, está funcionando normalmente",5 vezes por semana,Habilitada,"Mulheres, Jovens, Crianças, Idosos, População LGBTQIA+, Trabalhadores informais diversos (Motoristas de aplicativos, motoboys, serventes ou outros), Pessoas em situação de rua, Famílias beneﬁciárias do Programa Bolsa Família e famílias inscritas no Cadastro Único , Imigrantes, Outros grupos de pessoas em situação de vulnerabilidade social",887,500,-23.5424940,-46.4982876
CS018865,FOME NÃO ESPERA - NUCLEO SALOMÉ,"RUA H, 276",Madepimho,94800-000,ALVORADA,4300604,RS,juliocolorido@gmail.com,09.074.641/0001-65,"Sim, está funcionando normalmente",5 vezes por semana,Habilitada,"Pessoas em situação de rua, Famílias beneﬁciárias do Programa Bolsa Família e famílias inscritas no Cadastro Único , Pessoas e famílias atingidas por situações de emergência ou calamidade pública, Outros grupos de pessoas em situação de vulnerabilidade social",1040,250,-29.9967914,-51.0567079
CS018868,FOME NÃO ESPERA - NUCLEO ASSOCIAÇÃO ACARAJÉ CAPOEIRA DE ALVORADA,"Rua Rubem Berta, 212",Jardim Aparecida,94855-630,ALVORADA,4300604,RS,juliocolorido@gmail.com,09.074.641/0001-65,"Sim, está funcionando normalmente",5 vezes por semana,Habilitada,"Pessoas em situação de rua, Famílias beneﬁciárias do Programa Bolsa Família e famílias inscritas no Cadastro Único , Povos e comunidades tradicionais (indígenas, quilombolas, ribeirinhos, etc.), Pessoas e famílias atingidas por situações de emergência ou calamidade pública, Imigrantes, Outros grupos de pessoas em situação de vulnerabilidade social",794,350,-30.0367688,-51.0595926
CS018815,COZINHA SOLIDÁRIA DO CAÇADOR,"Rua Barão do Rio Branco,, 02",Vilar dos Teles,25561-210,SÃO JOÃO DE MERITI,3305109,RJ,reis.paulo51@gmail.com,,"Sim, está funcionando normalmente",2 vezes por semana,Habilitada,Outros grupos de pessoas em situação de vulnerabilidade social,50,80,-22.7670943,-43.3744946
CS018831,COZINHA SOLIDÁRIA O PIXURUM,"Rua das Acácias, 77",Carvoeira,88040-560,FLORIANÓPOLIS,4205407,SC,angeladalri@yahoo.com,,Está funcionando com carga horária reduzida,1 vez por semana,Habilitada,"Pessoas em situação de rua, Famílias beneﬁciárias do Programa Bolsa Família e famílias inscritas no Cadastro Único , Imigrantes, Outros grupos de pessoas em situação de vulnerabilidade social",550,250,-27.6048003,-48.5247912
CS018837,COZINHA SOLIDÁRIA DOS MORADORES E AMIGOS DA COROA DO MEIO,"Rua Desembargador Antonio Andrade Gois, 595",Coroa do Meio,49035-620,ARACAJU,2800308,SE,katiapatricia645@gmail.com,,"Sim, está funcionando normalmente",1 vez por semana,Habilitada,"Mulheres, Jovens, Crianças, Idosos, Trabalhadores informais diversos (Motoristas de aplicativos, motoboys, serventes ou outros), Famílias beneﬁciárias do Programa Bolsa Família e famílias inscritas no Cadastro Único , Outros grupos de pessoas em situação de vulnerabilidade social",250,300,-10.9696753,-37.0487112
CS018422,COZINHA SOLIDÁRIA FAMÍLIA CONSTRUINDO O FUTURO,"Rua Pajé, 38",Vila Santo Antônio,08534-020,FERRAZ DE VASCONCELOS,3515707,SP,familiaconstruindoofuturo@gmail.com,49.370.753/0001-88,Está funcionando com carga horária reduzida,Uma vez ao mês,Habilitada,"Mulheres, Crianças, Idosos, Trabalhadores informais diversos (Motoristas de aplicativos, motoboys, serventes ou outros), Pessoas em situação de rua, Famílias beneﬁciárias do Programa Bolsa Família e famílias inscritas no Cadastro Único , Pessoas e famílias atingidas por situações de emergência ou calamidade pública, Grupo específico vinculado a determinada localidade, atividade, serviço ou movimento, Outros grupos de pessoas em situação de vulnerabilidade social",390,250,-23.5473532,-46.3865235
CS018750,CONDUZAMOR,"Rua Copacabana 20 Jardim Fragoso Olinda, Rua Copacabana 20 Jardim Fragoso Olinda",Jardim Fragoso Olinda,53060-515,OLINDA,2609600,PE,conduzamor.pe@gmail.com,,"Sim, está funcionando normalmente",4 vezes por semana,Habilitada,"Mulheres, Jovens, Crianças, Idosos, Pessoas em situação de rua, Famílias beneﬁciárias do Programa Bolsa Família e famílias inscritas no Cadastro Único , Pessoas e famílias atingidas por situações de emergência ou calamidade pública, Outros grupos de pessoas em situação de vulnerabilidade social",1000,400,-7.9793510,-34.8535950
CS018804,APADRINHANDO COM CARINHO,"Rua Alvarenga Peixoto, 2",Jardim Vila Galvão,07055-260,GUARULHOS,3518800,SP,apadrinhandocomcarinho@gmail.com,26.701.010/0001-48,"Sim, está funcionando normalmente",5 vezes por semana,Habilitada,"Mulheres, Jovens, Crianças, Idosos, População LGBTQIA+, Pessoas em situação de rua, Famílias beneﬁciárias do Programa Bolsa Família e famílias inscritas no Cadastro Único , Outros grupos de pessoas em situação de vulnerabilidade social",400,500,-23.4699959,-46.5581032
CS017683,MARIA GUIOMAR,"RUA INÁCIO MACIEL, 373",VILA JACUI,08060-010,SÃO PAULO,3550308,SP,casadeculturaafro@gmail.com,09.316.113/0001-75,"Sim, está funcionando normalmente",3 vezes por semana,Habilitada,"Mulheres, Jovens, Crianças, Idosos, População LGBTQIA+, Pessoas em situação de rua, Pessoas e famílias atingidas por situações de emergência ou calamidade pública, Imigrantes, Outros grupos de pessoas em situação de vulnerabilidade social",599,380,-23.4999569,-46.4560778
CS018800,SOPÃO SOLIDARIA: SABOR DO BEM,"RUA DAS CUPIUBAS, 63",Muçumagro,58066-144,JOÃO PESSOA,2507507,PB,acammucumagro@gmail.com,12.720.934/0001-87,"Sim, está funcionando normalmente",2 vezes por semana,Habilitada,"Mulheres, Jovens, Idosos, População LGBTQIA+, Pessoas em situação de rua, Famílias beneﬁciárias do Programa Bolsa Família e famílias inscritas no Cadastro Único , Povos e comunidades tradicionais (indígenas, quilombolas, ribeirinhos, etc.), Pessoas e famílias atingidas por situações de emergência ou calamidade pública, Grupo específico vinculado a determinada localidade, atividade, serviço ou movimento, Outros grupos de pessoas em situação de vulnerabilidade social",309,150,-7.2145325,-34.8349806
CS015653,COZINHA DO ACAMPAMENTO MARIELLE VIVE,"Estrada do Jequitibá, km 7, s/n",Chácaras Alpinas,13274-610,VALINHOS,3556206,SP,acampamentomariellevive@gmail.com,,"Sim, está funcionando normalmente",7 vezes por semana,Habilitada,"Mulheres, Jovens, Crianças, Idosos, População LGBTQIA+, Trabalhadores informais diversos (Motoristas de aplicativos, motoboys, serventes ou outros), Famílias beneﬁciárias do Programa Bolsa Família e famílias inscritas no Cadastro Único , Imigrantes, Grupo específico vinculado a determinada localidade, atividade, serviço ou movimento, Outros grupos de pessoas em situação de vulnerabilidade social",485,100,-22.9695223,-46.9789572
CS018794,PANELA COLETIVA,"COMUNIDADE POVOADO ALTO DO MEIO, S/N, s/n",ZONA RURAL,64280-000,CAMPO MAIOR,2202208,PI,elizabetenasci2018@gmail.com,34.085.505/0001-18,"Sim, está funcionando normalmente",3 vezes por semana,Habilitada,"Mulheres, Jovens, Crianças, Idosos, Agricultores Familiares e Campesinos, Trabalhadores informais diversos (Motoristas de aplicativos, motoboys, serventes ou outros), Famílias beneﬁciárias do Programa Bolsa Família e famílias inscritas no Cadastro Único , Grupo específico vinculado a determinada localidade, atividade, serviço ou movimento, Outros grupos de pessoas em situação de vulnerabilidade social",700,250,-4.8026870,-42.1186688
CS018559,COZINHA SOLIDÁRIA ALLAN KARDEC,"Rua José Consentino, 88",Jardim Santa Isabel,16506-000,CAFELÂNDIA,3508801,SP,angela.1602.mat@gmail.com,41.640.573/0001-67,"Sim, está funcionando normalmente",5 vezes por semana,Habilitada,"Mulheres, Jovens, Crianças, Idosos, Pessoas em situação de rua",80,85,-21.8052985,-49.6023263
CS018653,FÊNIX CIDADÃO,"Rua Manoel Mariano, 31",GUAGIRU,61629-150,CAUCAIA,2303709,CE,laismendes1402@yahoo.com,,"Sim, está funcionando normalmente",5 vezes por semana,Habilitada,"Mulheres, Jovens, Crianças, Idosos, Famílias beneﬁciárias do Programa Bolsa Família e famílias inscritas no Cadastro Único , Outros grupos de pessoas em situação de vulnerabilidade social",200,100,-3.7017001,-38.6477204
CS018265,IGREJA BATISTA KAIRÓS,"Rua José Silva, nº 1",Porto das Caixas,24830-024,ITABORAÍ,3301900,RJ,juenusa@hotmail.com,55.167.934/0001-04,"Sim, está funcionando normalmente",Somente em dia de eventos,Habilitada,"Mulheres, Jovens, Crianças, Idosos, Pessoas em situação de rua, Pessoas e famílias atingidas por situações de emergência ou calamidade pública, Outros grupos de pessoas em situação de vulnerabilidade social",104,180,-22.7005365,-42.8750821
CS018847,COZINHA SOLIDÁRIA ESPERANÇA,"R MIGUEL FERREIRA DE MELO, 11",JARDIM SANTO ANDRE,08390-000,SÃO PAULO,3550308,SP,projetoesperancajardimadmi@gmail.com,07.718.605/0001-61,"Sim, está funcionando normalmente",5 vezes por semana,Habilitada,"Mulheres, Idosos, Pessoas em situação de rua, Famílias beneﬁciárias do Programa Bolsa Família e famílias inscritas no Cadastro Único ",300,350,-23.6291165,-46.4451977
CS018907,COZINHA SOLIDARIA  IGBO AGAN,"RUA,CURUÇÁ LT,32 QD, 20  BAIRRO OLAVO BILAC DUQUE DE CAXIAS RJ., 32",Otávio carneiro  / PRAÇA OLAVO BILAC,25036-300,DUQUE DE CAXIAS,3301702,RJ,centroculturaligboagan@gmail.com,22.752.672/0001-96,Está funcionando com carga horária reduzida,2 vezes por semana,Habilitada,"Mulheres, Jovens, Crianças, Idosos, População LGBTQIA+, Trabalhadores informais diversos (Motoristas de aplicativos, motoboys, serventes ou outros), Pessoas em situação de rua, Famílias beneﬁciárias do Programa Bolsa Família e famílias inscritas no Cadastro Único , Povos e comunidades tradicionais (indígenas, quilombolas, ribeirinhos, etc.), Pessoas e famílias atingidas por situações de emergência ou calamidade pública, Imigrantes, Outros grupos de pessoas em situação de vulnerabilidade social",54,150,-22.7584514,-43.3209398
CS018905,COZINHA MÃE DE TODOS,"Av. Autaz Mirim, 10207",Cidade de Deus,69087-215,MANAUS,1302603,AM,institutoraizescaboclas@gmail.com,23.111.005/0001-97,Está funcionando com carga horária reduzida,2 vezes por semana,Habilitada,"Mulheres, Idosos, Agricultores Familiares e Campesinos, Pessoas em situação de rua, Famílias beneﬁciárias do Programa Bolsa Família e famílias inscritas no Cadastro Único , Pessoas e famílias atingidas por situações de emergência ou calamidade pública, Outros grupos de pessoas em situação de vulnerabilidade social",768,80,-3.0294938,-59.9364418
CS018906,COZINHA SOLIDÁRIA RANGO DA QUEBRADA,"Rua George Lacombe, 83",Jardim Botucatu,04173-020,SÃO PAULO,3550308,SP,associacao.californiavm@gmail.com,47.401.353/0001-67,"Sim, está funcionando normalmente",5 vezes por semana,Habilitada,"Pessoas em situação de rua, Outros grupos de pessoas em situação de vulnerabilidade social",250,240,-23.6415861,-46.6124120
CS018841,RECANTO CAMPONÊS,"Rua Pastor Euclides Arlindo, 425",Cirurgia,49055-500,ARACAJU,2800308,SE,cauane.aju@gmail.com,,Está funcionando com carga horária reduzida,3 vezes por semana,Habilitada,"Mulheres, Jovens, Crianças, Idosos, População LGBTQIA+, Pessoas em situação de rua, Famílias beneﬁciárias do Programa Bolsa Família e famílias inscritas no Cadastro Único , Imigrantes, Outros grupos de pessoas em situação de vulnerabilidade social",265,142,-10.9178965,-37.0649630
CS014668,COZINHA AMIGA,"RUA ESTEVÃO DE CAMPOS, 1199",BARRA DO CEARA,60331-240,FORTALEZA,2304400,CE,amigosdabarradoceara@gmail.com,03.424.552/0001-15,"Sim, está funcionando normalmente",5 vezes por semana,Habilitada,"Mulheres, Jovens, Idosos, Trabalhadores informais diversos (Motoristas de aplicativos, motoboys, serventes ou outros), Pessoas em situação de rua, Famílias beneﬁciárias do Programa Bolsa Família e famílias inscritas no Cadastro Único , Outros grupos de pessoas em situação de vulnerabilidade social",850,150,-3.7024286,-38.5857224
CS018920,FUNDAÇÃO CULTURAL FRANCISCA DE SOUSA LIMA,"AV DOM ALMEIDA DE LUSTOSA, 4590",JUREMA,61645-000,CAUCAIA,2303709,CE,dedicaradm@gmail.com,07.207.306/0001-62,"Sim, está funcionando normalmente",5 vezes por semana,Habilitada,"Mulheres, Crianças, Idosos, Famílias beneﬁciárias do Programa Bolsa Família e famílias inscritas no Cadastro Único , Outros grupos de pessoas em situação de vulnerabilidade social",200,100,-3.7783765,-38.6309684
CS018925,COZINHA SOLIDÁRIA OCUPAÇÃO DANDARA,"Rua dos Coqueiros, 45",Ocupação Vitória (Granja Werneck),31873-654,BELO HORIZONTE,3106200,MG,cozinhasolidariamtstbh@gmail.com,58.708.893/0001-04,Está funcionando com carga horária reduzida,4 vezes por semana,Habilitada,"Mulheres, Jovens, Crianças, Idosos, Outros grupos de pessoas em situação de vulnerabilidade social",100,100,-19.8392153,-43.8734323
CS018855,ASSOCIAÇÃO DOS MORADORES DO BOM JARDIM AMBJUNIDAS,"Rua nova conquista, 415",Bom Jardim,60543-355,FORTALEZA,2304400,CE,ambjunidas23@gmail.com,07.663.446/0001-45,"Sim, está funcionando normalmente",5 vezes por semana,Habilitada,"Mulheres, Idosos, Famílias beneﬁciárias do Programa Bolsa Família e famílias inscritas no Cadastro Único , Povos e comunidades tradicionais (indígenas, quilombolas, ribeirinhos, etc.), Outros grupos de pessoas em situação de vulnerabilidade social",425,200,-3.7965235,-38.5985155
CS018552,CASA DE RANQUINES,"ladeira da catedral, 107",centro,57020-125,MACEIÓ,2704302,AL,juridico.ranquines@gmail.com,08.585.407/0001-30,"Sim, está funcionando normalmente",7 vezes por semana,Habilitada,"Mulheres, População LGBTQIA+, Pessoas em situação de rua, Imigrantes, Outros grupos de pessoas em situação de vulnerabilidade social",750,1000,-9.6646458,-35.7348392
CS018933,COZINHA SOLIDÁRIA CORAÇÃO DE MARIA,"Rua Nossa Senhora Aparecida, 07",Centro,44250-000,CORAÇÃO DE MARIA,2908903,BA,coracaodemaria20@outlook.com,59.777.587/0001-92,"Sim, está funcionando normalmente",5 vezes por semana,Habilitada,"Mulheres, Jovens, Crianças, Idosos, Pessoas em situação de rua, Famílias beneﬁciárias do Programa Bolsa Família e famílias inscritas no Cadastro Único , Outros grupos de pessoas em situação de vulnerabilidade social",450,669,-12.2467053,-38.7524408
CS018797,INSTITUTO SOCIOCULTURAL OMOSEREIGBO,"Rua Francisco Domingos, 51",Icaraí,61624-195,CAUCAIA,2303709,CE,institutosomosereigbo@gmail.com,22.843.984/0001-05,"Sim, está funcionando normalmente",5 vezes por semana,Habilitada,"Mulheres, Jovens, Crianças, Idosos, População LGBTQIA+, Pessoas em situação de rua, Famílias beneﬁciárias do Programa Bolsa Família e famílias inscritas no Cadastro Único , Povos e comunidades tradicionais (indígenas, quilombolas, ribeirinhos, etc.), Outros grupos de pessoas em situação de vulnerabilidade social",181,100,-3.6925008,-38.6655839
CS018822,COZINHA COMUNITÁRIA DE CROATA,"PV Sitio Croata, s/n",zona rural,62795-000,BARREIRA,2301950,CE,assoc.croata@gmail.com,07.881.466/0001-92,"Não, a Cozinha encontra-se paralisada, sem atividade",Somente em dia de eventos,Habilitada,"Mulheres, Jovens, Crianças, Idosos, Famílias beneﬁciárias do Programa Bolsa Família e famílias inscritas no Cadastro Único ",100,100,-4.2725763,-38.6431044
CS018924,COZINHA SOLIDARIA JARDIM SÃO SÁVERIO,"Rua Canção do Exílio, 207",Jardim São Sáverio,04194-290,SÃO PAULO,3550308,SP,moniquebrasilfarias@gmail.com,10.920.923/0001-15,"Sim, está funcionando normalmente",Quinzenalmente,Habilitada,"Mulheres, Crianças, Idosos, Pessoas em situação de rua, Pessoas e famílias atingidas por situações de emergência ou calamidade pública, Grupo específico vinculado a determinada localidade, atividade, serviço ou movimento, Outros grupos de pessoas em situação de vulnerabilidade social",295,300,-23.6526812,-46.6103687
CS018934,DONA LULU MNLM,"RESIDENCIAL DEUS É FIEL, Nº 23",JOSÉ PAULINO,57690-000,ATALAIA,2700409,AL,didaa.jose@gmail.com,,"Sim, está funcionando normalmente",2 vezes por semana,Habilitada,"Pessoas e famílias atingidas por situações de emergência ou calamidade pública, Outros grupos de pessoas em situação de vulnerabilidade social",1220,400,-9.5079269,-35.9947779
CS015582,COZINHA ESCOLA NACIONAL PAULO FREIRE,"Rua São Daniel, 119",Vila Brasílio Machado,04288-110,SÃO PAULO,3550308,SP,Raquelalmeida.ad@gmail.com,07.924.833/0001-98,"Sim, está funcionando normalmente",6 vezes por semana,Habilitada,"Mulheres, Jovens, Idosos",100,330,-23.6097694,-46.6123807
CS018764,COZINHA ANJOS DA NOITE,"Rua da Borboleta, 23, 23",Jardim Fragoso,53060-545,OLINDA,2609600,PE,ongfamiliaanjosdanoite@gmail.com,41.643.086/0001-58,"Sim, está funcionando normalmente",7 vezes por semana,Habilitada,"Mulheres, Jovens, Crianças, Idosos, População LGBTQIA+, Trabalhadores informais diversos (Motoristas de aplicativos, motoboys, serventes ou outros), Pessoas em situação de rua, Famílias beneﬁciárias do Programa Bolsa Família e famílias inscritas no Cadastro Único , Povos e comunidades tradicionais (indígenas, quilombolas, ribeirinhos, etc.), Pessoas e famílias atingidas por situações de emergência ou calamidade pública, Imigrantes, Grupo específico vinculado a determinada localidade, atividade, serviço ou movimento, Outros grupos de pessoas em situação de vulnerabilidade social",3200,500,-7.9792089,-34.8532697
CS018706,COZINHA SOLIDÁRIA FILHAS DE SÃO BENEDITO,"Av. José Sarney, 1",Bom Jesus - Coroadinho,65042-857,SÃO LUÍS,2111300,MA,coletivomulheresnegras10@gmail.com,53.575.281/0001-77,Está funcionando com carga horária reduzida,Uma vez ao mês,Habilitada,"Famílias beneﬁciárias do Programa Bolsa Família e famílias inscritas no Cadastro Único , Grupo específico vinculado a determinada localidade, atividade, serviço ou movimento, Outros grupos de pessoas em situação de vulnerabilidade social",600,200,-2.5645941,-44.2762578
CS018859,COZINHA ANCESTRAL SOLIDÁRIA VOVÓ JOANA D´ ANGOLA,"Rua José Monteiro,, 21",Campo Lindo km 41,23098-048,SEROPÉDICA,3305554,RJ,casadoperdao@casadoperdao.com.br,05.656.096/0001-64,Está funcionando com carga horária reduzida,1 vez por semana,Habilitada,"Mulheres, Jovens, Crianças, Famílias beneﬁciárias do Programa Bolsa Família e famílias inscritas no Cadastro Único , Outros grupos de pessoas em situação de vulnerabilidade social",60,15,-22.8045255,-43.6517815
CS018942,COZINHA SOLIDÁRIA PROJETO ALÉM DOS OLHOS,"Rua Fagundes Varela, 323",Areias,88113-800,SÃO JOSÉ,4216602,SC,alemdosolhosprojetosocial@gmail.com,37.591.117/0001-05,"Sim, está funcionando normalmente",1 vez por semana,Habilitada,"Pessoas em situação de rua, Famílias beneﬁciárias do Programa Bolsa Família e famílias inscritas no Cadastro Único , Pessoas e famílias atingidas por situações de emergência ou calamidade pública, Imigrantes, Grupo específico vinculado a determinada localidade, atividade, serviço ou movimento, Outros grupos de pessoas em situação de vulnerabilidade social",365,250,-27.5586766,-48.6316329
CS018536,COZINHA POPULAR DONA NEGA - RIO PEQUENO,"Rua Raul Soares, 220, 220",Jardim Ivana,05364-140,SÃO PAULO,3550308,SP,Raquelalmeida.ad@gmail.com,50.853.877/0001-01,"Sim, está funcionando normalmente",Quinzenalmente,Habilitada,"Mulheres, Jovens, Crianças, Idosos, Pessoas em situação de rua, Outros grupos de pessoas em situação de vulnerabilidade social",260,330,-23.5692990,-46.7520376
CS018929,SABORES DA PARTILHA,"Av Iguaçú, 186",Rebouças,80230-020,CURITIBA,4106902,PR,contato@fetespar.org.br,13.967.562/0001-50,"Sim, está funcionando normalmente",3 vezes por semana,Habilitada,"Mulheres, Jovens, Idosos, Pessoas em situação de rua, Famílias beneﬁciárias do Programa Bolsa Família e famílias inscritas no Cadastro Único , Imigrantes, Outros grupos de pessoas em situação de vulnerabilidade social",462,500,-25.4399460,-49.2639545
CS018938,INSTITUTO PINHEIRO PENIEL,"rua Herculano, 255",São Miguel,61640-255,CAUCAIA,2303709,CE,iasmiinguerra1@gmail.com,42.040.326/0001-92,"Sim, está funcionando normalmente",5 vezes por semana,Habilitada,"Mulheres, Jovens, Crianças, Idosos, População LGBTQIA+, Pessoas em situação de rua, Famílias beneﬁciárias do Programa Bolsa Família e famílias inscritas no Cadastro Único , Pessoas e famílias atingidas por situações de emergência ou calamidade pública, Outros grupos de pessoas em situação de vulnerabilidade social",195,100,-3.7463294,-38.6012894
CS018959,SABORES DA SERENA,"RUA JOAQUIM CARVALHO, S/N",Centro,49390-000,SALGADO,2806206,SE,gilsavenerini@gmail.com,24.321.998/0001-94,"Sim, está funcionando normalmente",4 vezes por semana,Habilitada,"Mulheres, Jovens, Crianças, Idosos, Pessoas em situação de rua, Famílias beneﬁciárias do Programa Bolsa Família e famílias inscritas no Cadastro Único , Outros grupos de pessoas em situação de vulnerabilidade social",300,100,-11.0336038,-37.4765201
CS017629,COZINHA POPULAR SOLIDÁRIA RESISTÊNCIA,"Passagem Santo Afonso, 168",Pratinha 1,66816-080,BELÉM,1501402,PA,redecpsmcppa@gmail.com,08.921.160/0001-85,"Sim, está funcionando normalmente",5 vezes por semana,Habilitada,"Mulheres, Crianças, Idosos, Pessoas em situação de rua, Famílias beneﬁciárias do Programa Bolsa Família e famílias inscritas no Cadastro Único ",30,80,-1.3762984,-48.4837667
CS018974,CASA DE APOIO E REINSERÇÃO SOCIAL BOM SAMARITANO,"Rua Barraca do Marcelo, 451",Tabuba,61618-140,CAUCAIA,2303709,CE,elina.pacfortaleza@gmail.com,34.594.825/0001-01,"Sim, está funcionando normalmente",5 vezes por semana,Habilitada,"Mulheres, Jovens, Crianças, Idosos, Pessoas em situação de rua, Famílias beneﬁciárias do Programa Bolsa Família e famílias inscritas no Cadastro Único , Povos e comunidades tradicionais (indígenas, quilombolas, ribeirinhos, etc.), Outros grupos de pessoas em situação de vulnerabilidade social",210,100,-3.6564015,-38.6912546
CS018646,ASSOCIAÇÃO MULTICOMUNITÁRIA DOS MORADORES DE CAUCAIA SEMEAR,"Rua Santa Marta, 35",Araturi,61654-170,CAUCAIA,2303709,CE,associacao.semearca@gmail.com,41.515.048/0001-10,"Sim, está funcionando normalmente",5 vezes por semana,Habilitada,"Pessoas em situação de rua, Famílias beneﬁciárias do Programa Bolsa Família e famílias inscritas no Cadastro Único , Povos e comunidades tradicionais (indígenas, quilombolas, ribeirinhos, etc.), Outros grupos de pessoas em situação de vulnerabilidade social",210,100,-3.7684701,-38.6358191
CS018977,COZINHA SOLIDÁRIA CANGIRANA,"Rua Marte, 27",Inácio Barbosa,49040-370,ARACAJU,2800308,SE,isabellcangirana@gmail.com,38.731.046/0001-53,"Sim, está funcionando normalmente",1 vez por semana,Habilitada,"Mulheres, Jovens, Crianças, Idosos, População LGBTQIA+, Trabalhadores informais diversos (Motoristas de aplicativos, motoboys, serventes ou outros), Pessoas em situação de rua, Famílias beneﬁciárias do Programa Bolsa Família e famílias inscritas no Cadastro Único , Outros grupos de pessoas em situação de vulnerabilidade social",450,225,-10.9534672,-37.0665381
CS018737,SINDICATO DOS TRABALHADORES RURAIS AGRICULTORES E AGRICULTORAS FAMILIARES DE REDENCAO CE,"Sítio Olho D'água, S/N",ZONA RURAL,62790-000,REDENÇÃO,2311603,CE,obas_ong@yahoo.com.br,06.580.211/0001-27,"Sim, está funcionando normalmente",5 vezes por semana,Habilitada,"Famílias beneﬁciárias do Programa Bolsa Família e famílias inscritas no Cadastro Único , Outros grupos de pessoas em situação de vulnerabilidade social",176,88,-6.3070511,-39.9500305
CS018958,COZINHA ARTE E CULTURA,"Rua Sebastião Albino, 97",Centro,62875-000,CHOROZINHO,2303956,CE,aeacad97@gmail.com,08.388.321/0001-17,"Sim, está funcionando normalmente",5 vezes por semana,Habilitada,"Mulheres, Jovens, Crianças, Idosos, População LGBTQIA+, Agricultores Familiares e Campesinos, Pessoas em situação de rua, Famílias beneﬁciárias do Programa Bolsa Família e famílias inscritas no Cadastro Único , Pessoas e famílias atingidas por situações de emergência ou calamidade pública, Assentados da Reforma Agrária, Grupo específico vinculado a determinada localidade, atividade, serviço ou movimento, Outros grupos de pessoas em situação de vulnerabilidade social",875,300,-4.3346654,-38.4765808
CS018962,INSTITUIÇÃO SOCIO COMUNITARIA DA AGROVILA ISCA DO ACUDE ARACOIABA,"Pv Agrovila, S/N",Agrovila,62750-000,ARACOIABA,2301208,CE,obas_ong@yahoo.com.br,04.897.284/0001-11,"Sim, está funcionando normalmente",5 vezes por semana,Habilitada,"Famílias beneﬁciárias do Programa Bolsa Família e famílias inscritas no Cadastro Único , Outros grupos de pessoas em situação de vulnerabilidade social",176,88,-4.5110173,-38.6949149
CS016525,COZINHA TROPICAL SABORES DA FONTE NOVA,"Travessa 2, Povoado Fonte Nova, 873",Zona Rural,49200-000,ESTÂNCIA,2802106,SE,joseilmamenezes8@gmail.com,,"Sim, está funcionando normalmente",1 vez por semana,Habilitada,"Mulheres, Jovens, Crianças, Idosos, Agricultores Familiares e Campesinos, Trabalhadores informais diversos (Motoristas de aplicativos, motoboys, serventes ou outros), Famílias beneﬁciárias do Programa Bolsa Família e famílias inscritas no Cadastro Único , Povos e comunidades tradicionais (indígenas, quilombolas, ribeirinhos, etc.), Assentados da Reforma Agrária, Grupo específico vinculado a determinada localidade, atividade, serviço ou movimento, Outros grupos de pessoas em situação de vulnerabilidade social",210,370,-11.2705796,-37.4392571
CS018480,COZINHA SOLIDÁRIA DONA ZIZI,"Rodovia Estadual SE-70, S/N",ZONA RURAL,49320-000,RIACHÃO DO DANTAS,2805802,SE,sandramatosrodrigues@gmail.com,24.321.998/0001-94,"Sim, está funcionando normalmente",Uma vez ao mês,Habilitada,"Mulheres, Jovens, Idosos, Famílias beneﬁciárias do Programa Bolsa Família e famílias inscritas no Cadastro Único , Povos e comunidades tradicionais (indígenas, quilombolas, ribeirinhos, etc.), Outros grupos de pessoas em situação de vulnerabilidade social",400,100,-11.0705947,-37.7267642
CS017877,COZINHA SOLIDÁRIA DO CHAPÉU MANGUEIRA,"Ladeira Ari Barroso, 66",Leme,22010-060,RIO DE JANEIRO,3304557,RJ,chapeudocheff@gmail.com,44.731.837/0001-86,Está funcionando com carga horária reduzida,1 vez por semana,Habilitada,"Mulheres, Jovens, Crianças, Idosos, Pessoas em situação de rua, Grupo específico vinculado a determinada localidade, atividade, serviço ou movimento, Outros grupos de pessoas em situação de vulnerabilidade social",400,120,-22.9610042,-43.1704424
CS018768,ASSOCIAÇÃO DAS MULHERES PRODUTORAS RURAIS DA COMUNIDADE LEMBRADA E ADJACÊNCIAS,"Povoado Lembrada, S/N",Zona Rural,64290-000,ALTOS,2200400,PI,amprocola@gmail.com,31.455.222/0001-22,"Sim, está funcionando normalmente",3 vezes por semana,Habilitada,"Mulheres, Jovens, Crianças, Idosos, População LGBTQIA+, Agricultores Familiares e Campesinos, Trabalhadores informais diversos (Motoristas de aplicativos, motoboys, serventes ou outros), Pessoas em situação de rua, Famílias beneﬁciárias do Programa Bolsa Família e famílias inscritas no Cadastro Único , Povos e comunidades tradicionais (indígenas, quilombolas, ribeirinhos, etc.), Pessoas e famílias atingidas por situações de emergência ou calamidade pública, Assentados da Reforma Agrária, Grupo específico vinculado a determinada localidade, atividade, serviço ou movimento, Outros grupos de pessoas em situação de vulnerabilidade social",28800,300,-5.0175431,-42.5117238
CS017062,ASSOCIAÇÃO DE APOIO A PROMOÇÃO HUMANA DO JUCURI,"Rua Domingo Julião do Nascimento Jucuri S/N, Sem número zona rural jucuri",Jucuri,59649-899,MOSSORÓ,2408003,RN,Valdicabral@yahoo.com.br,24.530.248/0001-22,Está funcionando com carga horária reduzida,2 vezes por semana,Habilitada,"Mulheres, Jovens, Crianças, Idosos, População LGBTQIA+, Agricultores Familiares e Campesinos, Trabalhadores informais diversos (Motoristas de aplicativos, motoboys, serventes ou outros), Pessoas em situação de rua, Famílias beneﬁciárias do Programa Bolsa Família e famílias inscritas no Cadastro Único , Pessoas e famílias atingidas por situações de emergência ou calamidade pública, Assentados da Reforma Agrária, Grupo específico vinculado a determinada localidade, atividade, serviço ou movimento, Outros grupos de pessoas em situação de vulnerabilidade social",740,350,-5.2168453,-37.4995113
CS018705,INSTITUTO ALEX NUNES DE PROTEÇÃO E ASSISTÊNCIA SOCIAL,"Rua Q, 13",Vila Velha,60349-190,FORTALEZA,2304400,CE,institutoalexnunes@gmail.com,10.831.587/0001-34,"Sim, está funcionando normalmente",5 vezes por semana,Habilitada,"Mulheres, Jovens, Crianças, Idosos, População LGBTQIA+, Famílias beneﬁciárias do Programa Bolsa Família e famílias inscritas no Cadastro Único , Outros grupos de pessoas em situação de vulnerabilidade social",200,100,-3.7119910,-38.6005931
CS018661,COZINHA UNIDAS PARA O BEM,"Rua Ipu, 2011",Tabapua,61635-365,CAUCAIA,2303709,CE,secretariaindace@gmail.com,,"Sim, está funcionando normalmente",5 vezes por semana,Habilitada,"Mulheres, Jovens, Crianças, Idosos, Famílias beneﬁciárias do Programa Bolsa Família e famílias inscritas no Cadastro Único , Outros grupos de pessoas em situação de vulnerabilidade social",200,100,-3.7386078,-38.6182365
CS015844,COZINHA DA DONA ELIANE,"Rua da Cruz,, 62",Centro,65010-120,SÃO LUÍS,2111300,MA,admccama@gmail.com,03.074.764/0001-10,"Sim, está funcionando normalmente",5 vezes por semana,Habilitada,"Mulheres, Jovens, Crianças, Idosos, População LGBTQIA+, Agricultores Familiares e Campesinos, Pessoas em situação de rua, Famílias beneﬁciárias do Programa Bolsa Família e famílias inscritas no Cadastro Único , Povos e comunidades tradicionais (indígenas, quilombolas, ribeirinhos, etc.), Assentados da Reforma Agrária, Outros grupos de pessoas em situação de vulnerabilidade social",50,132,-2.5257138,-44.3009800
CS018547,COMEMD COZINHA SOLIDÁRIA,"Rua Francisco Borges de Carvalho, 462",Nossa Senhora da Glória,26310-360,QUEIMADOS,3304144,RJ,danielrbs.481@gmail.com,21.526.861/0001-88,"Sim, está funcionando normalmente",5 vezes por semana,Habilitada,"Mulheres, Jovens, Crianças, Idosos, Pessoas em situação de rua, Famílias beneﬁciárias do Programa Bolsa Família e famílias inscritas no Cadastro Único , Pessoas e famílias atingidas por situações de emergência ou calamidade pública, Outros grupos de pessoas em situação de vulnerabilidade social",60,300,-22.7156990,-43.5682508
CS018926,ASSOCIAÇÃO REMANESCENTE DE QUILOMBO CERCADÃO DOS DICETAS,"Rua Raquel de Queiroz, Estrada da Barra Nova., 68",Icaraí,61624-370,CAUCAIA,2303709,CE,camposfranciane2@gmail.com,13.751.879/0001-55,"Sim, está funcionando normalmente",4 vezes por semana,Habilitada,"Povos e comunidades tradicionais (indígenas, quilombolas, ribeirinhos, etc.)",100,100,-3.6822360,-38.6682541
CS016413,COZINHA COMUNITÁRIA SÃO JOS´É DE ANCHIETA,"conjunto maguari alameda 13, 250",coqueiro,66823-076,BELÉM,1501402,PA,paroquiasaojoseanchieta@gmail.com,04.814.851/0093-47,Está funcionando com carga horária reduzida,1 vez por semana,Habilitada,"Mulheres, Jovens, Crianças, Idosos, Trabalhadores informais diversos (Motoristas de aplicativos, motoboys, serventes ou outros), Famílias beneﬁciárias do Programa Bolsa Família e famílias inscritas no Cadastro Único , Outros grupos de pessoas em situação de vulnerabilidade social",610,1,-1.3331715,-48.4423395
CS017771,INSTITUTO AMIGO LEAL,"Rua E, sem número",Conj. José Dias,57160-000,MARECHAL DEODORO,2704708,AL,institutoamigoleal.renata@gmail.com,07.544.884/0001-94,Está funcionando com carga horária reduzida,2 vezes por semana,Habilitada,"Mulheres, Jovens, Crianças, Idosos, Grupo específico vinculado a determinada localidade, atividade, serviço ou movimento, Outros grupos de pessoas em situação de vulnerabilidade social",136,150,-9.7194548,-35.9067555
CS018778,COZINHA SOLIDÁRIA DO BOM SAMARITANO,"Rua São Lucas, 97",Cristo Redentor,58071-130,JOÃO PESSOA,2507507,PB,contato@aguiadoriojaguaribe.org.br,10.732.923/0001-91,"Sim, está funcionando normalmente",2 vezes por semana,Habilitada,"Mulheres, Jovens, Crianças, Idosos, População LGBTQIA+, Trabalhadores informais diversos (Motoristas de aplicativos, motoboys, serventes ou outros), Famílias beneﬁciárias do Programa Bolsa Família e famílias inscritas no Cadastro Único , Pessoas e famílias atingidas por situações de emergência ou calamidade pública, Grupo específico vinculado a determinada localidade, atividade, serviço ou movimento, Outros grupos de pessoas em situação de vulnerabilidade social",67,470,-7.1568429,-34.8862109
CS018835,ALIANÇA DO BEM,"Rua Canela, 210",Arroio da Manteiga / Loteamento Tancredo Neves,93140-302,SÃO LEOPOLDO,4318705,RS,csaliancadobem@gmail.com,,"Sim, está funcionando normalmente",2 vezes por semana,Habilitada,"Mulheres, Crianças, Idosos, População LGBTQIA+, Trabalhadores informais diversos (Motoristas de aplicativos, motoboys, serventes ou outros), Famílias beneﬁciárias do Programa Bolsa Família e famílias inscritas no Cadastro Único , Pessoas e famílias atingidas por situações de emergência ou calamidade pública, Imigrantes, Outros grupos de pessoas em situação de vulnerabilidade social",650,320,-29.7300217,-51.1921110
CS018775,COZINHA SOLIDÁRIA BARRIGUINHA CHEIA,"Rua David de Azevedo Gusmão, 120",Vicentina,93025-316,SÃO LEOPOLDO,4318705,RS,csbarriguinhacheia@gmail.com,,"Sim, está funcionando normalmente",2 vezes por semana,Habilitada,"Mulheres, Pessoas em situação de rua, Famílias beneﬁciárias do Programa Bolsa Família e famílias inscritas no Cadastro Único , Pessoas e famílias atingidas por situações de emergência ou calamidade pública, Outros grupos de pessoas em situação de vulnerabilidade social",330,100,-29.7679692,-51.1695416
CS019021,COZINHA JOSEFA,"Rua 05, 428",Mondubim,60752-100,FORTALEZA,2304400,CE,leacb_social@yahoo.com.br,06.113.660/0001-65,"Sim, está funcionando normalmente",5 vezes por semana,Habilitada,"Mulheres, Jovens, Crianças, Idosos, Pessoas em situação de rua, Famílias beneﬁciárias do Programa Bolsa Família e famílias inscritas no Cadastro Único , Pessoas e famílias atingidas por situações de emergência ou calamidade pública, Grupo específico vinculado a determinada localidade, atividade, serviço ou movimento, Outros grupos de pessoas em situação de vulnerabilidade social",392,5,-3.8182062,-38.5707881
CS019024,CAUCAIA ESPORTE CLUBE,"Rua 02, Casa 81",Itambé,61602-120,CAUCAIA,2303709,CE,sousaglaunice6@gmail.com,06.248.172/0001-65,"Sim, está funcionando normalmente",5 vezes por semana,Habilitada,"Mulheres, Jovens, Crianças, Idosos, Famílias beneﬁciárias do Programa Bolsa Família e famílias inscritas no Cadastro Único , Outros grupos de pessoas em situação de vulnerabilidade social",150,100,-3.7318063,-38.6510289
CS018742,COZINHA SOLIDÁRIA POR ELAS,"Conjunto PAAR, Rua Pimenta Bueno,, 12",Maguari,67145-488,ANANINDEUA,1500800,PA,redecpsmcppa@gmail.com,,"Sim, está funcionando normalmente",5 vezes por semana,Habilitada,"Mulheres, Crianças, Idosos, Pessoas em situação de rua, Famílias beneﬁciárias do Programa Bolsa Família e famílias inscritas no Cadastro Único ",45,100,-1.3424970,-48.3922892
CS018774,ASSOCIAÇÃO COMUNITÁRIA DE UMARIZEIRO,"Loc Fazenda Umarizeiro, S/N",Umarizeiro,62750-000,ARACOIABA,2301208,CE,obas_ong@yahoo.com.br,00.961.261/0001-78,"Sim, está funcionando normalmente",5 vezes por semana,Habilitada,"Famílias beneﬁciárias do Programa Bolsa Família e famílias inscritas no Cadastro Único , Outros grupos de pessoas em situação de vulnerabilidade social",176,88,-4.5683290,-38.7007900
CS018820,LAR DA VELHICE MARIO MOTTA,"Rua Duque de Caxias, 160",Centro,97573-484,SANT'ANA DO LIVRAMENTO,4317103,RS,sianlvto@hotmail.com,96.042.197/0001-09,"Sim, está funcionando normalmente",6 vezes por semana,Habilitada,Idosos,0,460,-30.8810810,-55.5441206
CS016874,COZINHA COMUNITÁRIA PADRE ORESTES,"RUA ISAURA MAIA, 11",SANTOS DUMONT,93113-202,SÃO LEOPOLDO,4318705,RS,michelysouza234@gmail.com,61.971.501/0001-00,"Sim, está funcionando normalmente",3 vezes por semana,Habilitada,"Mulheres, Jovens, Crianças, Idosos, População LGBTQIA+, Pessoas em situação de rua, Famílias beneﬁciárias do Programa Bolsa Família e famílias inscritas no Cadastro Único , Pessoas e famílias atingidas por situações de emergência ou calamidade pública, Imigrantes",378,350,-29.7391124,-51.1414114
CS018697,COMVIDA COZINHA SOLIDÁRIA,"Rua Calazans Neto, 04",Itapuã,41620-830,SALVADOR,2927408,BA,comvida@comvida-ba.org.br,07.552.266/0001-96,"Sim, está funcionando normalmente",3 vezes por semana,Habilitada,"Pessoas em situação de rua, Outros grupos de pessoas em situação de vulnerabilidade social",300,50,-12.9525436,-38.3586141
CS019019,ASSOCIAÇÃO COMUNITÁRIA PORTAL DA SERRA - ACPS,"Sítio Buenos Aires, S/N",Sítio Buenos Aires,62780-000,PALMÁCIA,2310100,CE,obas_ong@yahoo.com.br,11.197.726/0001-82,"Sim, está funcionando normalmente",5 vezes por semana,Habilitada,"Famílias beneﬁciárias do Programa Bolsa Família e famílias inscritas no Cadastro Único , Outros grupos de pessoas em situação de vulnerabilidade social",176,88,-6.7989805,-39.2816971
CS018555,INSTITUTO ALVORADA AL,"RUA CRISTINA BRAGA, 05,",VILLAGE CAMPESTRE,57073-385,MACEIÓ,2704302,AL,institutoalvoradaundcampestre@gmail.com,09.038.981/0001-30,Está funcionando com carga horária reduzida,1 vez por semana,Habilitada,"Mulheres, Jovens, Crianças, Idosos, Trabalhadores informais diversos (Motoristas de aplicativos, motoboys, serventes ou outros), Pessoas em situação de rua, Famílias beneﬁciárias do Programa Bolsa Família e famílias inscritas no Cadastro Único , Outros grupos de pessoas em situação de vulnerabilidade social",210,100,-9.5376508,-35.7526724
CS018740,ANJOS ZONA SUL,"Rua jacy, 138",Imbiribeira,51150-750,RECIFE,2611606,PE,anjosdanoite.anjosdanoite.ong@gmail.com,,Está funcionando com carga horária reduzida,3 vezes por semana,Habilitada,"Pessoas em situação de rua, Famílias beneﬁciárias do Programa Bolsa Família e famílias inscritas no Cadastro Único , Grupo específico vinculado a determinada localidade, atividade, serviço ou movimento, Outros grupos de pessoas em situação de vulnerabilidade social",750,200,-8.1074928,-34.9104289
CS019066,COZINHA CODEBENTES,"Rua A64 Quadra A64, 254",Benedito Bentes I,57084-064,MACEIÓ,2704302,AL,codebentes-al@hotmail.com,12.955.922/0001-31,Está funcionando com carga horária reduzida,2 vezes por semana,Habilitada,"Mulheres, Jovens, Crianças, Idosos, População LGBTQIA+, Pessoas em situação de rua, Famílias beneﬁciárias do Programa Bolsa Família e famílias inscritas no Cadastro Único , Pessoas e famílias atingidas por situações de emergência ou calamidade pública, Grupo específico vinculado a determinada localidade, atividade, serviço ou movimento, Outros grupos de pessoas em situação de vulnerabilidade social",670,3,-9.5411576,-35.7268565
CS018954,CENTRO DE ASSISTENCIA SOCIAL E PROFISSIONAL TACIANO ROCHA PONTES - CASP,"Rua Luís Valente, 12",Curicaca,61601-777,CAUCAIA,2303709,CE,caspcaucaia@gmail.com,10.628.712/0001-03,"Sim, está funcionando normalmente",5 vezes por semana,Habilitada,"Pessoas em situação de rua, Famílias beneﬁciárias do Programa Bolsa Família e famílias inscritas no Cadastro Único , Outros grupos de pessoas em situação de vulnerabilidade social",200,100,-3.7198114,-38.6518428
CS017741,FOME NÃO ESPERA - NUCLEO SOCIEDADE CULTURAL COMUNITARIA E BENEFICIENTE BEM-VINDA,"Avenida Frederico Dhil, 5801",Jardim Aparecida,94853-250,ALVORADA,4300604,RS,juliocolorido@gmail.com,09.074.641/0001-65,Está funcionando com carga horária reduzida,4 vezes por semana,Habilitada,"Mulheres, Jovens, Crianças, Idosos, Pessoas em situação de rua, Famílias beneﬁciárias do Programa Bolsa Família e famílias inscritas no Cadastro Único , Pessoas e famílias atingidas por situações de emergência ou calamidade pública, Outros grupos de pessoas em situação de vulnerabilidade social",747,431,-30.0340014,-51.0524567
CS019073,FOME NÃO ESPERA - NUCLEO UMBÚ,"Rua Pioneiro, 1359",umbu,94834-680,ALVORADA,4300604,RS,juliocolorido@gmail.com,09.074.641/0001-65,"Sim, está funcionando normalmente",5 vezes por semana,Habilitada,"Pessoas em situação de rua, Famílias beneﬁciárias do Programa Bolsa Família e famílias inscritas no Cadastro Único , Pessoas e famílias atingidas por situações de emergência ou calamidade pública, Imigrantes, Outros grupos de pessoas em situação de vulnerabilidade social",860,400,-29.9871797,-51.0484803
CS018850,ASSOCIAÇÃO DAS  MULHERES PRODUTORAS RURAIS DO ASSENTAMENTO NOSSA ESPERANÇA DE ALTOS/PI,"Lote 19 -Rua 02 – Assentamento Nossa Esperança - Número: s/n – Próximo ao povoado alegria, BR 343 no quilômetro 21 como referência -  Bairro: zona rural - CEP: 64.290-000, s/n",Zona Rural,64290-000,ALTOS,2200400,PI,ne.associacao@gmail.com,23.131.521/0001-83,"Não, a Cozinha encontra-se paralisada, sem atividade",2 vezes por semana,Habilitada,"Mulheres, Jovens, Crianças, Idosos, População LGBTQIA+, Agricultores Familiares e Campesinos, Trabalhadores informais diversos (Motoristas de aplicativos, motoboys, serventes ou outros), Pessoas em situação de rua, Famílias beneﬁciárias do Programa Bolsa Família e famílias inscritas no Cadastro Único , Povos e comunidades tradicionais (indígenas, quilombolas, ribeirinhos, etc.), Pessoas e famílias atingidas por situações de emergência ou calamidade pública, Grupo específico vinculado a determinada localidade, atividade, serviço ou movimento, Outros grupos de pessoas em situação de vulnerabilidade social",3945,150,-5.2213496,-42.7518428
CS019076,FOME NÃO ESPERA - NUCLEO RUAM,"Rua Primavera, 131",umbu,94834-338,ALVORADA,4300604,RS,juliocolorido@gmail.com,,"Sim, está funcionando normalmente",6 vezes por semana,Habilitada,"Pessoas em situação de rua, Famílias beneﬁciárias do Programa Bolsa Família e famílias inscritas no Cadastro Único , Pessoas e famílias atingidas por situações de emergência ou calamidade pública, Imigrantes, Grupo específico vinculado a determinada localidade, atividade, serviço ou movimento, Outros grupos de pessoas em situação de vulnerabilidade social",1140,570,-29.9983155,-51.0652280
CS018873,ASSOCIAÇÃO DAS BOLEIRAS AMADORAS – ABAS,"Rua Petrolina, 151",Baixão dos Paivas,64290-000,ALTOS,2200400,PI,abasboleiras2015@hotmail.com,20.891.937/0001-01,"Não, a Cozinha encontra-se paralisada, sem atividade",3 vezes por semana,Habilitada,"Mulheres, Jovens, Crianças, Idosos, População LGBTQIA+, Agricultores Familiares e Campesinos, Pessoas em situação de rua, Famílias beneﬁciárias do Programa Bolsa Família e famílias inscritas no Cadastro Único , Povos e comunidades tradicionais (indígenas, quilombolas, ribeirinhos, etc.), Pessoas e famílias atingidas por situações de emergência ou calamidade pública, Assentados da Reforma Agrária, Grupo específico vinculado a determinada localidade, atividade, serviço ou movimento, Outros grupos de pessoas em situação de vulnerabilidade social",23670,300,-5.0452684,-42.4805085
CS017990,VANDERSON  ROCHA DA SILVA,"Caminho do Portinho, 95",Ilha de Guaratiba,23020-170,RIO DE JANEIRO,3304557,RJ,r3.leandroaraujo@gmail.com,02.996.529/0001-32,"Sim, está funcionando normalmente",3 vezes por semana,Habilitada,"Mulheres, Jovens, Crianças, Idosos, População LGBTQIA+, Trabalhadores informais diversos (Motoristas de aplicativos, motoboys, serventes ou outros), Pessoas em situação de rua, Outros grupos de pessoas em situação de vulnerabilidade social",220,250,-23.0002849,-43.5424971
CS018871,ASSOCIAÇÃO DAS MULHERES SOLIDÁRIAS DE ALTOS/PI - AMUSA,"Rua Baixão Do São José, 772",Multirão 1,64290-000,ALTOS,2200400,PI,amusa.mulheressolidarias2@gmail.com,17.995.933/0001-69,"Não, a Cozinha encontra-se paralisada, sem atividade",3 vezes por semana,Habilitada,"Mulheres, Jovens, Crianças, Idosos, População LGBTQIA+, Agricultores Familiares e Campesinos, Trabalhadores informais diversos (Motoristas de aplicativos, motoboys, serventes ou outros), Pessoas em situação de rua, Famílias beneﬁciárias do Programa Bolsa Família e famílias inscritas no Cadastro Único , Povos e comunidades tradicionais (indígenas, quilombolas, ribeirinhos, etc.), Pessoas e famílias atingidas por situações de emergência ou calamidade pública, Assentados da Reforma Agrária, Grupo específico vinculado a determinada localidade, atividade, serviço ou movimento, Outros grupos de pessoas em situação de vulnerabilidade social",705,300,-5.0489447,-42.4760452
CS018936,COZINHA SOLIDÁRIA CACHORRO QUENTE SÃO FRANCISCO,"Rua Professora Otília Cruz, 415",Jardim Atlântico,88095-080,FLORIANÓPOLIS,4205407,SC,icqsfa@gmail.com,57.806.379/0001-49,"Sim, está funcionando normalmente",3 vezes por semana,Habilitada,"Mulheres, Jovens, Crianças, Idosos, Pessoas em situação de rua, Imigrantes",390,350,-27.5833468,-48.5900912
CS019085,ASSOCIAÇÃO COMUNITÁRIA DOS MORADORES DE UNIAO,"Avenida Manoel Germano Filho, 57",Distrito de União,63860-000,MADALENA,2307635,CE,associacaouniao17@gmail.com,32.540.088/0001-20,"Sim, está funcionando normalmente",5 vezes por semana,Habilitada,"Mulheres, Jovens, Crianças, Agricultores Familiares e Campesinos, Trabalhadores informais diversos (Motoristas de aplicativos, motoboys, serventes ou outros), Pessoas em situação de rua, Famílias beneﬁciárias do Programa Bolsa Família e famílias inscritas no Cadastro Único , Outros grupos de pessoas em situação de vulnerabilidade social",201,100,-4.7759060,-39.4341230
CS015668,COZINHA COMUNITÁRIA BRASILEIRINHO,"seis de novembro, 332",Mario Quintana,91270-320,PORTO ALEGRE,4314902,RS,multiplicidade2020@gmail.com,,"Sim, está funcionando normalmente",3 vezes por semana,Habilitada,"Mulheres, Jovens, Crianças, Idosos, População LGBTQIA+, Trabalhadores informais diversos (Motoristas de aplicativos, motoboys, serventes ou outros), Pessoas em situação de rua, Famílias beneﬁciárias do Programa Bolsa Família e famílias inscritas no Cadastro Único ",505,300,-30.0331003,-51.1176982
CS015127,COZINHA DA SANTO ANTÔNIO,"Rua Miguel Olvicto do Santos, 612",Lomba do Pinheiro,91550-280,PORTO ALEGRE,4314902,RS,poul.adriano@gmail.com,,"Sim, está funcionando normalmente",3 vezes por semana,Habilitada,"Mulheres, Jovens, Crianças, Idosos, Pessoas em situação de rua, Famílias beneﬁciárias do Programa Bolsa Família e famílias inscritas no Cadastro Único , Povos e comunidades tradicionais (indígenas, quilombolas, ribeirinhos, etc.), Pessoas e famílias atingidas por situações de emergência ou calamidade pública, Imigrantes, Grupo específico vinculado a determinada localidade, atividade, serviço ou movimento, Outros grupos de pessoas em situação de vulnerabilidade social",560,200,-30.0997028,-51.1372170
CS019126,CENTRO DE AMPARO E RECUPERAÇÃO AOS MORADORES DE RUA E DEPENDENTES QUIMICOS C.AMOR ILHA,"Estrada Governador Chagas Freitas, SN",Moneró,21920-330,RIO DE JANEIRO,3304557,RJ,cristianepaiva1@gmail.com,18.186.616/0001-64,"Sim, está funcionando normalmente",7 vezes por semana,Habilitada,"Pessoas em situação de rua, Pessoas e famílias atingidas por situações de emergência ou calamidade pública, Outros grupos de pessoas em situação de vulnerabilidade social",145,60,-22.7979373,-43.2012767
CS019133,COZINHA SOLIDÁRIA DA ASSOCIAÇÃO FLORIPA DO BEM,"Rua João Celestino Pacheco, 90",Trindade,88036-060,FLORIANÓPOLIS,4205407,SC,floripadobemoficial@gmail.com,40.224.042/0001-20,Está funcionando com carga horária reduzida,1 vez por semana,Habilitada,"Mulheres, Jovens, Crianças, Idosos, Pessoas em situação de rua, Famílias beneﬁciárias do Programa Bolsa Família e famílias inscritas no Cadastro Único , Imigrantes, Grupo específico vinculado a determinada localidade, atividade, serviço ou movimento, Outros grupos de pessoas em situação de vulnerabilidade social",1250,700,-27.5826162,-48.5251946
CS018883,ASSOCIACAO COMUNITARIA LUCIA HELENA,"Rua Projetada, 58",Jardim Horizonte Azul,04963-310,SÃO PAULO,3550308,SP,ascomluheong@gmail.com,23.741.841/0001-55,Está funcionando com carga horária reduzida,5 vezes por semana,Habilitada,"Mulheres, Jovens, Crianças, Idosos, População LGBTQIA+, Agricultores Familiares e Campesinos, Trabalhadores informais diversos (Motoristas de aplicativos, motoboys, serventes ou outros), Pessoas em situação de rua, Famílias beneﬁciárias do Programa Bolsa Família e famílias inscritas no Cadastro Único , Povos e comunidades tradicionais (indígenas, quilombolas, ribeirinhos, etc.), Pessoas e famílias atingidas por situações de emergência ou calamidade pública, Imigrantes, Assentados da Reforma Agrária, Grupo específico vinculado a determinada localidade, atividade, serviço ou movimento, Outros grupos de pessoas em situação de vulnerabilidade social",309,180,-23.7471630,-46.7837705
CS014653,PRATO FRATERNO,"Rua: Pio XI, 52",Centro,11900-000,REGISTRO,3542602,SP,fraternoauxilio1958@gmail.com,57.739.633/0001-33,"Sim, está funcionando normalmente",5 vezes por semana,Habilitada,"Pessoas em situação de rua, Imigrantes, Outros grupos de pessoas em situação de vulnerabilidade social",114,80,-24.5193596,-47.8342709
CS019134,REDE COZINHA ESCOLA LUZ DO SABER,"rua gregorio bogossian, 16",conj hab sitio conceição,08473-174,SÃO PAULO,3550308,SP,associacaoluzdosaber@outlook.com,35.101.775.0001.38,"Sim, está funcionando normalmente",6 vezes por semana,Habilitada,"Pessoas em situação de rua, Famílias beneﬁciárias do Programa Bolsa Família e famílias inscritas no Cadastro Único , Outros grupos de pessoas em situação de vulnerabilidade social",401,500,-23.5861743,-46.3807477
CS019055,COZINHA PAI LUIZ DE ARUANDA,"Av 20 de Janeiro, 2180",Barra do Ceara,60331-200,FORTALEZA,2304400,CE,acpla.aruanda@gmail.com,13.764.314/0001-02,"Sim, está funcionando normalmente",5 vezes por semana,Habilitada,"Pessoas em situação de rua, Famílias beneﬁciárias do Programa Bolsa Família e famílias inscritas no Cadastro Único , Povos e comunidades tradicionais (indígenas, quilombolas, ribeirinhos, etc.), Pessoas e famílias atingidas por situações de emergência ou calamidade pública, Grupo específico vinculado a determinada localidade, atividade, serviço ou movimento, Outros grupos de pessoas em situação de vulnerabilidade social",265,100,-3.7024569,-38.5874245
CS018973,RESTAURANTE PAPA FRANCISCO,"Rua Marquês de Valença, 350",Boa Viagem,51021-500,RECIFE,2611606,PE,adrianabragagnolo@uol.com.br,03.071.327/0001-42,"Sim, está funcionando normalmente",6 vezes por semana,Habilitada,"Pessoas em situação de rua, Outros grupos de pessoas em situação de vulnerabilidade social",400,200,-8.1286001,-34.9063627
CS018956,ASSOCIAÇÃO COMUNITÁRIA PIRACICABA,"Pv Piracicaba, S/N",Piracicaba,62780-000,PALMÁCIA,2310100,CE,obas_ong@yahoo.com.br,23.719.255/0001-04,"Sim, está funcionando normalmente",5 vezes por semana,Habilitada,"Famílias beneﬁciárias do Programa Bolsa Família e famílias inscritas no Cadastro Único , Outros grupos de pessoas em situação de vulnerabilidade social",176,88,-4.1195586,-38.9250517
CS018980,COZINHA SOLIDÁRIA ACOTIRENE,"Rua Aquianes, 123",Butantã,05360-120,SÃO PAULO,3550308,SP,cqacotirene@gmail.com,,"Sim, está funcionando normalmente",Uma vez ao mês,Habilitada,"Pessoas em situação de rua, Outros grupos de pessoas em situação de vulnerabilidade social",100,100,-23.5614789,-46.7446438
CS018818,COZINHA SOLIDÁRIA FAZER O BEM SEM OLHAR A QUEM,"Estrada do Morro de Paula -rua dos Almeidas Ocupação Morada do Sol, 45",Fazenda São Borja,93032-530,SÃO LEOPOLDO,4318705,RS,silvavani536@gmail.com,,"Sim, está funcionando normalmente",5 vezes por semana,Habilitada,"Mulheres, Jovens, Crianças, Idosos, População LGBTQIA+, Trabalhadores informais diversos (Motoristas de aplicativos, motoboys, serventes ou outros), Pessoas em situação de rua, Famílias beneﬁciárias do Programa Bolsa Família e famílias inscritas no Cadastro Único , Pessoas e famílias atingidas por situações de emergência ou calamidade pública, Imigrantes, Outros grupos de pessoas em situação de vulnerabilidade social",60,234,-29.7910277,-51.1028118
CS019102,COZINHA COMUNITÁRIA POR FI GA,"Estrada do Quilombo, 1015",Feitoria,93054-600,SÃO LEOPOLDO,4318705,RS,eltonluiznascimento9@gmail.com,,"Sim, está funcionando normalmente",2 vezes por semana,Habilitada,"Mulheres, Jovens, Crianças, Idosos, Famílias beneﬁciárias do Programa Bolsa Família e famílias inscritas no Cadastro Único , Povos e comunidades tradicionais (indígenas, quilombolas, ribeirinhos, etc.), Outros grupos de pessoas em situação de vulnerabilidade social",630,210,-29.7669924,-51.0973007
CS019155,CENTRO DE AMPARO E RECUPERAÇÃO AOS MORADORES DE RUA E DEPENDENTES QUIMICOS C.AMOR JAPERI,"Estrada Teófilo Cunha, 246",Engenheiro Pedreira,26445-130,JAPERI,3302270,RJ,cristianepaiva1@gmail.com,18.186.616/0002-45,"Sim, está funcionando normalmente",7 vezes por semana,Habilitada,"Pessoas em situação de rua, Outros grupos de pessoas em situação de vulnerabilidade social",200,100,-22.6551951,-43.5962234
CS019156,ASSOCIAÇÃO PALMÁCIA DOS SONHOS,"Cap. Agostinho, 0",Centro,62780-000,PALMÁCIA,2310100,CE,obas_ong@yahoo.com.br,27.701.759/0001-58,"Sim, está funcionando normalmente",5 vezes por semana,Habilitada,"Famílias beneﬁciárias do Programa Bolsa Família e famílias inscritas no Cadastro Único , Outros grupos de pessoas em situação de vulnerabilidade social",176,88,-4.1483997,-38.8432140
CS019001,COMUNIDADE TERAPÊUTICA ATOS,"Rua Juaci Sampaio Pontes, 936",Icaraí,61620-302,CAUCAIA,2303709,CE,atoscomunidade@yahoo.com.br,13.744.555/0001-90,"Sim, está funcionando normalmente",5 vezes por semana,Habilitada,"Pessoas em situação de rua, Famílias beneﬁciárias do Programa Bolsa Família e famílias inscritas no Cadastro Único , Outros grupos de pessoas em situação de vulnerabilidade social",300,100,-3.7275544,-38.6582769
CS019152,TENDA DE UMBANDA  SÃO JORGE GUEREIRO,"Rua Novo Horizonte, 501",Bairro Tranqueira,64290-000,ALTOS,2200400,PI,valtenbergvieira@gmail.com,,"Sim, está funcionando normalmente",2 vezes por semana,Habilitada,"Mulheres, Jovens, Crianças, Idosos, População LGBTQIA+, Agricultores Familiares e Campesinos, Pessoas em situação de rua, Famílias beneﬁciárias do Programa Bolsa Família e famílias inscritas no Cadastro Único , Povos e comunidades tradicionais (indígenas, quilombolas, ribeirinhos, etc.), Pessoas e famílias atingidas por situações de emergência ou calamidade pública, Assentados da Reforma Agrária, Grupo específico vinculado a determinada localidade, atividade, serviço ou movimento, Outros grupos de pessoas em situação de vulnerabilidade social",2800,300,-5.0343300,-42.4581840
CS018927,COZINHA ACTV,"Rua Guanabara, 515",Demócrito Rocha,60440-135,FORTALEZA,2304400,CE,clara.actv@gmail.com,13.782.892/0001-71,"Sim, está funcionando normalmente",5 vezes por semana,Habilitada,"Pessoas em situação de rua, Famílias beneﬁciárias do Programa Bolsa Família e famílias inscritas no Cadastro Único , Outros grupos de pessoas em situação de vulnerabilidade social",156,100,-3.7552740,-38.5677791
CS019125,COZINHA MARIA LUCIA BONITINHA.,"Rua Silva lima, 21",Jacarepaguá,22735-070,RIO DE JANEIRO,3304557,RJ,missoes.hopelife@gmail.com,32.122.018/0001-52,"Sim, está funcionando normalmente",7 vezes por semana,Habilitada,"Idosos, Pessoas em situação de rua, Famílias beneﬁciárias do Programa Bolsa Família e famílias inscritas no Cadastro Único , Outros grupos de pessoas em situação de vulnerabilidade social",359,100,-22.9152982,-43.3545036
CS019103,COZINHA BOM VIVER BRILHO FLORES,"Travessa Manoel Galdino, 1250",Granja Lisboa,60540-124,FORTALEZA,2304400,CE,mdefatimao@yahoo.com.br,,"Sim, está funcionando normalmente",5 vezes por semana,Habilitada,"Mulheres, Jovens, Crianças, Idosos, População LGBTQIA+, Agricultores Familiares e Campesinos, Trabalhadores informais diversos (Motoristas de aplicativos, motoboys, serventes ou outros), Pessoas em situação de rua, Famílias beneﬁciárias do Programa Bolsa Família e famílias inscritas no Cadastro Único , Grupo específico vinculado a determinada localidade, atividade, serviço ou movimento, Outros grupos de pessoas em situação de vulnerabilidade social",170,100,-3.7880364,-38.6306114
CS017190,COZINHA SOLIDARIA DOS PEQUENOS E PEQUENAS AGRICULTORAS DO TAUÁ,"Tv Sebastião Dantas, 738",CENTRO,68786-000,SANTO ANTÔNIO DO TAUÁ,1507003,PA,mpa13pa@gmail.com,43.132.071/0001-50,Está funcionando com carga horária reduzida,2 vezes por semana,Habilitada,"Mulheres, Jovens, Crianças, Idosos, Agricultores Familiares e Campesinos, Famílias beneﬁciárias do Programa Bolsa Família e famílias inscritas no Cadastro Único , Grupo específico vinculado a determinada localidade, atividade, serviço ou movimento, Outros grupos de pessoas em situação de vulnerabilidade social",80,50,-1.1508589,-48.1352526
CS019151,CASA DO PÃO DA ARQUIDIOCESE DE OLINDA E RECIFE,"Rua do Imperador Pedro II, 34",Santo Antônio,52011-020,RECIFE,2611606,PE,diretoria.casadopao@aor.org.br,52.991.463/0001-66,"Sim, está funcionando normalmente",7 vezes por semana,Habilitada,"Mulheres, Jovens, Crianças, Idosos, População LGBTQIA+, Trabalhadores informais diversos (Motoristas de aplicativos, motoboys, serventes ou outros), Pessoas em situação de rua, Famílias beneﬁciárias do Programa Bolsa Família e famílias inscritas no Cadastro Único , Povos e comunidades tradicionais (indígenas, quilombolas, ribeirinhos, etc.), Imigrantes, Grupo específico vinculado a determinada localidade, atividade, serviço ou movimento, Outros grupos de pessoas em situação de vulnerabilidade social",350,400,-8.0640614,-34.8767684
CS014791,COZINHA RAIZES DO BRASIL,"Rua Aurea, 80",Santa Teresa,20240-210,RIO DE JANEIRO,3304557,RJ,acecarj@protonmail.com,33.822.838/0001-10,Está funcionando com carga horária reduzida,3 vezes por semana,Habilitada,"Mulheres, Jovens, Crianças, Idosos, População LGBTQIA+, Agricultores Familiares e Campesinos, Trabalhadores informais diversos (Motoristas de aplicativos, motoboys, serventes ou outros), Pessoas em situação de rua, Famílias beneﬁciárias do Programa Bolsa Família e famílias inscritas no Cadastro Único , Pessoas e famílias atingidas por situações de emergência ou calamidade pública, Outros grupos de pessoas em situação de vulnerabilidade social",115,100,-22.9230902,-43.1884994
CS019193,CORAÇÕES DA RIBEIRA,"2ª Travessa Domingos Rabelo, 100",Ribeira,40421-700,SALVADOR,2927408,BA,coracaodaribeira@outlook.com,,"Sim, está funcionando normalmente",5 vezes por semana,Habilitada,"Mulheres, Jovens, Crianças, Idosos, População LGBTQIA+, Trabalhadores informais diversos (Motoristas de aplicativos, motoboys, serventes ou outros), Pessoas em situação de rua, Famílias beneﬁciárias do Programa Bolsa Família e famílias inscritas no Cadastro Único , Povos e comunidades tradicionais (indígenas, quilombolas, ribeirinhos, etc.), Outros grupos de pessoas em situação de vulnerabilidade social",295,407,-12.9172065,-38.4956481
CS019018,ARTC - ASSOCIAÇÃO RECANTO TIA CECÍLIA,"Rua Elza Dalmolin Astolfi, 173",Jardim Manchester,13178-450,SUMARÉ,3552403,SP,ar.tiacecilia@gmail.com,05.754.996/0001-44,"Sim, está funcionando normalmente",5 vezes por semana,Habilitada,"Mulheres, Jovens, Crianças, Idosos, Famílias beneﬁciárias do Programa Bolsa Família e famílias inscritas no Cadastro Único , Outros grupos de pessoas em situação de vulnerabilidade social",530,300,-22.8198342,-47.1941113
CS018866,PROGRAMA DE APOIO SÓCIO FAMILIAR (SEGURANÇA ALIMENTAR),"Rodovia BR 316, Km 9, 1760",Centro,67033-000,ANANINDEUA,1500800,PA,servicosocial@estpa.org.br,04.373.163/0001-70,"Sim, está funcionando normalmente",5 vezes por semana,Habilitada,"Jovens, Crianças, Outros grupos de pessoas em situação de vulnerabilidade social",833,1073,-1.3670368,-48.3709097
CS018545,SINDICATO DOS TRABALHADORES RURAIS AGRICULTORES E AGRICULTORAS FAMILIARES DE ARACOIABA/CE,"Rua Santos Dumont, 303",CENTRO,62750-000,ARACOIABA,2301208,CE,obas_ong@yahoo.com.br,06.580.450/0001-87,"Sim, está funcionando normalmente",5 vezes por semana,Habilitada,"Famílias beneﬁciárias do Programa Bolsa Família e famílias inscritas no Cadastro Único , Outros grupos de pessoas em situação de vulnerabilidade social",176,88,-4.3713369,-38.8130684
CS019206,COZINHA SOLIDÁRIA - GADITAS,"Rua Isnard Pena de Souza, 214",Cambolo,45810-000,PORTO SEGURO,2925303,BA,gaditas.projetostecnicos@gmail.com,,"Sim, está funcionando normalmente",4 vezes por semana,Habilitada,"Pessoas em situação de rua, Famílias beneﬁciárias do Programa Bolsa Família e famílias inscritas no Cadastro Único , Povos e comunidades tradicionais (indígenas, quilombolas, ribeirinhos, etc.), Outros grupos de pessoas em situação de vulnerabilidade social",950,500,-16.4225088,-39.0949737
CS018843,COZINHA CARIDADE O CAMINHO,"RUA EVARISTO DA VEIGA, 753",JARDIM NOROESTE,79045-151,CAMPO GRANDE,5002704,MS,fabianacavalcantesanches@gmail.com,13.514.486/0001-28,"Sim, está funcionando normalmente",1 vez por semana,Habilitada,"Mulheres, Jovens, Crianças, Idosos, Famílias beneﬁciárias do Programa Bolsa Família e famílias inscritas no Cadastro Único , Povos e comunidades tradicionais (indígenas, quilombolas, ribeirinhos, etc.), Imigrantes, Grupo específico vinculado a determinada localidade, atividade, serviço ou movimento, Outros grupos de pessoas em situação de vulnerabilidade social",150,300,-20.4654578,-54.5341236
CS019195,COZINHA SOLIDÁRIA - ACAER,"Rua Ermelindo Varnieri, 260",Duque de Caxias,93037-660,SÃO LEOPOLDO,4318705,RS,contato.acaer@gmail.com,43.808.462/0001-42,"Sim, está funcionando normalmente",5 vezes por semana,Habilitada,"Famílias beneﬁciárias do Programa Bolsa Família e famílias inscritas no Cadastro Único , Pessoas e famílias atingidas por situações de emergência ou calamidade pública, Grupo específico vinculado a determinada localidade, atividade, serviço ou movimento, Outros grupos de pessoas em situação de vulnerabilidade social",720,500,-29.7933158,-51.1263785
CS018025,COZINHA SOCIAL QUEM TEM FOME TEM PRESSA,"Av Nossa Senhora da Penha, 320",Penha,21070-390,RIO DE JANEIRO,3304557,RJ,markusfs@bol.com.br,26.599.564/0001-86,"Sim, está funcionando normalmente",3 vezes por semana,Habilitada,"Mulheres, Jovens, Crianças, Idosos, Pessoas em situação de rua, Pessoas e famílias atingidas por situações de emergência ou calamidade pública, Outros grupos de pessoas em situação de vulnerabilidade social",202,164,-22.8450028,-43.2820601
CS019219,COZINHA ANCESTRAL SACIAR COM ASE - IGBOOUNJE PELU ASE,"Rua Cento e Cinco, S/N",Cordeirinho (Ponta Negra),24921-664,MARICÁ,3302700,RJ,deusari.campos@gmail.com,42.033.970/0001-33,"Sim, está funcionando normalmente",1 vez por semana,Habilitada,"Mulheres, Jovens, Crianças, Idosos, Pessoas em situação de rua, Povos e comunidades tradicionais (indígenas, quilombolas, ribeirinhos, etc.), Imigrantes, Grupo específico vinculado a determinada localidade, atividade, serviço ou movimento, Outros grupos de pessoas em situação de vulnerabilidade social",237,120,-22.9558386,-42.7487541
CS019003,COZINHA SOLIDÁRIA SOPA FRATERNA,"Rua Samuel Santos, 284",São Francisco da Guarita/ Campos,64215-200,PARNAÍBA,2207702,PI,dapse@caridadefe.org.br,04.104.417/0001-55,"Sim, está funcionando normalmente",3 vezes por semana,Habilitada,"Mulheres, Jovens, Crianças, Idosos, Famílias beneﬁciárias do Programa Bolsa Família e famílias inscritas no Cadastro Único , Grupo específico vinculado a determinada localidade, atividade, serviço ou movimento, Outros grupos de pessoas em situação de vulnerabilidade social",519,228,-2.9131847,-41.7687470
CS016306,RESOLVI MUDAR,"rua rio de janeiro 313, 313",campos eliseos,14080-180,RIBEIRÃO PRETO,3543402,SP,pauladomenichellis@gmail.com,27.705.798/0001-23,"Sim, está funcionando normalmente",1 vez por semana,Habilitada,"Mulheres, Jovens, Crianças, Idosos, População LGBTQIA+, Trabalhadores informais diversos (Motoristas de aplicativos, motoboys, serventes ou outros), Pessoas em situação de rua, Famílias beneﬁciárias do Programa Bolsa Família e famílias inscritas no Cadastro Único , Povos e comunidades tradicionais (indígenas, quilombolas, ribeirinhos, etc.), Pessoas e famílias atingidas por situações de emergência ou calamidade pública, Imigrantes, Outros grupos de pessoas em situação de vulnerabilidade social",505,100,-21.1676351,-47.8099354
CS019107,COMPASA - CONSELHO COMUNITARIO DO PARQUE SANTO AMARO,"Rua Valdemar Paes, 1464",Bom Jardim,60545-055,FORTALEZA,2304400,CE,lgmarcio21@gmail.com,,"Sim, está funcionando normalmente",5 vezes por semana,Habilitada,"Famílias beneﬁciárias do Programa Bolsa Família e famílias inscritas no Cadastro Único , Outros grupos de pessoas em situação de vulnerabilidade social",200,100,-3.7964722,-38.6028554
CS019023,INSTITUTO COMUNITÁRIO DIVAS EM AÇÃO,"Rua José Giordano, 411",Parque das Paineiras,03694-010,SÃO PAULO,3550308,SP,divasemacaosp.instituto@gmail.com,36.641.037/0001-46,"Sim, está funcionando normalmente",5 vezes por semana,Habilitada,"Mulheres, Jovens, Idosos, População LGBTQIA+, Pessoas em situação de rua, Famílias beneﬁciárias do Programa Bolsa Família e famílias inscritas no Cadastro Único , Imigrantes, Outros grupos de pessoas em situação de vulnerabilidade social",280,378,-23.5367768,-46.4820199
CS018978,ASSOCIAÇÃO MENINOS E MENINAS DE PROGRESSO - AMMEP,"Rua Cora Coralina, 547",Santos Dumont,93113-220,SÃO LEOPOLDO,4318705,RS,ammep20anos@gmail.com,07.943.257/0001-26,"Sim, está funcionando normalmente",5 vezes por semana,Habilitada,"Jovens, Crianças, Famílias beneﬁciárias do Programa Bolsa Família e famílias inscritas no Cadastro Único , Pessoas e famílias atingidas por situações de emergência ou calamidade pública, Imigrantes, Grupo específico vinculado a determinada localidade, atividade, serviço ou movimento, Outros grupos de pessoas em situação de vulnerabilidade social",1320,600,-29.7401815,-51.1398932
CS019013,COZINHA SOLIDÁRIA ALEGRIA NO PRATO,"Rua Ipuera, 331",Acari,21530-330,RIO DE JANEIRO,3304557,RJ,celmaabrindoportas@gmail.com,03.881.480/0001-35,"Sim, está funcionando normalmente",5 vezes por semana,Habilitada,"Mulheres, Crianças, Famílias beneﬁciárias do Programa Bolsa Família e famílias inscritas no Cadastro Único , Pessoas e famílias atingidas por situações de emergência ou calamidade pública, Outros grupos de pessoas em situação de vulnerabilidade social",204,526,-22.8227393,-43.3467733
CS019227,COZINHA GRIO,"Rua 18, 150",Bom Jesus,91420-640,PORTO ALEGRE,4314902,RS,cozinhagrio@gmail.com,,"Sim, está funcionando normalmente",5 vezes por semana,Habilitada,"Mulheres, Jovens, Crianças, Idosos, População LGBTQIA+, Trabalhadores informais diversos (Motoristas de aplicativos, motoboys, serventes ou outros), Pessoas em situação de rua, Famílias beneﬁciárias do Programa Bolsa Família e famílias inscritas no Cadastro Único , Pessoas e famílias atingidas por situações de emergência ou calamidade pública",510,200,-30.0490665,-51.1624998
CS015318,COZINHA SOLIDÁRIA AGEUM DA TIA NEGRINHA,"Rua Ernesto Alves, 64",Passo da Areia,97020-270,SANTA MARIA,4316907,RS,ileaxeijobaoxumebara@gmail.com,48.326.570/0001-00,"Sim, está funcionando normalmente",1 vez por semana,Habilitada,"Mulheres, Jovens, Crianças, Idosos, População LGBTQIA+, Trabalhadores informais diversos (Motoristas de aplicativos, motoboys, serventes ou outros), Pessoas em situação de rua, Famílias beneﬁciárias do Programa Bolsa Família e famílias inscritas no Cadastro Único , Povos e comunidades tradicionais (indígenas, quilombolas, ribeirinhos, etc.), Pessoas e famílias atingidas por situações de emergência ou calamidade pública, Outros grupos de pessoas em situação de vulnerabilidade social",725,300,-29.6818964,-53.8328044
CS018803,COZINHA SOLIDÁRIA CTAM,"Rua Ligia Gomes, 151",Ouro Preto,53370-255,OLINDA,2609600,PE,projetoctam@gmail.com,51.846.068/0001-27,"Sim, está funcionando normalmente",4 vezes por semana,Habilitada,"Pessoas em situação de rua, Grupo específico vinculado a determinada localidade, atividade, serviço ou movimento, Outros grupos de pessoas em situação de vulnerabilidade social",900,300,-7.9860878,-34.8708697
CS019225,"COZINHA SOLIDÁRIA CASA FARTA, MESA FARTA","Rua cinquenta e quatro, 70",Santa Maria,49000-000,ARACAJU,2800308,SE,audaleiabezerra2404@gmail.com,38.731.046/0001-53,Está funcionando com carga horária reduzida,1 vez por semana,Habilitada,"Mulheres, Jovens, Crianças, Idosos, Trabalhadores informais diversos (Motoristas de aplicativos, motoboys, serventes ou outros), Famílias beneﬁciárias do Programa Bolsa Família e famílias inscritas no Cadastro Único , Outros grupos de pessoas em situação de vulnerabilidade social",200,200,-10.9941224,-37.1018754
CS019239,COZINHA SOLIDARIA SARANDI - FRANCISCO DE MEDEIROS,"Avenida dos Gaúchos, 1303",Sarandi,91120-000,PORTO ALEGRE,4314902,RS,cozinhasolsarandi@gmail.com,,"Sim, está funcionando normalmente",3 vezes por semana,Habilitada,"Mulheres, Crianças, Idosos, População LGBTQIA+, Pessoas em situação de rua, Famílias beneﬁciárias do Programa Bolsa Família e famílias inscritas no Cadastro Único , Pessoas e famílias atingidas por situações de emergência ou calamidade pública",960,350,-29.9914504,-51.1351664
CS019062,"PONTO POPULAR DE TRABALHO, ALIMENTAÇÃO E SAÚDE - BEM VIVER","Rua Océr Pereira Campos, 1475",Santa Fé,95047-121,CAXIAS DO SUL,4305108,RS,sandrarc100464@gmail.com,,Está funcionando com carga horária reduzida,1 vez por semana,Habilitada,"Mulheres, Jovens, Crianças, Idosos, Famílias beneﬁciárias do Programa Bolsa Família e famílias inscritas no Cadastro Único , Pessoas e famílias atingidas por situações de emergência ou calamidade pública, Grupo específico vinculado a determinada localidade, atividade, serviço ou movimento, Outros grupos de pessoas em situação de vulnerabilidade social",106,200,-29.1232777,-51.1781458
CS019037,COZINHA FAFERJ,"Praça da República, 24",Centro,20211-351,RIO DE JANEIRO,3304557,RJ,faferjsede@gmail.com,22.962.597/0001-98,"Não, a Cozinha encontra-se paralisada, sem atividade",5 vezes por semana,Habilitada,"Mulheres, Jovens, Crianças, Idosos, População LGBTQIA+, Trabalhadores informais diversos (Motoristas de aplicativos, motoboys, serventes ou outros), Pessoas em situação de rua, Famílias beneﬁciárias do Programa Bolsa Família e famílias inscritas no Cadastro Único , Povos e comunidades tradicionais (indígenas, quilombolas, ribeirinhos, etc.), Pessoas e famílias atingidas por situações de emergência ou calamidade pública, Imigrantes, Grupo específico vinculado a determinada localidade, atividade, serviço ou movimento, Outros grupos de pessoas em situação de vulnerabilidade social",190,200,-22.9079219,-43.1861134
CS015675,COZINHA DA TIA HELENA,"Rua Deodoro, 80",Mario Quintana,91260-370,PORTO ALEGRE,4314902,RS,eduardotsecchi@hotmail.com,,"Sim, está funcionando normalmente",2 vezes por semana,Habilitada,"Mulheres, Crianças, Idosos, População LGBTQIA+, Trabalhadores informais diversos (Motoristas de aplicativos, motoboys, serventes ou outros), Pessoas em situação de rua, Famílias beneﬁciárias do Programa Bolsa Família e famílias inscritas no Cadastro Único , Imigrantes",465,250,-30.0357600,-51.1207550
CS018881,COZINHÁ SOLIDÁRIA UTC,"Estrada Afonso Lourenço Mariante, 4401",Lomba do Pinheiro,91550-671,PORTO ALEGRE,4314902,RS,grazyalves61@gmail.com,,"Sim, está funcionando normalmente",5 vezes por semana,Habilitada,"Grupo específico vinculado a determinada localidade, atividade, serviço ou movimento",340,200,-30.1025220,-51.1446705
CS019072,ASSOCIAÇÃO DAS BOLEIRAS E CONFEITEIRAS SOLIDARIAS - ABOCS,"Rua Manoel Moteiro - Tranqueira, 37",Bairro Tranqueira,64290-000,ALTOS,2200400,PI,abocs_altos@hotmail.com,16.540.180/0001-34,"Sim, está funcionando normalmente",4 vezes por semana,Habilitada,"Mulheres, Jovens, Crianças, Idosos, População LGBTQIA+, Agricultores Familiares e Campesinos, Trabalhadores informais diversos (Motoristas de aplicativos, motoboys, serventes ou outros), Pessoas em situação de rua, Famílias beneﬁciárias do Programa Bolsa Família e famílias inscritas no Cadastro Único , Povos e comunidades tradicionais (indígenas, quilombolas, ribeirinhos, etc.), Pessoas e famílias atingidas por situações de emergência ou calamidade pública, Assentados da Reforma Agrária, Grupo específico vinculado a determinada localidade, atividade, serviço ou movimento, Outros grupos de pessoas em situação de vulnerabilidade social",23800,400,-5.0295261,-42.4734563
CS019143,COZINHA SOLIDARIA BAIANO ZÉ FIRMINO,"RUA LIBERATO MENDES, 251",JD REPRESA,04826-090,SÃO PAULO,3550308,SP,teujanainasereia@gmail.com,26.694.727/0001-00,Está funcionando com carga horária reduzida,3 vezes por semana,Habilitada,"Mulheres, Jovens, Crianças, Idosos, Outros grupos de pessoas em situação de vulnerabilidade social",300,250,-23.7213080,-46.7083154
CS018678,A FORÇA DO QUERER,"Rua juaci sampaio pontes, 363",Centro de Caucaia,61600-150,CAUCAIA,2303709,CE,nanicapereira@yahoo.com.br,,"Sim, está funcionando normalmente",5 vezes por semana,Habilitada,"Mulheres, Jovens, Crianças, Idosos, Outros grupos de pessoas em situação de vulnerabilidade social",100,100,-3.7315197,-38.6575462
CS017275,DONA LULU,"Av Cláudio da Costa, 60",Jardim Aurora (Zona Leste),08431-160,SÃO PAULO,3550308,SP,oliveiraleka342@gmail.com,05.570.942/0001-29,"Sim, está funcionando normalmente",5 vezes por semana,Habilitada,"Mulheres, Jovens, Crianças, Idosos, População LGBTQIA+, Trabalhadores informais diversos (Motoristas de aplicativos, motoboys, serventes ou outros), Pessoas em situação de rua, Famílias beneﬁciárias do Programa Bolsa Família e famílias inscritas no Cadastro Único , Imigrantes, Outros grupos de pessoas em situação de vulnerabilidade social",620,925,-23.5380516,-46.4214089
CS019040,TENDA DO ENCONTRO,"Rua da Tenda, 27",Duque de Caxias,93037-660,SÃO LEOPOLDO,4318705,RS,tendadoencontro.mcr21@gmail.com,67.587.496/0001-12,"Sim, está funcionando normalmente",4 vezes por semana,Habilitada,"Mulheres, Jovens, Crianças, Idosos, Pessoas em situação de rua, Famílias beneﬁciárias do Programa Bolsa Família e famílias inscritas no Cadastro Único ",90,170,-29.7941767,-51.1247579
CS019262,COZINHA NOSSA SRA FATIMA,"Rua Pio X, 310",Bom Jesus,91420-220,PORTO ALEGRE,4314902,RS,cozinhassolidaria123@gmail.com,,"Sim, está funcionando normalmente",3 vezes por semana,Habilitada,"Mulheres, Crianças, Idosos, População LGBTQIA+, Pessoas em situação de rua, Famílias beneﬁciárias do Programa Bolsa Família e famílias inscritas no Cadastro Único ",470,200,-30.0466653,-51.1574533
CS014821,COZINHA DORCAS,"Rua Fortaleza de Itapema, 268",Jardim Vera Cruz,08330-054,SÃO PAULO,3550308,SP,filhosefilhasdorcas@gmail.com,44.714.743/0001-07,Está funcionando com carga horária reduzida,3 vezes por semana,Habilitada,"Pessoas em situação de rua, Outros grupos de pessoas em situação de vulnerabilidade social",300,350,-23.6181250,-46.4718477
CS019249,COZINHAS DAS MARIAS,"Avenida L, 400",Vila Velha,60347-800,FORTALEZA,2304400,CE,contato@vidanca.org,,"Sim, está funcionando normalmente",5 vezes por semana,Habilitada,"Mulheres, Jovens, Crianças, Idosos, Famílias beneﬁciárias do Programa Bolsa Família e famílias inscritas no Cadastro Único , Outros grupos de pessoas em situação de vulnerabilidade social",200,100,-3.7089290,-38.5983425
CS019135,ASSOCIAÇÃO DO MOVIMENTO DE MULHERES TRABALHADORAS RURAIS E AGRICULTURAS FAMILIARES DE SANTALUZ,"Rua Rio Branco, 180",Centro,48880-000,SANTALUZ,2928000,BA,ammtrafas@outlook.com,14.404.795/0001-08,"Sim, está funcionando normalmente",6 vezes por semana,Habilitada,"Mulheres, Agricultores Familiares e Campesinos, Famílias beneﬁciárias do Programa Bolsa Família e famílias inscritas no Cadastro Único , Outros grupos de pessoas em situação de vulnerabilidade social",100,25,-11.2542345,-39.3778183
CS018838,COZINHA SOLIDÁRIA OCUPAÇÃO ELZA SOARES,"Rua Gaspar Lourenço, 19",Vila Mariana,04107-000,SÃO PAULO,3550308,SP,holandakarina19@gmail.com,,"Sim, está funcionando normalmente",Quinzenalmente,Habilitada,"Mulheres, Jovens, Crianças, Idosos, População LGBTQIA+, Pessoas em situação de rua, Famílias beneﬁciárias do Programa Bolsa Família e famílias inscritas no Cadastro Único , Imigrantes, Outros grupos de pessoas em situação de vulnerabilidade social",300,150,-23.5801475,-46.6355031
CS018886,COZINHA SOLIDARIA SOPÃO DA VIDA,"Rua do Bambu, 390",Várzea,50740-100,RECIFE,2611606,PE,sopaodavidarecife@gmail.com,629117280001-22,"Sim, está funcionando normalmente",3 vezes por semana,Habilitada,"Mulheres, Jovens, Crianças, Idosos, População LGBTQIA+, Pessoas em situação de rua, Famílias beneﬁciárias do Programa Bolsa Família e famílias inscritas no Cadastro Único , Pessoas e famílias atingidas por situações de emergência ou calamidade pública, Outros grupos de pessoas em situação de vulnerabilidade social",810,700,-8.0365496,-34.9534982
CS019251,COZINHA SOLIDÁRIA IBMF,"Rua Quarenta e Sete, 280",Inacio Monteiro,08490-004,SÃO PAULO,3550308,SP,ibmf.contato@gmail.com,03.896.363/0001-45,"Sim, está funcionando normalmente",6 vezes por semana,Habilitada,"Mulheres, Jovens, Crianças, Idosos, População LGBTQIA+, Agricultores Familiares e Campesinos, Trabalhadores informais diversos (Motoristas de aplicativos, motoboys, serventes ou outros), Pessoas em situação de rua, Famílias beneﬁciárias do Programa Bolsa Família e famílias inscritas no Cadastro Único , Povos e comunidades tradicionais (indígenas, quilombolas, ribeirinhos, etc.), Pessoas e famílias atingidas por situações de emergência ou calamidade pública, Imigrantes, Assentados da Reforma Agrária, Grupo específico vinculado a determinada localidade, atividade, serviço ou movimento, Outros grupos de pessoas em situação de vulnerabilidade social",1035,800,-23.5642780,-46.4056668
CS015107,AFETIVAS MARMITA SAUDÁVEL,"Rua primeiro de janeiro,, 134",Peixinhos,53220-490,OLINDA,2609600,PE,afetivasmarmitasaudavel@gmail.com,,Está funcionando com carga horária reduzida,3 vezes por semana,Habilitada,"Mulheres, Crianças, Idosos, População LGBTQIA+, Famílias beneﬁciárias do Programa Bolsa Família e famílias inscritas no Cadastro Único , Povos e comunidades tradicionais (indígenas, quilombolas, ribeirinhos, etc.), Pessoas e famílias atingidas por situações de emergência ou calamidade pública, Outros grupos de pessoas em situação de vulnerabilidade social",310,130,-8.0139281,-34.8735748
CS019256,COZINHA SOLIDÁRIA ORLANDO BERNARDO,"tereza sales pontes, 57",JOSE AMERICO,58345-000,MARI,2509107,PB,cozinhaorlandobernardo@gmail.com,53.003.853/0001-43,Está funcionando com carga horária reduzida,2 vezes por semana,Habilitada,"Mulheres, Jovens, Crianças, Idosos, População LGBTQIA+, Agricultores Familiares e Campesinos, Trabalhadores informais diversos (Motoristas de aplicativos, motoboys, serventes ou outros), Pessoas em situação de rua, Famílias beneﬁciárias do Programa Bolsa Família e famílias inscritas no Cadastro Único , Outros grupos de pessoas em situação de vulnerabilidade social",2310,800,-7.0591002,-35.3095827
CS019275,COZINHA ESMERALDA,"Rua Ernesto Liscano, 170",Lomba do Pinheiro,91540-310,PORTO ALEGRE,4314902,RS,cozinhassolidarias123@gmail.com,,"Sim, está funcionando normalmente",2 vezes por semana,Habilitada,"Mulheres, Crianças, Idosos, Famílias beneﬁciárias do Programa Bolsa Família e famílias inscritas no Cadastro Único , Pessoas e famílias atingidas por situações de emergência ou calamidade pública",420,150,-30.0884787,-51.1265920
CS015495,SOLAR MARIA FIRMINA DOS REIS,"Rua Rio Branco,, 420",Centro,65020-490,SÃO LUÍS,2111300,MA,solarculturaldaterra@gmail.com,43.542.536/0001-41,"Sim, está funcionando normalmente",4 vezes por semana,Habilitada,"Pessoas em situação de rua, Famílias beneﬁciárias do Programa Bolsa Família e famílias inscritas no Cadastro Único , Grupo específico vinculado a determinada localidade, atividade, serviço ou movimento, Outros grupos de pessoas em situação de vulnerabilidade social",2800,1000,-2.5285695,-44.2963345
CS018917,COZINHA COMUNITÁRIA MARIELLE FRANCO,"Rua Seringueira, 242","Lot. Tancredo Neves, Arroio da Manteiga",93140-327,SÃO LEOPOLDO,4318705,RS,cozinhamarielle.aappim@gmail.com,11.345.869/0002-75,"Sim, está funcionando normalmente",2 vezes por semana,Habilitada,"Mulheres, Jovens, Crianças, Idosos, População LGBTQIA+, Trabalhadores informais diversos (Motoristas de aplicativos, motoboys, serventes ou outros), Pessoas em situação de rua, Famílias beneﬁciárias do Programa Bolsa Família e famílias inscritas no Cadastro Único , Pessoas e famílias atingidas por situações de emergência ou calamidade pública, Outros grupos de pessoas em situação de vulnerabilidade social",135,390,-29.7290607,-51.1899781
CS019139,COZINHA SOLIDARIA SABORES DA MADRE,"Rua João Gualberto Mafra Machado, 18",Vila Brasileira,08738-510,MOGI DAS CRUZES,3530607,SP,ccme2016@hotmail.com,45.991.064/0003-00,"Sim, está funcionando normalmente",5 vezes por semana,Habilitada,"Pessoas em situação de rua, Famílias beneﬁciárias do Programa Bolsa Família e famílias inscritas no Cadastro Único , Outros grupos de pessoas em situação de vulnerabilidade social",225,208,-23.5553956,-46.2082972
CS019248,COZINHA POPULAR DO MARIANO DE ABREU,"Rua João Neiva, 20",Mariano de Abreu,31050-375,BELO HORIZONTE,3106200,MG,redesolidsocial@gmail.com,12.004.146/0001-94,"Sim, está funcionando normalmente",Quinzenalmente,Habilitada,"Mulheres, Idosos, População LGBTQIA+, Pessoas em situação de rua, Outros grupos de pessoas em situação de vulnerabilidade social",200,300,-19.8967997,-43.8901336
CS015256,GRUPO DE MULHERES FLORES E CULTURA,"Povoado poço do capim, S/N",Zona rural,48760-000,ARACI,2902104,BA,jaque.anitta2018@gmail.com,05.489.407/0001-48,"Sim, está funcionando normalmente",2 vezes por semana,Habilitada,"Mulheres, Jovens, Crianças, Idosos, Agricultores Familiares e Campesinos, Trabalhadores informais diversos (Motoristas de aplicativos, motoboys, serventes ou outros), Pessoas em situação de rua, Famílias beneﬁciárias do Programa Bolsa Família e famílias inscritas no Cadastro Único , Grupo específico vinculado a determinada localidade, atividade, serviço ou movimento, Outros grupos de pessoas em situação de vulnerabilidade social",302,100,-11.2522022,-39.0842186
CS019217,PARÓQUIA SÃO GERALDO MAJELLA,"Rua 100, S/N",Planalto Caucaia,61605-660,CAUCAIA,2303709,CE,cgomesdesouza9@gmail.com,,"Sim, está funcionando normalmente",5 vezes por semana,Habilitada,"Mulheres, Jovens, Crianças, Idosos",0,100,-3.7655404,-38.6543271
CS019279,COZINHA SOLIDÁRIA AMOR E VIDA,"Rua Santa Helena, 307",Acupe de Brotas,40290-020,SALVADOR,2927408,BA,projetosgerais.osc02@gmail.com,40.481.053/0001-96,"Sim, está funcionando normalmente",7 vezes por semana,Habilitada,"Pessoas em situação de rua, Famílias beneﬁciárias do Programa Bolsa Família e famílias inscritas no Cadastro Único , Pessoas e famílias atingidas por situações de emergência ou calamidade pública, Imigrantes, Grupo específico vinculado a determinada localidade, atividade, serviço ou movimento, Outros grupos de pessoas em situação de vulnerabilidade social",2010,750,-12.9099164,-38.4734312
CS018982,COZINHA SOLIDARIA ALIANÇA CAMPO E CIDADE,"ERS 412, km 18, S/N",Industrial,96810-000,SANTA CRUZ DO SUL,4316808,RS,producaosantacruz@gmail.com,,"Não, a Cozinha encontra-se paralisada, sem atividade",5 vezes por semana,Habilitada,"Pessoas e famílias atingidas por situações de emergência ou calamidade pública, Outros grupos de pessoas em situação de vulnerabilidade social",200,250,-29.7171404,-52.4278989
CS019141,RAÍZES DO BRASIL SERGIPE,"Rua São Vicente, 310",Cidade Nova,49070-410,ARACAJU,2800308,SE,raizesdobrasilse@gmail.com,05.693.469/0001-77,"Sim, está funcionando normalmente",Uma vez ao mês,Habilitada,"Pessoas em situação de rua, Famílias beneﬁciárias do Programa Bolsa Família e famílias inscritas no Cadastro Único , Povos e comunidades tradicionais (indígenas, quilombolas, ribeirinhos, etc.), Pessoas e famílias atingidas por situações de emergência ou calamidade pública, Grupo específico vinculado a determinada localidade, atividade, serviço ou movimento, Outros grupos de pessoas em situação de vulnerabilidade social",68,100,-10.8930869,-37.0696793
CS019216,AMOR SOLIDARIO,"RUA CARLOS NEMER, S/N",BONSUCESSO,62795-000,BARREIRA,2301950,CE,obas_ong@yahoo.com.br,,"Sim, está funcionando normalmente",5 vezes por semana,Habilitada,"Famílias beneﬁciárias do Programa Bolsa Família e famílias inscritas no Cadastro Único , Outros grupos de pessoas em situação de vulnerabilidade social",176,88,-4.2977470,-38.6686946
CS015530,ARCO ÍRIS COZINHANDO COM AMOR,"Rua travessa elesbao 371, ",Itararé,97045-310,SANTA MARIA,4316907,RS,escoladesambaarcoiris@gmail.com,08.172.625/0001-42,"Sim, está funcionando normalmente",1 vez por semana,Habilitada,"População LGBTQIA+, Outros grupos de pessoas em situação de vulnerabilidade social, Pessoas em situação de rua",160,0,-29.6762109,-53.7973375
CS019017,ASSOCIAÇÃO COMUNITÁRIA DOS MORADORES DA LOCALIDADE DE URUA I,"POVOADO URUA, S/N",ZONA RURAL,62795-000,BARREIRA,2301950,CE,obas_ong@yahoo.com.br,01.742.254/0001-48,"Sim, está funcionando normalmente",5 vezes por semana,Habilitada,"Famílias beneﬁciárias do Programa Bolsa Família e famílias inscritas no Cadastro Único , Outros grupos de pessoas em situação de vulnerabilidade social",176,88,-4.3335225,-38.6320086
CS019291,PASTORAL DA CRIANÇA - CARRO ATOLADO,"Pv. Carro Atolado, S/N",CARRO ATOLADO,62785-000,ACARAPE,2300150,CE,obas_ong@yahoo.com.br,,"Sim, está funcionando normalmente",5 vezes por semana,Habilitada,"Famílias beneﬁciárias do Programa Bolsa Família e famílias inscritas no Cadastro Único , Outros grupos de pessoas em situação de vulnerabilidade social",176,88,-4.2760280,-38.6838840
CS019009,COZINHA SOLIDÁRIA ABAS,"Estrada Governador Chagas Freitas, 750",Moneró - Ilha do Governador,21920-330,RIO DE JANEIRO,3304557,RJ,abas.atendimento@gmail.com,34.844.299/0001-82,"Sim, está funcionando normalmente",1 vez por semana,Habilitada,"Mulheres, Jovens, Crianças, Idosos, Pessoas em situação de rua, Outros grupos de pessoas em situação de vulnerabilidade social",760,50,-22.7962816,-43.2042614
CS019300,MÃOS QUE ALIMENTAM,"Rua São Bartolomeu, nº 1256E",Suburbana,40490-246,SALVADOR,2927408,BA,lucia.mmasc@gmail.com,03.806.788/0001-16,"Sim, está funcionando normalmente",5 vezes por semana,Habilitada,"Pessoas em situação de rua, Famílias beneﬁciárias do Programa Bolsa Família e famílias inscritas no Cadastro Único , Outros grupos de pessoas em situação de vulnerabilidade social",500,500,-12.9000945,-38.4745832
CS018174,ASSOCIAÇÃO COMUNITÁRIA DE BENEFÍCIOS AOS AMIGOS,"Rua E, 270",conjunto Vila Velha II,60540-272,FORTALEZA,2304400,CE,associacaocba2002@gmail.com,06.555.580/0001-60,"Sim, está funcionando normalmente",6 vezes por semana,Habilitada,"Mulheres, Jovens, Crianças, Idosos, População LGBTQIA+, Trabalhadores informais diversos (Motoristas de aplicativos, motoboys, serventes ou outros), Pessoas em situação de rua, Famílias beneﬁciárias do Programa Bolsa Família e famílias inscritas no Cadastro Único , Pessoas e famílias atingidas por situações de emergência ou calamidade pública, Outros grupos de pessoas em situação de vulnerabilidade social",1268,600,-3.7142529,-38.6025704
CS016322,COZINHA SOLIDÁRIA DA ABMPC,"Rua Vinte e Dois de Abril, 06",Parque Continental,43704-652,SIMÕES FILHO,2930709,BA,abmpccontinental@outlook.com,16.302.002/0001-75,"Sim, está funcionando normalmente",5 vezes por semana,Habilitada,"Mulheres, Jovens, Crianças, Idosos, População LGBTQIA+, Agricultores Familiares e Campesinos, Trabalhadores informais diversos (Motoristas de aplicativos, motoboys, serventes ou outros), Pessoas em situação de rua, Famílias beneﬁciárias do Programa Bolsa Família e famílias inscritas no Cadastro Único , Povos e comunidades tradicionais (indígenas, quilombolas, ribeirinhos, etc.), Pessoas e famílias atingidas por situações de emergência ou calamidade pública, Grupo específico vinculado a determinada localidade, atividade, serviço ou movimento, Outros grupos de pessoas em situação de vulnerabilidade social",1525,500,-12.7829895,-38.3932253
CS019285,INSTITUTO FAZER O BEM SEM OLHAR A QUEM,"Rua professor Raimundo gomes, 400",Vila Velha,60330-150,FORTALEZA,2304400,CE,francilenemorais466@gmail.com,52.204.400/0001-12,"Sim, está funcionando normalmente",5 vezes por semana,Habilitada,"Mulheres, Jovens, Crianças, Idosos, Pessoas em situação de rua, Famílias beneﬁciárias do Programa Bolsa Família e famílias inscritas no Cadastro Único , Outros grupos de pessoas em situação de vulnerabilidade social",86,100,-3.7136684,-38.5919489
CS019015,RAIZES DO BRASIL - PICOS,"Rua São Francisco, S\N",Centro,64600-012,PICOS,2208007,PI,apaesp@yahoo.com.br,05.214.717/0001-50,"Sim, está funcionando normalmente",3 vezes por semana,Habilitada,"Mulheres, Jovens, Crianças, Idosos, Pessoas em situação de rua, Famílias beneﬁciárias do Programa Bolsa Família e famílias inscritas no Cadastro Único , Grupo específico vinculado a determinada localidade, atividade, serviço ou movimento, Outros grupos de pessoas em situação de vulnerabilidade social",510,200,-7.0839396,-41.4655394
CS017564,FÓRMULA MÁGICA DA PAZ,"Estrada Almirante Santiago Dantas, 170",Barros Filho,21665-210,RIO DE JANEIRO,3304557,RJ,ocflamel@gmail.com,,Está funcionando com carga horária reduzida,3 vezes por semana,Habilitada,"Mulheres, Jovens, Crianças, Idosos, Trabalhadores informais diversos (Motoristas de aplicativos, motoboys, serventes ou outros), Pessoas em situação de rua, Famílias beneﬁciárias do Programa Bolsa Família e famílias inscritas no Cadastro Único , Pessoas e famílias atingidas por situações de emergência ou calamidade pública, Imigrantes, Outros grupos de pessoas em situação de vulnerabilidade social",360,250,-22.8331127,-43.3680614
CS016185,COZINHANDO COM MAIS AMOR,"Rua Nossa Senhora da humanidade 3146 Vila irmã Dulce, 3146",Vila Irmã Dulce / angelim,64040-540,TERESINA,2211001,PI,maisamorpiaui1@gmail.com,21.358.070/0001-96,"Sim, está funcionando normalmente",3 vezes por semana,Habilitada,"Mulheres, Jovens, Crianças, Idosos, Outros grupos de pessoas em situação de vulnerabilidade social",500,500,-5.1948976,-42.7693927
CS019030,CASA DE ORAÇÃO BETEL,"Rua k, 46",Vila velha,60349-110,FORTALEZA,2304400,CE,gomesglaucia274@gmail.com,,"Sim, está funcionando normalmente",5 vezes por semana,Habilitada,"Mulheres, Jovens, Crianças, Idosos, População LGBTQIA+, Pessoas em situação de rua, Famílias beneﬁciárias do Programa Bolsa Família e famílias inscritas no Cadastro Único , Outros grupos de pessoas em situação de vulnerabilidade social",102,100,-3.7159242,-38.6055620
CS019224,COZINHA SOLIDÁRIA AMPM,"Amazonas, 354",Paripe,40800-590,SALVADOR,2927408,BA,paripeemmovimento.org@gmail.com,40.176.327/0001-33,"Sim, está funcionando normalmente",3 vezes por semana,Habilitada,"Mulheres, Jovens, Crianças, Idosos, População LGBTQIA+, Trabalhadores informais diversos (Motoristas de aplicativos, motoboys, serventes ou outros), Pessoas em situação de rua, Famílias beneﬁciárias do Programa Bolsa Família e famílias inscritas no Cadastro Único , Povos e comunidades tradicionais (indígenas, quilombolas, ribeirinhos, etc.), Pessoas e famílias atingidas por situações de emergência ou calamidade pública, Outros grupos de pessoas em situação de vulnerabilidade social",238,200,-12.8371983,-38.4554550
CS019029,"ASSOCIAÇÃO EDUCACIONAL PARA CRIANÇAS, ADOLESCENTES E IDOSOS","Rua Lago Dourado, 166",Parque Albano (Jurema),61645-410,CAUCAIA,2303709,CE,contatoaecadi@gmail.com,05.448.373/0001-43,"Sim, está funcionando normalmente",6 vezes por semana,Habilitada,"Mulheres, Jovens, Crianças, Idosos, Trabalhadores informais diversos (Motoristas de aplicativos, motoboys, serventes ou outros), Pessoas em situação de rua, Famílias beneﬁciárias do Programa Bolsa Família e famílias inscritas no Cadastro Único , Pessoas e famílias atingidas por situações de emergência ou calamidade pública, Outros grupos de pessoas em situação de vulnerabilidade social",630,100,-3.7589911,-38.6151296
CS019039,ASSOCIAÇÃO BENEFICENTE NOVO MILÊNIO,"Rua P, 162",Vila Velha,60349-180,FORTALEZA,2304400,CE,aurenicebarroso.2010@hotmail.com,04.933.041/0001-91,"Sim, está funcionando normalmente",5 vezes por semana,Habilitada,"Mulheres, Jovens, Crianças, Idosos, População LGBTQIA+, Famílias beneﬁciárias do Programa Bolsa Família e famílias inscritas no Cadastro Único ",100,100,-3.7161774,-38.6055649
CS019319,COZINHA CRIANÇA PARA O BEM,"SHIN CA 9 Bloco R, 00",Lago Norte,71503-509,BRASÍLIA,5300108,DF,novaacropoleassistenciasocial@gmail.com,03.653.094/0001-96,"Sim, está funcionando normalmente",6 vezes por semana,Habilitada,"Mulheres, Jovens, Crianças, Idosos, População LGBTQIA+, Famílias beneﬁciárias do Programa Bolsa Família e famílias inscritas no Cadastro Único , Grupo específico vinculado a determinada localidade, atividade, serviço ou movimento, Outros grupos de pessoas em situação de vulnerabilidade social",315,110,-15.7129419,-47.8860621
CS019316,MULHERES FORTES QUE ALIMENTAM,"Comunidade de Barro Branco, s/n",Zona Rural,48780-000,BIRITINGA,2903607,BA,zeliac06@gmail.com,,Está funcionando com carga horária reduzida,2 vezes por semana,Habilitada,"Mulheres, Famílias beneﬁciárias do Programa Bolsa Família e famílias inscritas no Cadastro Único , Outros grupos de pessoas em situação de vulnerabilidade social",1600,80,-11.6226730,-38.8066816
CS018669,COZINHA SOLIDARIA DANDARA RESISTE,"Rua Senador Mozart Lago, 165",Coelho Neto,21530-210,RIO DE JANEIRO,3304557,RJ,douglas.fortunato@coppe.ufrj.br,49.911.363/0001-78 (titular)/55.991.167/0001-53(suplente),Está funcionando com carga horária reduzida,2 vezes por semana,Habilitada,"Pessoas em situação de rua, Famílias beneﬁciárias do Programa Bolsa Família e famílias inscritas no Cadastro Único , Pessoas e famílias atingidas por situações de emergência ou calamidade pública, Grupo específico vinculado a determinada localidade, atividade, serviço ou movimento, Outros grupos de pessoas em situação de vulnerabilidade social",550,150,-22.8299327,-43.3564494
CS017505,SABORES DO AXÉ,"Rua vinte Pga, 128",Cascata,91720-120,PORTO ALEGRE,4314902,RS,axemire@gmail.com,27.912.663/0001-39,"Sim, está funcionando normalmente",2 vezes por semana,Habilitada,"Mulheres, Jovens, Crianças, Idosos, População LGBTQIA+, Trabalhadores informais diversos (Motoristas de aplicativos, motoboys, serventes ou outros), Pessoas em situação de rua, Famílias beneﬁciárias do Programa Bolsa Família e famílias inscritas no Cadastro Único , Povos e comunidades tradicionais (indígenas, quilombolas, ribeirinhos, etc.), Pessoas e famílias atingidas por situações de emergência ou calamidade pública, Imigrantes, Grupo específico vinculado a determinada localidade, atividade, serviço ou movimento, Outros grupos de pessoas em situação de vulnerabilidade social",688,250,-30.0936326,-51.1902180
CS019283,GRUPO ESPERANÇA DE LAGOA DOS CÁGADOS,"Povoado Lagoa dos Cágados, S/N",Zona Rural,48830-000,QUIJINGUE,2925907,BA,leane@moc.org.br,,Está funcionando com carga horária reduzida,1 vez por semana,Habilitada,"Famílias beneﬁciárias do Programa Bolsa Família e famílias inscritas no Cadastro Único , Outros grupos de pessoas em situação de vulnerabilidade social",1600,80,-10.7609031,-39.0778843
CS019201,COZINHA SOLIDÁRIA DO REDENTOR,"Rua José do Patrocínio, 570",Cidade Baixa,90050-002,PORTO ALEGRE,4314902,RS,nataliaxfm10@gmail.com,58.744.505/0001-40,"Sim, está funcionando normalmente",2 vezes por semana,Habilitada,"Mulheres, Jovens, Crianças, Idosos, Pessoas em situação de rua, Famílias beneﬁciárias do Programa Bolsa Família e famílias inscritas no Cadastro Único , Pessoas e famílias atingidas por situações de emergência ou calamidade pública, Grupo específico vinculado a determinada localidade, atividade, serviço ou movimento",173,200,-30.0397995,-51.2228375
CS018623,PEQUENO COTOLENGO DOM ORIONE,"Travessa Padre José Maria, 284",Arianópolis,61656-000,CAUCAIA,2303709,CE,cotolengocearense@gmail.com,07.435.663/0001-88,"Sim, está funcionando normalmente",5 vezes por semana,Habilitada,"Famílias beneﬁciárias do Programa Bolsa Família e famílias inscritas no Cadastro Único , Outros grupos de pessoas em situação de vulnerabilidade social",200,100,-3.7719574,-38.6432715
CS014948,"AMOR, ALIMENTO PRA ALMA","Rua Caraíba, 808",Rocha Miranda,21545-165,RIO DE JANEIRO,3304557,RJ,sejaluzyr@gmail.com,49.214.015/0001-41,"Sim, está funcionando normalmente",5 vezes por semana,Habilitada,"Mulheres, Jovens, Crianças, Idosos, População LGBTQIA+, Trabalhadores informais diversos (Motoristas de aplicativos, motoboys, serventes ou outros), Pessoas em situação de rua, Famílias beneﬁciárias do Programa Bolsa Família e famílias inscritas no Cadastro Único , Pessoas e famílias atingidas por situações de emergência ou calamidade pública, Outros grupos de pessoas em situação de vulnerabilidade social",475,310,-22.8475990,-43.3442068
CS019241,COZINHA COMUNITÁRIA AVIVAR,"Rua Caricia de menina, 1030",GRANJA LISBOA,60540-395,FORTALEZA,2304400,CE,rozecmas@gmail.com,,"Sim, está funcionando normalmente",5 vezes por semana,Habilitada,"Mulheres, Jovens, Crianças, Idosos, População LGBTQIA+, Trabalhadores informais diversos (Motoristas de aplicativos, motoboys, serventes ou outros), Pessoas em situação de rua, Famílias beneﬁciárias do Programa Bolsa Família e famílias inscritas no Cadastro Único , Povos e comunidades tradicionais (indígenas, quilombolas, ribeirinhos, etc.), Pessoas e famílias atingidas por situações de emergência ou calamidade pública, Grupo específico vinculado a determinada localidade, atividade, serviço ou movimento, Outros grupos de pessoas em situação de vulnerabilidade social",393,100,-3.7831354,-38.6149508
CS018806,COZINHA OCUPA CURUMIM,"Av. Denise Cristina da Rocha, 452 - Justinópolis, Ribeirão das Neves - MG, 31615-310, 452",JARDIM FLORENCIA (JUSTINOPOLIS),31615-310,RIBEIRÃO DAS NEVES,3154606,MG,infoaneduc@gmail.com,08.042.959/0001-00,Está funcionando com carga horária reduzida,4 vezes por semana,Habilitada,"Mulheres, Jovens, Crianças, Grupo específico vinculado a determinada localidade, atividade, serviço ou movimento, Outros grupos de pessoas em situação de vulnerabilidade social",49,21,-19.8027594,-44.0016032
CS019277,VIDA SAUDÁVEL,"Setor 4b Quadra A, Casa 06",Guajuviras,92440-326,CANOAS,4304606,RS,kelenmouras@gmail.com,04.674.671/0001-99,"Sim, está funcionando normalmente",4 vezes por semana,Habilitada,"Mulheres, Jovens, Crianças, Idosos, Pessoas em situação de rua, Famílias beneﬁciárias do Programa Bolsa Família e famílias inscritas no Cadastro Único , Pessoas e famílias atingidas por situações de emergência ou calamidade pública, Outros grupos de pessoas em situação de vulnerabilidade social",360,220,-29.8942707,-51.1343849
CS017598,COZINHA SOLIDÁRIA UNIDOS NO BEM BELFORD ROXO,"Travessa Tulipas, s/n, Lote 12, Quadra 07, 12",Santa Amélia,26115-100,BELFORD ROXO,3300456,RJ,galeriadeheroisb@gmail.com,,"Sim, está funcionando normalmente",2 vezes por semana,Habilitada,"Mulheres, Jovens, Crianças, Idosos, População LGBTQIA+, Pessoas em situação de rua, Famílias beneﬁciárias do Programa Bolsa Família e famílias inscritas no Cadastro Único , Povos e comunidades tradicionais (indígenas, quilombolas, ribeirinhos, etc.), Pessoas e famílias atingidas por situações de emergência ou calamidade pública, Imigrantes, Outros grupos de pessoas em situação de vulnerabilidade social",900,200,-22.7422607,-43.3911824
CS019057,COZINHA LEUCIA ALVES,"Rua Dom Gregório dos Anjos, 7",Jardim Paraguaçu,03926-000,SÃO PAULO,3550308,SP,Institutoculturalleuciaalves@gmail.com,25.012.151/0001-90,"Sim, está funcionando normalmente",5 vezes por semana,Habilitada,"Pessoas em situação de rua, Famílias beneﬁciárias do Programa Bolsa Família e famílias inscritas no Cadastro Único , Povos e comunidades tradicionais (indígenas, quilombolas, ribeirinhos, etc.), Pessoas e famílias atingidas por situações de emergência ou calamidade pública, Imigrantes, Grupo específico vinculado a determinada localidade, atividade, serviço ou movimento, Outros grupos de pessoas em situação de vulnerabilidade social",418,350,-23.6007375,-46.5033179
CS017977,PRATO CHEIO,"RUA ANTONIO JANUÁRIO CARNEIRO, 463",SÃO VICENTE,36770-618,CATAGUASES,3115300,MG,afanoficial1991@gmail.com,26.146.191/0001-98,"Sim, está funcionando normalmente",5 vezes por semana,Habilitada,"Mulheres, Jovens, Crianças, Idosos, População LGBTQIA+, Trabalhadores informais diversos (Motoristas de aplicativos, motoboys, serventes ou outros), Pessoas em situação de rua, Famílias beneﬁciárias do Programa Bolsa Família e famílias inscritas no Cadastro Único ",40,200,-21.4033631,-42.6646683
CS019347,CASINHA DO BEM FORTALEZA,"Rua Carneiro da Cunha, 159",Jacarecanga,60010-470,FORTALEZA,2304400,CE,casinhadobemfortaleza2022@gmail.com,45.885.254/0001-72,"Sim, está funcionando normalmente",5 vezes por semana,Habilitada,"Mulheres, Jovens, Crianças, Idosos, População LGBTQIA+, Trabalhadores informais diversos (Motoristas de aplicativos, motoboys, serventes ou outros), Pessoas em situação de rua, Famílias beneﬁciárias do Programa Bolsa Família e famílias inscritas no Cadastro Único , Povos e comunidades tradicionais (indígenas, quilombolas, ribeirinhos, etc.), Outros grupos de pessoas em situação de vulnerabilidade social",370,150,-3.7245849,-38.5423256
CS018987,COZINHA SOLIDÁRIA DOM HÉLDER CÂMARA,"RUA JORGE ALBUQUERQUE NEIVA, 22",CENTRO,55280-000,PEDRA,2610806,PE,redemulherpedra@gmail.com,27.672.994/0001-49,"Sim, está funcionando normalmente",2 vezes por semana,Habilitada,"Mulheres, Jovens, Crianças, Idosos, População LGBTQIA+, Agricultores Familiares e Campesinos, Trabalhadores informais diversos (Motoristas de aplicativos, motoboys, serventes ou outros), Pessoas em situação de rua, Famílias beneﬁciárias do Programa Bolsa Família e famílias inscritas no Cadastro Único , Grupo específico vinculado a determinada localidade, atividade, serviço ou movimento, Outros grupos de pessoas em situação de vulnerabilidade social",129,250,-8.5013899,-36.9463707
CS018904,COZINHA SOLIDARIA  TRANSVIDA,"Rua Ministro Moreira de Abreu, 666",Olaria,21071-485,RIO DE JANEIRO,3304557,RJ,inslardossonhos@gmail.com,,"Sim, está funcionando normalmente",5 vezes por semana,Habilitada,"Mulheres, Jovens, Crianças, Idosos, População LGBTQIA+, Pessoas em situação de rua, Famílias beneﬁciárias do Programa Bolsa Família e famílias inscritas no Cadastro Único , Povos e comunidades tradicionais (indígenas, quilombolas, ribeirinhos, etc.), Pessoas e famílias atingidas por situações de emergência ou calamidade pública, Imigrantes, Outros grupos de pessoas em situação de vulnerabilidade social",407,250,-22.8535394,-43.2859347
CS017322,COZINHA  ESTRADA DE FERRO,"rua Daniel de Resende, 310",Vianópolis,75260-000,VIANÓPOLIS,5222005,GO,cozinhaestradadeferro@gmail.com,,"Sim, está funcionando normalmente",1 vez por semana,Habilitada,"Mulheres, Jovens, Crianças, Idosos, Pessoas em situação de rua, Outros grupos de pessoas em situação de vulnerabilidade social",280,600,-16.7471477,-48.5104877
CS019360,COZINHA SOLIDÁRIA NOVA CIGANA,"RUA DAS FLORES, 351",NOVA CIGANA,61605-725,CAUCAIA,2303709,CE,regilanealbuquerque9@gmail.com,,"Sim, está funcionando normalmente",5 vezes por semana,Habilitada,"Mulheres, Jovens, Crianças, Idosos, Pessoas em situação de rua, Famílias beneﬁciárias do Programa Bolsa Família e famílias inscritas no Cadastro Único , Povos e comunidades tradicionais (indígenas, quilombolas, ribeirinhos, etc.), Outros grupos de pessoas em situação de vulnerabilidade social",230,100,-3.7464824,-38.6590713
CS019080,COZINHA PERIFA,"Rua Pierre Luz, 548",Jardim Guanabara,60346-195,FORTALEZA,2304400,CE,fco.pmateus@gmail.com,12.211.140/0001-98,"Sim, está funcionando normalmente",5 vezes por semana,Habilitada,"Mulheres, Jovens, Crianças, Idosos, População LGBTQIA+, Trabalhadores informais diversos (Motoristas de aplicativos, motoboys, serventes ou outros), Pessoas em situação de rua, Famílias beneﬁciárias do Programa Bolsa Família e famílias inscritas no Cadastro Único , Outros grupos de pessoas em situação de vulnerabilidade social",320,300,-3.7223847,-38.5883689
CS017553,MNLM/COZINHA SOCIAL SABOR DO BEM,"Qs 11 conjunto E lote 49 Arniqueneras/Areal, lote 49",Areal/Arniqueiras,71979-540,BRASÍLIA,5300108,DF,ameturaguasclaras@gmail.com,05.740.074/0001-88,Está funcionando com carga horária reduzida,2 vezes por semana,Habilitada,"Mulheres, Jovens, Crianças, Idosos, População LGBTQIA+, Pessoas em situação de rua, Famílias beneﬁciárias do Programa Bolsa Família e famílias inscritas no Cadastro Único , Imigrantes, Grupo específico vinculado a determinada localidade, atividade, serviço ou movimento, Outros grupos de pessoas em situação de vulnerabilidade social",410,150,-15.8675663,-48.0199524
CS017713,COZINHA ACAMAR,"Rua Brasília Soares de Almeida 51, 51",Santa Isabel,18306-050,CAPÃO BONITO,3510203,SP,acamarcb@gmail.com,10.657.199/0001-89,"Sim, está funcionando normalmente",5 vezes por semana,Habilitada,"Mulheres, Jovens, Idosos, População LGBTQIA+, Pessoas em situação de rua, Famílias beneﬁciárias do Programa Bolsa Família e famílias inscritas no Cadastro Único , Grupo específico vinculado a determinada localidade, atividade, serviço ou movimento, Outros grupos de pessoas em situação de vulnerabilidade social",116,120,-24.0187602,-48.3512140
CS016516,COZINHA SOLIDÁRIA ESPAÇO VERDE,"Rua João de Deus, 08",Prazeres,54315-645,JABOATÃO DOS GUARARAPES,2607901,PE,mcp.pernambuco@gmail.com,,Está funcionando com carga horária reduzida,2 vezes por semana,Habilitada,"Mulheres, Crianças, Idosos, Pessoas em situação de rua, Outros grupos de pessoas em situação de vulnerabilidade social",120,130,-8.1560240,-34.9257248
CS019223,COZINHA GRUPO DOS ANJOS,"Rua Antonio Vale, 7",Taquara,22723-250,RIO DE JANEIRO,3304557,RJ,karinmartins47@gmail.com,,"Sim, está funcionando normalmente",2 vezes por semana,Habilitada,"Pessoas em situação de rua, Pessoas e famílias atingidas por situações de emergência ou calamidade pública, Outros grupos de pessoas em situação de vulnerabilidade social",450,130,-22.9110721,-43.4194846
CS018827,GABRIELE DOS SANTOS FERNANDES,"Rua Waldomiro Bassedas, 223",Armour,97575-302,SANT'ANA DO LIVRAMENTO,4317103,RS,gabrielefernandes-78@hotmail.com,,"Sim, está funcionando normalmente",1 vez por semana,Habilitada,"Mulheres, Jovens, Crianças, Idosos, População LGBTQIA+, Agricultores Familiares e Campesinos, Trabalhadores informais diversos (Motoristas de aplicativos, motoboys, serventes ou outros), Pessoas em situação de rua, Famílias beneﬁciárias do Programa Bolsa Família e famílias inscritas no Cadastro Único , Pessoas e famílias atingidas por situações de emergência ou calamidade pública, Outros grupos de pessoas em situação de vulnerabilidade social",60,60,-30.8930961,-55.4901415
CS019036,COZINHA SOLIDÁRIA DO QUILOMBO VIDAL MARTINS,"Rodovia João Gualberto Soares, 9543 (km 14)",Rio Vermelho,88058-300,FLORIANÓPOLIS,4205407,SC,helenaquilombola@gmail.com,20.710.759/0001-75,"Sim, está funcionando normalmente",7 vezes por semana,Habilitada,"Mulheres, Jovens, Crianças, Idosos, Famílias beneﬁciárias do Programa Bolsa Família e famílias inscritas no Cadastro Único , Povos e comunidades tradicionais (indígenas, quilombolas, ribeirinhos, etc.)",45,45,-27.4754435,-48.4181097
CS018137,DESAFIO JOVEM EBENEZER EXTREMOZ,"Rua Cruz das Almas, 44",Rona Rural,59575-000,EXTREMOZ,2403608,RN,ebenezerextremoz@gmail.com,50.456.870/0012-09,"Sim, está funcionando normalmente",6 vezes por semana,Habilitada,"Pessoas em situação de rua, Famílias beneﬁciárias do Programa Bolsa Família e famílias inscritas no Cadastro Único , Outros grupos de pessoas em situação de vulnerabilidade social",137,150,-5.6803311,-35.2733226
CS016804,ASSOCIAÇÃO SOMANDO FORÇAS (INSTITUTO ASSFOR),"Rua  Galdino Belinazo, 498",Diácono  João Luiz Possobom,97060-836,SANTA MARIA,4316907,RS,assforsomandoforcas@gmail.com,53.043.435/0001-80,"Sim, está funcionando normalmente",4 vezes por semana,Habilitada,"Mulheres, Jovens, Crianças, Idosos, População LGBTQIA+, Trabalhadores informais diversos (Motoristas de aplicativos, motoboys, serventes ou outros), Pessoas em situação de rua, Famílias beneﬁciárias do Programa Bolsa Família e famílias inscritas no Cadastro Único , Pessoas e famílias atingidas por situações de emergência ou calamidade pública, Outros grupos de pessoas em situação de vulnerabilidade social",226,100,-29.7182250,-53.7624380
CS017030,COZINHA BOM PRATO PERICUMÃ,"Rua Major Arthur Sá, 508",Centro,65200-000,PINHEIRO,2108603,MA,institutoambientalpericuma@gmail.com,11.449.219/0001-99,"Não, a Cozinha encontra-se paralisada, sem atividade",6 vezes por semana,Habilitada,"Pessoas em situação de rua, Famílias beneﬁciárias do Programa Bolsa Família e famílias inscritas no Cadastro Único , Povos e comunidades tradicionais (indígenas, quilombolas, ribeirinhos, etc.), Outros grupos de pessoas em situação de vulnerabilidade social",220,120,-2.5157251,-45.0839941
CS019413,PARTILHANDO O  BEM,"Rua Léa Moreira de Souza Moura, 455",Cidade Industrial,81315-680,CURITIBA,4106902,PR,paulotimoteo469@hotmail.com,26.079.763/0001-63,"Sim, está funcionando normalmente",3 vezes por semana,Habilitada,"Mulheres, Jovens, Crianças, Idosos, Pessoas em situação de rua, Famílias beneﬁciárias do Programa Bolsa Família e famílias inscritas no Cadastro Único , Imigrantes, Outros grupos de pessoas em situação de vulnerabilidade social",1550,500,-25.5106703,-49.3280938
CS019454,COZINHA ESCOLA BORDA VIVA,"Rua Padre Humberto Robig, 114",Borda do Campo,83075-477,SÃO JOSÉ DOS PINHAIS,4125506,PR,associacao_bordaviva@hotmail.com,04.580.228/0001-59,"Sim, está funcionando normalmente",5 vezes por semana,Habilitada,"Crianças, Idosos, Outros grupos de pessoas em situação de vulnerabilidade social",20,120,-25.5191802,-49.1047068
CS019447,PONTO DE CULTURA E CASA DE PASSAGEM INDÍGENA,"Rua Prefeito Waldemar Vieira, 848",Saco dos Limões,88045-500,FLORIANÓPOLIS,4205407,SC,neryfranciscorefey@gmail.com,,"Sim, está funcionando normalmente",6 vezes por semana,Habilitada,"Mulheres, Jovens, Crianças, Famílias beneﬁciárias do Programa Bolsa Família e famílias inscritas no Cadastro Único , Povos e comunidades tradicionais (indígenas, quilombolas, ribeirinhos, etc.)",100,100,-27.6120671,-48.5315841
CS017601,COZINHA ANCESTRAL SOLIDÁRIA ODO EBI (FOME ZERO),"Rua Marilandes Rodrigues de Mello, 811",Parque Recreio Dom Pedro II (Guia de Pacobaíba),25924-430,MAGÉ,3302502,RJ,taisa.enfneo@gmail.com,,"Sim, está funcionando normalmente",3 vezes por semana,Habilitada,"Mulheres, Jovens, Crianças, Idosos, População LGBTQIA+, Agricultores Familiares e Campesinos, Trabalhadores informais diversos (Motoristas de aplicativos, motoboys, serventes ou outros), Pessoas em situação de rua, Famílias beneﬁciárias do Programa Bolsa Família e famílias inscritas no Cadastro Único , Povos e comunidades tradicionais (indígenas, quilombolas, ribeirinhos, etc.), Pessoas e famílias atingidas por situações de emergência ou calamidade pública, Imigrantes, Assentados da Reforma Agrária, Grupo específico vinculado a determinada localidade, atividade, serviço ou movimento, Outros grupos de pessoas em situação de vulnerabilidade social",850,150,-22.6284267,-43.1726915
CS019473,COZINHA SOLIDÁRIA PÃO PARTILHADO,"Estrada do Curuçamba, S/n",Curuçamba,67033-009,ANANINDEUA,1500800,PA,redecpsmcppa@gmail.com,,"Sim, está funcionando normalmente",5 vezes por semana,Habilitada,"Mulheres, Jovens, Crianças, Idosos, Pessoas em situação de rua, Famílias beneﬁciárias do Programa Bolsa Família e famílias inscritas no Cadastro Único , Imigrantes, Outros grupos de pessoas em situação de vulnerabilidade social",55,100,-1.3362404,-48.3788956
CS019386,OS PELICANOS   COZINHA SOLIDÁRIA,"Rua Rio Solimões, 1444",Weissópolis,83322-150,PINHAIS,4119152,PR,projetoospelicanos@gmail.com,10.622.477/0001-62,"Sim, está funcionando normalmente",3 vezes por semana,Habilitada,"Pessoas em situação de rua, Famílias beneﬁciárias do Programa Bolsa Família e famílias inscritas no Cadastro Único , Pessoas e famílias atingidas por situações de emergência ou calamidade pública, Imigrantes, Grupo específico vinculado a determinada localidade, atividade, serviço ou movimento, Outros grupos de pessoas em situação de vulnerabilidade social",7000,300,-25.4646987,-49.1876233
CS018394,COZINHA SOLIDÁRIA DE TODO O CORAÇÃO,"Rua São Salvador, 306",Rocha Sobrinho,26572-280,MESQUITA,3302858,RJ,lucianaalmado21@gmail.com,,"Sim, está funcionando normalmente",2 vezes por semana,Habilitada,"Mulheres, Jovens, Crianças, Idosos, População LGBTQIA+, Agricultores Familiares e Campesinos, Trabalhadores informais diversos (Motoristas de aplicativos, motoboys, serventes ou outros), Pessoas em situação de rua, Famílias beneﬁciárias do Programa Bolsa Família e famílias inscritas no Cadastro Único , Pessoas e famílias atingidas por situações de emergência ou calamidade pública, Imigrantes, Outros grupos de pessoas em situação de vulnerabilidade social",310,255,-22.7822726,-43.4064665
CS019472,COZINHA SOLIDÁRIA OCUPAÇÃO NOVA CANAÃ,"Rua VC, quadra 61, 36",Conjunto Vera Cruz,74493-440,GOIÂNIA,5208707,GO,cozinha.novacanaa@gmail.com,,Está funcionando com carga horária reduzida,Somente em dia de eventos,Habilitada,"Grupo específico vinculado a determinada localidade, atividade, serviço ou movimento, Outros grupos de pessoas em situação de vulnerabilidade social",240,120,-16.6588092,-49.3892648
CS019487,COZINHA POPULAR SOLIDÁRIA PAULO FREIRE,"Comunidade Urbana Ocupação Alto da Boa Vista, 12/13",Alto da Boa Vista,74962-750,APARECIDA DE GOIÂNIA,5201405,GO,cozinha.paulofreire@gmail.com,,"Sim, está funcionando normalmente",Somente em dia de eventos,Habilitada,"Grupo específico vinculado a determinada localidade, atividade, serviço ou movimento, Outros grupos de pessoas em situação de vulnerabilidade social",200,100,-16.8226787,-49.2473476
CS017861,EDICARLOS ALENCAR DE SOUSA,"TRAVESSA JOSE RAIMUNDO GOMES, S/N",VILA ANTONICO,63515-000,QUIXELÔ,2311355,CE,edi.carlos.alencar@hotmail.com,06.745.806/0001-95,"Sim, está funcionando normalmente",5 vezes por semana,Habilitada,"Mulheres, Jovens, Crianças, Idosos, População LGBTQIA+, Agricultores Familiares e Campesinos, Trabalhadores informais diversos (Motoristas de aplicativos, motoboys, serventes ou outros), Pessoas em situação de rua, Famílias beneﬁciárias do Programa Bolsa Família e famílias inscritas no Cadastro Único , Povos e comunidades tradicionais (indígenas, quilombolas, ribeirinhos, etc.), Outros grupos de pessoas em situação de vulnerabilidade social",300,100,-6.2629496,-39.2692858
CS019470,COMIDA E VIDA,"Rua Laertes Luiz Foggiato, 913",Sitio Cercado,81920-040,CURITIBA,4106902,PR,institutosomarmais@gmail.com,14.221.815/0001-05,"Sim, está funcionando normalmente",3 vezes por semana,Habilitada,"Outros grupos de pessoas em situação de vulnerabilidade social, Famílias beneﬁciárias do Programa Bolsa Família e famílias inscritas no Cadastro Único , Pessoas e famílias atingidas por situações de emergência ou calamidade pública, Grupo específico vinculado a determinada localidade, atividade, serviço ou movimento, A cozinha não faz triagem do público beneficiário",1030,0,-25.5403349,-49.2502466
CS019465,COZINHA MÃE,"Rua dos Cedros, 90",Monte Cristo,88090-519,FLORIANÓPOLIS,4205407,SC,cintiaaldacicruz1887@gmail.com,,"Sim, está funcionando normalmente",3 vezes por semana,Habilitada,"Mulheres, Jovens, Crianças, Idosos, Famílias beneﬁciárias do Programa Bolsa Família e famílias inscritas no Cadastro Único , Grupo específico vinculado a determinada localidade, atividade, serviço ou movimento",400,200,-27.5899247,-48.6048529
CS016255,AMIGAS DO SÃO JORGE,"Rua Amélia Baptista Rabello, 93",Jd. São Jorge,86082-806,LONDRINA,4113700,PR,amigasdosaojorge@gmail.com,58.356.414/0001-38,"Sim, está funcionando normalmente",2 vezes por semana,Habilitada,"Pessoas em situação de rua, Outros grupos de pessoas em situação de vulnerabilidade social",310,300,-23.2544617,-51.1902464
CS019461,COZINHA POPULAR SOLIDÁRIA FREI BEDA,"Rua Brazópolis, 51",Brasília Teimosa,51010-220,RECIFE,2611606,PE,rededecozinhas.maos.pe@gmail.com,09.423.270/0001-80,"Sim, está funcionando normalmente",1 vez por semana,Habilitada,"Pessoas em situação de rua, Famílias beneﬁciárias do Programa Bolsa Família e famílias inscritas no Cadastro Único , Povos e comunidades tradicionais (indígenas, quilombolas, ribeirinhos, etc.), Grupo específico vinculado a determinada localidade, atividade, serviço ou movimento, Outros grupos de pessoas em situação de vulnerabilidade social",2050,300,-8.0888734,-34.8811317
CS019462,COZINHA DA TURMA DO FLAU,"Rua espadarte, 454",Brasília Teimosa,51010-070,RECIFE,2611606,PE,rededecozinhas.maos.pe@gmail.com,09.423.270/0001-80,"Sim, está funcionando normalmente",5 vezes por semana,Habilitada,"Jovens, Crianças, Pessoas em situação de rua, Famílias beneﬁciárias do Programa Bolsa Família e famílias inscritas no Cadastro Único , Povos e comunidades tradicionais (indígenas, quilombolas, ribeirinhos, etc.), Grupo específico vinculado a determinada localidade, atividade, serviço ou movimento, Outros grupos de pessoas em situação de vulnerabilidade social",260,80,-8.0824276,-34.8769808
CS019460,CAMPO DO ONZE - MÃE ARTE,"Rua Getúlio Vargas, 414",Santo Amaro,50110-820,RECIFE,2611606,PE,rededecozinhas.maos.pe@gmail.com,09.423.270/0001-80,"Sim, está funcionando normalmente",3 vezes por semana,Habilitada,"Mulheres, Jovens, Crianças, Pessoas em situação de rua, Famílias beneﬁciárias do Programa Bolsa Família e famílias inscritas no Cadastro Único , Povos e comunidades tradicionais (indígenas, quilombolas, ribeirinhos, etc.), Grupo específico vinculado a determinada localidade, atividade, serviço ou movimento, Outros grupos de pessoas em situação de vulnerabilidade social",330,70,-8.0421354,-34.8798828
CS019428,COZINHA SOLIDÁRIA DA PASTORAL DO MIGRANTE DE FLORIANÓPOLIS,"Desembargador Gil Costa, 755",Capoeiras,88070-348,FLORIANÓPOLIS,4205407,SC,florianopolis@scalabrinianos.com,09.656.530/0004-00,"Sim, está funcionando normalmente",7 vezes por semana,Habilitada,"Pessoas em situação de rua, Famílias beneﬁciárias do Programa Bolsa Família e famílias inscritas no Cadastro Único , Pessoas e famílias atingidas por situações de emergência ou calamidade pública, Imigrantes, Outros grupos de pessoas em situação de vulnerabilidade social",150,150,-27.5918253,-48.5841724
CS019459,COZINHA SOLIDARIA DO MARACATU NAÇÃO DE OXALÁ,"Av Rio Capibaribe, 110",Sao José,50030-230,RECIFE,2611606,PE,rededecozinhas.maos.pe@gmail.com,09.423.270/0001-80,"Sim, está funcionando normalmente",2 vezes por semana,Habilitada,"Pessoas em situação de rua, Famílias beneﬁciárias do Programa Bolsa Família e famílias inscritas no Cadastro Único , Outros grupos de pessoas em situação de vulnerabilidade social",600,150,-8.0676430,-34.8857810
CS019213,COZINHA POPULAR SOLIDÁRIA IRMÃ DOROTHY,"Rua Josué Pereira de Oliveira, n.192",Santa Tereza (loteamento),54774-403,CAMARAGIBE,2603454,PE,rededecozinhas.maos.pe@gmail.com,09.423.270/0001-80,Está funcionando com carga horária reduzida,2 vezes por semana,Habilitada,"Pessoas em situação de rua, Famílias beneﬁciárias do Programa Bolsa Família e famílias inscritas no Cadastro Único , Pessoas e famílias atingidas por situações de emergência ou calamidade pública, Grupo específico vinculado a determinada localidade, atividade, serviço ou movimento, Outros grupos de pessoas em situação de vulnerabilidade social",880,300,-8.0048092,-34.9972089
CS019433,COZINHA POPULAR SOLIDÁRIA VILA DOS MILAGRES,"Rua cantor Jessé, 188",Barro,51275-410,RECIFE,2611606,PE,rededecozinhas.maos.pe@gmail.com,09.423.270/0001-80,Está funcionando com carga horária reduzida,2 vezes por semana,Habilitada,"Mulheres, Pessoas em situação de rua, Famílias beneﬁciárias do Programa Bolsa Família e famílias inscritas no Cadastro Único , Povos e comunidades tradicionais (indígenas, quilombolas, ribeirinhos, etc.), Pessoas e famílias atingidas por situações de emergência ou calamidade pública, Grupo específico vinculado a determinada localidade, atividade, serviço ou movimento, Outros grupos de pessoas em situação de vulnerabilidade social",1350,250,-8.1049810,-34.9516565
CS019484,COZINHA POPULAR SOLIDÁRIA TIAZINHA,"rua 05, 49",Rio Doce,53071-191,OLINDA,2609600,PE,institutotiazinha@gmail.com,09.423.270/0001-80,Está funcionando com carga horária reduzida,2 vezes por semana,Habilitada,"Mulheres, Jovens, Crianças, Idosos, População LGBTQIA+, Trabalhadores informais diversos (Motoristas de aplicativos, motoboys, serventes ou outros), Pessoas em situação de rua, Famílias beneﬁciárias do Programa Bolsa Família e famílias inscritas no Cadastro Único , Pessoas e famílias atingidas por situações de emergência ou calamidade pública, Outros grupos de pessoas em situação de vulnerabilidade social",378,150,-7.9661053,-34.8322058
CS019489,COZINHA POPULAR SOLIDARIA 15 DE NOVEMBRO,"rua um, 0",arthu lundgren,53415-530,PAULISTA,2610707,PE,leonardopereiralopes1998@gmail.com,09.423.270/0001-80,"Sim, está funcionando normalmente",3 vezes por semana,Habilitada,"Mulheres, Jovens, Crianças, Idosos, População LGBTQIA+, Pessoas em situação de rua, Famílias beneﬁciárias do Programa Bolsa Família e famílias inscritas no Cadastro Único , Povos e comunidades tradicionais (indígenas, quilombolas, ribeirinhos, etc.), Pessoas e famílias atingidas por situações de emergência ou calamidade pública, Outros grupos de pessoas em situação de vulnerabilidade social",371,350,-7.9374686,-34.8603627
CS019469,COZINHA POPULAR SOLIDÁRIA COMUNIDADE V8,"Rua da Boa Hora, 39",Varadouro,53020-110,OLINDA,2609600,PE,rededecozinhas.maos.pe@gmail.com,09.423.270/0001-80,"Sim, está funcionando normalmente",2 vezes por semana,Habilitada,"Mulheres, Jovens, Crianças, Idosos, População LGBTQIA+, Trabalhadores informais diversos (Motoristas de aplicativos, motoboys, serventes ou outros), Pessoas em situação de rua, Famílias beneﬁciárias do Programa Bolsa Família e famílias inscritas no Cadastro Único , Pessoas e famílias atingidas por situações de emergência ou calamidade pública, Outros grupos de pessoas em situação de vulnerabilidade social",296,400,-8.0168722,-34.8570069
CS019464,COZINHA POPULAR SOLIDÁRIA LUIZ LORENZON,"Rua  Poeta Vinicius de Morais, 02",Ouro Preto,53370-297,OLINDA,2609600,PE,leonardopereiralopes1998@gmail.com,09.423.270/0001-80,"Sim, está funcionando normalmente",3 vezes por semana,Habilitada,"Mulheres, Jovens, Crianças, Idosos, População LGBTQIA+, Trabalhadores informais diversos (Motoristas de aplicativos, motoboys, serventes ou outros), Pessoas em situação de rua, Famílias beneﬁciárias do Programa Bolsa Família e famílias inscritas no Cadastro Único , Pessoas e famílias atingidas por situações de emergência ou calamidade pública, Outros grupos de pessoas em situação de vulnerabilidade social",550,450,-7.9987305,-34.8692628
CS019458,PROJETO JAGUAR SOCIAL,"Rua valdemar de Oliveira, 29",Engenho Maranguape,53423-530,PAULISTA,2610707,PE,edinaldajaguarcursos@gmail.com,,"Sim, está funcionando normalmente",3 vezes por semana,Habilitada,"Mulheres, Jovens, Crianças, Idosos, População LGBTQIA+, Pessoas em situação de rua, Famílias beneﬁciárias do Programa Bolsa Família e famílias inscritas no Cadastro Único , Pessoas e famílias atingidas por situações de emergência ou calamidade pública, Outros grupos de pessoas em situação de vulnerabilidade social",390,330,-7.9155920,-34.8441648
CS019528,COZINHA POPULA SOLIDARIA ARMAZÉM DO CAMPO,"Avenida Martins de Barros, 387",Santo Antônio,50010-230,RECIFE,2611606,PE,fabiolasantosamaro25@gmeil.com,09.423.270/0001-80,Está funcionando com carga horária reduzida,1 vez por semana,Habilitada,"Mulheres, Crianças, Idosos, População LGBTQIA+, Pessoas em situação de rua, Povos e comunidades tradicionais (indígenas, quilombolas, ribeirinhos, etc.), Pessoas e famílias atingidas por situações de emergência ou calamidade pública, Outros grupos de pessoas em situação de vulnerabilidade social",880,500,-8.0638042,-34.8765527
CS019421,RELIGIÃO DE DEUS DO CRISTO E DO ESPIRITO SANTO,"R. Gen. Eurico Gaspar Dutra, 226",Estreito,88070-000,FLORIANÓPOLIS,4205407,SC,dcorre@religiaodedeus.org,28.003.945/0001-86,"Sim, está funcionando normalmente",Uma vez ao mês,Habilitada,"Pessoas em situação de rua, Pessoas e famílias atingidas por situações de emergência ou calamidade pública, Outros grupos de pessoas em situação de vulnerabilidade social",330,250,-27.5944063,-48.5716575
CS018649,MARV - MISSÃO AMPARO RESGATANDO VIDAS.,"Rua Mirinduba, n° 374, 374",Honório Gurgel,21555-000,RIO DE JANEIRO,3304557,RJ,marv.projetos@gmail.com,64.126.728/0001-47,Está funcionando com carga horária reduzida,5 vezes por semana,Habilitada,"Mulheres, Jovens, Crianças, Idosos, População LGBTQIA+, Trabalhadores informais diversos (Motoristas de aplicativos, motoboys, serventes ou outros), Pessoas em situação de rua, Famílias beneﬁciárias do Programa Bolsa Família e famílias inscritas no Cadastro Único , Pessoas e famílias atingidas por situações de emergência ou calamidade pública, Imigrantes, Grupo específico vinculado a determinada localidade, atividade, serviço ou movimento, Outros grupos de pessoas em situação de vulnerabilidade social",540,800,-22.8558863,-43.3571136
CS018647,GUIANDOVIDAS,"Rua Joaquim Coutinho Cavalcante, 13",Bangu,21853-357,RIO DE JANEIRO,3304557,RJ,Guiandovidas.of@gmail.com,64.216.746/0001-10,Está funcionando com carga horária reduzida,5 vezes por semana,Habilitada,"Mulheres, Jovens, Crianças, Idosos, População LGBTQIA+, Agricultores Familiares e Campesinos, Trabalhadores informais diversos (Motoristas de aplicativos, motoboys, serventes ou outros), Pessoas em situação de rua, Famílias beneﬁciárias do Programa Bolsa Família e famílias inscritas no Cadastro Único , Povos e comunidades tradicionais (indígenas, quilombolas, ribeirinhos, etc.), Pessoas e famílias atingidas por situações de emergência ou calamidade pública, Imigrantes, Assentados da Reforma Agrária, Grupo específico vinculado a determinada localidade, atividade, serviço ou movimento, Outros grupos de pessoas em situação de vulnerabilidade social",600,800,-22.8486512,-43.4878626
CS019535,"AMPAC - ASSOCIAÇÃO DE MÃE, PAI E ADOLESCENTES","Rua Catalão, 92",Joana Bazerra,50080-440,RECIFE,2611606,PE,rededecozinhas.maos.pe@gmail.com,09.423.270/0001-80,Está funcionando com carga horária reduzida,3 vezes por semana,Habilitada,"Pessoas em situação de rua, Famílias beneﬁciárias do Programa Bolsa Família e famílias inscritas no Cadastro Único , Outros grupos de pessoas em situação de vulnerabilidade social",320,150,-8.0732240,-34.8980775
CS018267,COZINHA ANCESTRAL SOLIDÁRIA FLOR DA TERRA,"Rua Morungaba, 28",Campo  grande,23097-682,RIO DE JANEIRO,3304557,RJ,ileaseolatunji@gmail.com,42.678.109/0001-22,"Sim, está funcionando normalmente",Quinzenalmente,Habilitada,"Mulheres, Jovens, Crianças, Idosos, População LGBTQIA+, Pessoas em situação de rua, Famílias beneﬁciárias do Programa Bolsa Família e famílias inscritas no Cadastro Único , Povos e comunidades tradicionais (indígenas, quilombolas, ribeirinhos, etc.), Pessoas e famílias atingidas por situações de emergência ou calamidade pública, Imigrantes, Grupo específico vinculado a determinada localidade, atividade, serviço ou movimento, Outros grupos de pessoas em situação de vulnerabilidade social",1200,155,-22.8583328,-43.5358358
CS018632,COZINHA POPULAR SOLIDÁRIA DO ALTO DO REFÚGIO,"Rua Senador Oscar Passos, 123-B",Nova Descoberta/Alto do Refúgio,52091-535,RECIFE,2611606,PE,lenicem.maos.pe@gmail.com,09.423.270/0001-80,Está funcionando com carga horária reduzida,3 vezes por semana,Habilitada,"Mulheres, Crianças, Idosos, Famílias beneﬁciárias do Programa Bolsa Família e famílias inscritas no Cadastro Único , Grupo específico vinculado a determinada localidade, atividade, serviço ou movimento, Outros grupos de pessoas em situação de vulnerabilidade social",128,100,-7.9973699,-34.9295680
CS019537,VC É IMPORTANTE,"R. 24 de Janeiro, - Centro (Sul), 147",Centro Sul,64000-235,TERESINA,2211001,PI,manduladino428@gmail.com,13.985.094/0001-47,"Sim, está funcionando normalmente",4 vezes por semana,Habilitada,"Mulheres, Jovens, Idosos, População LGBTQIA+, Pessoas em situação de rua, Famílias beneﬁciárias do Programa Bolsa Família e famílias inscritas no Cadastro Único , Povos e comunidades tradicionais (indígenas, quilombolas, ribeirinhos, etc.), Pessoas e famílias atingidas por situações de emergência ou calamidade pública, Grupo específico vinculado a determinada localidade, atividade, serviço ou movimento, Outros grupos de pessoas em situação de vulnerabilidade social",1319,1700,-5.0894165,-42.8123165
CS019531,MUDANDO VIDAS,"Rua da Pedra do Reino, 61",Gramame,58069-545,JOÃO PESSOA,2507507,PB,acispb@hotmail.com.br,08.962.945/0001-04,"Sim, está funcionando normalmente",2 vezes por semana,Habilitada,"Mulheres, Jovens, Crianças, Idosos, População LGBTQIA+, Pessoas em situação de rua, Famílias beneﬁciárias do Programa Bolsa Família e famílias inscritas no Cadastro Único , Grupo específico vinculado a determinada localidade, atividade, serviço ou movimento, Outros grupos de pessoas em situação de vulnerabilidade social",340,1350,-7.1982861,-34.8844650
CS019546,COZINHA SOLIDÁRIA A ORDEM É NINGUÉM  PASSAR FOME!,"assentamento Cicero romana, s/n",campo,58135-000,ESPERANÇA,2506004,PB,adenilda.accjpt@gmail.com,62.342.458/0001-86,"Sim, está funcionando normalmente",3 vezes por semana,Habilitada,"Mulheres, Jovens, Crianças, Idosos, População LGBTQIA+, Agricultores Familiares e Campesinos, Trabalhadores informais diversos (Motoristas de aplicativos, motoboys, serventes ou outros), Pessoas em situação de rua, Famílias beneﬁciárias do Programa Bolsa Família e famílias inscritas no Cadastro Único , Assentados da Reforma Agrária, Grupo específico vinculado a determinada localidade, atividade, serviço ou movimento, Outros grupos de pessoas em situação de vulnerabilidade social",310,500,-7.0260117,-35.8628241
CS019543,COZINHA POPULAR ANTÔNIO CONSELHEIRO,"sitio cipó João borges, s/n",área rural,58397-000,AREIA,2501104,PB,cristianetianagomes730@gmail.com,,"Sim, está funcionando normalmente",3 vezes por semana,Habilitada,"Mulheres, Jovens, Crianças, Idosos, População LGBTQIA+, Agricultores Familiares e Campesinos, Trabalhadores informais diversos (Motoristas de aplicativos, motoboys, serventes ou outros), Pessoas em situação de rua, Famílias beneﬁciárias do Programa Bolsa Família e famílias inscritas no Cadastro Único , Povos e comunidades tradicionais (indígenas, quilombolas, ribeirinhos, etc.), Assentados da Reforma Agrária, Grupo específico vinculado a determinada localidade, atividade, serviço ou movimento, Outros grupos de pessoas em situação de vulnerabilidade social",105,1000,-6.9432553,-35.6969984
CS014575,MULHERES EM AÇÃO NA SERRA DA MISERICÓRDIA,"Rua Ferreira Chaves,, 589",Penha,21221-090,RIO DE JANEIRO,3304557,RJ,cem.contatos@gmail.com,15.293.088/0001-54,"Sim, está funcionando normalmente",6 vezes por semana,Habilitada,"Mulheres, Jovens, Crianças, Idosos, População LGBTQIA+, Agricultores Familiares e Campesinos, Trabalhadores informais diversos (Motoristas de aplicativos, motoboys, serventes ou outros), Famílias beneﬁciárias do Programa Bolsa Família e famílias inscritas no Cadastro Único , Grupo específico vinculado a determinada localidade, atividade, serviço ou movimento, Outros grupos de pessoas em situação de vulnerabilidade social",300,300,-22.8528292,-43.2969256
CS016971,MEXENDO A PANELA,"Rua Uraricuera, 671",São Vicente,69303-453,BOA VISTA,1400100,RR,mexendoapanelarr@gmail.com,34.999.807/0001-00,"Sim, está funcionando normalmente",5 vezes por semana,Habilitada,"Pessoas em situação de rua, Povos e comunidades tradicionais (indígenas, quilombolas, ribeirinhos, etc.), Pessoas e famílias atingidas por situações de emergência ou calamidade pública, Imigrantes, Outros grupos de pessoas em situação de vulnerabilidade social",4700,2000,2.8071222,-60.6841537
CS015390,JARDIM ESPERANÇA,"Rua; Governador Jorge Teixeira,, 1672",Jardim Esperança,76890-000,JARU,1100114,RO,afccjaru@hotmail.com,63.628.341/0001-26,"Sim, está funcionando normalmente",3 vezes por semana,Habilitada,"Mulheres, Jovens, Crianças, Idosos, Pessoas em situação de rua, Famílias beneﬁciárias do Programa Bolsa Família e famílias inscritas no Cadastro Único , Imigrantes, Outros grupos de pessoas em situação de vulnerabilidade social",15,50,-10.4487179,-62.4761520
CS018939,COZINHA SOLIDÁRIA AMB,"Rua Carlos Borromeu Ribeiro, 105",Alto do Mateus,58090-280,JOÃO PESSOA,2507507,PB,projetomulheresdobem@gmail.com,44.270.715/0001-30,"Sim, está funcionando normalmente",1 vez por semana,Habilitada,"Mulheres, Jovens, Crianças, Idosos, População LGBTQIA+, Agricultores Familiares e Campesinos, Trabalhadores informais diversos (Motoristas de aplicativos, motoboys, serventes ou outros), Pessoas em situação de rua, Famílias beneﬁciárias do Programa Bolsa Família e famílias inscritas no Cadastro Único , Povos e comunidades tradicionais (indígenas, quilombolas, ribeirinhos, etc.), Pessoas e famílias atingidas por situações de emergência ou calamidade pública, Imigrantes, Assentados da Reforma Agrária, Grupo específico vinculado a determinada localidade, atividade, serviço ou movimento, Outros grupos de pessoas em situação de vulnerabilidade social",691,400,-7.1430284,-34.9132366
CS017636,FUNDAÇÃO ALDEIA DO CABOCLO SETE FLECHAS E SAMAMBAIA COZINHANDO AMOR,"Rua Maria Araújo, 101",SÂO JOSÈ,26187-060,BELFORD ROXO,3300456,RJ,fundacaoaldeiasamambaia@gmail.com,46.567.177/0001-75,"Sim, está funcionando normalmente",3 vezes por semana,Habilitada,"Mulheres, Jovens, Crianças, Idosos, População LGBTQIA+, Famílias beneﬁciárias do Programa Bolsa Família e famílias inscritas no Cadastro Único , Povos e comunidades tradicionais (indígenas, quilombolas, ribeirinhos, etc.), Pessoas e famílias atingidas por situações de emergência ou calamidade pública, Outros grupos de pessoas em situação de vulnerabilidade social",2701,800,-22.7316535,-43.3446306
CS019548,ASSOCIAÇÃO DAS MULHERES DE SALGUEIRO,"Rua Cel. Vital Barros, 50",Augusto Alencar Sampaio,56000-000,SALGUEIRO,2612208,PE,amusasalgueiro@gmail.com,35.446.525/0001-30,"Sim, está funcionando normalmente",5 vezes por semana,Habilitada,"Pessoas em situação de rua, Famílias beneﬁciárias do Programa Bolsa Família e famílias inscritas no Cadastro Único , Outros grupos de pessoas em situação de vulnerabilidade social",200,200,-8.0637007,-39.1214313
CS019604,SANDRA REGINA REINERT ALVES,"rua voluntários da patria, 105",Itaum,89210-095,JOINVILLE,4209102,SC,sandra.apoio@terra.com.br,23.454.550/0001-86,"Sim, está funcionando normalmente",6 vezes por semana,Habilitada,"Pessoas em situação de rua, Imigrantes, Outros grupos de pessoas em situação de vulnerabilidade social",85,1,-26.3302513,-48.8368692
CS017819,COZINHA SOLIDÁRIA FIDEL CASTRO,"Rua Nelson Mandela, 122",Fidel castro,38400-760,UBERLÂNDIA,3170206,MG,noelgama1523@gmail.com,58.708.263/0001-30 (titular)/ 61.963.124/0001-67(suplente),"Sim, está funcionando normalmente",5 vezes por semana,Habilitada,"Mulheres, Jovens, Crianças, Idosos, População LGBTQIA+, Pessoas em situação de rua, Famílias beneﬁciárias do Programa Bolsa Família e famílias inscritas no Cadastro Único ",140,200,-18.9073799,-48.2253422
CS019203,COZINHA DA CASA DE APOIO,"Rua Tainá pires brilhante, n 2262",Mondubim,60767-730,FORTALEZA,2304400,CE,casaapoiocidadao@gmail.com,37.204.937/0001-99,"Sim, está funcionando normalmente",5 vezes por semana,Habilitada,"Mulheres, Jovens, Crianças, Idosos, População LGBTQIA+, Pessoas em situação de rua, Famílias beneﬁciárias do Programa Bolsa Família e famílias inscritas no Cadastro Único , Pessoas e famílias atingidas por situações de emergência ou calamidade pública, Outros grupos de pessoas em situação de vulnerabilidade social",210,150,-3.8160137,-38.5793914
CS018932,COZINHA NOVA ALVORADA,"Rua Coronel Correia, nº 80",Centro,61600-970,CAUCAIA,2303709,CE,socorro_firmo@hotmail.com,,"Sim, está funcionando normalmente",5 vezes por semana,Habilitada,"Famílias beneﬁciárias do Programa Bolsa Família e famílias inscritas no Cadastro Único , Outros grupos de pessoas em situação de vulnerabilidade social",180,100,-3.7372224,-38.6464880
CS019590,PRATO CHEIO,"Avenida Benjamin Custódio de Oliveira, 210",Charqueadas,95110-760,CAXIAS DO SUL,4305108,RS,ailtoneliziario57@gmail.com,49.622.778/0001-21,"Sim, está funcionando normalmente",5 vezes por semana,Habilitada,"Mulheres, Pessoas em situação de rua, Imigrantes, Outros grupos de pessoas em situação de vulnerabilidade social",116,230,-29.1828177,-51.2139586
CS019658,COZINHA ASSOCIAÇÃO BENEFICENTE DO CENTRINHO DA UV10,"Rua 1096, 15",Conjunto Ceará II,60533-230,FORTALEZA,2304400,CE,juscianny@yahoo.com.br,12.223.202/0001-81,"Sim, está funcionando normalmente",5 vezes por semana,Habilitada,"Mulheres, Idosos, Famílias beneﬁciárias do Programa Bolsa Família e famílias inscritas no Cadastro Único , Outros grupos de pessoas em situação de vulnerabilidade social",200,100,-3.7725800,-38.6169661
CS019551,HERDEIROS DE PALMARES,"Rua Adyles dos Santos, 124",Vale da Esperança,95112-465,CAXIAS DO SUL,4305108,RS,herdeirosdepalmares1@gmail.com,19.067.915/0001-42,"Sim, está funcionando normalmente",5 vezes por semana,Habilitada,"Mulheres, Jovens, Crianças, Idosos, População LGBTQIA+, Pessoas em situação de rua",70,160,-29.1620574,-51.2224937
CS015955,COZINHA POPULAR - JARDIM PERY ALTO,"Av. Maria Antônia Martins, 463",Jardim Peri,02650-030,SÃO PAULO,3550308,SP,igalvao960@gmail.com,53.479.613/0001-10,"Sim, está funcionando normalmente",1 vez por semana,Habilitada,"Pessoas em situação de rua, Outros grupos de pessoas em situação de vulnerabilidade social",400,500,-23.4628376,-46.6589535
CS019575,VÓ LITA,"Rua dos Gerânios, 155",Jardim dos Lagos,07830-531,FRANCO DA ROCHA,3516408,SP,elita.ass@gmail.com,,Está funcionando com carga horária reduzida,5 vezes por semana,Habilitada,"Mulheres, Jovens, Crianças, Idosos, Pessoas em situação de rua, Famílias beneﬁciárias do Programa Bolsa Família e famílias inscritas no Cadastro Único , Pessoas e famílias atingidas por situações de emergência ou calamidade pública, Outros grupos de pessoas em situação de vulnerabilidade social",930,10000,-23.3161745,-46.7684644
CS019620,CANTINHO DO SABOR,"Rua Clara Nunes, 3",conjunto promorar estrada da parada,02873-000,SÃO PAULO,3550308,SP,institutosemeaosilva@hotmail.com,27.633.748/0001-88,Está funcionando com carga horária reduzida,Somente em dia de eventos,Habilitada,"Mulheres, Jovens, Crianças, Idosos, População LGBTQIA+, Agricultores Familiares e Campesinos, Trabalhadores informais diversos (Motoristas de aplicativos, motoboys, serventes ou outros), Pessoas em situação de rua, Famílias beneﬁciárias do Programa Bolsa Família e famílias inscritas no Cadastro Único , Povos e comunidades tradicionais (indígenas, quilombolas, ribeirinhos, etc.), Pessoas e famílias atingidas por situações de emergência ou calamidade pública, Imigrantes, Grupo específico vinculado a determinada localidade, atividade, serviço ou movimento, Outros grupos de pessoas em situação de vulnerabilidade social",350,1,-23.4581463,-46.6872762
CS019671,RESGATAI,"Rua Bela Vista, s/nº",Centro,48880-000,SANTALUZ,2928000,BA,projetosgerais.osc@gmail.com,14.127.470/0001-25,"Sim, está funcionando normalmente",4 vezes por semana,Habilitada,"Pessoas em situação de rua, Famílias beneﬁciárias do Programa Bolsa Família e famílias inscritas no Cadastro Único , Povos e comunidades tradicionais (indígenas, quilombolas, ribeirinhos, etc.), Pessoas e famílias atingidas por situações de emergência ou calamidade pública, Outros grupos de pessoas em situação de vulnerabilidade social",535,500,-11.2547481,-39.3722365
CS019686,FAZENDO A DIFERENÇA GRU,"Rua Porto Alegre, 179",Parque Jandaia,07261-080,GUARULHOS,3518800,SP,diretoria@fazendoadiferenca.ong.br,45.854.065/0001-32,"Sim, está funcionando normalmente",3 vezes por semana,Habilitada,"Pessoas em situação de rua, Famílias beneﬁciárias do Programa Bolsa Família e famílias inscritas no Cadastro Único , Pessoas e famílias atingidas por situações de emergência ou calamidade pública, Outros grupos de pessoas em situação de vulnerabilidade social",500,500,-23.4554024,-46.4036504
CS015084,CENTRO DE CONVIVENCIA DO IDOSO,"RUA PAULO VI, 300",FATIMA,45836-000,ITAMARAJU,2915601,BA,estadual.ba@mfc.org.br,07.956.133/0001-85,"Sim, está funcionando normalmente",5 vezes por semana,Habilitada,"Famílias beneﬁciárias do Programa Bolsa Família e famílias inscritas no Cadastro Único , Povos e comunidades tradicionais (indígenas, quilombolas, ribeirinhos, etc.), Grupo específico vinculado a determinada localidade, atividade, serviço ou movimento, Outros grupos de pessoas em situação de vulnerabilidade social",100,100,-17.0328512,-39.5290309
CS019702,CLUBE DE MÃES PROFESSORA ELSA CANDIDO DE ALBUQUERQUE,"Leonardo Helio Bezerra Cavalcante, 60",Ligeiro,58419-335,CAMPINA GRANDE,2504009,PB,allynegaudencio@hotmail.com,08.207.143/0001-80,"Sim, está funcionando normalmente",2 vezes por semana,Habilitada,"Mulheres, Outros grupos de pessoas em situação de vulnerabilidade social",37,110,-7.2871900,-35.8980553
CS018984,COZINHA DO INSTITUTO ACIESP,"Rua Inocência Moreira dos Santos, 45",Conjunto Aero Rancho Setor 6,79084-093,CAMPO GRANDE,5002704,MS,aciespms@gmail.com,18.801.945/0001-78,Está funcionando com carga horária reduzida,2 vezes por semana,Habilitada,"Mulheres, Jovens, Crianças, Idosos, População LGBTQIA+, Famílias beneﬁciárias do Programa Bolsa Família e famílias inscritas no Cadastro Único , Pessoas e famílias atingidas por situações de emergência ou calamidade pública, Grupo específico vinculado a determinada localidade, atividade, serviço ou movimento, Outros grupos de pessoas em situação de vulnerabilidade social",379,140,-20.5203431,-54.6494428
CS019708,ACADEMICOS DO RIACHO FUNDO  E CIL DAS ARTES,"Quadra QN 14A Conjunto 5, 01",Centro,71881-115,BRASÍLIA,5300108,DF,jonasnovais@gmail.com,09.529.508/0001-56,"Sim, está funcionando normalmente",6 vezes por semana,Habilitada,"Mulheres, Jovens, Crianças, Idosos, População LGBTQIA+, Agricultores Familiares e Campesinos, Trabalhadores informais diversos (Motoristas de aplicativos, motoboys, serventes ou outros), Pessoas em situação de rua, Famílias beneﬁciárias do Programa Bolsa Família e famílias inscritas no Cadastro Único , Outros grupos de pessoas em situação de vulnerabilidade social",593,1500,-15.8975118,-48.0512627
CS019663,COZINHA AGL,"Rua Michel Alexandre Mutran, 6",Vila São Jose,04835-060,SÃO PAULO,3550308,SP,grandiosaluna@gmail.com,,"Sim, está funcionando normalmente",6 vezes por semana,Habilitada,"Mulheres, Jovens, Crianças, Idosos, População LGBTQIA+, Trabalhadores informais diversos (Motoristas de aplicativos, motoboys, serventes ou outros), Pessoas em situação de rua, Famílias beneﬁciárias do Programa Bolsa Família e famílias inscritas no Cadastro Único , Pessoas e famílias atingidas por situações de emergência ou calamidade pública, Grupo específico vinculado a determinada localidade, atividade, serviço ou movimento, Outros grupos de pessoas em situação de vulnerabilidade social",270,100,-23.7400393,-46.7034873
CS019713,COZINHA POPULAR 17 DE ABRIL,"11 C, Ap 001",José Walter,60748-242,FORTALEZA,2304400,CE,mariateguicarlos10@gmail.com,15.432.972/0001-22,"Sim, está funcionando normalmente",5 vezes por semana,Habilitada,"Mulheres, Jovens, Crianças, Idosos, População LGBTQIA+, Pessoas em situação de rua, Famílias beneﬁciárias do Programa Bolsa Família e famílias inscritas no Cadastro Único , Grupo específico vinculado a determinada localidade, atividade, serviço ou movimento, Outros grupos de pessoas em situação de vulnerabilidade social",223,115,-3.8324922,-38.5529854
CS019672,ALMEIDA LANCHES & CIA,"Rua São Paulo,, 1000",Vila da Paz,04777-075,SÃO PAULO,3550308,SP,almeidafc@hotmail.com,,Está funcionando com carga horária reduzida,3 vezes por semana,Habilitada,"Pessoas em situação de rua, Outros grupos de pessoas em situação de vulnerabilidade social",80,400,-23.6957268,-46.6984116
CS016778,COZINHA SOLIDARIA /ORIENTAL,"1. Trova Saudosa, 269, cep: 04894210, Jardim Oriental/Parelheiros, 269",Jardim Oriental,04894-210,SÃO PAULO,3550308,SP,asrosasaron@outlook.com,03.810.757/0001-39,"Sim, está funcionando normalmente",3 vezes por semana,Habilitada,"Mulheres, Jovens, Crianças, Idosos, Pessoas em situação de rua, Famílias beneﬁciárias do Programa Bolsa Família e famílias inscritas no Cadastro Único , Povos e comunidades tradicionais (indígenas, quilombolas, ribeirinhos, etc.), Pessoas e famílias atingidas por situações de emergência ou calamidade pública, Imigrantes, Outros grupos de pessoas em situação de vulnerabilidade social",318,420,-23.8709940,-46.7704030
CS019639,SAB DE BODOCONGÓ,"Eduardo Ferreira Ramos, 501",Bodocongó,58430-500,CAMPINA GRANDE,2504009,PB,nilda.cg@hotmail.com,12.732.178/0001-06,"Sim, está funcionando normalmente",2 vezes por semana,Habilitada,"Mulheres, Jovens, Crianças, Idosos, População LGBTQIA+, Pessoas em situação de rua, Famílias beneﬁciárias do Programa Bolsa Família e famílias inscritas no Cadastro Único , Grupo específico vinculado a determinada localidade, atividade, serviço ou movimento, Outros grupos de pessoas em situação de vulnerabilidade social",288,202,-7.2191111,-35.9206374
CS019718,KILO DE ESPERANÇA,"Rua Patativa da Santa Maria, 560",Colônia Dona Luíza,84043-150,PONTA GROSSA,4119905,PR,institutouniaocoloniadonaluiza@gmail.com,46.185.857/0001-24,"Sim, está funcionando normalmente",3 vezes por semana,Habilitada,"Mulheres, Jovens, Crianças, Idosos, População LGBTQIA+, Pessoas em situação de rua, Famílias beneﬁciárias do Programa Bolsa Família e famílias inscritas no Cadastro Único , Grupo específico vinculado a determinada localidade, atividade, serviço ou movimento, Outros grupos de pessoas em situação de vulnerabilidade social",238,190,-25.1492080,-50.1668972
CS019586,COZINHA SAN,"Rua Goianápolis, SN",Jardim Alexandrina,75060-220,ANÁPOLIS,5201108,GO,carvalhoaps1@gmail.com,,"Sim, está funcionando normalmente",4 vezes por semana,Habilitada,"Crianças, Pessoas em situação de rua",100,700,-16.2986528,-48.9566910
CS019635,FILHAS DA CARIDADE CENTENÁRIO (SAVIPA),"Rua  Saturnino Pereira, 160",Centenário,95045-122,CAXIAS DO SUL,4305108,RS,ritadecassiavaraschin@gmail.com,28.152.133/0001-00,"Não, a Cozinha encontra-se paralisada, sem atividade",3 vezes por semana,Habilitada,Crianças,0,14,-29.1281336,-51.1768659
CS019636,FILHAS DA CARIDADE CANYON (SAVIPA),"Rua da Felicidade, 601",Santa Fé,95094-120,CAXIAS DO SUL,4305108,RS,ritadecassiavaraschin@gmail.com,28.152.133/0001-00,"Não, a Cozinha encontra-se paralisada, sem atividade",4 vezes por semana,Habilitada,Crianças,0,21,-29.2191093,-51.1874451
CS019637,FILHAS DA CARIDADE SÃO VICENTE (SAVIPA),"Rua Assis Brasil, 1075",Jardelino Ramos,95020-380,CAXIAS DO SUL,4305108,RS,ritadecassiavaraschin@gmail.com,28.152.133/0001-00,"Não, a Cozinha encontra-se paralisada, sem atividade",5 vezes por semana,Habilitada,Crianças,0,30,-29.1621671,-51.1685203
CS019564,FILHAS DA CARIDADE (SAVIPA),"Rua Claudino Antônio Brisotto, 280",Madureira,95041-140,CAXIAS DO SUL,4305108,RS,ritadecassiavaraschin@gmail.com,28.152.133/0001-00,"Sim, está funcionando normalmente",5 vezes por semana,Habilitada,Crianças,0,82,-29.1510549,-51.1741861
CS019688,COZINHA SOLIDÁRIA ASSOCIAÇÃO COMUNITÁRIA PROJETO ERIKA,"Rua Rio Fildago, 49",Jd Varginha,04856-440,SÃO PAULO,3550308,SP,erikaassociacaocomunitaria@gmail.com,54.871.672/0001-00,"Sim, está funcionando normalmente",3 vezes por semana,Habilitada,"Pessoas em situação de rua, Famílias beneﬁciárias do Programa Bolsa Família e famílias inscritas no Cadastro Único , Outros grupos de pessoas em situação de vulnerabilidade social",1540,200,-23.7836511,-46.6861522
CS016702,COZINHA SOLIDÁRIA DO QUILOMBO DA GAMBOA,"Rua da Gamboa, 357",Santo Cristo,20220-324,RIO DE JANEIRO,3304557,RJ,quilombogamboa49@hotmail.com,42.968.759/0001-02,Está funcionando com carga horária reduzida,Uma vez ao mês,Habilitada,"Mulheres, Jovens, Crianças, Idosos, População LGBTQIA+, Trabalhadores informais diversos (Motoristas de aplicativos, motoboys, serventes ou outros), Pessoas em situação de rua, Famílias beneﬁciárias do Programa Bolsa Família e famílias inscritas no Cadastro Único , Povos e comunidades tradicionais (indígenas, quilombolas, ribeirinhos, etc.), Pessoas e famílias atingidas por situações de emergência ou calamidade pública, Imigrantes, Grupo específico vinculado a determinada localidade, atividade, serviço ou movimento, Outros grupos de pessoas em situação de vulnerabilidade social",505,300,-22.8953658,-43.1998518
CS016558,MULHERES EM MOVIMENTO - A ARTE DE COZINHAR,"Avenida São João, 588",República,01036-000,SÃO PAULO,3550308,SP,aportaldajuta@gmail.com,,Está funcionando com carga horária reduzida,1 vez por semana,Habilitada,"Mulheres, Jovens, Crianças, Idosos, População LGBTQIA+, Pessoas em situação de rua, Famílias beneﬁciárias do Programa Bolsa Família e famílias inscritas no Cadastro Único , Imigrantes, Grupo específico vinculado a determinada localidade, atividade, serviço ou movimento, Outros grupos de pessoas em situação de vulnerabilidade social",700,500,-23.5426019,-46.6395444
CS019661,COZINHA ÁGAPE,"Rua São Caetano do Sul BNH Grajaú 04840230, 640",Grajaú,04840-230,SÃO PAULO,3550308,SP,associacaounidospeloagape@gmail.com,,"Sim, está funcionando normalmente",5 vezes por semana,Habilitada,"Mulheres, Jovens, Crianças, Idosos, População LGBTQIA+, Agricultores Familiares e Campesinos, Trabalhadores informais diversos (Motoristas de aplicativos, motoboys, serventes ou outros), Pessoas em situação de rua, Famílias beneﬁciárias do Programa Bolsa Família e famílias inscritas no Cadastro Único , Povos e comunidades tradicionais (indígenas, quilombolas, ribeirinhos, etc.), Pessoas e famílias atingidas por situações de emergência ou calamidade pública, Imigrantes, Assentados da Reforma Agrária, Grupo específico vinculado a determinada localidade, atividade, serviço ou movimento, Outros grupos de pessoas em situação de vulnerabilidade social",285,300,-23.7559168,-46.6847062
CS015328,MAOS QUE ALIMENTAM,"Rua Nelson Barbosa de Azevedo, 209",Centro,42600-000,MADRE DE DEUS,2919926,BA,desouzacecotte@hotmail.com,08.987.023/0001-43,"Sim, está funcionando normalmente",3 vezes por semana,Habilitada,"Mulheres, Jovens, Crianças, Idosos, População LGBTQIA+, Trabalhadores informais diversos (Motoristas de aplicativos, motoboys, serventes ou outros), Pessoas em situação de rua, Famílias beneﬁciárias do Programa Bolsa Família e famílias inscritas no Cadastro Único , Povos e comunidades tradicionais (indígenas, quilombolas, ribeirinhos, etc.), Outros grupos de pessoas em situação de vulnerabilidade social",344,3,-12.7409688,-38.6137908
CS014690,ESTRELA DO AMANHÃ DO JARDIM GUARATIBA,"Rua Alcides Franco 175, ",Guaratiba,23032-010,RIO DE JANEIRO,3304557,RJ,izabelmaia@gmail.com,06.068.722/0001-64,Está funcionando com carga horária reduzida,5 vezes por semana,Habilitada,"Mulheres, Jovens, Crianças, Idosos, Pessoas em situação de rua, Famílias beneﬁciárias do Programa Bolsa Família e famílias inscritas no Cadastro Único , Povos e comunidades tradicionais (indígenas, quilombolas, ribeirinhos, etc.), Pessoas e famílias atingidas por situações de emergência ou calamidade pública, Outros grupos de pessoas em situação de vulnerabilidade social",129,60,-22.9768386,-43.6508586
CS019722,COZINHA SOLIDARIA - ACUDIR NA MESA,"QD 04, Cj. Luiz Renato de Paiva Lima, 01",Benedito Bentes II,57085-075,MACEIÓ,2704302,AL,acudirnamesa@gmail.com,42.918.520/0001-28,"Sim, está funcionando normalmente",3 vezes por semana,Habilitada,"Mulheres, Jovens, Crianças, Idosos, População LGBTQIA+, Pessoas em situação de rua, Famílias beneﬁciárias do Programa Bolsa Família e famílias inscritas no Cadastro Único , Outros grupos de pessoas em situação de vulnerabilidade social",310,300,-9.5584302,-35.7228585
CS019678,INICIATIVA RISOS,"Rua Rússia, S/N",Vila Santa Isabel,75083-329,ANÁPOLIS,5201108,GO,jheisyrafaelagomesdesousa@gmail.com,,Está funcionando com carga horária reduzida,Somente em dia de eventos,Habilitada,"Mulheres, Jovens, Crianças, Idosos, População LGBTQIA+, Famílias beneﬁciárias do Programa Bolsa Família e famílias inscritas no Cadastro Único , Outros grupos de pessoas em situação de vulnerabilidade social",135,100,-16.3091839,-48.9450737
CS019563,COZINHA FAZER O BEM SEM OLHAR A QUEM,"Rua João Lisboa, 295",Centro,65292-000,BOA VISTA DO GURUPI,2101970,MA,carlosantoniomarquesdemoura@gmail.com,,Está funcionando com carga horária reduzida,2 vezes por semana,Habilitada,"Mulheres, Jovens, Crianças, Idosos, Pessoas em situação de rua, Famílias beneﬁciárias do Programa Bolsa Família e famílias inscritas no Cadastro Único , Povos e comunidades tradicionais (indígenas, quilombolas, ribeirinhos, etc.), Outros grupos de pessoas em situação de vulnerabilidade social",112,75,-1.8003656,-46.3053089
CS019553,CHÁCARA DA BÊNÇÃO,"rua carlos debastiani, 590/2230",Desvio Rizzo,95110-710,CAXIAS DO SUL,4305108,RS,verlicamargo5@gmail.com,58.412.542/0001-51,"Sim, está funcionando normalmente",2 vezes por semana,Habilitada,"Pessoas em situação de rua, Grupo específico vinculado a determinada localidade, atividade, serviço ou movimento",140,140,-29.1971195,-51.2205189
CS019098,COMUNIDADE MATADOURO,"Rua Jorge Dumar, 1630",Jardim América,60410-426,FORTALEZA,2304400,CE,stelafandrade@hotmail.com,,"Sim, está funcionando normalmente",5 vezes por semana,Habilitada,"Mulheres, Famílias beneﬁciárias do Programa Bolsa Família e famílias inscritas no Cadastro Único , Outros grupos de pessoas em situação de vulnerabilidade social",180,100,-3.7502690,-38.5387830
CS019680,COZINHA CONSTRUINDO IGUALDADE LGBT,"Rua Miguel Muratore, 427",MEDIANEIRA,95010-220,CAXIAS DO SUL,4305108,RS,atcxs.rs@gmail.com,06.192.924/0001-13,"Sim, está funcionando normalmente",6 vezes por semana,Habilitada,"Mulheres, Jovens, Crianças, Idosos, População LGBTQIA+, Imigrantes, Grupo específico vinculado a determinada localidade, atividade, serviço ou movimento, Outros grupos de pessoas em situação de vulnerabilidade social",80,165,-29.1726252,-51.1951198
CS019558,COZINHA SOLIDÁRIA CIDADANIA E FÉ,"Rua Octávio Mantovani, 1113",Charqueadas,95110-647,CAXIAS DO SUL,4305108,RS,projcidadaniaefe@gmail.com,59.546.088/0001-94,"Sim, está funcionando normalmente",6 vezes por semana,Habilitada,"Mulheres, Jovens, Crianças, Idosos, População LGBTQIA+, Trabalhadores informais diversos (Motoristas de aplicativos, motoboys, serventes ou outros), Famílias beneﬁciárias do Programa Bolsa Família e famílias inscritas no Cadastro Único , Imigrantes, Outros grupos de pessoas em situação de vulnerabilidade social",400,700,-29.1909425,-51.2204464
CS019709,COZINHA SOLIDÁRIA DOM HÉLDER CÂMARA,"Rua Frecheirinha, 250",Parquelândia,60455-370,FORTALEZA,2304400,CE,auristelaln@gmail.com,,"Sim, está funcionando normalmente",5 vezes por semana,Habilitada,"Pessoas em situação de rua, Famílias beneﬁciárias do Programa Bolsa Família e famílias inscritas no Cadastro Único ",102,100,-3.7406037,-38.5635497
CS019200,COZINHA SOLIDÁRIA VILA GOVERNAÇO,"Rua Alberto Reichow, 644",Vila Governaço,96050-400,PELOTAS,4314407,RS,zelonicamdia@gmail.com,59.986.206/0001-85,"Sim, está funcionando normalmente",2 vezes por semana,Habilitada,"Mulheres, Jovens, Crianças, Idosos, Trabalhadores informais diversos (Motoristas de aplicativos, motoboys, serventes ou outros), Pessoas em situação de rua, Famílias beneﬁciárias do Programa Bolsa Família e famílias inscritas no Cadastro Único , Pessoas e famílias atingidas por situações de emergência ou calamidade pública",354,211,-31.7208488,-52.4080408
CS019385,COZINHA ANCESTRAL SOLIDÁRIA ILÊ ASÉ OSUMARE ARAKA,"RUA A 0- LOTEAMENTO JARDIM FIGUEIRA, 29",CARAMUJO,24141-185,NITERÓI,3303302,RJ,cinthyagabibernardoricardo@gmail.com,,"Sim, está funcionando normalmente",2 vezes por semana,Habilitada,"Mulheres, Jovens, Crianças, Idosos, População LGBTQIA+, Pessoas em situação de rua, Famílias beneﬁciárias do Programa Bolsa Família e famílias inscritas no Cadastro Único , Povos e comunidades tradicionais (indígenas, quilombolas, ribeirinhos, etc.), Pessoas e famílias atingidas por situações de emergência ou calamidade pública, Outros grupos de pessoas em situação de vulnerabilidade social",100,100,-22.8824712,-43.0660171
CS019783,SOLIDARIEDADE,"Rua monte das oliveiras, 254",Pinheirinho,81825-180,CURITIBA,4106902,PR,wanderleiasfranca@gmail.com,80.817.778/0001-27,"Sim, está funcionando normalmente",3 vezes por semana,Habilitada,"Pessoas em situação de rua, Famílias beneﬁciárias do Programa Bolsa Família e famílias inscritas no Cadastro Único ",400,100,-25.5275325,-49.2705346
CS019205,SOLIDARIEDADE EM AÇÃO,"Rua do Comércio, 89",Cidade Verde,92990-000,ELDORADO DO SUL,4306767,RS,asas.solidariedadeemacao@gmail.com,61.069.254/0001-50,"Sim, está funcionando normalmente",5 vezes por semana,Habilitada,"Mulheres, Jovens, Crianças, Idosos, População LGBTQIA+, Trabalhadores informais diversos (Motoristas de aplicativos, motoboys, serventes ou outros), Pessoas em situação de rua, Famílias beneﬁciárias do Programa Bolsa Família e famílias inscritas no Cadastro Único , Pessoas e famílias atingidas por situações de emergência ou calamidade pública, Outros grupos de pessoas em situação de vulnerabilidade social",93,200,-29.9961476,-51.3047523
CS019787,COZINHA SOLIDÁRIA NOVO AMANHECER,"Rua Professor Nelson Alves, 300",Dias Macedo,60860-730,FORTALEZA,2304400,CE,ongcomunidadeparticipativa@gmail.com,,"Sim, está funcionando normalmente",4 vezes por semana,Habilitada,"Crianças, Idosos, Famílias beneﬁciárias do Programa Bolsa Família e famílias inscritas no Cadastro Único , Outros grupos de pessoas em situação de vulnerabilidade social",190,150,-3.7903096,-38.5162812
CS019606,COZINHA UNIÃO DE VILA,"Livreiro Gualter, 70",Vila Uniao,60420-130,FORTALEZA,2304400,CE,alberto200dasaguas@gmail.com,,"Sim, está funcionando normalmente",5 vezes por semana,Habilitada,"Mulheres, Idosos, Outros grupos de pessoas em situação de vulnerabilidade social",100,100,-3.7698297,-38.5326692
CS019694,COZINHA SOLIDÁRIA  S.O.S COMUNIDADE AZUL,"Rua Manoel Monteiro, 147",Americanópolis,04387-150,SÃO PAULO,3550308,SP,jusouzalima171985@gmail.com,,"Sim, está funcionando normalmente",5 vezes por semana,Habilitada,"Pessoas em situação de rua, Famílias beneﬁciárias do Programa Bolsa Família e famílias inscritas no Cadastro Único , Outros grupos de pessoas em situação de vulnerabilidade social",580,150,-23.6641372,-46.6490177
CS019750,UNIÃO DE GRUPOS ARTÍSTICOS- UGA,"Rua Iguatu,, 546",Serrinha,60741-330,FORTALEZA,2304400,CE,gledsonbrito369@gmail.com,,"Sim, está funcionando normalmente",5 vezes por semana,Habilitada,"Mulheres, Jovens, Crianças, Idosos, População LGBTQIA+, Pessoas em situação de rua, Famílias beneﬁciárias do Programa Bolsa Família e famílias inscritas no Cadastro Único , Outros grupos de pessoas em situação de vulnerabilidade social",150,100,-3.7824620,-38.5471700
CS019803,PÃO SAGRADO,"Rua José Vilmar Nichele, 116",Cidade Industrial,81280-130,CURITIBA,4106902,PR,cerlinaoliveira@gmail.com,07.331.387/0001-08,"Sim, está funcionando normalmente",3 vezes por semana,Habilitada,"Mulheres, Jovens, Crianças, Idosos, Pessoas em situação de rua, Famílias beneﬁciárias do Programa Bolsa Família e famílias inscritas no Cadastro Único , Outros grupos de pessoas em situação de vulnerabilidade social",550,300,-25.4353137,-49.3620377
CS017133,COZINHA SOLIDÁRIA FORÇA MAIOR DA PEDREIRA,"Rua Ursa Maior, 538",Cristal,90820-200,PORTO ALEGRE,4314902,RS,adri.agcp55@gmail.com,35.622.147/0001-06,"Sim, está funcionando normalmente",3 vezes por semana,Habilitada,"Mulheres, Jovens, Crianças, Idosos, População LGBTQIA+, Pessoas em situação de rua, Famílias beneﬁciárias do Programa Bolsa Família e famílias inscritas no Cadastro Único , Pessoas e famílias atingidas por situações de emergência ou calamidade pública, Imigrantes, Grupo específico vinculado a determinada localidade, atividade, serviço ou movimento, Outros grupos de pessoas em situação de vulnerabilidade social",1068,400,-30.0878890,-51.2333650
CS016062,CASA DE PASSAGEM SANTO EGÍDIO,"Rua Alexandre Schlemm, 850",Anita Garibaldi,89202-181,JOINVILLE,4209102,SC,coordenacaogeral@adipros.com.br,84.706.381/0011-90,"Sim, está funcionando normalmente",6 vezes por semana,Habilitada,"Pessoas em situação de rua, Famílias beneﬁciárias do Programa Bolsa Família e famílias inscritas no Cadastro Único , Imigrantes, Outros grupos de pessoas em situação de vulnerabilidade social",134,200,-26.3120727,-48.8494870
CS015040,COZINHA SOLIDÁRIA SÃO FRANCISCO DE ASSIS,"Praça Coari, s/n, S/N",São Francisco,69079-490,MANAUS,1302603,AM,sfassismanaus@gmail.com,04.026.811/0035-61,"Sim, está funcionando normalmente",3 vezes por semana,Habilitada,"Mulheres, Jovens, Crianças, Idosos, Pessoas em situação de rua, Famílias beneﬁciárias do Programa Bolsa Família e famílias inscritas no Cadastro Único , Povos e comunidades tradicionais (indígenas, quilombolas, ribeirinhos, etc.), Pessoas e famílias atingidas por situações de emergência ou calamidade pública, Imigrantes, Outros grupos de pessoas em situação de vulnerabilidade social",1115,200,-3.1092408,-60.0057133
CS019556,LAR DO IDOSO BETÂNIA,"Rua Dr. Plácido Olímpio de Oliveira, 565",Bucarein,89202-450,JOINVILLE,4209102,SC,coordenacaogeral@adipros.com.br,84.706.381/0002-08,"Sim, está funcionando normalmente",7 vezes por semana,Habilitada,"Idosos, Famílias beneﬁciárias do Programa Bolsa Família e famílias inscritas no Cadastro Único ",25,125,-26.3112356,-48.8400350
CS018819,COZINHA SOLIDÁRIA JARDIM LAMARÃO,"Rua 04, 119",Lamarão,49088-050,ARACAJU,2800308,SE,jusi.jpt.cnb@gmail.com,38.731.046/0001-53,"Sim, está funcionando normalmente",2 vezes por semana,Habilitada,"Mulheres, Jovens, Crianças, Idosos, Trabalhadores informais diversos (Motoristas de aplicativos, motoboys, serventes ou outros), Pessoas em situação de rua, Famílias beneﬁciárias do Programa Bolsa Família e famílias inscritas no Cadastro Único , Outros grupos de pessoas em situação de vulnerabilidade social",380,300,-10.8576722,-37.0932703
CS019691,COZINHA SOLIDÁRIA SUZANA MARIA DA SILVA,"Avenida Ema Livry, 310",Parque Novo Grajau,04847-050,SÃO PAULO,3550308,SP,su.lora@hotmail.com,,"Sim, está funcionando normalmente",3 vezes por semana,Habilitada,"Pessoas em situação de rua, Famílias beneﬁciárias do Programa Bolsa Família e famílias inscritas no Cadastro Único , Outros grupos de pessoas em situação de vulnerabilidade social",4000,400,-23.7538086,-46.6953039
CS019689,COZINHA SOLIDÁRIA ABIRA UMMA PACKEER,"Avenida Felipe Pedrell, 88",Jardim Edda,04844-030,SÃO PAULO,3550308,SP,abirapackeer@gmail.com,,"Sim, está funcionando normalmente",2 vezes por semana,Habilitada,"Pessoas em situação de rua, Famílias beneﬁciárias do Programa Bolsa Família e famílias inscritas no Cadastro Único , Povos e comunidades tradicionais (indígenas, quilombolas, ribeirinhos, etc.), Imigrantes, Outros grupos de pessoas em situação de vulnerabilidade social",1880,1000,-23.7432618,-46.6990336
CS019690,COZINHA SOLIDÁRIA ONG GIRASSOL DO BEM,"Av Engenheiro Armando de Arruda Pereira, 2445",Jabaquara,04309-010,SÃO PAULO,3550308,SP,associacaogirassoldobem@gmail.com,45.027.215/0001-34,"Sim, está funcionando normalmente",2 vezes por semana,Habilitada,"Pessoas em situação de rua, Famílias beneﬁciárias do Programa Bolsa Família e famílias inscritas no Cadastro Único , Outros grupos de pessoas em situação de vulnerabilidade social",870,350,-23.6491691,-46.6401425
CS019828,FAVELA CAMPO DO SOBRAL,"Rua Rubens Teles de Menezes, 356",Passaré,60862-015,FORTALEZA,2304400,CE,amandiinhagata816@gmail.com,,"Sim, está funcionando normalmente",5 vezes por semana,Habilitada,"Mulheres, Famílias beneﬁciárias do Programa Bolsa Família e famílias inscritas no Cadastro Único , Outros grupos de pessoas em situação de vulnerabilidade social",190,100,-3.8130921,-38.5172230
CS019768,SABOR DA TERRA APOENA,"Rua Leonel de Moura Brizola, 145",Serpa,07713-635,CAIEIRAS,3509007,SP,simoneindci@gmail.com,,"Sim, está funcionando normalmente",5 vezes por semana,Habilitada,"Mulheres, Jovens, Crianças, Idosos, População LGBTQIA+, Pessoas em situação de rua, Famílias beneﬁciárias do Programa Bolsa Família e famílias inscritas no Cadastro Único , Outros grupos de pessoas em situação de vulnerabilidade social",235,230,-23.3476029,-46.7522739
CS019369,INSTITUTO SOL AÇÃO E CIDADANIA,"Rua jundiá, 176",Bento Ribeiro,21550-450,RIO DE JANEIRO,3304557,RJ,institutosol07@gmail.com,09.420.294/0001-85,"Sim, está funcionando normalmente",4 vezes por semana,Habilitada,"Mulheres, Jovens, Crianças, Idosos, População LGBTQIA+, Famílias beneﬁciárias do Programa Bolsa Família e famílias inscritas no Cadastro Único , Pessoas e famílias atingidas por situações de emergência ou calamidade pública, Outros grupos de pessoas em situação de vulnerabilidade social",1060,480,-22.8596547,-43.3562534
CS019824,COZINHANDO COM AMOR,"Rua Divonzir Luciano, 556",Parque da fonte,83050-060,SÃO JOSÉ DOS PINHAIS,4125506,PR,beatrizstraub912@gmail.com,,Está funcionando com carga horária reduzida,1 vez por semana,Habilitada,"Pessoas em situação de rua, Imigrantes, Outros grupos de pessoas em situação de vulnerabilidade social",1600,1000,-25.4994627,-49.1909509
CS019805,COZINHA SOLIDÁRIA MARIA DE LOURDES,"Rua G, 60",Parque Dois Irmãos,60743-190,FORTALEZA,2304400,CE,ligiabezerraamor@gmail.com,,"Sim, está funcionando normalmente",5 vezes por semana,Habilitada,"Famílias beneﬁciárias do Programa Bolsa Família e famílias inscritas no Cadastro Único , Outros grupos de pessoas em situação de vulnerabilidade social",120,100,-3.8005373,-38.5500569
CS016208,COZINHA DA ONG,"Estrada das Goiabeiras, 78B, 78B",Fernão Velho,57070-440,MACEIÓ,2704302,AL,ongvivamundau@hotmail.com,20.173.475/0001-97,Está funcionando com carga horária reduzida,4 vezes por semana,Habilitada,"Pessoas em situação de rua, Famílias beneﬁciárias do Programa Bolsa Família e famílias inscritas no Cadastro Único , Povos e comunidades tradicionais (indígenas, quilombolas, ribeirinhos, etc.), Pessoas e famílias atingidas por situações de emergência ou calamidade pública, Outros grupos de pessoas em situação de vulnerabilidade social",300,900,-9.5963997,-35.7768646
CS019557,COZINHA CASA CRESCENDO COM MAIS AMOR,"Estrada da Pedreira, 31",Colegio,21236-400,RIO DE JANEIRO,3304557,RJ,casinhacommaisamor@gmail.com,31.301.832/0001-71,Está funcionando com carga horária reduzida,2 vezes por semana,Habilitada,"Mulheres, Jovens, Crianças, Idosos, População LGBTQIA+, Trabalhadores informais diversos (Motoristas de aplicativos, motoboys, serventes ou outros), Pessoas em situação de rua, Famílias beneﬁciárias do Programa Bolsa Família e famílias inscritas no Cadastro Único , Outros grupos de pessoas em situação de vulnerabilidade social",320,200,-22.8353030,-43.3333590
CS019782,COSINHA POPULAR DA ROSALINA,"Rua 0101 COMUNIDADE ROSALINA, 1275",ITAPERY,60110-000,FORTALEZA,2304400,CE,francisca.lima0840.ju@gmail.comp,,"Sim, está funcionando normalmente",4 vezes por semana,Habilitada,"Crianças, Idosos, Famílias beneﬁciárias do Programa Bolsa Família e famílias inscritas no Cadastro Único , Outros grupos de pessoas em situação de vulnerabilidade social",400,250,-3.8059427,-38.5461996
CS019732,COZINHA SOLIDÁRIA COMUNIDADE TAQUARUÇU E ANTÔNIO MADI,"Viela Tiradentes, 28",Jabaquara,04346-040,SÃO PAULO,3550308,SP,andreadorafe@gmail.com,,"Sim, está funcionando normalmente",2 vezes por semana,Habilitada,"Pessoas em situação de rua, Famílias beneﬁciárias do Programa Bolsa Família e famílias inscritas no Cadastro Único , Outros grupos de pessoas em situação de vulnerabilidade social",1070,200,-23.5369438,-46.6335585
CS019704,CASARÃO POPULAR,"Rua Coronel Joaquim Franklin, 733",Antônio Bezerra,60361-130,FORTALEZA,2304400,CE,projetocasaraopopular@gmail.com,05.217.579/0001-62,"Sim, está funcionando normalmente",4 vezes por semana,Habilitada,"Pessoas em situação de rua, Outros grupos de pessoas em situação de vulnerabilidade social",450,100,-3.7434868,-38.5932829
CS019779,COZINHA ASSOCIAÇÃO DE MORADORES DO CONJUNTO VENEZA TROPICAL,"RUA E, 400",SERRINHA,60110-000,FORTALEZA,2304400,CE,maria.eliomar07@gmail.com,,"Sim, está funcionando normalmente",4 vezes por semana,Habilitada,"Famílias beneﬁciárias do Programa Bolsa Família e famílias inscritas no Cadastro Único , Outros grupos de pessoas em situação de vulnerabilidade social",165,100,-3.7992522,-38.5421335
CS019786,COZINHA SOLIDÁRIA COMUNIDADE DE APRENDIZAGEM GUARAPES,"Rua da Ribeira, S/N",Guarapes,59074-760,NATAL,2408102,RN,guarapescomag@gmail.com,12.927.611/0001-69,Está funcionando com carga horária reduzida,1 vez por semana,Habilitada,Famílias beneﬁciárias do Programa Bolsa Família e famílias inscritas no Cadastro Único ,400,400,-5.8425272,-35.2751929
CS019818,COZINHA PARA TODOS,"Avenida Ulisses Guimaraes, 1381",Vila Guilherme,07998-100,FRANCISCO MORATO,3516309,SP,maura.santos201@gmail.com,,"Não, a Cozinha encontra-se paralisada, sem atividade",1 vez por semana,Habilitada,"Pessoas em situação de rua, Famílias beneﬁciárias do Programa Bolsa Família e famílias inscritas no Cadastro Único , Outros grupos de pessoas em situação de vulnerabilidade social",80,70,-23.2949868,-46.7325850
CS019113,AMPEJW,"Avenida F, 570",Prefeito José Walter,60750-050,FORTALEZA,2304400,CE,ampejw@gmail.com,04.230.539/0001-98,"Sim, está funcionando normalmente",5 vezes por semana,Habilitada,"Outros grupos de pessoas em situação de vulnerabilidade social, Pessoas em situação de rua, Famílias beneﬁciárias do Programa Bolsa Família e famílias inscritas no Cadastro Único ",100,0,-3.8349605,-38.5592258
CS019826,ALMOÇO SOLIDÁRIO PLANALTO AYRTON SENNA,"RUA RIBEIRAO BONITO, nº 1359",mondubim,60760-460,FORTALEZA,2304400,CE,elenildamoreira01@gmail.com,,"Sim, está funcionando normalmente",5 vezes por semana,Habilitada,"Famílias beneﬁciárias do Programa Bolsa Família e famílias inscritas no Cadastro Único , Outros grupos de pessoas em situação de vulnerabilidade social",200,100,-3.8321090,-38.5680142
CS019150,ESCOLHI AMAR,"Rua Felicidade, 33",Aldeota,60135-220,FORTALEZA,2304400,CE,institutoescolhiamar@gmail.com,11.210.933/0001-20,"Sim, está funcionando normalmente",5 vezes por semana,Habilitada,"Pessoas em situação de rua, Famílias beneﬁciárias do Programa Bolsa Família e famílias inscritas no Cadastro Único , Outros grupos de pessoas em situação de vulnerabilidade social",670,100,-3.7452420,-38.4965140
CS019756,COZINHA SOLIDÁRIA DA FABI,"Rua Arapuca, 2838",Quintino Cunha,60352-770,FORTALEZA,2304400,CE,fabianapipi.79@gmail.com,,"Sim, está funcionando normalmente",5 vezes por semana,Habilitada,"Mulheres, Famílias beneﬁciárias do Programa Bolsa Família e famílias inscritas no Cadastro Único , Outros grupos de pessoas em situação de vulnerabilidade social",190,100,-3.7295348,-38.6038897
CS019819,COZINHA SOLIDÁRIA VÓ PENHA,"Rua Dom Maurício, 478",Padre Andrade,60355-660,FORTALEZA,2304400,CE,ifasonhos@gmail.com,09.048.805/0001-80,"Sim, está funcionando normalmente",5 vezes por semana,Habilitada,"Mulheres, Famílias beneﬁciárias do Programa Bolsa Família e famílias inscritas no Cadastro Único , Outros grupos de pessoas em situação de vulnerabilidade social",185,100,-3.7325831,-38.5761247
CS019096,JUNTAS SOMOS FORTES,"Rua Hugo Victor, 283",Antonio Bezerra,60360-820,FORTALEZA,2304400,CE,bebelbarros3069@gmail.com,,"Sim, está funcionando normalmente",5 vezes por semana,Habilitada,"Famílias beneﬁciárias do Programa Bolsa Família e famílias inscritas no Cadastro Único , Outros grupos de pessoas em situação de vulnerabilidade social",170,100,-3.7421712,-38.5910649
CS019022,PROJETO BEM,"Rua Seixas correia, 500",Bonsucesso,60520-485,FORTALEZA,2304400,CE,feraldobjr@gmail.com,,"Sim, está funcionando normalmente",4 vezes por semana,Habilitada,"Famílias beneﬁciárias do Programa Bolsa Família e famílias inscritas no Cadastro Único , Outros grupos de pessoas em situação de vulnerabilidade social",220,100,-3.7787976,-38.5791787
CS019725,COZINHA SOLIDÁRIA IRMÃ TOINHA,"Einstein, 679",Vila Pery,60730-145,FORTALEZA,2304400,CE,paulabarrosubert@gmail.com,,"Sim, está funcionando normalmente",5 vezes por semana,Habilitada,"Mulheres, Crianças, Famílias beneﬁciárias do Programa Bolsa Família e famílias inscritas no Cadastro Único , Outros grupos de pessoas em situação de vulnerabilidade social",180,140,-3.7906303,-38.5818176
CS019848,MULHERES DE LUTA NA PERIFERIA,"Rua 56, N°60",Prefeito José Walter,60750-700,FORTALEZA,2304400,CE,iddadavi0415mat@gmail.com,,"Sim, está funcionando normalmente",5 vezes por semana,Habilitada,"Pessoas em situação de rua, Famílias beneﬁciárias do Programa Bolsa Família e famílias inscritas no Cadastro Único , Outros grupos de pessoas em situação de vulnerabilidade social",135,100,-3.8332912,-38.5542019
CS019773,FOME NUNCA MAIS,"RUA SANTA INÊS, 1062",PIRAMBU,60311-310,FORTALEZA,2304400,CE,gleisaofaixapreta@gmail.com,,"Sim, está funcionando normalmente",5 vezes por semana,Habilitada,"Famílias beneﬁciárias do Programa Bolsa Família e famílias inscritas no Cadastro Único , Outros grupos de pessoas em situação de vulnerabilidade social",200,100,-3.7090774,-38.5558239
CS019760,COZINHA AMIGAS DA COMUNIDADE,"Rua Mendes Junior, 247",Quintino Cunha,60351-838,FORTALEZA,2304400,CE,ribeirorogim@gmail.com,,"Sim, está funcionando normalmente",5 vezes por semana,Habilitada,"Famílias beneﬁciárias do Programa Bolsa Família e famílias inscritas no Cadastro Único , Outros grupos de pessoas em situação de vulnerabilidade social",180,100,-3.7346767,-38.5922641
CS019665,COZINHA AJUDANDO AO PRÓXIMO,"Rua Ana Gonçalves, 141",São João do Tauape,60130-400,FORTALEZA,2304400,CE,celiamariapaivamartins@gmail.com,,"Sim, está funcionando normalmente",5 vezes por semana,Habilitada,"Famílias beneﬁciárias do Programa Bolsa Família e famílias inscritas no Cadastro Único , Outros grupos de pessoas em situação de vulnerabilidade social",170,100,-3.7599483,-38.5150661
CS019846,SOPA DE AXÉ,"Rua Engenheiros Rebouças, 845",Rebouças,80210-040,CURITIBA,4106902,PR,lilian.dallastra@gmail.com,22.722.451/0001-75,"Sim, está funcionando normalmente",5 vezes por semana,Habilitada,"Pessoas em situação de rua, Famílias beneﬁciárias do Programa Bolsa Família e famílias inscritas no Cadastro Único , Grupo específico vinculado a determinada localidade, atividade, serviço ou movimento, Outros grupos de pessoas em situação de vulnerabilidade social",530,250,-25.4401730,-49.2545483
CS019695,COZINHA SOLIDÁRIA  CANTINHO DA LU,"Rua Taquarituba, 46a",Vila Babilonia,04351-030,SÃO PAULO,3550308,SP,ludesignerdeunhas@yahoo.com.br,,"Sim, está funcionando normalmente",2 vezes por semana,Habilitada,"Pessoas em situação de rua, Famílias beneﬁciárias do Programa Bolsa Família e famílias inscritas no Cadastro Único , Outros grupos de pessoas em situação de vulnerabilidade social",700,250,-23.6456342,-46.6549629
CS019696,COZINHA SOLIDÁRIA ASSOCIAÇÃO AMERICANOPOLIS,"Av. Muzambinho, 221",Americanópolis,04334-040,SÃO PAULO,3550308,SP,mariajoanapaim@gmail.com,,"Sim, está funcionando normalmente",2 vezes por semana,Habilitada,"Famílias beneﬁciárias do Programa Bolsa Família e famílias inscritas no Cadastro Único , Outros grupos de pessoas em situação de vulnerabilidade social",4000,300,-23.6614209,-46.6390646
CS019726,COZINHA GOTA SOLIDÁRIA,"Rua General Clarindo de Queiroz, 2018",Farias Brito,60035-131,FORTALEZA,2304400,CE,gotasolidariafortaleza@gmail.com,41.411.521/0001-19,"Sim, está funcionando normalmente",5 vezes por semana,Habilitada,"Mulheres, Jovens, Crianças, Idosos, População LGBTQIA+, Pessoas em situação de rua, Famílias beneﬁciárias do Programa Bolsa Família e famílias inscritas no Cadastro Único , Assentados da Reforma Agrária, Grupo específico vinculado a determinada localidade, atividade, serviço ou movimento, Outros grupos de pessoas em situação de vulnerabilidade social",448,155,-3.7286447,-38.5424958
CS019867,COZINHA SOLIDÁRIA RECONSTRUIR,"Rua General Alípio dos Santos, 1365",Olavo Oliveira,60351-105,FORTALEZA,2304400,CE,institutoreconstruiridr@gmail.com,04.314.360/0001-19,"Sim, está funcionando normalmente",5 vezes por semana,Habilitada,"Idosos, Famílias beneﬁciárias do Programa Bolsa Família e famílias inscritas no Cadastro Único , Outros grupos de pessoas em situação de vulnerabilidade social",250,100,-3.7329574,-38.5948898
CS019861,VIVER COM DIGNIDADE,"Avenida dois Antonio, 2530",Santo Antonio,64000-000,TERESINA,2211001,PI,fundacaovcdteresina@gmail.com,05.399.250/0001-60,"Sim, está funcionando normalmente",4 vezes por semana,Habilitada,"Crianças, Famílias beneﬁciárias do Programa Bolsa Família e famílias inscritas no Cadastro Único , Grupo específico vinculado a determinada localidade, atividade, serviço ou movimento, Outros grupos de pessoas em situação de vulnerabilidade social",300,200,-5.1421022,-42.7542709
CS019667,ASSOCIAÇÃO INSTITUTO JOÃO GONÇALVES DA SILVA,"Avenida Pedro Alvares Cabral Lote 09 Qd 4, s/n",Jardim Barro Branco,25267-120,DUQUE DE CAXIAS,3301702,RJ,contato.ijgs@gmail.com,52.144.386/0001-09,Está funcionando com carga horária reduzida,2 vezes por semana,Habilitada,"Mulheres, Crianças, Famílias beneﬁciárias do Programa Bolsa Família e famílias inscritas no Cadastro Único ",455,200,-22.6406262,-43.2429069
CS019873,COZINHA SERVINDO AMOR,"Rua Juventude, 271",Mondubim,60766-140,FORTALEZA,2304400,CE,geiziellyalves2@gmail.com,,"Sim, está funcionando normalmente",5 vezes por semana,Habilitada,"Famílias beneﬁciárias do Programa Bolsa Família e famílias inscritas no Cadastro Único , Outros grupos de pessoas em situação de vulnerabilidade social",200,100,-3.8296320,-38.5699479
CS019147,ASSOCIAÇÃO MANÁ,"Travessa João Felipe, 116",Moura Brasil,60010-220,FORTALEZA,2304400,CE,abreudajusta@gmail.com,12.631.278/0001-46,"Sim, está funcionando normalmente",5 vezes por semana,Habilitada,"Mulheres, Jovens, Crianças, Idosos, Pessoas em situação de rua, Famílias beneﬁciárias do Programa Bolsa Família e famílias inscritas no Cadastro Único , Imigrantes, Outros grupos de pessoas em situação de vulnerabilidade social",190,100,-3.7201219,-38.5316776
CS019612,CENTRO POPULAR DE SOLIDARIEDADE SERRINHA,"Rua Américo Vespúcio, 769",Serrinha,60741-145,FORTALEZA,2304400,CE,isdomheldercamara@gmail.com,10.920.923/0001-15,"Sim, está funcionando normalmente",5 vezes por semana,Habilitada,"Famílias beneﬁciárias do Programa Bolsa Família e famílias inscritas no Cadastro Único , Grupo específico vinculado a determinada localidade, atividade, serviço ou movimento, Outros grupos de pessoas em situação de vulnerabilidade social",235,120,-3.7855642,-38.5493052
CS016751,COZINHA POPULAR CLARA CAMARÃO,"Rua Santo Elias, 335",Pajuçara,59125-350,NATAL,2408102,RN,secretariacozinhapopular@gmail.com,,"Sim, está funcionando normalmente",Quinzenalmente,Habilitada,"Mulheres, Jovens, Crianças, Idosos, População LGBTQIA+, Outros grupos de pessoas em situação de vulnerabilidade social",200,200,-5.7357699,-35.2447974
CS019832,AMPARO ALIMENTAR,"Rua Doutor Osvaldo Mellone, 264",Vila Prel,05780-300,SÃO PAULO,3550308,SP,mesquita3178@gmail.com,,Está funcionando com carga horária reduzida,5 vezes por semana,Habilitada,"Pessoas em situação de rua, Outros grupos de pessoas em situação de vulnerabilidade social",350,350,-23.6462466,-46.7545247
CS019727,COZINHA SOCIAL INDESP BRASIL MONTE CASTELO,"Rua Sebastião Franco Baima, 608 ALTOS",Monte Castelo,60325-242,FORTALEZA,2304400,CE,projetos.indesp.brasil@gmail.com,29.983.168/0001-46,"Sim, está funcionando normalmente",5 vezes por semana,Habilitada,"Mulheres, Jovens, Crianças, Idosos, População LGBTQIA+, Pessoas em situação de rua, Famílias beneﬁciárias do Programa Bolsa Família e famílias inscritas no Cadastro Único , Imigrantes, Outros grupos de pessoas em situação de vulnerabilidade social",213,100,-3.7266501,-38.5460438
CS019692,COZINHA SOLIDÁRIA INSTITUTO SOCIAL EDUCAÇÃO CIDADÃ,"Rua Manoel Alves mesquita, S/N rua sem saída",Americanópolis,04387-190,SÃO PAULO,3550308,SP,projetoecdd@gmail.com,52.974.918/0001-35,"Sim, está funcionando normalmente",3 vezes por semana,Habilitada,"Mulheres, Jovens, Crianças, Idosos, População LGBTQIA+, Trabalhadores informais diversos (Motoristas de aplicativos, motoboys, serventes ou outros), Famílias beneﬁciárias do Programa Bolsa Família e famílias inscritas no Cadastro Único , Outros grupos de pessoas em situação de vulnerabilidade social",200,466,-23.6650567,-46.6496619
CS015619,FIDEL CASTRO,"Acampamento Eldorado dos Carajás, SN",Zona Rural,57270-000,JUNQUEIRO,2704005,AL,brigadafidelcastro@gmail.com,52.203.906/0001-07,"Sim, está funcionando normalmente",1 vez por semana,Habilitada,"Mulheres, Jovens, Crianças, Idosos, Agricultores Familiares e Campesinos, Trabalhadores informais diversos (Motoristas de aplicativos, motoboys, serventes ou outros), Pessoas em situação de rua, Famílias beneﬁciárias do Programa Bolsa Família e famílias inscritas no Cadastro Único , Assentados da Reforma Agrária, Outros grupos de pessoas em situação de vulnerabilidade social",130,100,-9.8807822,-36.4762236
CS019856,COZINHA SOLIDÁRIA MARGARIDA ALVES,"Rua Antônio Pereira de Paiva, 263",João de Deus,56316-470,PETROLINA,2611101,PE,amspetrolina@gmail.com,,"Sim, está funcionando normalmente",3 vezes por semana,Habilitada,"Mulheres, Jovens, Crianças, Idosos, Trabalhadores informais diversos (Motoristas de aplicativos, motoboys, serventes ou outros), Pessoas em situação de rua, Famílias beneﬁciárias do Programa Bolsa Família e famílias inscritas no Cadastro Único , Pessoas e famílias atingidas por situações de emergência ou calamidade pública, Assentados da Reforma Agrária, Outros grupos de pessoas em situação de vulnerabilidade social",620,300,-9.3601257,-40.5401223
CS019752,BARRIGA CHEIA,"Avenida G, 690",Prefeito José Walter,60750-060,FORTALEZA,2304400,CE,mariaeunicecds@hotmail.com,,"Sim, está funcionando normalmente",5 vezes por semana,Habilitada,"Famílias beneﬁciárias do Programa Bolsa Família e famílias inscritas no Cadastro Único , Outros grupos de pessoas em situação de vulnerabilidade social",180,100,-3.8371812,-38.5604588
CS019891,INSTITUTO VIVA BAIRROS,"Rua General Piragibe, 797",Amadeu Furtado,60455-535,FORTALEZA,2304400,CE,institutovivabairros@gmail.com,284311780001-06,"Sim, está funcionando normalmente",5 vezes por semana,Habilitada,"Mulheres, Jovens, Crianças, Idosos, População LGBTQIA+, Pessoas em situação de rua, Famílias beneﬁciárias do Programa Bolsa Família e famílias inscritas no Cadastro Único , Outros grupos de pessoas em situação de vulnerabilidade social",200,100,-3.7413104,-38.5571055
CS019711,COZINHA MARIA FIRMINA DOS REIS,"AMADOR LOURENÇO, 724",JARDIM DAS OLIVEIRAS,04658-020,SÃO PAULO,3550308,SP,matilio.adv@gmail.com,47.861.893/0001-23,"Sim, está funcionando normalmente",6 vezes por semana,Habilitada,"Mulheres, Jovens, Idosos, Trabalhadores informais diversos (Motoristas de aplicativos, motoboys, serventes ou outros), Pessoas em situação de rua, Famílias beneﬁciárias do Programa Bolsa Família e famílias inscritas no Cadastro Único , Grupo específico vinculado a determinada localidade, atividade, serviço ou movimento, Outros grupos de pessoas em situação de vulnerabilidade social",390,600,-23.6708681,-46.6665871
CS019897,COZINHA DO BEM,"Rua Vitoria, 3E",Ponto Parada,43700-000,SIMÕES FILHO,2930709,BA,cozinhasolidariaprojetos@gmail.com,,"Sim, está funcionando normalmente",4 vezes por semana,Habilitada,"Pessoas em situação de rua, Famílias beneﬁciárias do Programa Bolsa Família e famílias inscritas no Cadastro Único , Outros grupos de pessoas em situação de vulnerabilidade social",200,600,-12.7935304,-38.4027393
CS019884,RUI PEREIRA DE SOUZA,"Avenida Alberto Craveiro, 2900",Boa Vista-Castelão,60861-212,FORTALEZA,2304400,CE,associacaommjs@gmail.com,26.379.442/0001-84,"Sim, está funcionando normalmente",1 vez por semana,Habilitada,"Mulheres, Idosos, Famílias beneﬁciárias do Programa Bolsa Família e famílias inscritas no Cadastro Único , Grupo específico vinculado a determinada localidade, atividade, serviço ou movimento, Outros grupos de pessoas em situação de vulnerabilidade social",185,100,-3.8053868,-38.5243921
CS019901,ABBA PAI,"Rua Primeiro de Janeiro, 113",Centro,43700-000,SIMÕES FILHO,2930709,BA,projetoscozinhassolidarias@gmail.com,,"Sim, está funcionando normalmente",5 vezes por semana,Habilitada,"Pessoas em situação de rua, Famílias beneﬁciárias do Programa Bolsa Família e famílias inscritas no Cadastro Único , Outros grupos de pessoas em situação de vulnerabilidade social",320,500,-12.7873695,-38.4032627
CS019904,COZINHA SOLIDÁRIA SABOR DE CASA,"Avenida Tiradentes nº 256 - Casa 01, 256",Centro,75043-044,ANÁPOLIS,5201108,GO,beatrizdsantos@hotmail.com,,Está funcionando com carga horária reduzida,3 vezes por semana,Habilitada,"Mulheres, Jovens, Crianças, Idosos, Trabalhadores informais diversos (Motoristas de aplicativos, motoboys, serventes ou outros), Pessoas em situação de rua, Pessoas e famílias atingidas por situações de emergência ou calamidade pública, Imigrantes, Grupo específico vinculado a determinada localidade, atividade, serviço ou movimento, Outros grupos de pessoas em situação de vulnerabilidade social",290,300,-16.3198232,-48.9561586
CS019896,COMUNIDADE DO CAL,"Rua São josé Castelão, 38",Castelão,60110-000,FORTALEZA,2304400,CE,usprcomunidadedocal@gmail.com,,"Sim, está funcionando normalmente",5 vezes por semana,Habilitada,"Pessoas em situação de rua, Famílias beneﬁciárias do Programa Bolsa Família e famílias inscritas no Cadastro Único , Outros grupos de pessoas em situação de vulnerabilidade social",190,100,-3.7973720,-38.5150075
CS019890,COZINHA INSTITUTO MARIA DO CARMO,"Rua Coronel Fabriciano, 1820 A",Granja Portugal,60000-000,FORTALEZA,2304400,CE,institutomariadocarmo1816@gmail.com,44.619.857/0001-60,"Sim, está funcionando normalmente",6 vezes por semana,Habilitada,"Mulheres, Jovens, Crianças, Idosos, População LGBTQIA+, Pessoas em situação de rua, Famílias beneﬁciárias do Programa Bolsa Família e famílias inscritas no Cadastro Único , Pessoas e famílias atingidas por situações de emergência ou calamidade pública, Outros grupos de pessoas em situação de vulnerabilidade social",616,150,-3.7824735,-38.6083122
CS019881,COZINHA SOLIDÁRIA RASSAN,"Rua 27, 1630",Vila Velha,60348-430,FORTALEZA,2304400,CE,rederassance@gmail.com,54.170.242/0001-52,"Sim, está funcionando normalmente",5 vezes por semana,Habilitada,"Mulheres, Jovens, Crianças, Idosos, Trabalhadores informais diversos (Motoristas de aplicativos, motoboys, serventes ou outros), Pessoas em situação de rua, Famílias beneﬁciárias do Programa Bolsa Família e famílias inscritas no Cadastro Único , Outros grupos de pessoas em situação de vulnerabilidade social",142,100,-3.7197980,-38.5980859
CS017178,INSTITUTO ARCANJO GABRIEL,"Rua Cento e Quatro, 91",Cohab,62400-000,CAMOCIM,2302602,CE,institutoarcanjogabrieloficial@gmail.com,27.531.065/0001-10,"Sim, está funcionando normalmente",4 vezes por semana,Habilitada,"Famílias beneﬁciárias do Programa Bolsa Família e famílias inscritas no Cadastro Único , Outros grupos de pessoas em situação de vulnerabilidade social",150,75,-2.9075481,-40.8582337
CS019937,COZINHA VERIDIANA,"Rua Nova Conquista, 99",Barroso,60543-355,FORTALEZA,2304400,CE,leilalaborel@yahoo.com.br,,"Sim, está funcionando normalmente",5 vezes por semana,Habilitada,"Famílias beneﬁciárias do Programa Bolsa Família e famílias inscritas no Cadastro Único , Outros grupos de pessoas em situação de vulnerabilidade social",180,100,-3.7973415,-38.5954224
CS019874,COZINHA BALUARTE,"Fernando Pacheco Jordão, 243",jd das Oliveira,08121-510,SÃO PAULO,3550308,SP,arteevidagraca@gmail.com,05.279.394/0001-82,"Sim, está funcionando normalmente",6 vezes por semana,Habilitada,"Mulheres, Jovens, Crianças, Idosos, População LGBTQIA+, Trabalhadores informais diversos (Motoristas de aplicativos, motoboys, serventes ou outros), Pessoas em situação de rua, Famílias beneﬁciárias do Programa Bolsa Família e famílias inscritas no Cadastro Único , Povos e comunidades tradicionais (indígenas, quilombolas, ribeirinhos, etc.), Pessoas e famílias atingidas por situações de emergência ou calamidade pública, Imigrantes, Outros grupos de pessoas em situação de vulnerabilidade social",382,650,-23.4960862,-46.3849497
CS019882,COZINHA IDAH,"Rua Antolin Garcia, 142",Jd. Castro Alves,04842-490,SÃO PAULO,3550308,SP,institutodaharaujo@gmail.com,43.345.097/0001-87,"Sim, está funcionando normalmente",6 vezes por semana,Habilitada,"Jovens, Crianças, Pessoas em situação de rua, Pessoas e famílias atingidas por situações de emergência ou calamidade pública, Outros grupos de pessoas em situação de vulnerabilidade social",500,400,-23.7413458,-46.6819037
CS019855,COZINHA POPULART - BRILHO DO CEARÁ,"Rua 69, 10",Prefeito José Walter,60750-830,FORTALEZA,2304400,CE,institutopopulart@gmail.com,10.692.602/0001-00,"Sim, está funcionando normalmente",5 vezes por semana,Habilitada,"Mulheres, Jovens, Crianças, Idosos, População LGBTQIA+, Pessoas em situação de rua, Famílias beneﬁciárias do Programa Bolsa Família e famílias inscritas no Cadastro Único , Outros grupos de pessoas em situação de vulnerabilidade social",200,100,-3.8295279,-38.5542410
CS019926,PROJETO AQUELE 1%,"Rua Pompilio Gomes, 748",Jangurussu,60110-000,FORTALEZA,2304400,CE,elionlenocesar@gmail.com,,"Sim, está funcionando normalmente",5 vezes por semana,Habilitada,"Mulheres, Crianças, Famílias beneﬁciárias do Programa Bolsa Família e famílias inscritas no Cadastro Único , Outros grupos de pessoas em situação de vulnerabilidade social",199,100,-3.8184783,-38.5211398
CS019932,ASSOCIAÇÃO RENASCER DAS ARTES,"Cacimbao dos Tabosas, 00",Cacimbao dos Tabosas,62685-000,PARAIPABA,2310258,CE,silvianechaves@hotmail.com,09.401.460/0001-04,"Sim, está funcionando normalmente",5 vezes por semana,Habilitada,"Mulheres, Jovens, Crianças, Idosos, Agricultores Familiares e Campesinos, Pessoas em situação de rua, Famílias beneﬁciárias do Programa Bolsa Família e famílias inscritas no Cadastro Único , Outros grupos de pessoas em situação de vulnerabilidade social",132,100,-3.4290330,-39.1576770
CS019983,COZINHA SOCIAL VIVER E BRILHAR,"AVENIDA LUIZ MENDES, N° 68",SETOR D1,62685-000,PARAIPABA,2310258,CE,viverebrilharparaipaba@gmail.com,42.590.635/0001-36,"Sim, está funcionando normalmente",5 vezes por semana,Habilitada,"Mulheres, Jovens, Crianças, Idosos, População LGBTQIA+, Agricultores Familiares e Campesinos, Trabalhadores informais diversos (Motoristas de aplicativos, motoboys, serventes ou outros), Pessoas em situação de rua, Famílias beneﬁciárias do Programa Bolsa Família e famílias inscritas no Cadastro Único , Grupo específico vinculado a determinada localidade, atividade, serviço ou movimento, Outros grupos de pessoas em situação de vulnerabilidade social",141,100,-3.4792520,-39.1504830
CS019960,ASMOSAL COZINHA SOCIAL ASSOCIAÇÃO DE MORADORES DE SANTA LUZIA,"RUA MARIA STELA DE AZEVEDO, S/N",LAGOINHA,62685-000,PARAIPABA,2310258,CE,asmosalstl@gmail.com,28.782.501/0001-96,"Sim, está funcionando normalmente",5 vezes por semana,Habilitada,"Mulheres, Jovens, Crianças, Idosos, Pessoas em situação de rua, Famílias beneﬁciárias do Programa Bolsa Família e famílias inscritas no Cadastro Único , Povos e comunidades tradicionais (indígenas, quilombolas, ribeirinhos, etc.), Outros grupos de pessoas em situação de vulnerabilidade social",100,100,-3.3480907,-39.1379449
CS016358,CEBECH,"Rua Sara Kubitscheck, 221",Cidade Tiradentes,08474-000,SÃO PAULO,3550308,SP,Tatiana.reis@cebech.org.br,04.003.965/0001-99,Está funcionando com carga horária reduzida,5 vezes por semana,Habilitada,"Mulheres, Jovens, Crianças, Idosos, Famílias beneﬁciárias do Programa Bolsa Família e famílias inscritas no Cadastro Único , Pessoas e famílias atingidas por situações de emergência ou calamidade pública, Grupo específico vinculado a determinada localidade, atividade, serviço ou movimento, Outros grupos de pessoas em situação de vulnerabilidade social",275,50,-23.5823351,-46.4055370
CS019978,CASA DE OXOSSÍ GROAÍRAS,"Rua Luiz José de Lima, 620",Paulo Malaquias,62190-000,GROAÍRAS,2304905,CE,edsondoxossi@hotmail.com,41.294.453/0001-55,"Sim, está funcionando normalmente",5 vezes por semana,Habilitada,"Mulheres, Jovens, Crianças, Idosos, População LGBTQIA+, Famílias beneﬁciárias do Programa Bolsa Família e famílias inscritas no Cadastro Único , Povos e comunidades tradicionais (indígenas, quilombolas, ribeirinhos, etc.), Outros grupos de pessoas em situação de vulnerabilidade social",110,100,-3.9176692,-40.3894419
CS015389,COZINHA CULINÁRIA DA COMUNIDADE SOLIDÁRIA,"Vila florentina, SN",Zona rural,39470-000,ITACARAMBI,3132107,MG,cozinhaculinariadacomunidadeso@gmail.com,29.324.135/0001-94,"Sim, está funcionando normalmente",7 vezes por semana,Habilitada,"Mulheres, Jovens, Crianças, Idosos, Pessoas em situação de rua, Famílias beneﬁciárias do Programa Bolsa Família e famílias inscritas no Cadastro Único , Povos e comunidades tradicionais (indígenas, quilombolas, ribeirinhos, etc.), Outros grupos de pessoas em situação de vulnerabilidade social",65,640,-15.2394541,-44.0952107
CS019700,INSTITUTO VEMSER,"Rua 14, 530",Vila velha,60346-840,FORTALEZA,2304400,CE,Instituto.vemser.2020@gmail.com,49.792.829/0001-63,Está funcionando com carga horária reduzida,5 vezes por semana,Habilitada,"Mulheres, Jovens, Crianças, Idosos, População LGBTQIA+, Trabalhadores informais diversos (Motoristas de aplicativos, motoboys, serventes ou outros), Famílias beneﬁciárias do Programa Bolsa Família e famílias inscritas no Cadastro Único , Outros grupos de pessoas em situação de vulnerabilidade social",60,100,-3.7133527,-38.5988211
CS015730,COZINHA MARGARIDA ALVES,"Assentamento Dom Elder Camara/Rendeira S/N, SN",Zona Rural,57360-000,GIRAU DO PONCIANO,2702900,AL,anamariadahora014@gmail.com,05.522.195/0001-53,"Sim, está funcionando normalmente",1 vez por semana,Habilitada,"Mulheres, Famílias beneﬁciárias do Programa Bolsa Família e famílias inscritas no Cadastro Único , Outros grupos de pessoas em situação de vulnerabilidade social",80,100,-9.8831055,-36.8283128
CS014632,RAIZES DO MEIO,"Rua Gonçalves Gato, 288",Vila Dagmar,26130-230,BELFORD ROXO,3300456,RJ,simeusoudomeio@gmail.com,40.224.894/0001-18,"Sim, está funcionando normalmente",6 vezes por semana,Habilitada,"Mulheres, Jovens, Crianças, Idosos, População LGBTQIA+, Pessoas em situação de rua, Famílias beneﬁciárias do Programa Bolsa Família e famílias inscritas no Cadastro Único , Pessoas e famílias atingidas por situações de emergência ou calamidade pública, Outros grupos de pessoas em situação de vulnerabilidade social",18530,250,-22.7677053,-43.4045766
CS020018,COZINHA SOLID´ARIA DO PARQUE SÃO JOSÉ,"Rua Costa Freire, 2267",Parque São José,60730-255,FORTALEZA,2304400,CE,karcialima@yahoo.com.br,,"Sim, está funcionando normalmente",5 vezes por semana,Habilitada,"Mulheres, Crianças, Idosos, População LGBTQIA+, Pessoas em situação de rua, Famílias beneﬁciárias do Programa Bolsa Família e famílias inscritas no Cadastro Único , Pessoas e famílias atingidas por situações de emergência ou calamidade pública, Outros grupos de pessoas em situação de vulnerabilidade social",175,100,-3.7979940,-38.5897704
CS018990,COZINHA MARROCOS,"Regivaldo França Rodrigues, 150",Siqueira,60544-322,FORTALEZA,2304400,CE,tabozazelia@gmail.com,14.467.457/0001-15,"Sim, está funcionando normalmente",5 vezes por semana,Habilitada,"Pessoas em situação de rua, Famílias beneﬁciárias do Programa Bolsa Família e famílias inscritas no Cadastro Único , Outros grupos de pessoas em situação de vulnerabilidade social",100,100,-3.7994359,-38.6102819
CS020036,LEONARDO SILVA,"Rua do Vassoural, 997",Vassoural,55028-400,CARUARU,2604106,PE,leonardopereiralopes1998@gmail.com,,"Sim, está funcionando normalmente",3 vezes por semana,Habilitada,"Pessoas em situação de rua, Famílias beneﬁciárias do Programa Bolsa Família e famílias inscritas no Cadastro Único , Povos e comunidades tradicionais (indígenas, quilombolas, ribeirinhos, etc.), Pessoas e famílias atingidas por situações de emergência ou calamidade pública, Outros grupos de pessoas em situação de vulnerabilidade social",301,200,-8.3024792,-35.9667707
CS020038,ASSOCIAÇÃO CENTRO DE CAPACITAÇÃO PAULO FREIRE,"assentamento normandia, zona rural",zona rural,55016-430,CARUARU,2604106,PE,leonardopereiralopes1998@gmail.com,,Está funcionando com carga horária reduzida,3 vezes por semana,Habilitada,"Famílias beneﬁciárias do Programa Bolsa Família e famílias inscritas no Cadastro Único , Povos e comunidades tradicionais (indígenas, quilombolas, ribeirinhos, etc.), Pessoas e famílias atingidas por situações de emergência ou calamidade pública, Outros grupos de pessoas em situação de vulnerabilidade social",296,200,-8.1952087,-35.9711802
CS020025,COZINHA DA FRATERNIDADE TIA LIA,"Rua Alberto Albertini, 394",Morada do Sol,79073-210,CAMPO GRANDE,5002704,MS,obrassociaisanalia@gmail.com,02.879.216/0001-02,"Sim, está funcionando normalmente",6 vezes por semana,Habilitada,"Mulheres, Jovens, Crianças, Idosos, Pessoas em situação de rua, Famílias beneﬁciárias do Programa Bolsa Família e famílias inscritas no Cadastro Único , Povos e comunidades tradicionais (indígenas, quilombolas, ribeirinhos, etc.), Pessoas e famílias atingidas por situações de emergência ou calamidade pública, Imigrantes, Grupo específico vinculado a determinada localidade, atividade, serviço ou movimento",519,351,-20.5460624,-54.6338286
CS020052,COZINHA SEJA FELIZ- PV,"Rua Lucineide Gomes, 1013",Presidente Vargas,60763-645,FORTALEZA,2304400,CE,ednete2806@gmail.com,,"Sim, está funcionando normalmente",5 vezes por semana,Habilitada,"Mulheres, Jovens, Crianças, Idosos, Famílias beneﬁciárias do Programa Bolsa Família e famílias inscritas no Cadastro Único , Pessoas e famílias atingidas por situações de emergência ou calamidade pública, Outros grupos de pessoas em situação de vulnerabilidade social",180,100,-3.8258929,-38.6023003
CS020056,COZINHA SOLIDÁRIA DAIA,"Rua Alcir de Oliveira, Quadra 12, Lote 12, Lote 21",Víviam Parque,75135-503,ANÁPOLIS,5201108,GO,nadiele_martins@hotmail.com,,"Sim, está funcionando normalmente",6 vezes por semana,Habilitada,"Famílias beneﬁciárias do Programa Bolsa Família e famílias inscritas no Cadastro Único , Outros grupos de pessoas em situação de vulnerabilidade social",300,200,-16.3861893,-48.9817935
CS020058,COZINHA POPULAR SOLIDARIA JCO,"Rua Américo Luiz da Silva, 158",José Carlos de Oliveira,55042-270,CARUARU,2604106,PE,leonardopereiralopes1998@gmail.com,,"Sim, está funcionando normalmente",3 vezes por semana,Habilitada,"Pessoas em situação de rua, Famílias beneﬁciárias do Programa Bolsa Família e famílias inscritas no Cadastro Único , Pessoas e famílias atingidas por situações de emergência ou calamidade pública, Outros grupos de pessoas em situação de vulnerabilidade social",341,200,-8.2728496,-36.0047505
CS019467,COZINHA SOLIDÁRIA ASCOPAN,"Rua Guarapari, 1360",Siqueira,60732-640,FORTALEZA,2304400,CE,moradoresascopan@gmail.com,35.230.713/0001-26,"Sim, está funcionando normalmente",5 vezes por semana,Habilitada,"Mulheres, Jovens, Crianças, Idosos, População LGBTQIA+, Pessoas em situação de rua, Famílias beneﬁciárias do Programa Bolsa Família e famílias inscritas no Cadastro Único , Imigrantes, Outros grupos de pessoas em situação de vulnerabilidade social",256,100,-3.8178775,-38.6192766
CS019990,INSTITUTO BENEFICENTE DE AMPARO E PROTEÇÃO SOCIAL - IBAPS,"Avenida Leite Barbosa, 1124",Cais do Porto,60180-420,FORTALEZA,2304400,CE,ibapsfortaleza@gmail.com,,"Sim, está funcionando normalmente",5 vezes por semana,Habilitada,"Pessoas em situação de rua, Famílias beneﬁciárias do Programa Bolsa Família e famílias inscritas no Cadastro Único , Outros grupos de pessoas em situação de vulnerabilidade social",315,100,-3.7085146,-38.4663207
CS019534,LUZ DO MUNDO,"Rua Dr. Seixas, 300",Bonsucesso,60545-475,FORTALEZA,2304400,CE,nila.matosicloud@gmail.com,10.248.665/0001-72,"Sim, está funcionando normalmente",5 vezes por semana,Habilitada,"Mulheres, Jovens, Crianças, Idosos, População LGBTQIA+, Pessoas em situação de rua, Famílias beneﬁciárias do Programa Bolsa Família e famílias inscritas no Cadastro Único , Outros grupos de pessoas em situação de vulnerabilidade social",90,100,-3.7729327,-38.5948540
CS019395,GRUPO ESPÍRITA MISSIONÁRIOS DA LUZ-GMIL,"Avenida prefeito Evandro Ayres de Moura, 822",Mondubim,60810-670,FORTALEZA,2304400,CE,missionariosdiretoria@gmail.com,37.560.260/0001-21,"Sim, está funcionando normalmente",5 vezes por semana,Habilitada,"Mulheres, Jovens, Crianças, Idosos, População LGBTQIA+, Pessoas em situação de rua, Famílias beneﬁciárias do Programa Bolsa Família e famílias inscritas no Cadastro Único , Outros grupos de pessoas em situação de vulnerabilidade social",400,100,-3.8241829,-38.5679760
CS019900,COZINHA IRMAO SOL,"Rua Martins de lima 2326, Rua Martins de lima 2326",Parque Presidente Vargas,60765-725,FORTALEZA,2304400,CE,palestrapo@gmail.com,,"Sim, está funcionando normalmente",5 vezes por semana,Habilitada,"Mulheres, Crianças, Idosos, Pessoas em situação de rua, Famílias beneﬁciárias do Programa Bolsa Família e famílias inscritas no Cadastro Único , Outros grupos de pessoas em situação de vulnerabilidade social",315,100,-3.8227442,-38.6120987
CS020037,PROJETO SUPRIR - PERUS,"Rua Sorano, 69",Jardim Adelfiore,05223-020,SÃO PAULO,3550308,SP,viver.imp@gmail.com,43.134.498/0001-98,Está funcionando com carga horária reduzida,1 vez por semana,Habilitada,"Mulheres, Jovens, Crianças, Idosos, Pessoas em situação de rua, Famílias beneﬁciárias do Programa Bolsa Família e famílias inscritas no Cadastro Único , Outros grupos de pessoas em situação de vulnerabilidade social",200,150,-23.4122555,-46.7432253
CS019991,COZINHA SOLIDARIA - SÃO JOSÉ,"SÃO JOSÉ, BR 404 S4 Q212, 0",SÃO JOSÉ,62215-000,IPAPORANGA,2305654,CE,danielatecnologa05@gmail.com,,"Sim, está funcionando normalmente",5 vezes por semana,Habilitada,"Famílias beneﬁciárias do Programa Bolsa Família e famílias inscritas no Cadastro Único , Outros grupos de pessoas em situação de vulnerabilidade social",100,100,-4.8889493,-40.7765141
CS020088,MÃOS AMIGAS,"Rua Jornalista José Curvello, 48",Uruguay,41341-530,SALVADOR,2927408,BA,projetoscozinhassolidarias@gmail.com,,"Sim, está funcionando normalmente",5 vezes por semana,Habilitada,"Pessoas em situação de rua, Famílias beneﬁciárias do Programa Bolsa Família e famílias inscritas no Cadastro Único , Outros grupos de pessoas em situação de vulnerabilidade social",400,600,-12.8850356,-38.4109691
CS020093,COZINHA PARA TODOS,"Estrada do Coqueiro Grande, 16",Fazenda Grande II,41342-315,SALVADOR,2927408,BA,projetoscozinhassolidarias@gmail.com,30.191.570/0001-77,"Sim, está funcionando normalmente",5 vezes por semana,Habilitada,"Pessoas em situação de rua, Famílias beneﬁciárias do Programa Bolsa Família e famílias inscritas no Cadastro Único , Outros grupos de pessoas em situação de vulnerabilidade social",500,750,-12.9072220,-38.3962941
CS020100,COZINHA SOLIDARIA SERVIR BOM DEUS KIDS,"Rua Luiz Viana Neto, 390",Periperi,40728-500,SALVADOR,2927408,BA,projetoscozinhassolidarias@gmail.com,,"Sim, está funcionando normalmente",4 vezes por semana,Habilitada,"Pessoas em situação de rua, Famílias beneﬁciárias do Programa Bolsa Família e famílias inscritas no Cadastro Único , Outros grupos de pessoas em situação de vulnerabilidade social",400,550,-12.8627314,-38.4712523
CS020101,COZINHA SOLIDARIA TODOS CONTRA A FOME,"Avenida Morada Lagoa, Apto 402",Valeria,41320-085,SALVADOR,2927408,BA,projetoscozinhassolidarias@gmail.com,,"Sim, está funcionando normalmente",5 vezes por semana,Habilitada,"Pessoas em situação de rua, Famílias beneﬁciárias do Programa Bolsa Família e famílias inscritas no Cadastro Único , Outros grupos de pessoas em situação de vulnerabilidade social",400,500,-12.8540609,-38.4494161
CS020020,SINDICATO DOS TRABALHADORES RURAIS AGRICULTORES E AGRICULTORAS FAMILIARES DE IPAPORANGA-CE,"R PEDRO FARIAS, 4",CENTRO,62215-000,IPAPORANGA,2305654,CE,stripaporanga@yahoo.com,35.045.343/0001-57,"Sim, está funcionando normalmente",5 vezes por semana,Habilitada,"Famílias beneﬁciárias do Programa Bolsa Família e famílias inscritas no Cadastro Único , Outros grupos de pessoas em situação de vulnerabilidade social",100,100,-4.8983037,-40.7589870
CS017043,MUTIRÃO DA MENINADA DO VALE VERDE,"RUA MARCELO RAMOS CAMPOS 23, 23",VALE VERDE,36032-007,JUIZ DE FORA,3136702,MG,mutiraodameninadajf@gmail.com,10.444.526/0001-14,"Sim, está funcionando normalmente",5 vezes por semana,Habilitada,"Jovens, Crianças, Grupo específico vinculado a determinada localidade, atividade, serviço ou movimento, Outros grupos de pessoas em situação de vulnerabilidade social",173,50,-21.8049010,-43.3531321
CS018674,COZINHA DO BEM,"RUA EVAN  HOLMES, 172",ALTO DO MATEUS,58090-320,JOÃO PESSOA,2507507,PB,ong.amib@gmail.com,09.155.052/0001-01,"Sim, está funcionando normalmente",5 vezes por semana,Habilitada,"Famílias beneﬁciárias do Programa Bolsa Família e famílias inscritas no Cadastro Único , Outros grupos de pessoas em situação de vulnerabilidade social",1600,8,-7.1370763,-34.9152280
CS020133,PRATOS DO AMOR,"Rua Assunção, 19 A",Vila Esperança,41245-020,SALVADOR,2927408,BA,projetoscozinhassolidarias@gmail.com,,"Sim, está funcionando normalmente",5 vezes por semana,Habilitada,"Pessoas em situação de rua, Famílias beneﬁciárias do Programa Bolsa Família e famílias inscritas no Cadastro Único , Outros grupos de pessoas em situação de vulnerabilidade social",200,500,-12.9229456,-38.4838890
CS020141,COZINHA SOLIDARIA JEOVA JIRÉ,"Rua Tancredo Neves, 340",Marechal Rondon/Salvador,43700-000,SIMÕES FILHO,2930709,BA,jeovajire.gestao@gmail.com,,"Sim, está funcionando normalmente",4 vezes por semana,Habilitada,"Pessoas em situação de rua, Famílias beneﬁciárias do Programa Bolsa Família e famílias inscritas no Cadastro Único , Outros grupos de pessoas em situação de vulnerabilidade social",400,600,-12.8101165,-38.3772754
CS017983,INSTITUTO KEMET,"Rua do Sodré, 435",Dois de Julho,40060-240,SALVADOR,2927408,BA,institutokemetbahia@gmail.com,42.495.305/0001-61,"Sim, está funcionando normalmente",5 vezes por semana,Habilitada,"Mulheres, Jovens, Crianças, Idosos, População LGBTQIA+, Trabalhadores informais diversos (Motoristas de aplicativos, motoboys, serventes ou outros), Pessoas em situação de rua, Famílias beneﬁciárias do Programa Bolsa Família e famílias inscritas no Cadastro Único , Pessoas e famílias atingidas por situações de emergência ou calamidade pública, Grupo específico vinculado a determinada localidade, atividade, serviço ou movimento, Outros grupos de pessoas em situação de vulnerabilidade social",833,400,-12.9807009,-38.5157555
CS020158,CORAÇÕES DE ITAPUÃ,"Rua Álvaro Baqueiro, 294",Itapuã,41630-090,SALVADOR,2927408,BA,coracoesdeitapua@outlook.com,,"Sim, está funcionando normalmente",5 vezes por semana,Habilitada,"Mulheres, Jovens, Crianças, Idosos, Pessoas em situação de rua, Famílias beneﬁciárias do Programa Bolsa Família e famílias inscritas no Cadastro Único , Outros grupos de pessoas em situação de vulnerabilidade social",485,630,-12.9423934,-38.3625221
CS020155,MULHERES EMPREENDEDORAS DE TRAIRI,"Sítio ilha, 0",Sítio ilha,62690-000,TRAIRI,2313500,CE,frentedemulheresdetrairi@gmail.com,,"Sim, está funcionando normalmente",5 vezes por semana,Habilitada,"Famílias beneﬁciárias do Programa Bolsa Família e famílias inscritas no Cadastro Único , Outros grupos de pessoas em situação de vulnerabilidade social",200,100,-3.2762504,-39.2803991
CS020160,MULHERES EM MOVIMENTO DE TRAIRI,"Vila muribeca, 10",Campestre,62690-000,TRAIRI,2313500,CE,frentedemulheresdetrairi@gmail.com,,"Não, a Cozinha encontra-se paralisada, sem atividade",5 vezes por semana,Habilitada,"Famílias beneﬁciárias do Programa Bolsa Família e famílias inscritas no Cadastro Único , Outros grupos de pessoas em situação de vulnerabilidade social",200,100,-3.3242922,-39.3057049
CS018964,FRATERNIDADE ECLÉTICA ESPIRITUALISTA UNIVERSAL,"Rua Joao Koleski, 424",Cidade Industrial,81280-280,CURITIBA,4106902,PR,feeupr@hotmail.com,02.288.017/0014-36,"Sim, está funcionando normalmente",1 vez por semana,Habilitada,"Pessoas em situação de rua, Outros grupos de pessoas em situação de vulnerabilidade social",480,200,-25.4392544,-49.3516925
CS019264,COZINHA SOLIDÁRIA ELIZIA PIROZI,"Largo da Casa da Paz, 12",Rocinha,22451-264,RIO DE JANEIRO,3304557,RJ,felipebritoigd@gmail.com,59.081.530/0001-54,"Sim, está funcionando normalmente",1 vez por semana,Habilitada,"Pessoas em situação de rua, Famílias beneﬁciárias do Programa Bolsa Família e famílias inscritas no Cadastro Único , Pessoas e famílias atingidas por situações de emergência ou calamidade pública, Outros grupos de pessoas em situação de vulnerabilidade social",130,200,-22.9885757,-43.2510457
CS019613,COZINHA ANCESTRAL PELEIA DO BEM,"Br 116, Apto 01",Vila Cristina,95124-010,CAXIAS DO SUL,4305108,RS,orunfamilia@gmail.com,26.265.161/0001-09,"Sim, está funcionando normalmente",3 vezes por semana,Habilitada,"Jovens, Crianças, Idosos, População LGBTQIA+, Trabalhadores informais diversos (Motoristas de aplicativos, motoboys, serventes ou outros), Pessoas em situação de rua, Famílias beneﬁciárias do Programa Bolsa Família e famílias inscritas no Cadastro Único , Povos e comunidades tradicionais (indígenas, quilombolas, ribeirinhos, etc.), Pessoas e famílias atingidas por situações de emergência ou calamidade pública, Outros grupos de pessoas em situação de vulnerabilidade social",1645,200,-29.3047835,-51.1668007
CS019490,COZINHA POPULAR SOLIDÁRIA  VALE  DA PAZ,"Rua sessenta e quatro, 403",Parque do Janga,53421-361,PAULISTA,2610707,PE,leonardopereiralopes1998@gmail.com,09.423.270/0001-80,"Sim, está funcionando normalmente",2 vezes por semana,Habilitada,"Mulheres, Jovens, Crianças, Idosos, População LGBTQIA+, Trabalhadores informais diversos (Motoristas de aplicativos, motoboys, serventes ou outros), Famílias beneﬁciárias do Programa Bolsa Família e famílias inscritas no Cadastro Único , Pessoas e famílias atingidas por situações de emergência ou calamidade pública, Outros grupos de pessoas em situação de vulnerabilidade social",350,400,-7.9348310,-34.8480019
CS018335,TERREIRO DE SANTA BÁRBARA,"Rua Santo Antonio, 105",GOIA BAL,65026-130,SÃO LUÍS,2111300,MA,mjsp7885@gmail.com,41.172.745/0001-15,Está funcionando com carga horária reduzida,2 vezes por semana,Habilitada,"Mulheres, Jovens, Crianças, Idosos, População LGBTQIA+, Agricultores Familiares e Campesinos, Trabalhadores informais diversos (Motoristas de aplicativos, motoboys, serventes ou outros), Pessoas em situação de rua, Famílias beneﬁciárias do Programa Bolsa Família e famílias inscritas no Cadastro Único , Povos e comunidades tradicionais (indígenas, quilombolas, ribeirinhos, etc.), Pessoas e famílias atingidas por situações de emergência ou calamidade pública, Imigrantes, Assentados da Reforma Agrária, Grupo específico vinculado a determinada localidade, atividade, serviço ou movimento, Outros grupos de pessoas em situação de vulnerabilidade social",149,60,-2.5420501,-44.2961917
CS019456,CAAP,"Rua Caetano de Almeida, 30",Méier,20735-310,RIO DE JANEIRO,3304557,RJ,agapeaaae@gmail.com,08.928.524/0001-59,"Sim, está funcionando normalmente",1 vez por semana,Habilitada,"Pessoas em situação de rua, Famílias beneﬁciárias do Programa Bolsa Família e famílias inscritas no Cadastro Único , Outros grupos de pessoas em situação de vulnerabilidade social",90,100,-22.9044570,-43.2913429
CS016662,COZINHA AYO,"Rua Capitão Paca, 47",Sepetiba,23530-420,RIO DE JANEIRO,3304557,RJ,terreirosustentavel@gmail.com,44.578.799/0001-73,Está funcionando com carga horária reduzida,1 vez por semana,Habilitada,"Mulheres, Jovens, Crianças, Idosos, População LGBTQIA+, Famílias beneﬁciárias do Programa Bolsa Família e famílias inscritas no Cadastro Único , Povos e comunidades tradicionais (indígenas, quilombolas, ribeirinhos, etc.), Grupo específico vinculado a determinada localidade, atividade, serviço ou movimento, Outros grupos de pessoas em situação de vulnerabilidade social",40,60,-22.9841051,-43.6867498
CS019591,COZINHA MISSIONÁRIA,"Rua Jocum (Linha Terceira Légua), 288",Linha Terceira Légua - Morro Alto - Galopolis,95120-000,CAXIAS DO SUL,4305108,RS,jocumcaxias@gmail.com,32.830.429/0001-00,"Sim, está funcionando normalmente",6 vezes por semana,Habilitada,"Mulheres, Jovens, Crianças, Idosos, Famílias beneﬁciárias do Programa Bolsa Família e famílias inscritas no Cadastro Único , Grupo específico vinculado a determinada localidade, atividade, serviço ou movimento",75,60,-29.2228011,-51.1663820
CS019906,LIRIOS DE SÃO JOSÉ,"Rua Jaime Rosa, S/N",Centro,64290-000,ALTOS,2200400,PI,ajpcaltos@gmail.com,07.735.469/0001-18,"Sim, está funcionando normalmente",6 vezes por semana,Habilitada,"Mulheres, Jovens, Crianças, Idosos, População LGBTQIA+, Trabalhadores informais diversos (Motoristas de aplicativos, motoboys, serventes ou outros), Pessoas em situação de rua, Famílias beneﬁciárias do Programa Bolsa Família e famílias inscritas no Cadastro Único , Imigrantes, Grupo específico vinculado a determinada localidade, atividade, serviço ou movimento, Outros grupos de pessoas em situação de vulnerabilidade social",940,150,-5.0365141,-42.4575626
CS020210,CASA CORES,"Rua Manoel Borba, 1788",Centro,56302-070,PETROLINA,2611101,PE,coresmovimentolgbt@gmail.com,36.331.582/0001-36,Está funcionando com carga horária reduzida,2 vezes por semana,Habilitada,"Mulheres, Jovens, Idosos, População LGBTQIA+, Pessoas em situação de rua, Grupo específico vinculado a determinada localidade, atividade, serviço ou movimento, Outros grupos de pessoas em situação de vulnerabilidade social",53,60,-9.4005659,-40.5031032
CS020202,COZINHA ATOS E AMOR,"Praça das Hortências, 40",Condomínio Centro Comercial Alphaville,06453-018,BARUERI,3505708,SP,SUSANABORIN@ATOSEAMOR.COM,40.038.430/0001-17,"Sim, está funcionando normalmente",1 vez por semana,Habilitada,"Jovens, Crianças, Pessoas em situação de rua, Pessoas e famílias atingidas por situações de emergência ou calamidade pública, Outros grupos de pessoas em situação de vulnerabilidade social",669,550,-23.4962615,-46.8528911
CS014545,COZINHANDO COM AMOR/MÃOS QUE ACOLHEM,"Rua dos canudos,, 625/01",Cascata,91712-340,PORTO ALEGRE,4314902,RS,rolacorte@gmail.com,,"Sim, está funcionando normalmente",5 vezes por semana,Habilitada,"Mulheres, Jovens, Crianças, Idosos, População LGBTQIA+, Trabalhadores informais diversos (Motoristas de aplicativos, motoboys, serventes ou outros), Pessoas em situação de rua, Famílias beneﬁciárias do Programa Bolsa Família e famílias inscritas no Cadastro Único , Pessoas e famílias atingidas por situações de emergência ou calamidade pública, Imigrantes, Outros grupos de pessoas em situação de vulnerabilidade social",575,250,-30.0950968,-51.1715577
CS019742,RESTAURANTE ELAS POR ELAS,"Rua Rio Branco 351 Centro, 351",Centro,65020-490,SÃO LUÍS,2111300,MA,mariahmp3084@gmail.com,48.434.305/0001-38,"Sim, está funcionando normalmente",5 vezes por semana,Habilitada,"Mulheres, Jovens, Crianças, Idosos, População LGBTQIA+, Trabalhadores informais diversos (Motoristas de aplicativos, motoboys, serventes ou outros), Pessoas em situação de rua, Povos e comunidades tradicionais (indígenas, quilombolas, ribeirinhos, etc.), Grupo específico vinculado a determinada localidade, atividade, serviço ou movimento, Outros grupos de pessoas em situação de vulnerabilidade social",190,100,-2.5279856,-44.2960391
CS017056,COZINHA SOLIDÁRIA DA CAPAJA,"RUA SERRA GRADAUS, 467, 467",São jorge,38410-390,UBERLÂNDIA,3170206,MG,contato@capaja.org.br,00.604.129/0001-09,"Sim, está funcionando normalmente",4 vezes por semana,Habilitada,"Mulheres, Jovens, Crianças, Idosos, População LGBTQIA+, Trabalhadores informais diversos (Motoristas de aplicativos, motoboys, serventes ou outros), Pessoas em situação de rua, Famílias beneﬁciárias do Programa Bolsa Família e famílias inscritas no Cadastro Único , Pessoas e famílias atingidas por situações de emergência ou calamidade pública, Outros grupos de pessoas em situação de vulnerabilidade social",175,350,-18.9631396,-48.2220561
CS020005,COZINHA SOLIDÁRIA DO CENTRO SOCIAL SÃO JOSÉ,"Praça José do Canto Mascarenhas, 50",Lia marcia,28360-000,BOM JESUS DO ITABAPOANA,3300605,RJ,centrosocialsaojosebji@gmail.com,02.338.667/0001-24,"Sim, está funcionando normalmente",2 vezes por semana,Habilitada,"Crianças, Pessoas em situação de rua, Famílias beneﬁciárias do Programa Bolsa Família e famílias inscritas no Cadastro Único , Pessoas e famílias atingidas por situações de emergência ou calamidade pública, Outros grupos de pessoas em situação de vulnerabilidade social",220,2,-21.1311213,-41.6698099
CS015391,COZINHA SOLIDÁRIA KAMILA AMBRÓSIO,"Rua da misericórdia,687, 687",Cidade alta,59025-470,NATAL,2408102,RN,maossolidariasrn@gmail.com,,"Sim, está funcionando normalmente",Quinzenalmente,Habilitada,"Mulheres, Jovens, Crianças, Idosos, População LGBTQIA+, Pessoas em situação de rua, Famílias beneﬁciárias do Programa Bolsa Família e famílias inscritas no Cadastro Único , Povos e comunidades tradicionais (indígenas, quilombolas, ribeirinhos, etc.), Outros grupos de pessoas em situação de vulnerabilidade social",201,150,-5.7860791,-35.2111393
CS016472,SOPÃO DA DUDU,"Rua Rio Manso, 03",são gonçalo tres,78000-000,CUIABÁ,5103403,MT,luciane0128@gmail.com,56.443.282/0001-56,"Sim, está funcionando normalmente",1 vez por semana,Habilitada,"Mulheres, Jovens, Crianças, Idosos, População LGBTQIA+, Trabalhadores informais diversos (Motoristas de aplicativos, motoboys, serventes ou outros), Pessoas em situação de rua, Famílias beneﬁciárias do Programa Bolsa Família e famílias inscritas no Cadastro Único , Povos e comunidades tradicionais (indígenas, quilombolas, ribeirinhos, etc.), Pessoas e famílias atingidas por situações de emergência ou calamidade pública, Imigrantes, Grupo específico vinculado a determinada localidade, atividade, serviço ou movimento, Outros grupos de pessoas em situação de vulnerabilidade social",280,1,-15.6247181,-56.0810117
CS019254,ESCOLA DE GASTRONOMIA AUTOSSUSTENTÁVEL,"Rua Doutor Fernando Augusto, 980",Bom Jardim,60543-375,FORTALEZA,2304400,CE,gastronomia@movimentosaudemental.org,03.918.813/0001-53,"Sim, está funcionando normalmente",5 vezes por semana,Habilitada,"Mulheres, Jovens, Crianças, Idosos, População LGBTQIA+, Trabalhadores informais diversos (Motoristas de aplicativos, motoboys, serventes ou outros), Pessoas em situação de rua, Famílias beneﬁciárias do Programa Bolsa Família e famílias inscritas no Cadastro Único , Outros grupos de pessoas em situação de vulnerabilidade social",153,100,-3.7932286,-38.6020061
CS019010,ASSOCIAÇAO DOS MORADORES DO CAMPUS DO PICI -AMOCAP,"travesa. 23 de março, 10",pici,00000-000,FORTALEZA,2304400,CE,davyanef@gmail.com,41.303.181/0001-02,"Sim, está funcionando normalmente",5 vezes por semana,Habilitada,"Pessoas em situação de rua, Famílias beneﬁciárias do Programa Bolsa Família e famílias inscritas no Cadastro Único , Outros grupos de pessoas em situação de vulnerabilidade social",220,100,-3.7523235,-38.5782126
CS018576,TERESINHA DE JESUS SILVA,"AVENIDA FERROVIARIA, S/N",Ilhotas,64015-350,TERESINA,2211001,PI,pelotaopiaui@hotmail.com,10.993.683/0001-89,"Sim, está funcionando normalmente",6 vezes por semana,Habilitada,"Crianças, Idosos, Pessoas em situação de rua, Famílias beneﬁciárias do Programa Bolsa Família e famílias inscritas no Cadastro Único , Outros grupos de pessoas em situação de vulnerabilidade social",80,120,-5.0901002,-42.7960956
CS019233,MISSÃO ALIMENTANDO VIDAS,"Av 27 de julho, N 70",Centenário,58428-220,CAMPINA GRANDE,2504009,PB,ismisocial@gmail.com,20.636.393/0001-31,"Sim, está funcionando normalmente",7 vezes por semana,Habilitada,"Mulheres, Jovens, Crianças, Idosos, Pessoas em situação de rua, Outros grupos de pessoas em situação de vulnerabilidade social",270,200,-7.2285641,-35.9124406
CS019850,COZINHA FÉ E AÇÃO,"Rua Reginaldo Passos Pina, 249",Jabotiana,49040-720,ARACAJU,2800308,SE,lionsajuberthalutz@gmail.com,48.387.499/0001-68,"Sim, está funcionando normalmente",6 vezes por semana,Habilitada,"Mulheres, Jovens, Crianças, Idosos, Pessoas em situação de rua, Povos e comunidades tradicionais (indígenas, quilombolas, ribeirinhos, etc.), Pessoas e famílias atingidas por situações de emergência ou calamidade pública, Outros grupos de pessoas em situação de vulnerabilidade social",330,650,-10.9522811,-37.0709939
CS017409,COZINHA TESTE 1,"Rua Diácono Jair de Oliveira, 112",Loteamento Santa Rosa,13414-155,PIRACICABA,3538709,SP,anderson@ifsp.edu.br,,"Não, a Cozinha encontra-se paralisada, sem atividade",Quinzenalmente,Habilitada,"Grupo específico vinculado a determinada localidade, atividade, serviço ou movimento",3,12,-22.6899512,-47.6299813
CS018506,COZINHA VÓ FRANCISCA DAS TAQUAREIRAS,"Rua Dique da Amizade, 102",Santo Afonso,93420-545,NOVO HAMBURGO,4313409,RS,visaosocial.vl@gmail.com.br,07.093.538/0001-37,Está funcionando com carga horária reduzida,5 vezes por semana,Habilitada,"Mulheres, Jovens, Crianças, Idosos, População LGBTQIA+, Trabalhadores informais diversos (Motoristas de aplicativos, motoboys, serventes ou outros), Pessoas em situação de rua, Famílias beneﬁciárias do Programa Bolsa Família e famílias inscritas no Cadastro Único , Pessoas e famílias atingidas por situações de emergência ou calamidade pública, Imigrantes, Outros grupos de pessoas em situação de vulnerabilidade social",400,300,-29.7308537,-51.1272885
CS014623,COZINHA COMUNITÁRIA MAURO MALEZARDI,"RUA PROJETADA CULTURA, 70",Distrito de São José da Mata,58400-000,CAMPINA GRANDE,2504009,PB,projetos@ajurcc.org.br,06.862.289/0001-34,"Sim, está funcionando normalmente",5 vezes por semana,Habilitada,"Famílias beneﬁciárias do Programa Bolsa Família e famílias inscritas no Cadastro Único , Outros grupos de pessoas em situação de vulnerabilidade social",250,200,-7.2206525,-35.8888951
CS016951,DONA GERMANA,"Rua Mário Saboia de Mello,, 299",Promorar,97546-400,ALEGRETE,4300406,RS,saaia.aleg1980@gmail.com,90.865.411/0001-32,"Sim, está funcionando normalmente",2 vezes por semana,Habilitada,"Mulheres, Jovens, Crianças, Idosos, Pessoas em situação de rua, Famílias beneﬁciárias do Programa Bolsa Família e famílias inscritas no Cadastro Único , Pessoas e famílias atingidas por situações de emergência ou calamidade pública, Grupo específico vinculado a determinada localidade, atividade, serviço ou movimento, Outros grupos de pessoas em situação de vulnerabilidade social",485,25,-29.7892917,-55.7721101
CS015560,GAIA ASSOCIAÇÃO,"Ernesto Becker, 225",Rosário,97010-130,SANTA MARIA,4316907,RS,associacaogaiasm@gmail.com,32.883.938/0001-93,"Sim, está funcionando normalmente",2 vezes por semana,Habilitada,"Mulheres, Jovens, Crianças, Idosos, Pessoas em situação de rua, Famílias beneﬁciárias do Programa Bolsa Família e famílias inscritas no Cadastro Único , Pessoas e famílias atingidas por situações de emergência ou calamidade pública, Imigrantes, Outros grupos de pessoas em situação de vulnerabilidade social",490,200,-29.6816472,-53.8185572
CS019954,NUTRI VIDA,"Rua Felipe Abrão, 631",Jardim Eldorado,75105-040,ANÁPOLIS,5201108,GO,cleoniceb21@gmail.com,,Está funcionando com carga horária reduzida,3 vezes por semana,Habilitada,"Pessoas em situação de rua, Famílias beneﬁciárias do Programa Bolsa Família e famílias inscritas no Cadastro Único , Povos e comunidades tradicionais (indígenas, quilombolas, ribeirinhos, etc.), Pessoas e famílias atingidas por situações de emergência ou calamidade pública, Imigrantes, Outros grupos de pessoas em situação de vulnerabilidade social",220,300,-16.3549616,-48.9321289
CS020159,AG1,"Rua canção do exilio, 186",Jd São Saverio,04194-290,SÃO PAULO,3550308,SP,escritorio2@grathi.org.br,,Está funcionando com carga horária reduzida,1 vez por semana,Habilitada,"Mulheres, Jovens, Crianças, Idosos, População LGBTQIA+, Pessoas em situação de rua, Famílias beneﬁciárias do Programa Bolsa Família e famílias inscritas no Cadastro Único , Outros grupos de pessoas em situação de vulnerabilidade social",220,120,-23.6529517,-46.6104698
CS019229,COZINHA CONDESSA PAULA,"Rua Euclides, 31",Vila Militar,21854-290,RIO DE JANEIRO,3304557,RJ,grupocondessapaula@yahoo.com.br,05.926.087/0001-46,"Sim, está funcionando normalmente",3 vezes por semana,Habilitada,"Mulheres, Jovens, Idosos, População LGBTQIA+, Pessoas em situação de rua, Famílias beneﬁciárias do Programa Bolsa Família e famílias inscritas no Cadastro Único , Outros grupos de pessoas em situação de vulnerabilidade social",500,300,-22.8770050,-43.4072113
CS015862,COZINHA DA CASA,"Rua Jaçanã Altair P. Guerrini, 200",Higienópolis,13424-312,PIRACICABA,3538709,SP,casadeculturahiphop@gmail.com,11.569.202/0001-75,"Sim, está funcionando normalmente",1 vez por semana,Habilitada,Outros grupos de pessoas em situação de vulnerabilidade social,401,400,-22.7453913,-47.6463488
CS020296,MINISTÉRIO CUIDAR,"Rua Joaquim Amaral Cardozo, 63",Encruzilhada,52041-270,RECIFE,2611606,PE,missaocuidar@gmail.com,,Está funcionando com carga horária reduzida,2 vezes por semana,Habilitada,"Pessoas em situação de rua, Famílias beneﬁciárias do Programa Bolsa Família e famílias inscritas no Cadastro Único , Pessoas e famílias atingidas por situações de emergência ou calamidade pública, Outros grupos de pessoas em situação de vulnerabilidade social",1700,300,-8.0321379,-34.8931377
CS015154,PROJETO MANÁ,"Estrada da Branquinha, 2585",Florescente,94455-000,VIAMÃO,4323002,RS,ivjviamao@gmail.com,14.720.584/0001-84,Está funcionando com carga horária reduzida,1 vez por semana,Habilitada,"Mulheres, Jovens, Crianças, Idosos, População LGBTQIA+, Pessoas em situação de rua, Famílias beneﬁciárias do Programa Bolsa Família e famílias inscritas no Cadastro Único , Povos e comunidades tradicionais (indígenas, quilombolas, ribeirinhos, etc.), Pessoas e famílias atingidas por situações de emergência ou calamidade pública, Outros grupos de pessoas em situação de vulnerabilidade social",213,280,-30.1100017,-51.0617766
CS020350,AMIGOS DA SOPA,"Rua Francisco Nunes da Rocha, 1831",Santa Maria da CODIPI,64012-410,TERESINA,2211001,PI,associacaoamigosdasopa@hotmail.com,09.012.625/0001-48,"Sim, está funcionando normalmente",2 vezes por semana,Habilitada,"Pessoas em situação de rua, Famílias beneﬁciárias do Programa Bolsa Família e famílias inscritas no Cadastro Único , Pessoas e famílias atingidas por situações de emergência ou calamidade pública, Outros grupos de pessoas em situação de vulnerabilidade social",1250,500,-4.9852515,-42.8394238
CS019280,IMBARIÊ SEM FOME,"Rua Anapu, Quadra 35, 9",Imbariê,25266-245,DUQUE DE CAXIAS,3301702,RJ,anamariapaulodasilva45@gmail.com,14.775.935/0001-54 (titlar)/  38.059.492/0001-63 (suplente),Está funcionando com carga horária reduzida,3 vezes por semana,Habilitada,"Pessoas em situação de rua, Famílias beneﬁciárias do Programa Bolsa Família e famílias inscritas no Cadastro Único , Pessoas e famílias atingidas por situações de emergência ou calamidade pública, Outros grupos de pessoas em situação de vulnerabilidade social",400,100,-22.6370777,-43.2235908
CS019295,GELSON LUIS CORREA BARBOSA,"Rua José da Maia Martins, 178",Mario Quintana,91260-430,PORTO ALEGRE,4314902,RS,luciana.asseconta@hotmail.com,43.696.736/0001-59,"Não, a Cozinha encontra-se paralisada, sem atividade",2 vezes por semana,Habilitada,Pessoas em situação de rua,100,100,-30.0337781,-51.1150501
CS019331,COZINHA 06,"Avenida 9, 235",Jardim Mirage,75063-320,ANÁPOLIS,5201108,GO,ellysamaairesativista@gmail.com,,"Sim, está funcionando normalmente",5 vezes por semana,Habilitada,"Outros grupos de pessoas em situação de vulnerabilidade social, Pessoas em situação de rua, Povos e comunidades tradicionais (indígenas, quilombolas, ribeirinhos, etc.)",420,0,-16.2863649,-48.9553004
CS020242,CESF- CENTRO SOCIAL FEITORIA,"Rua Jardim Vale Verde, 297",Feitoria,93052-664,SÃO LEOPOLDO,4318705,RS,brandaojackson857@gmail.com,,"Sim, está funcionando normalmente",5 vezes por semana,Habilitada,"Mulheres, Crianças, Idosos, Famílias beneﬁciárias do Programa Bolsa Família e famílias inscritas no Cadastro Único , Pessoas e famílias atingidas por situações de emergência ou calamidade pública, Imigrantes, Outros grupos de pessoas em situação de vulnerabilidade social",770,400,-29.7410686,-51.0942416
CS020432,ACUDIR NA MESA II,"Cj. Luiz Renato de Paiva Lima, 01",Benedito Bentes II,57085-075,MACEIÓ,2704302,AL,acudirnamesa@gmail.com,42.918.520/0001-28,Está funcionando com carga horária reduzida,3 vezes por semana,Habilitada,"Mulheres, Jovens, Crianças, Idosos, População LGBTQIA+, Pessoas em situação de rua, Famílias beneﬁciárias do Programa Bolsa Família e famílias inscritas no Cadastro Único , Outros grupos de pessoas em situação de vulnerabilidade social",310,300,-9.5585406,-35.7227904
CS017045,COZINHA SOLIDARIA FÉ E RAZÃO,"Rua Filho, 140",Areia Branca,41404-025,LAURO DE FREITAS,2919207,BA,axeoloketu@gmail.com,,Está funcionando com carga horária reduzida,2 vezes por semana,Habilitada,"Mulheres, Jovens, Crianças, Idosos, População LGBTQIA+, Pessoas em situação de rua, Povos e comunidades tradicionais (indígenas, quilombolas, ribeirinhos, etc.), Outros grupos de pessoas em situação de vulnerabilidade social",300,250,-12.8405351,-38.3595232
CS019253,COZINHA DO BEM,"Rua Annita Ferreira de Lima, 38",Vila Esperança,98300-000,PALMEIRA DAS MISSÕES,4313706,RS,lorivalmtd@yahoo.com.br,20.403.802/0001-50,"Sim, está funcionando normalmente",3 vezes por semana,Habilitada,"Mulheres, Jovens, Crianças, Idosos, Famílias beneﬁciárias do Programa Bolsa Família e famílias inscritas no Cadastro Único , Grupo específico vinculado a determinada localidade, atividade, serviço ou movimento",300,180,-27.8969815,-53.2930655
CS019806,COZINHA SOLIDÁRIA 08 DE MARÇO,"Travessa Um Loteamento Oito de Março, 4437",TRÊS VENDAS,96000-000,PELOTAS,4314407,RS,rjair7727@gmail.com,,Está funcionando com carga horária reduzida,2 vezes por semana,Habilitada,"Mulheres, Jovens, Crianças, Idosos, População LGBTQIA+, Trabalhadores informais diversos (Motoristas de aplicativos, motoboys, serventes ou outros), Pessoas em situação de rua, Famílias beneﬁciárias do Programa Bolsa Família e famílias inscritas no Cadastro Único , Grupo específico vinculado a determinada localidade, atividade, serviço ou movimento, Outros grupos de pessoas em situação de vulnerabilidade social",348,180,-31.7375515,-52.3324610
CS019601,COZINHA SOLIDÁRIA CASA DO PEDRÃO,"Rua Coronel Jaime Rolemberg de Lima, 370",Lomba do Pinheiro,91550-150,PORTO ALEGRE,4314902,RS,cozsolcasadopedrao@gmail.com,,"Sim, está funcionando normalmente",1 vez por semana,Habilitada,"Mulheres, Jovens, Crianças, Idosos, População LGBTQIA+, Pessoas em situação de rua, Famílias beneﬁciárias do Programa Bolsa Família e famílias inscritas no Cadastro Único , Pessoas e famílias atingidas por situações de emergência ou calamidade pública, Outros grupos de pessoas em situação de vulnerabilidade social",342,200,-30.0992589,-51.1351506
CS020419,COZINHA DO APAKANI,"Av. João de Oliveira Remião, 9281, 9281",Lomba do Pinheiro,91787-750,PORTO ALEGRE,4314902,RS,negrasim2004@yahoo.com.br,586858340001-68,"Sim, está funcionando normalmente",3 vezes por semana,Habilitada,"Mulheres, Jovens, Crianças, Idosos, População LGBTQIA+, Pessoas em situação de rua, Famílias beneﬁciárias do Programa Bolsa Família e famílias inscritas no Cadastro Único , Povos e comunidades tradicionais (indígenas, quilombolas, ribeirinhos, etc.), Pessoas e famílias atingidas por situações de emergência ou calamidade pública, Imigrantes, Outros grupos de pessoas em situação de vulnerabilidade social",250,170,-30.1460778,-51.0827256
CS019875,COZINHA SOLIDÁRIA BOM APETITE,"Avenida Anchieta, 311",Sagrada Família,94198-190,GRAVATAÍ,4309209,RS,claudio210160@gmail.com,,"Sim, está funcionando normalmente",2 vezes por semana,Habilitada,"Mulheres, Jovens, Crianças, Idosos, Famílias beneﬁciárias do Programa Bolsa Família e famílias inscritas no Cadastro Único ",97,153,-29.9225853,-50.9069966
CS018981,COZINHA SOLIDARIA CONSTRUINDO,"Rua Inácio Monteiro, 28",Vila Yolanda II,08490-000,SÃO PAULO,3550308,SP,marina.construindo2020@gmail.com,18.070.517/0001-12,"Sim, está funcionando normalmente",2 vezes por semana,Habilitada,"Mulheres, Jovens, Crianças, Idosos, População LGBTQIA+, Trabalhadores informais diversos (Motoristas de aplicativos, motoboys, serventes ou outros), Pessoas em situação de rua, Famílias beneﬁciárias do Programa Bolsa Família e famílias inscritas no Cadastro Único , Pessoas e famílias atingidas por situações de emergência ou calamidade pública, Outros grupos de pessoas em situação de vulnerabilidade social",1700,380,-23.5838246,-46.3846481
CS017048,COZINHA SOLIDARIA EDUARDO GALEANO,"Rua Conego Clodomiro, 256",Centro,37165-000,CAMPO DO MEIO,3111309,MG,gerente.guaii@gmail.com,02.046.165/0001-20,"Sim, está funcionando normalmente",4 vezes por semana,Habilitada,"Mulheres, Jovens, Crianças, Idosos, Agricultores Familiares e Campesinos, Trabalhadores informais diversos (Motoristas de aplicativos, motoboys, serventes ou outros), Pessoas em situação de rua, Famílias beneﬁciárias do Programa Bolsa Família e famílias inscritas no Cadastro Único , Assentados da Reforma Agrária, Grupo específico vinculado a determinada localidade, atividade, serviço ou movimento, Outros grupos de pessoas em situação de vulnerabilidade social",129,150,-21.1054595,-45.8316586
CS020468,COZINHA SOLIDÁRIA DO MTST DO BOM FIM,"Nossa Senhora do Caravaggio, 25",Sarandi,91140-381,PORTO ALEGRE,4314902,RS,csars.adm@gmail.com,28.799.171/0001-41,"Sim, está funcionando normalmente",6 vezes por semana,Habilitada,"Mulheres, Jovens, Crianças, Idosos, População LGBTQIA+, Agricultores Familiares e Campesinos, Trabalhadores informais diversos (Motoristas de aplicativos, motoboys, serventes ou outros), Pessoas em situação de rua, Famílias beneﬁciárias do Programa Bolsa Família e famílias inscritas no Cadastro Único , Povos e comunidades tradicionais (indígenas, quilombolas, ribeirinhos, etc.), Pessoas e famílias atingidas por situações de emergência ou calamidade pública, Imigrantes, Assentados da Reforma Agrária, Grupo específico vinculado a determinada localidade, atividade, serviço ou movimento, Outros grupos de pessoas em situação de vulnerabilidade social",450,400,-29.9917353,-51.1236972
CS019081,COZINHA SOLIDÁRIA DO LAMI,"Rua Luís Sidinei dos santos Ogando, 278",Lami,91994-703,PORTO ALEGRE,4314902,RS,csars.adm@gmail.com,28.799.171/0001-41,"Sim, está funcionando normalmente",6 vezes por semana,Habilitada,"Mulheres, Jovens, Crianças, Idosos, Trabalhadores informais diversos (Motoristas de aplicativos, motoboys, serventes ou outros), Pessoas em situação de rua, Famílias beneﬁciárias do Programa Bolsa Família e famílias inscritas no Cadastro Único , Pessoas e famílias atingidas por situações de emergência ou calamidade pública, Outros grupos de pessoas em situação de vulnerabilidade social",1200,800,-30.2329126,-51.0924430
CS014756,PROJETO AMOR EM AÇÃO,"Rua Praia dos Ingleses, 45",Divina Providencia,97040-294,SANTA MARIA,4316907,RS,projetoamoremacaosantamaria@gmail.com,42.650.447/0001-56,"Sim, está funcionando normalmente",3 vezes por semana,Habilitada,"Mulheres, Jovens, Crianças, Idosos, Pessoas em situação de rua, Famílias beneﬁciárias do Programa Bolsa Família e famílias inscritas no Cadastro Único , Pessoas e famílias atingidas por situações de emergência ou calamidade pública, Outros grupos de pessoas em situação de vulnerabilidade social",400,200,-29.6804181,-53.8257746
CS019992,CASA DE LEI MAE YEMANJA E PAI BENEDITO DAS ALMAS,"Rua Etore Tommasini, 40",Cidade Tiradentes,08471-580,SÃO PAULO,3550308,SP,casadeleimaeyemanja@gmail.com,29.313.504/0001-43,"Sim, está funcionando normalmente",2 vezes por semana,Habilitada,"Mulheres, Crianças, Idosos, Pessoas em situação de rua, Famílias beneﬁciárias do Programa Bolsa Família e famílias inscritas no Cadastro Único , Povos e comunidades tradicionais (indígenas, quilombolas, ribeirinhos, etc.), Pessoas e famílias atingidas por situações de emergência ou calamidade pública, Imigrantes, Grupo específico vinculado a determinada localidade, atividade, serviço ou movimento, Outros grupos de pessoas em situação de vulnerabilidade social",743,150,-23.6088221,-46.3993068
CS020473,COZINHA SEIS DE MAIO,"Rua Felisbino Jacob Beck, 35",Seis de Maio,98300-000,PALMEIRA DAS MISSÕES,4313706,RS,mmmrpmrs@gmail.com,29.283.869/0001-72,"Sim, está funcionando normalmente",3 vezes por semana,Habilitada,"Mulheres, Jovens, Crianças, Idosos, População LGBTQIA+, Pessoas em situação de rua, Famílias beneﬁciárias do Programa Bolsa Família e famílias inscritas no Cadastro Único , Povos e comunidades tradicionais (indígenas, quilombolas, ribeirinhos, etc.), Outros grupos de pessoas em situação de vulnerabilidade social",155,74,-27.9082545,-53.3149166
CS020494,COZINHA PROFELURBE,"Rua Padre Paulo Estreit, S/N",Profelurb,98300-000,PALMEIRA DAS MISSÕES,4313706,RS,mmmrpmrs@gmail.com,29.283.869/0001-72,"Sim, está funcionando normalmente",3 vezes por semana,Habilitada,"Mulheres, Jovens, Crianças, Idosos, População LGBTQIA+, Pessoas em situação de rua, Famílias beneﬁciárias do Programa Bolsa Família e famílias inscritas no Cadastro Único , Outros grupos de pessoas em situação de vulnerabilidade social",101,78,-27.9056751,-53.3004059
CS020509,COZINHA QUILOMBOLA PORTELA,"Rua Felisbino Jacob Beck, 35",Seis de Maio,98300-000,PALMEIRA DAS MISSÕES,4313706,RS,mmmrpmrs@gmail.com,29.283.869/0001-72,"Sim, está funcionando normalmente",3 vezes por semana,Habilitada,"Mulheres, Jovens, Crianças, Idosos, População LGBTQIA+, Pessoas em situação de rua, Famílias beneﬁciárias do Programa Bolsa Família e famílias inscritas no Cadastro Único , Povos e comunidades tradicionais (indígenas, quilombolas, ribeirinhos, etc.), Outros grupos de pessoas em situação de vulnerabilidade social",104,68,-27.9082545,-53.3149166
CS015242,BODEGA SOLIDÁRIA,"Travessa Joaquim Xavier, s n",Centro,59247-000,LAGOA SALGADA,2406601,RN,sar@sarrn.org.br,08.344.459/0001-14,"Sim, está funcionando normalmente",4 vezes por semana,Habilitada,"Pessoas em situação de rua, Famílias beneﬁciárias do Programa Bolsa Família e famílias inscritas no Cadastro Único , Povos e comunidades tradicionais (indígenas, quilombolas, ribeirinhos, etc.), Grupo específico vinculado a determinada localidade, atividade, serviço ou movimento, Outros grupos de pessoas em situação de vulnerabilidade social",6787,3768,-6.1211101,-35.4760913
CS020317,ASSOCIAÇÃO DOS AMIGOS DA CATIQUESE -ACAC,"Rua Demétrio Ribeiro, 587",Centro Histórico,90010-312,PORTO ALEGRE,4314902,RS,flaviocp0712@gmail.com,63.840.280/0001-66,"Sim, está funcionando normalmente",4 vezes por semana,Habilitada,"Mulheres, Jovens, Crianças, Idosos, Pessoas em situação de rua, Pessoas e famílias atingidas por situações de emergência ou calamidade pública, Outros grupos de pessoas em situação de vulnerabilidade social",1030,1000,-30.0358917,-51.2334585
CS020291,COZINHA SOLIDÁRIA PERIFERIA FEMINISTA MMM,"Rua Nove de Junho, 1671",São José,91520-610,PORTO ALEGRE,4314902,RS,periferiafeminista@gmail.com,,"Sim, está funcionando normalmente",5 vezes por semana,Habilitada,"Mulheres, Jovens, Crianças, Idosos, População LGBTQIA+, Trabalhadores informais diversos (Motoristas de aplicativos, motoboys, serventes ou outros), Pessoas em situação de rua, Famílias beneﬁciárias do Programa Bolsa Família e famílias inscritas no Cadastro Único , Povos e comunidades tradicionais (indígenas, quilombolas, ribeirinhos, etc.), Pessoas e famílias atingidas por situações de emergência ou calamidade pública, Grupo específico vinculado a determinada localidade, atividade, serviço ou movimento, Outros grupos de pessoas em situação de vulnerabilidade social",1562,700,-30.0772386,-51.1602590
CS017254,ASSOCIAÇÃO DE MULHERES MARIA DA GLÓRIA,"Rua alameda dois, 103",sao jose,91520-610,PORTO ALEGRE,4314902,RS,angelacomunal@yahoo.com.br,48.269.348/0001-05,"Sim, está funcionando normalmente",6 vezes por semana,Habilitada,"Mulheres, Jovens, Crianças, Idosos, Pessoas em situação de rua, Famílias beneﬁciárias do Programa Bolsa Família e famílias inscritas no Cadastro Único , Pessoas e famílias atingidas por situações de emergência ou calamidade pública",650,950,-30.0784331,-51.1591867
CS018403,COZINHA SOLIDÁRIA ISJO-LGBT,"Rua São Judas Tadeu, 88",Cidade Verde,78028-570,CUIABÁ,5103403,MT,isjo@institutosocialjejedeoya.org.br,53.386.179/0001-23,"Sim, está funcionando normalmente",6 vezes por semana,Habilitada,"População LGBTQIA+, Pessoas em situação de rua, Imigrantes, Grupo específico vinculado a determinada localidade, atividade, serviço ou movimento",7,60,-15.6105231,-56.1303850
CS020256,COZINHA SOLIDÁRIA ANCESTRAL UTT - UNIDADE TERRITORIAL E TRADICIONAL DE MATRIZ AFRICANA BARA LANÃ E OIÁ DADÁ,"Rua Acesso B-Dois n° 97, 97",Passo das Pedras,91230-760,PORTO ALEGRE,4314902,RS,indiaamaral8@gmail.com,52.417.297/0001-99,Está funcionando com carga horária reduzida,6 vezes por semana,Habilitada,"Mulheres, Jovens, Crianças, Idosos, População LGBTQIA+, Agricultores Familiares e Campesinos, Trabalhadores informais diversos (Motoristas de aplicativos, motoboys, serventes ou outros), Pessoas em situação de rua, Famílias beneﬁciárias do Programa Bolsa Família e famílias inscritas no Cadastro Único , Povos e comunidades tradicionais (indígenas, quilombolas, ribeirinhos, etc.), Pessoas e famílias atingidas por situações de emergência ou calamidade pública, Imigrantes, Assentados da Reforma Agrária, Grupo específico vinculado a determinada localidade, atividade, serviço ou movimento, Outros grupos de pessoas em situação de vulnerabilidade social",1000,400,-30.0231861,-51.1288068
CS019660,PRATO FEITO,"Rua das Giestas, 362",Vila Prudente,03147-000,SÃO PAULO,3550308,SP,cspratofeito@gmail.com,31.732.410/0001-50,Está funcionando com carga horária reduzida,2 vezes por semana,Habilitada,Pessoas em situação de rua,805,250,-23.5954412,-46.5763734
CS020541,ILÊ ASÉ OJISÉ ONÃ LABA LABA,"Rua Treze, 173",Jardim Castelo,94515-150,VIAMÃO,4323002,RS,allinnemaster@gmail.com,,Está funcionando com carga horária reduzida,2 vezes por semana,Habilitada,"Mulheres, Jovens, Crianças, Idosos, População LGBTQIA+, Pessoas em situação de rua, Povos e comunidades tradicionais (indígenas, quilombolas, ribeirinhos, etc.), Pessoas e famílias atingidas por situações de emergência ou calamidade pública, Outros grupos de pessoas em situação de vulnerabilidade social",400,350,-30.0638122,-51.0585981
CS020546,COZINHA FAXINAL,"Rua Antônio Brito Filho, 123",Faxinal Menino Deus,96840-530,SANTA CRUZ DO SUL,4316808,RS,secretaria@centrogideoes.com.br,01.386.984/0001-53,"Sim, está funcionando normalmente",4 vezes por semana,Habilitada,"Mulheres, Jovens, Crianças, Idosos, Pessoas em situação de rua, Famílias beneﬁciárias do Programa Bolsa Família e famílias inscritas no Cadastro Único , Povos e comunidades tradicionais (indígenas, quilombolas, ribeirinhos, etc.), Pessoas e famílias atingidas por situações de emergência ou calamidade pública, Imigrantes, Outros grupos de pessoas em situação de vulnerabilidade social",346,150,-29.7409033,-52.4363649
CS020548,COZINHA BOM JESUS,"Rua Carlos A. Hoppe, 111",Bom Jesus,96845-370,SANTA CRUZ DO SUL,4316808,RS,secretaria@centrogideoes.com.br,01.386.984/0001-53,"Sim, está funcionando normalmente",4 vezes por semana,Habilitada,"Mulheres, Jovens, Crianças, Idosos, Pessoas em situação de rua, Famílias beneﬁciárias do Programa Bolsa Família e famílias inscritas no Cadastro Único , Povos e comunidades tradicionais (indígenas, quilombolas, ribeirinhos, etc.), Pessoas e famílias atingidas por situações de emergência ou calamidade pública, Imigrantes, Grupo específico vinculado a determinada localidade, atividade, serviço ou movimento, Outros grupos de pessoas em situação de vulnerabilidade social",465,150,-29.7311046,-52.4482325
CS020306,PIMENTA DO REINO,"Conjunto Novo Horizonte, S/N,Quadra D, Casa 11,, S/N",Novo Horizonte,64078-600,TERESINA,2211001,PI,somos@caritasteresina.org.br,06.865.166/0001-57,"Sim, está funcionando normalmente",5 vezes por semana,Habilitada,"Mulheres, Jovens, Crianças, Idosos, População LGBTQIA+, Pessoas em situação de rua, Famílias beneﬁciárias do Programa Bolsa Família e famílias inscritas no Cadastro Único , Povos e comunidades tradicionais (indígenas, quilombolas, ribeirinhos, etc.), Pessoas e famílias atingidas por situações de emergência ou calamidade pública, Imigrantes, Outros grupos de pessoas em situação de vulnerabilidade social",886,300,-5.1153950,-42.7492165
CS019491,COZINHA SOLIDÁRIA CDD/ DUNAS,"Av.Ulisses Guimarães, 2057, 2057",Areal,96081-150,PELOTAS,4314407,RS,martinsdarosasimone@gmail.com,02.410.662/0001-65,"Sim, está funcionando normalmente",2 vezes por semana,Habilitada,"Mulheres, Jovens, Crianças, Idosos, População LGBTQIA+, Trabalhadores informais diversos (Motoristas de aplicativos, motoboys, serventes ou outros), Pessoas em situação de rua, Famílias beneﬁciárias do Programa Bolsa Família e famílias inscritas no Cadastro Único , Pessoas e famílias atingidas por situações de emergência ou calamidade pública, Outros grupos de pessoas em situação de vulnerabilidade social",600,2,-31.7385148,-52.3188183
CS018692,COZINHA SOCIAL INSTITUTO NOVO RENASCER,"Travessa Ferreira dos Santos, 8",Alvaro Weyne,60335-570,FORTALEZA,2304400,CE,institutoumnovorenascer@gmail.com,49.997.621/0001-80,Está funcionando com carga horária reduzida,4 vezes por semana,Habilitada,"Mulheres, Jovens, Crianças, Idosos, População LGBTQIA+, Pessoas em situação de rua, Famílias beneﬁciárias do Programa Bolsa Família e famílias inscritas no Cadastro Único , Grupo específico vinculado a determinada localidade, atividade, serviço ou movimento, Outros grupos de pessoas em situação de vulnerabilidade social",850,300,-3.7175043,-38.5666938
CS020241,COZINHA SOLIDÁRIA APCDES,"Rua João Fossa, 29",Polo Madereiro,96610-000,ENCRUZILHADA DO SUL,4306908,RS,apcdescladineibatista@gmail.com,32.007.765/0001-40,"Sim, está funcionando normalmente",6 vezes por semana,Habilitada,"Mulheres, Jovens, Crianças, Idosos, Famílias beneﬁciárias do Programa Bolsa Família e famílias inscritas no Cadastro Único , Pessoas e famílias atingidas por situações de emergência ou calamidade pública, Outros grupos de pessoas em situação de vulnerabilidade social",292,190,-30.5504216,-52.5396144
CS020458,COZINHA COMUNITÁRIA DA URBIS,"Rua A, 40",MUCHILA,44006-170,FEIRA DE SANTANA,2910800,BA,aemchuebgoncalves@gmail.com,,"Sim, está funcionando normalmente",5 vezes por semana,Habilitada,"Mulheres, Jovens, Crianças, Idosos, Pessoas em situação de rua, Famílias beneﬁciárias do Programa Bolsa Família e famílias inscritas no Cadastro Único , Outros grupos de pessoas em situação de vulnerabilidade social",595,450,-12.2759097,-38.9791682
CS018970,MARMITA SOLIDÁRIA,"rua minas gerais, 145, 145",Umbu,94834-195,ALVORADA,4300604,RS,ana001622@gmail.com,,"Sim, está funcionando normalmente",5 vezes por semana,Habilitada,"Mulheres, Jovens, Crianças, Idosos, População LGBTQIA+, Trabalhadores informais diversos (Motoristas de aplicativos, motoboys, serventes ou outros), Pessoas em situação de rua, Famílias beneﬁciárias do Programa Bolsa Família e famílias inscritas no Cadastro Único , Povos e comunidades tradicionais (indígenas, quilombolas, ribeirinhos, etc.), Pessoas e famílias atingidas por situações de emergência ou calamidade pública, Outros grupos de pessoas em situação de vulnerabilidade social",380,500,-29.9897960,-51.0457090
CS020336,COZINHA SILOÉ,"Rua Canal do Joanes, nº 79",LOBATO,40470-645,SALVADOR,2927408,BA,caiobriniti7@gmail.com,16.189.391/0001-74,"Sim, está funcionando normalmente",5 vezes por semana,Habilitada,"Mulheres, Jovens, Crianças, Idosos, População LGBTQIA+, Trabalhadores informais diversos (Motoristas de aplicativos, motoboys, serventes ou outros), Pessoas em situação de rua, Famílias beneﬁciárias do Programa Bolsa Família e famílias inscritas no Cadastro Único , Pessoas e famílias atingidas por situações de emergência ou calamidade pública",400,350,-12.9265559,-38.4857173
CS015402,A FOME TEM PRESSA,"Rua Eurita, 471, 471A",Santa Teresa,31010-210,BELO HORIZONTE,3106200,MG,afometempressaprojeto@gmail.com,,"Sim, está funcionando normalmente",1 vez por semana,Habilitada,"Mulheres, Jovens, Crianças, Idosos, Pessoas em situação de rua, Famílias beneﬁciárias do Programa Bolsa Família e famílias inscritas no Cadastro Único , Pessoas e famílias atingidas por situações de emergência ou calamidade pública, Imigrantes, Outros grupos de pessoas em situação de vulnerabilidade social",665,350,-19.9170075,-43.9182834
CS020342,COZINHA PARA TODOS,"Estrada do Juza, 122",Bairro do Juza,04891-120,SÃO PAULO,3550308,SP,daletecrispim@gmail.com,,Está funcionando com carga horária reduzida,2 vezes por semana,Habilitada,"Pessoas em situação de rua, Outros grupos de pessoas em situação de vulnerabilidade social",100,50,-23.8203619,-46.7395977
CS019207,COZINHA DO POVO,"Av Arroio Feijó, 1143",Rubem Berta,91250-650,PORTO ALEGRE,4314902,RS,pinheiroliriane535@gmail.com,,"Sim, está funcionando normalmente",4 vezes por semana,Habilitada,"Mulheres, Jovens, Crianças, Idosos, Pessoas em situação de rua, Famílias beneﬁciárias do Programa Bolsa Família e famílias inscritas no Cadastro Único , Pessoas e famílias atingidas por situações de emergência ou calamidade pública, Grupo específico vinculado a determinada localidade, atividade, serviço ou movimento, Outros grupos de pessoas em situação de vulnerabilidade social",324,256,-30.0288684,-51.0905949
CS020606,É DA RUA,"Rua Visconde de Ouro Preto, 186",Consolação,01301-060,SÃO PAULO,3550308,SP,mnldpsr@gmail.com,,Está funcionando com carga horária reduzida,5 vezes por semana,Habilitada,"Mulheres, Jovens, Crianças, Idosos, População LGBTQIA+, Pessoas em situação de rua, Imigrantes, Grupo específico vinculado a determinada localidade, atividade, serviço ou movimento, Outros grupos de pessoas em situação de vulnerabilidade social",245,120,-23.5493010,-46.6513247
CS020412,COZINHA SOLIDARIA NOSSA SENHORA APARECIDA,"rua b vila fatima pinto, 300",BOM JESUS,91430-520,PORTO ALEGRE,4314902,RS,FAGUNDESSLETICIA@GMAIL.COM,,"Sim, está funcionando normalmente",4 vezes por semana,Habilitada,"Mulheres, Jovens, Crianças, Idosos, População LGBTQIA+, Trabalhadores informais diversos (Motoristas de aplicativos, motoboys, serventes ou outros), Pessoas em situação de rua, Famílias beneﬁciárias do Programa Bolsa Família e famílias inscritas no Cadastro Único , Pessoas e famílias atingidas por situações de emergência ou calamidade pública, Imigrantes",900,600,-30.0482772,-51.1516597
CS020639,COZINHA FOME ZERO,"Rua Lourenço José de Paula, 968",Parque da Fonte,83050-120,SÃO JOSÉ DOS PINHAIS,4125506,PR,liz.transportes@yahoo.com,00.689.923/0001-00,"Sim, está funcionando normalmente",6 vezes por semana,Habilitada,"Mulheres, Jovens, Crianças, Idosos, Pessoas em situação de rua, Famílias beneﬁciárias do Programa Bolsa Família e famílias inscritas no Cadastro Único , Povos e comunidades tradicionais (indígenas, quilombolas, ribeirinhos, etc.), Pessoas e famílias atingidas por situações de emergência ou calamidade pública, Imigrantes, Outros grupos de pessoas em situação de vulnerabilidade social",1900,1600,-25.5018352,-49.1880025
CS020316,COZINHA COMUNITÁRIA FORÇA E CORAGEM,"ACS A UM - QUADRA 167C, 169",CHACARA DA FUMAÇA,91270-836,PORTO ALEGRE,4314902,RS,luciaforcaecoragem@yahoo.com.br,11.840.112/0001-77,"Sim, está funcionando normalmente",4 vezes por semana,Habilitada,"Mulheres, Jovens, Crianças, Idosos, Trabalhadores informais diversos (Motoristas de aplicativos, motoboys, serventes ou outros), Pessoas em situação de rua, Famílias beneﬁciárias do Programa Bolsa Família e famílias inscritas no Cadastro Único , Pessoas e famílias atingidas por situações de emergência ou calamidade pública, Outros grupos de pessoas em situação de vulnerabilidade social",780,450,-30.0353263,-51.1204754
CS020617,AJEUMBÓ,"EST MUNIC JD A COIMBRA, 100",NOSSA SRA APARECIDA BRO RIO ACIMA,07600-000,MAIRIPORÃ,3528502,SP,egbeaiye.coletivo@gmail.com,56.126.892/0001-26,"Sim, está funcionando normalmente",Quinzenalmente,Habilitada,"Mulheres, Jovens, Crianças, Idosos, Pessoas em situação de rua, Outros grupos de pessoas em situação de vulnerabilidade social",315,230,-23.2708830,-46.4906084
CS018420,PROJETO NÓS POR NÓS - PELOTAS,"Rua Almirante Barroso, 3124",centro,96010-280,PELOTAS,4314407,RS,nospornospelotas@gmail.com,,"Sim, está funcionando normalmente",1 vez por semana,Habilitada,"Mulheres, Jovens, Idosos, População LGBTQIA+, Pessoas em situação de rua, Outros grupos de pessoas em situação de vulnerabilidade social",140,190,-31.7608827,-52.3329323
CS020413,COZINHA SOLIDÁRIA ESPAÇO MARLON E MARCELINHO,"Rua Professor Augusto Osvaldo Thiessen,, 40",RUBEM BERTA,91250-340,PORTO ALEGRE,4314902,RS,catarinamachado0818@gmail.com,,"Sim, está funcionando normalmente",1 vez por semana,Habilitada,"Mulheres, Jovens, Crianças, Idosos, População LGBTQIA+, Famílias beneﬁciárias do Programa Bolsa Família e famílias inscritas no Cadastro Único , Pessoas e famílias atingidas por situações de emergência ou calamidade pública, Outros grupos de pessoas em situação de vulnerabilidade social",210,150,-30.0242358,-51.1020883
CS020484,COZINHA JARDIM,"Rua L,, 50",Vila Jardim,98300-000,PALMEIRA DAS MISSÕES,4313706,RS,mmmrpmrs@gmail.com,29.283.869/0001-72,"Sim, está funcionando normalmente",3 vezes por semana,Habilitada,"Mulheres, Jovens, Crianças, Idosos, Pessoas em situação de rua, Famílias beneﬁciárias do Programa Bolsa Família e famílias inscritas no Cadastro Único , Outros grupos de pessoas em situação de vulnerabilidade social",100,77,-27.9013532,-53.2899500
CS017269,COZINHA SOLIDÁRIA PRATO CHEIO,"Rua D Vila Graciliano Ramos, 30",Cascata,91710-140,PORTO ALEGRE,4314902,RS,crissilvaoliveira57@gmail.com,,"Sim, está funcionando normalmente",5 vezes por semana,Habilitada,"Mulheres, Jovens, Crianças, Idosos, População LGBTQIA+, Trabalhadores informais diversos (Motoristas de aplicativos, motoboys, serventes ou outros), Pessoas em situação de rua, Famílias beneﬁciárias do Programa Bolsa Família e famílias inscritas no Cadastro Único , Povos e comunidades tradicionais (indígenas, quilombolas, ribeirinhos, etc.), Pessoas e famílias atingidas por situações de emergência ou calamidade pública, Imigrantes, Grupo específico vinculado a determinada localidade, atividade, serviço ou movimento, Outros grupos de pessoas em situação de vulnerabilidade social",376,320,-30.0858490,-51.1925966
CS020304,COZINHA SOLIDÁRIA DONA BETH - BARRACÃO,"Dona Helena, 98/100",Santa Tereza,90830-585,PORTO ALEGRE,4314902,RS,maridambroz@gmail.com,,"Sim, está funcionando normalmente",4 vezes por semana,Habilitada,"Mulheres, Jovens, Crianças, Idosos, População LGBTQIA+, Trabalhadores informais diversos (Motoristas de aplicativos, motoboys, serventes ou outros), Pessoas em situação de rua, Famílias beneﬁciárias do Programa Bolsa Família e famílias inscritas no Cadastro Único , Pessoas e famílias atingidas por situações de emergência ou calamidade pública, Grupo específico vinculado a determinada localidade, atividade, serviço ou movimento, Outros grupos de pessoas em situação de vulnerabilidade social",550,500,-30.0805999,-51.2254030
CS020471,AMOBB,"Rua Antônio Ferreira Sampaio, 251",Baixão,57305-490,ARAPIRACA,2700300,AL,contatosdobaixao@gmail.com,12.842.480/0001-17,"Sim, está funcionando normalmente",5 vezes por semana,Habilitada,"Pessoas em situação de rua, Famílias beneﬁciárias do Programa Bolsa Família e famílias inscritas no Cadastro Único , Grupo específico vinculado a determinada localidade, atividade, serviço ou movimento, Outros grupos de pessoas em situação de vulnerabilidade social",1230,50,-9.7494395,-36.6718226
CS016767,PÃO PARA QUEM TEM FOME,"Rua Efren Fernando Fontes 65, 65",Santos Dumont,49087-180,ARACAJU,2800308,SE,associacaobpastor@gmail.com,32.845.729/0001-55,Está funcionando com carga horária reduzida,2 vezes por semana,Habilitada,"Mulheres, Jovens, Crianças, Idosos, População LGBTQIA+, Pessoas em situação de rua, Famílias beneﬁciárias do Programa Bolsa Família e famílias inscritas no Cadastro Único , Imigrantes, Outros grupos de pessoas em situação de vulnerabilidade social",1105,400,-10.8869226,-37.0803288
CS020326,COZINHA DO REINO,"Travessa Jovelina Marques Gomes, 30",Vicentina,93025-370,SÃO LEOPOLDO,4318705,RS,laercio@jeftech.com.br,58.671.094/0001-00,"Sim, está funcionando normalmente",2 vezes por semana,Habilitada,"Trabalhadores informais diversos (Motoristas de aplicativos, motoboys, serventes ou outros), Pessoas em situação de rua, Famílias beneﬁciárias do Programa Bolsa Família e famílias inscritas no Cadastro Único , Povos e comunidades tradicionais (indígenas, quilombolas, ribeirinhos, etc.), Pessoas e famílias atingidas por situações de emergência ou calamidade pública, Outros grupos de pessoas em situação de vulnerabilidade social",3050,600,-29.7736595,-51.1649130
CS018725,COZINHA DE SOLIDARIEDADE ESPERANÇA,"Acampamento Herdeiros da Luta, 000",Interior,98170-000,TUPANCIRETÃ,4322202,RS,gracielilizi5@gmail.com,,"Sim, está funcionando normalmente",7 vezes por semana,Habilitada,"Famílias beneﬁciárias do Programa Bolsa Família e famílias inscritas no Cadastro Único , Pessoas e famílias atingidas por situações de emergência ou calamidade pública, Grupo específico vinculado a determinada localidade, atividade, serviço ou movimento, Outros grupos de pessoas em situação de vulnerabilidade social",1445,700,-29.0811933,-53.8367486
CS020426,"COZINHA DO BEM, FAZER O BEM SEM OLHAR A QUEM","Rua Cachoeira, 326",Nonoai,90830-520,PORTO ALEGRE,4314902,RS,andersontrabalho.aha@gmail.com,,"Sim, está funcionando normalmente",1 vez por semana,Habilitada,Pessoas em situação de rua,300,300,-30.0886683,-51.2211800
CS015252,SOLIDARIEDADE COM AFOXÉ ÓMÓ IFA,"Rua clemente falcao, 54",Tijuca,20510-120,RIO DE JANEIRO,3304557,RJ,Afoxeomoifa@gmail.com,27.734.764/0001-67,"Sim, está funcionando normalmente",1 vez por semana,Habilitada,"Pessoas em situação de rua, Grupo específico vinculado a determinada localidade, atividade, serviço ou movimento, Outros grupos de pessoas em situação de vulnerabilidade social",110,100,-22.9265735,-43.2414965
CS020649,PROJETO MENINOS E MENINAS DE RUA,"Rua Jurubatuba, 1610",Centro,09725-001,SÃO BERNARDO DO CAMPO,3548708,SP,pmmrsbc@gmail.com,69.116.994/0001-02,"Sim, está funcionando normalmente",6 vezes por semana,Habilitada,"Mulheres, Jovens, Crianças, Pessoas em situação de rua, Famílias beneﬁciárias do Programa Bolsa Família e famílias inscritas no Cadastro Único ",150,150,-23.7116145,-46.5531984
CS020415,COZINHA SOLIDÁRIA DO PLANALTO,"RUA ANDRE KLEIN FERREIRA, 199",FARRAPOS,90240-335,PORTO ALEGRE,4314902,RS,MANUKALVIN2115@GMAIL.COM,,"Não, a Cozinha encontra-se paralisada, sem atividade",2 vezes por semana,Habilitada,"Mulheres, Jovens, Crianças, Idosos, População LGBTQIA+, Trabalhadores informais diversos (Motoristas de aplicativos, motoboys, serventes ou outros), Pessoas em situação de rua, Famílias beneﬁciárias do Programa Bolsa Família e famílias inscritas no Cadastro Único , Pessoas e famílias atingidas por situações de emergência ou calamidade pública, Outros grupos de pessoas em situação de vulnerabilidade social",305,150,-29.9874337,-51.1975429
CS020400,REXISTÊNCIA POA,"Rua dos Andradas, 1780",Centro Histórico,90020-002,PORTO ALEGRE,4314902,RS,contribua.mnlmpoa@gmail.com,,"Sim, está funcionando normalmente",6 vezes por semana,Habilitada,"Pessoas em situação de rua, Famílias beneﬁciárias do Programa Bolsa Família e famílias inscritas no Cadastro Único , Pessoas e famílias atingidas por situações de emergência ou calamidade pública, Grupo específico vinculado a determinada localidade, atividade, serviço ou movimento, Outros grupos de pessoas em situação de vulnerabilidade social",200,4,-30.0295469,-51.2238194
CS019252,COZINHA DOS OLODES,"Rua Wilson Gomes de Oliveira, 1330",Santa Eugênia,26280-440,NOVA IGUAÇU,3303500,RJ,odetifunakon@gmail.com,,"Sim, está funcionando normalmente",Quinzenalmente,Habilitada,"Pessoas em situação de rua, Famílias beneﬁciárias do Programa Bolsa Família e famílias inscritas no Cadastro Único , Povos e comunidades tradicionais (indígenas, quilombolas, ribeirinhos, etc.), Pessoas e famílias atingidas por situações de emergência ou calamidade pública, Imigrantes, Grupo específico vinculado a determinada localidade, atividade, serviço ou movimento, Outros grupos de pessoas em situação de vulnerabilidade social",175,200,-22.7487271,-43.4748300
CS020501,MARIA JOSEFA DE OLIVEIRA,"Sitio Serrota, S/N",Área Rural,58734-000,PASSAGEM,2510709,PB,weniof@hotmail.com,,"Sim, está funcionando normalmente",1 vez por semana,Habilitada,"Mulheres, Jovens, Crianças, Idosos, Famílias beneﬁciárias do Programa Bolsa Família e famílias inscritas no Cadastro Único , Outros grupos de pessoas em situação de vulnerabilidade social",115,80,-7.1205055,-37.0607834
CS020703,COZINHA SOLIDÁRIA 20 DE NOVEMBRO,"Rua Doutor Barros Cassal, 161",Floresta,90035-030,PORTO ALEGRE,4314902,RS,adm.coopvinte@gmail.com,,"Sim, está funcionando normalmente",Quinzenalmente,Habilitada,"Pessoas em situação de rua, Famílias beneﬁciárias do Programa Bolsa Família e famílias inscritas no Cadastro Único , Outros grupos de pessoas em situação de vulnerabilidade social",330,150,-30.0268664,-51.2172941
CS020387,ASSOCIAÇÃO BENEFICIENTE PORTELA,"Rua Abelino Nicolau de Almeida, 420",Santa Rosa de Lima,91160-290,PORTO ALEGRE,4314902,RS,miseriazero72@gmail.com,87.129.516/0001-19,"Sim, está funcionando normalmente",2 vezes por semana,Habilitada,"Mulheres, Jovens, Crianças, Idosos, Trabalhadores informais diversos (Motoristas de aplicativos, motoboys, serventes ou outros), Pessoas em situação de rua, Famílias beneﬁciárias do Programa Bolsa Família e famílias inscritas no Cadastro Único , Pessoas e famílias atingidas por situações de emergência ou calamidade pública, Outros grupos de pessoas em situação de vulnerabilidade social",181,300,-29.9973367,-51.1027000
CS020695,COZINHA SOLIDARIA DA RUTH,"rua tupi, 39",Maria Regina,94828-710,ALVORADA,4300604,RS,ruthnunes1997@gmail.com,,"Sim, está funcionando normalmente",3 vezes por semana,Habilitada,"Mulheres, Jovens, Crianças, Idosos, População LGBTQIA+, Pessoas em situação de rua, Famílias beneﬁciárias do Programa Bolsa Família e famílias inscritas no Cadastro Único , Povos e comunidades tradicionais (indígenas, quilombolas, ribeirinhos, etc.), Pessoas e famílias atingidas por situações de emergência ou calamidade pública, Imigrantes, Grupo específico vinculado a determinada localidade, atividade, serviço ou movimento, Outros grupos de pessoas em situação de vulnerabilidade social",165,200,-29.9942562,-51.0576349
CS020691,COZINHA AMIGOS DE FÉ,"estrada Diogo Inacio de Barcelos, 52",Tijuca,94836-250,ALVORADA,4300604,RS,analucia19072016@gmail.com,,"Sim, está funcionando normalmente",3 vezes por semana,Habilitada,"Mulheres, Jovens, Crianças, Idosos, População LGBTQIA+, Trabalhadores informais diversos (Motoristas de aplicativos, motoboys, serventes ou outros), Pessoas em situação de rua, Famílias beneﬁciárias do Programa Bolsa Família e famílias inscritas no Cadastro Único , Povos e comunidades tradicionais (indígenas, quilombolas, ribeirinhos, etc.), Pessoas e famílias atingidas por situações de emergência ou calamidade pública, Imigrantes, Outros grupos de pessoas em situação de vulnerabilidade social",570,400,-30.0013450,-51.0300650
CS020427,ASSOCIAÇÃO COZINHA DAS PRETAS,"Av. Santíssima Trindade, Acesso E7, casa 106D, 106D",Rubem Berta,91160-800,PORTO ALEGRE,4314902,RS,associacaocozinhadaspretas@gmail.com,57.695.113/0001-76,"Sim, está funcionando normalmente",3 vezes por semana,Habilitada,"Mulheres, Jovens, Crianças, Idosos, População LGBTQIA+, Trabalhadores informais diversos (Motoristas de aplicativos, motoboys, serventes ou outros), Pessoas em situação de rua, Famílias beneﬁciárias do Programa Bolsa Família e famílias inscritas no Cadastro Único , Pessoas e famílias atingidas por situações de emergência ou calamidade pública, Imigrantes, Outros grupos de pessoas em situação de vulnerabilidade social",848,430,-29.9985684,-51.1083440
CS016589,OFICINA DOS QUITUTES,"Rua Felisbino Jacob Beck, 35",Seis de Maio,98300-000,PALMEIRA DAS MISSÕES,4313706,RS,mmmrpmrs@gmail.com,29.283.869/0001-72,"Sim, está funcionando normalmente",3 vezes por semana,Habilitada,"Mulheres, Jovens, Crianças, Idosos, População LGBTQIA+, Pessoas em situação de rua, Famílias beneﬁciárias do Programa Bolsa Família e famílias inscritas no Cadastro Único , Outros grupos de pessoas em situação de vulnerabilidade social",142,102,-27.9082545,-53.3149166
CS020660,COZINHA COMUNITARIA SARAI SOARES,"Rua C, 10 / 35",SERTÃO II,91787-356,PORTO ALEGRE,4314902,RS,CENTROSOCIALAGIANELLI@GMAIL.COM,92.965.581/0005-48,Está funcionando com carga horária reduzida,1 vez por semana,Habilitada,"Mulheres, Jovens, Crianças, Idosos, População LGBTQIA+, Trabalhadores informais diversos (Motoristas de aplicativos, motoboys, serventes ou outros), Famílias beneﬁciárias do Programa Bolsa Família e famílias inscritas no Cadastro Único , Pessoas e famílias atingidas por situações de emergência ou calamidade pública, Imigrantes, Outros grupos de pessoas em situação de vulnerabilidade social",283,100,-30.1522534,-51.1341209
CS020331,COZINHA FOME DE AMOR,"TRAVESSA SA PEREIRA, 311",CENTRO,63475-000,JAGUARIBE,2306900,CE,sttrjaguaribe2021@gmail.com,07.560.030/0001-00,"Sim, está funcionando normalmente",5 vezes por semana,Habilitada,"Pessoas em situação de rua, Famílias beneﬁciárias do Programa Bolsa Família e famílias inscritas no Cadastro Único , Outros grupos de pessoas em situação de vulnerabilidade social",120,100,-5.8885648,-38.6217705
CS019208,MTD COZINHA SOLIDÁRIA COSTANEIRA,"Rua: M, S/ Nº",Costaneira,92990-000,ELDORADO DO SUL,4306767,RS,pauloramosj@gmail.com,,"Sim, está funcionando normalmente",2 vezes por semana,Habilitada,"Mulheres, Jovens, Crianças, Idosos, Pessoas em situação de rua, Famílias beneﬁciárias do Programa Bolsa Família e famílias inscritas no Cadastro Único , Pessoas e famílias atingidas por situações de emergência ou calamidade pública, Grupo específico vinculado a determinada localidade, atividade, serviço ou movimento",298,258,-30.0000950,-51.3240204
CS020750,COZINHA UNIDADE TERRITORIAL ILÊ AFRICANO REINO DE XANGÔ AGODÔ,"Rua Paulo Autran, 100",Lomba do Pinheiro,91550-420,PORTO ALEGRE,4314902,RS,rosangelanettoro@gmail.com,,"Sim, está funcionando normalmente",3 vezes por semana,Habilitada,"Pessoas em situação de rua, Famílias beneﬁciárias do Programa Bolsa Família e famílias inscritas no Cadastro Único , Povos e comunidades tradicionais (indígenas, quilombolas, ribeirinhos, etc.), Pessoas e famílias atingidas por situações de emergência ou calamidade pública, Outros grupos de pessoas em situação de vulnerabilidade social",110,100,-30.0953446,-51.1327969
CS020751,COZINHA ROSA SOLIDÁRIA,"Rua Ezequiel Antonio de Oliveira, 357",Lomba do Pinheiro,91550-180,PORTO ALEGRE,4314902,RS,rosadamapa@gmail.com,,"Sim, está funcionando normalmente",4 vezes por semana,Habilitada,"Mulheres, Jovens, Crianças, Idosos, População LGBTQIA+, Pessoas em situação de rua, Famílias beneﬁciárias do Programa Bolsa Família e famílias inscritas no Cadastro Único , Povos e comunidades tradicionais (indígenas, quilombolas, ribeirinhos, etc.), Pessoas e famílias atingidas por situações de emergência ou calamidade pública, Outros grupos de pessoas em situação de vulnerabilidade social",175,1,-30.0996350,-51.1350497
CS020755,COMUNIDADE TRADICIONAL YLÊ OBA OSÁÁLÁ,"Rua Jacarandá, 504",Santo Onofre,94445-162,VIAMÃO,4323002,RS,babajulianodeosaala@gmail.com,,"Sim, está funcionando normalmente",6 vezes por semana,Habilitada,"Mulheres, Jovens, Crianças, Idosos, População LGBTQIA+, Pessoas em situação de rua, Famílias beneﬁciárias do Programa Bolsa Família e famílias inscritas no Cadastro Único , Povos e comunidades tradicionais (indígenas, quilombolas, ribeirinhos, etc.), Pessoas e famílias atingidas por situações de emergência ou calamidade pública, Outros grupos de pessoas em situação de vulnerabilidade social",227,150,-30.1038134,-51.0474070
CS020763,COZINHA SOLIDARIA ILÊ IEMANJA E OXALA,"Chacara do Banco, 293",Restinga velha,91790-750,PORTO ALEGRE,4314902,RS,fontouramarta571@gmail.com,,"Sim, está funcionando normalmente",2 vezes por semana,Habilitada,"Mulheres, Jovens, Crianças, Idosos, População LGBTQIA+, Trabalhadores informais diversos (Motoristas de aplicativos, motoboys, serventes ou outros), Pessoas em situação de rua, Famílias beneﬁciárias do Programa Bolsa Família e famílias inscritas no Cadastro Único , Pessoas e famílias atingidas por situações de emergência ou calamidade pública, Outros grupos de pessoas em situação de vulnerabilidade social",300,400,-30.1658839,-51.1440961
CS020765,COZINHA SOLIDÁRIA ILÊ AXÉ OXALÁ OBOCUM,"Rua Margarida, 62",Mario Quintana,91260-394,PORTO ALEGRE,4314902,RS,Ileaxeoxalaobocum@gmail.com,,Está funcionando com carga horária reduzida,4 vezes por semana,Habilitada,"Mulheres, Jovens, Crianças, Idosos, População LGBTQIA+, Trabalhadores informais diversos (Motoristas de aplicativos, motoboys, serventes ou outros), Pessoas em situação de rua, Famílias beneﬁciárias do Programa Bolsa Família e famílias inscritas no Cadastro Único , Povos e comunidades tradicionais (indígenas, quilombolas, ribeirinhos, etc.), Pessoas e famílias atingidas por situações de emergência ou calamidade pública, Imigrantes, Grupo específico vinculado a determinada localidade, atividade, serviço ou movimento, Outros grupos de pessoas em situação de vulnerabilidade social",382,600,-30.0355253,-51.1097591
CS020764,COZINHA SOLIDÁRIA DE MATRIZ AFRICANA YLE OXUM PANDA AXÉ IEMANJA,"rua comissario aristotelino souza, 146, 146",Farrapos,90245-140,PORTO ALEGRE,4314902,RS,carla84824670@gmail.com,,"Sim, está funcionando normalmente",2 vezes por semana,Habilitada,"Mulheres, Jovens, Crianças, Idosos, População LGBTQIA+, Trabalhadores informais diversos (Motoristas de aplicativos, motoboys, serventes ou outros), Pessoas em situação de rua, Famílias beneﬁciárias do Programa Bolsa Família e famílias inscritas no Cadastro Único , Povos e comunidades tradicionais (indígenas, quilombolas, ribeirinhos, etc.), Pessoas e famílias atingidas por situações de emergência ou calamidade pública, Imigrantes, Outros grupos de pessoas em situação de vulnerabilidade social",225,200,-29.9823543,-51.1968913
CS020686,COZINHA SOLIDARIA QUILOMBINHO,"Rua Pio, 1260",Bom jesus,91420-220,PORTO ALEGRE,4314902,RS,douglast.cordeiro@gmail.com,,"Sim, está funcionando normalmente",2 vezes por semana,Habilitada,"Mulheres, Jovens, Crianças, Idosos, População LGBTQIA+, Trabalhadores informais diversos (Motoristas de aplicativos, motoboys, serventes ou outros), Pessoas em situação de rua, Famílias beneﬁciárias do Programa Bolsa Família e famílias inscritas no Cadastro Único , Povos e comunidades tradicionais (indígenas, quilombolas, ribeirinhos, etc.), Pessoas e famílias atingidas por situações de emergência ou calamidade pública, Outros grupos de pessoas em situação de vulnerabilidade social",192,100,-30.0486910,-51.1579267
CS020768,ILE AFRICANO PAI OSSANHA CAPANGUEIROS DE JUREMA,"Rua cristovão de mendonza, 92",santa isabel,94480-510,VIAMÃO,4323002,RS,terracianojaqueline@yahoo.com.br,,"Sim, está funcionando normalmente",5 vezes por semana,Habilitada,"Mulheres, Jovens, Crianças, Idosos, População LGBTQIA+, Trabalhadores informais diversos (Motoristas de aplicativos, motoboys, serventes ou outros), Pessoas em situação de rua, Famílias beneﬁciárias do Programa Bolsa Família e famílias inscritas no Cadastro Único , Povos e comunidades tradicionais (indígenas, quilombolas, ribeirinhos, etc.), Pessoas e famílias atingidas por situações de emergência ou calamidade pública, Outros grupos de pessoas em situação de vulnerabilidade social",350,200,-30.0737329,-51.1063215
CS020582,COZINHA SOLIDÁRIA TAQUAREIRAS,"Rua conceição dos passos pga, 115",Teresópolis,91720-130,PORTO ALEGRE,4314902,RS,vascanunesmarcelino@gmail.com,,"Sim, está funcionando normalmente",2 vezes por semana,Habilitada,"Mulheres, Jovens, Crianças, Idosos, População LGBTQIA+, Trabalhadores informais diversos (Motoristas de aplicativos, motoboys, serventes ou outros), Pessoas em situação de rua, Famílias beneﬁciárias do Programa Bolsa Família e famílias inscritas no Cadastro Único , Pessoas e famílias atingidas por situações de emergência ou calamidade pública, Outros grupos de pessoas em situação de vulnerabilidade social",540,100,-30.0830274,-51.2050682
CS020707,COZINHA SOLIDARIA DA VILA JARDIM,"Rua Ernesto Pellanda, 1497",Vila Jardim,91320-220,PORTO ALEGRE,4314902,RS,santoslilian325@gmail.com,,"Sim, está funcionando normalmente",3 vezes por semana,Habilitada,"Mulheres, Jovens, Crianças, Idosos, População LGBTQIA+, Trabalhadores informais diversos (Motoristas de aplicativos, motoboys, serventes ou outros), Pessoas em situação de rua, Famílias beneﬁciárias do Programa Bolsa Família e famílias inscritas no Cadastro Único , Pessoas e famílias atingidas por situações de emergência ou calamidade pública, Outros grupos de pessoas em situação de vulnerabilidade social",238,280,-30.0326992,-51.1478590
CS020508,COZINHA SOLIDÁRIA IYA NARA,"Rua Beija Flor., 42",Lomba do Pinheiro,91450-320,PORTO ALEGRE,4314902,RS,milenacarvalho973@gmail.com,,"Sim, está funcionando normalmente",2 vezes por semana,Habilitada,"Famílias beneﬁciárias do Programa Bolsa Família e famílias inscritas no Cadastro Único , Povos e comunidades tradicionais (indígenas, quilombolas, ribeirinhos, etc.), Pessoas e famílias atingidas por situações de emergência ou calamidade pública, Grupo específico vinculado a determinada localidade, atividade, serviço ou movimento, Outros grupos de pessoas em situação de vulnerabilidade social",414,200,-30.1475162,-51.0698749
CS020771,COZINHA SOLIDÁRIA TRADICIONAL DE MATRIZ AFRICANA CASA DE OXUM E OGUM ONIRÊ,"Rua Rosa Brufatto Zingano, 61",Farrapos,90245-490,PORTO ALEGRE,4314902,RS,fernanda22121977@gmail.com,,"Sim, está funcionando normalmente",3 vezes por semana,Habilitada,"Mulheres, Crianças, Idosos, Pessoas em situação de rua, Famílias beneﬁciárias do Programa Bolsa Família e famílias inscritas no Cadastro Único , Povos e comunidades tradicionais (indígenas, quilombolas, ribeirinhos, etc.), Pessoas e famílias atingidas por situações de emergência ou calamidade pública",155,150,-29.9848951,-51.1970140
CS020769,COZINHA SOLIDÁRIA YLÊ OXALÁ DACUM,"Avenida Gamal Abdel Nasser, 595",Rubem Berta,91170-001,PORTO ALEGRE,4314902,RS,andersomcoimbra2781@gmail.com,,Está funcionando com carga horária reduzida,6 vezes por semana,Habilitada,"Mulheres, Jovens, Crianças, Idosos, População LGBTQIA+, Trabalhadores informais diversos (Motoristas de aplicativos, motoboys, serventes ou outros), Pessoas em situação de rua, Famílias beneﬁciárias do Programa Bolsa Família e famílias inscritas no Cadastro Único , Povos e comunidades tradicionais (indígenas, quilombolas, ribeirinhos, etc.), Pessoas e famílias atingidas por situações de emergência ou calamidade pública, Imigrantes, Grupo específico vinculado a determinada localidade, atividade, serviço ou movimento, Outros grupos de pessoas em situação de vulnerabilidade social",382,500,-30.0003954,-51.0914300
CS020770,COZINHA SOLIDÁRIA ILÊ IEMANJÁ BOCÍ E OXALÁ DACUM,"Rua João Daniel Martinelli, 6",Farrapos,90250-440,PORTO ALEGRE,4314902,RS,paijejedeiemanja@gmail.com,,"Sim, está funcionando normalmente",1 vez por semana,Habilitada,"Mulheres, Jovens, Crianças, Idosos, População LGBTQIA+, Trabalhadores informais diversos (Motoristas de aplicativos, motoboys, serventes ou outros), Pessoas em situação de rua, Famílias beneﬁciárias do Programa Bolsa Família e famílias inscritas no Cadastro Único , Povos e comunidades tradicionais (indígenas, quilombolas, ribeirinhos, etc.), Pessoas e famílias atingidas por situações de emergência ou calamidade pública, Imigrantes, Grupo específico vinculado a determinada localidade, atividade, serviço ou movimento, Outros grupos de pessoas em situação de vulnerabilidade social",327,200,-29.9826155,-51.1957712
CS020743,COZINHA SOLIDÁRIA DIOGO SANTANA,"Pátio Ferroviário de Brasília, situado entre a EPIA, EPCL, EPAC e SAAN, da Região de Brasília (Centro de Triagem), Não possui",SIA,70610-635,BRASÍLIA,5300108,DF,centcoop@gmail.com,08.235.662/0001-52,"Sim, está funcionando normalmente",5 vezes por semana,Habilitada,"Famílias beneﬁciárias do Programa Bolsa Família e famílias inscritas no Cadastro Único , Grupo específico vinculado a determinada localidade, atividade, serviço ou movimento, Outros grupos de pessoas em situação de vulnerabilidade social",1850,500,-15.7776800,-47.9395000
CS020759,COZINHA SOLIDÁRIA ILÊ MÃE IANSÃ FUNIKÊ,"Rua Sergio Porto, 324",Farrapos,90245-500,PORTO ALEGRE,4314902,RS,neuzamachado1964@hotmail.com,,Está funcionando com carga horária reduzida,4 vezes por semana,Habilitada,"Mulheres, Jovens, Crianças, Idosos, População LGBTQIA+, Trabalhadores informais diversos (Motoristas de aplicativos, motoboys, serventes ou outros), Pessoas em situação de rua, Famílias beneﬁciárias do Programa Bolsa Família e famílias inscritas no Cadastro Único , Povos e comunidades tradicionais (indígenas, quilombolas, ribeirinhos, etc.), Pessoas e famílias atingidas por situações de emergência ou calamidade pública, Imigrantes, Outros grupos de pessoas em situação de vulnerabilidade social",371,250,-29.9819794,-51.1960022
CS020028,ASSOCIAÇÃO COMUNITÁRIA RECANTO DOS GAUDÉRIOS,"Rua João Dedinho, 37",Belem Velho,91712-050,PORTO ALEGRE,4314902,RS,zanandraguedes@gmail.com,,"Sim, está funcionando normalmente",4 vezes por semana,Habilitada,"Mulheres, Jovens, Crianças, Idosos, População LGBTQIA+, Trabalhadores informais diversos (Motoristas de aplicativos, motoboys, serventes ou outros), Pessoas em situação de rua, Famílias beneﬁciárias do Programa Bolsa Família e famílias inscritas no Cadastro Único , Pessoas e famílias atingidas por situações de emergência ou calamidade pública",370,250,-30.1157320,-51.1793579
CS020757,SOCIEDADE BENEFICIENTE CULTURAL REINO DE OXALÁ BOCUM,"Rua José Gonçalves, 23",CORONEL APARICIO BORGES,91520-240,PORTO ALEGRE,4314902,RS,alexsandroferreira029@gmail.com,,"Sim, está funcionando normalmente",4 vezes por semana,Habilitada,"Mulheres, Jovens, Crianças, Idosos, População LGBTQIA+, Trabalhadores informais diversos (Motoristas de aplicativos, motoboys, serventes ou outros), Pessoas em situação de rua, Famílias beneﬁciárias do Programa Bolsa Família e famílias inscritas no Cadastro Único , Pessoas e famílias atingidas por situações de emergência ou calamidade pública, Imigrantes",250,270,-30.0790075,-51.1661427
CS020766,COZINHA SOLIDÁRIA CENTRO AFRICANO DE OXUM PANDA,"Rua Dallas, 2",Cascata,91710-480,PORTO ALEGRE,4314902,RS,irigarayclaudia2@gmail.com,,Está funcionando com carga horária reduzida,7 vezes por semana,Habilitada,"Mulheres, Jovens, Crianças, Idosos, População LGBTQIA+, Trabalhadores informais diversos (Motoristas de aplicativos, motoboys, serventes ou outros), Pessoas em situação de rua, Famílias beneﬁciárias do Programa Bolsa Família e famílias inscritas no Cadastro Único , Povos e comunidades tradicionais (indígenas, quilombolas, ribeirinhos, etc.), Pessoas e famílias atingidas por situações de emergência ou calamidade pública, Imigrantes, Grupo específico vinculado a determinada localidade, atividade, serviço ou movimento, Outros grupos de pessoas em situação de vulnerabilidade social",284,120,-30.0816553,-51.1934579
CS015652,COZINHA SOLIDÁRIA DA CECILIA,"rua Ernesto Nazaré, 414",Cecília,94475-480,VIAMÃO,4323002,RS,aprestesaires@gmail.com,,"Sim, está funcionando normalmente",3 vezes por semana,Habilitada,"Mulheres, Jovens, Crianças, Idosos, Pessoas em situação de rua, Famílias beneﬁciárias do Programa Bolsa Família e famílias inscritas no Cadastro Único , Pessoas e famílias atingidas por situações de emergência ou calamidade pública, Outros grupos de pessoas em situação de vulnerabilidade social",470,300,-30.0716222,-51.0931748
CS016888,COZINHA COMUNITÁRIA COLETIVO QUEM PLANTA COLHE,"TRAVESSA SÃO FRANCISCO, 595",DUQUE DE CAXIAS,93037-660,SÃO LEOPOLDO,4318705,RS,rodrigo2101azevedo@gmail.com,,"Sim, está funcionando normalmente",3 vezes por semana,Habilitada,"Mulheres, Jovens, Crianças, População LGBTQIA+, Pessoas em situação de rua, Famílias beneﬁciárias do Programa Bolsa Família e famílias inscritas no Cadastro Único , Pessoas e famílias atingidas por situações de emergência ou calamidade pública, Imigrantes, Grupo específico vinculado a determinada localidade, atividade, serviço ou movimento, Outros grupos de pessoas em situação de vulnerabilidade social",320,100,-29.7936676,-51.1254709
CS020790,COZINHA NOBRE,"Rua Saturnino de Sousa, 531",Vila Nhocune,03561-090,SÃO PAULO,3550308,SP,cozinhanobre.iap@gmail.com,51.049.115/0001-01,"Sim, está funcionando normalmente",5 vezes por semana,Habilitada,"Mulheres, Jovens, Crianças, Idosos, População LGBTQIA+, Agricultores Familiares e Campesinos, Trabalhadores informais diversos (Motoristas de aplicativos, motoboys, serventes ou outros), Pessoas em situação de rua, Famílias beneﬁciárias do Programa Bolsa Família e famílias inscritas no Cadastro Único , Povos e comunidades tradicionais (indígenas, quilombolas, ribeirinhos, etc.), Pessoas e famílias atingidas por situações de emergência ou calamidade pública",123,400,-23.5480717,-46.4936592
CS020788,VIVI DE OIA,"Rua Tarcila Moraes Dutra, 300",Rubem Berta,91170-170,PORTO ALEGRE,4314902,RS,fajardopereiraviviane@gmail.com,,"Sim, está funcionando normalmente",6 vezes por semana,Habilitada,"Mulheres, Jovens, Crianças, Idosos, População LGBTQIA+, Pessoas em situação de rua, Famílias beneﬁciárias do Programa Bolsa Família e famílias inscritas no Cadastro Único , Pessoas e famílias atingidas por situações de emergência ou calamidade pública, Imigrantes, Outros grupos de pessoas em situação de vulnerabilidade social",162,300,-30.0030733,-51.0940560
CS020814,COZINHA IMIGRANTE,"Rua Guilherme Keber, 169",Santa Vitória,96840-710,SANTA CRUZ DO SUL,4316808,RS,secretaria@centrogideoes.com.br,01.386.984/0001-53,"Sim, está funcionando normalmente",4 vezes por semana,Habilitada,"Mulheres, Jovens, Crianças, Idosos, Pessoas em situação de rua, Famílias beneﬁciárias do Programa Bolsa Família e famílias inscritas no Cadastro Único , Povos e comunidades tradicionais (indígenas, quilombolas, ribeirinhos, etc.), Pessoas e famílias atingidas por situações de emergência ou calamidade pública, Imigrantes, Outros grupos de pessoas em situação de vulnerabilidade social",317,0,-29.7512755,-52.4390735
CS014958,ASSOCIAÇÃO CASA DO PANTERA NEGRA,"Professora Zila Tota 220, instituto Pantera   Negra",Leopoldina,91240-500,PORTO ALEGRE,4314902,RS,Institutopanterabb@gmail.com,50.213.678/0001-20,"Sim, está funcionando normalmente",2 vezes por semana,Habilitada,"Mulheres, Jovens, Crianças, Idosos, População LGBTQIA+, Pessoas em situação de rua, Famílias beneﬁciárias do Programa Bolsa Família e famílias inscritas no Cadastro Único , Povos e comunidades tradicionais (indígenas, quilombolas, ribeirinhos, etc.), Pessoas e famílias atingidas por situações de emergência ou calamidade pública, Outros grupos de pessoas em situação de vulnerabilidade social",760,250,-30.0181382,-51.1182378
CS020789,COZINHA SOLIDÁRIA EMI,"Avenida Gamal Abdel Nasser, 605",Rubem Berta,91170-001,PORTO ALEGRE,4314902,RS,Marialucia1877@gmail.com,,"Sim, está funcionando normalmente",5 vezes por semana,Habilitada,"Mulheres, Jovens, Crianças, Idosos, População LGBTQIA+, Trabalhadores informais diversos (Motoristas de aplicativos, motoboys, serventes ou outros), Pessoas em situação de rua, Pessoas e famílias atingidas por situações de emergência ou calamidade pública, Imigrantes, Outros grupos de pessoas em situação de vulnerabilidade social",50,300,-30.0003628,-51.0912942
CS020754,COZINHA CASA DE XAPANÂ OYA,"Rua Pereira Franco, 143",São Jõao,90240-520,PORTO ALEGRE,4314902,RS,medinaceir59@gmail.com,,"Sim, está funcionando normalmente",3 vezes por semana,Habilitada,"Mulheres, Jovens, Crianças, Idosos, População LGBTQIA+, Trabalhadores informais diversos (Motoristas de aplicativos, motoboys, serventes ou outros), Famílias beneﬁciárias do Programa Bolsa Família e famílias inscritas no Cadastro Único , Povos e comunidades tradicionais (indígenas, quilombolas, ribeirinhos, etc.), Pessoas e famílias atingidas por situações de emergência ou calamidade pública, Outros grupos de pessoas em situação de vulnerabilidade social",365,150,-30.0064316,-51.1913572
CS020756,COZINHA SOLIDÁRIA BRAZIL ESTRANGEIRO- CENTRO DE CULTURA NEGRA - OXUM E XANGÔ,"Rua Felisberto Jose Pacheco, 297",Cecília,94475-670,VIAMÃO,4323002,RS,carlapiresesilva@hotmail.com,,"Sim, está funcionando normalmente",3 vezes por semana,Habilitada,"Mulheres, Jovens, Crianças, Idosos, População LGBTQIA+, Trabalhadores informais diversos (Motoristas de aplicativos, motoboys, serventes ou outros), Pessoas em situação de rua, Famílias beneﬁciárias do Programa Bolsa Família e famílias inscritas no Cadastro Único , Pessoas e famílias atingidas por situações de emergência ou calamidade pública, Imigrantes, Outros grupos de pessoas em situação de vulnerabilidade social",502,200,-30.0620753,-51.0923660
CS015951,COZINHA ASSOMARI,"Rua Ocidente 125 jardim Cascata, 125",Cascata,91710-390,PORTO ALEGRE,4314902,RS,lu.castencio@gmail.com,,"Sim, está funcionando normalmente",7 vezes por semana,Habilitada,"Mulheres, Jovens, Crianças, Idosos, População LGBTQIA+, Trabalhadores informais diversos (Motoristas de aplicativos, motoboys, serventes ou outros), Pessoas em situação de rua, Famílias beneﬁciárias do Programa Bolsa Família e famílias inscritas no Cadastro Único , Povos e comunidades tradicionais (indígenas, quilombolas, ribeirinhos, etc.), Pessoas e famílias atingidas por situações de emergência ou calamidade pública, Outros grupos de pessoas em situação de vulnerabilidade social",375,250,-30.0805939,-51.1943053
CS020760,COZINHA SOLIDÁRIA BARA E OXUM,"Avenida Paraguaçu, 118",Jari,94495-400,VIAMÃO,4323002,RS,jacksonterraciano@gmail.com,,"Sim, está funcionando normalmente",6 vezes por semana,Habilitada,"Mulheres, Jovens, Crianças, Idosos, População LGBTQIA+, Trabalhadores informais diversos (Motoristas de aplicativos, motoboys, serventes ou outros), Pessoas em situação de rua, Povos e comunidades tradicionais (indígenas, quilombolas, ribeirinhos, etc.), Pessoas e famílias atingidas por situações de emergência ou calamidade pública, Outros grupos de pessoas em situação de vulnerabilidade social",480,300,-30.0552277,-51.0974863
CS020869,UTT CRUZEIRO DOS ORIXÁ,"Rua Casemiro de Abreu, 615",Santa Isabel,94480-380,VIAMÃO,4323002,RS,ocruzeirodosorixas@gmail.com,,Está funcionando com carga horária reduzida,3 vezes por semana,Habilitada,"Mulheres, Jovens, Crianças, Idosos, População LGBTQIA+, Trabalhadores informais diversos (Motoristas de aplicativos, motoboys, serventes ou outros), Pessoas em situação de rua, Famílias beneﬁciárias do Programa Bolsa Família e famílias inscritas no Cadastro Único , Povos e comunidades tradicionais (indígenas, quilombolas, ribeirinhos, etc.), Pessoas e famílias atingidas por situações de emergência ou calamidade pública",108,0,-30.0654598,-51.1010117
CS020783,INSTITUTO DE EDUCAÇÃO FERREIRA ALVES,"Rua Araçás, 350",Tomba,44091-316,FEIRA DE SANTANA,2910800,BA,institutoiefa.ba@gmail.com,39.929.786/0001-61,"Sim, está funcionando normalmente",5 vezes por semana,Habilitada,"Mulheres, Jovens, Crianças, Idosos",0,300,-12.2927207,-38.9436105
CS020453,COZINHA ANCESTRAL  CAVALEIROS DE OGUM,"Rua princesa Leopoldina, 147",Realengo,21710-421,RIO DE JANEIRO,3304557,RJ,ileaxeogumitaoxum@gmail.com,65.591.392/0001-56,"Sim, está funcionando normalmente",1 vez por semana,Habilitada,"Mulheres, Pessoas em situação de rua",150,150,-22.8700614,-43.4195267
CS020753,UTT/ UNIDADE TERRITORIAL TRADICIONAL DE MATRIZ AFRICANA COZINHA SOLIDÁRIA OXALÁ JOBOCUM,"Rua Guilherme Alves, 1763",Partenom,90680-001,PORTO ALEGRE,4314902,RS,cozinhasolidariajobocum@gmail.com,,"Sim, está funcionando normalmente",3 vezes por semana,Habilitada,"Mulheres, Jovens, Crianças, Idosos, População LGBTQIA+, Pessoas em situação de rua, Famílias beneﬁciárias do Programa Bolsa Família e famílias inscritas no Cadastro Único , Povos e comunidades tradicionais (indígenas, quilombolas, ribeirinhos, etc.), Pessoas e famílias atingidas por situações de emergência ou calamidade pública, Imigrantes, Outros grupos de pessoas em situação de vulnerabilidade social",303,100,-30.0625408,-51.1933858
CS020682,REINO DE OXUM E OXALÁ COZINHA DA VÓ RITA,"rua batistino anele, 299",Farrapos,90250-290,PORTO ALEGRE,4314902,RS,gislainecomunidade@gmail.com,,Está funcionando com carga horária reduzida,6 vezes por semana,Habilitada,"Mulheres, Jovens, Crianças, Idosos, Trabalhadores informais diversos (Motoristas de aplicativos, motoboys, serventes ou outros), Pessoas em situação de rua, Povos e comunidades tradicionais (indígenas, quilombolas, ribeirinhos, etc.), Pessoas e famílias atingidas por situações de emergência ou calamidade pública, Imigrantes, Outros grupos de pessoas em situação de vulnerabilidade social",150,300,-29.9771258,-51.1916980
CS019588,ILE DE OYA NIQUE COM OGUM,"RUA OSWALDO OLMIRO MACHADO N 103, 103",PARQUE LAVOURA,91260-480,PORTO ALEGRE,4314902,RS,TEMPERODAPRETA73@GMAIL.COM,,Está funcionando com carga horária reduzida,2 vezes por semana,Habilitada,"Mulheres, Jovens, Crianças, Idosos, População LGBTQIA+, Pessoas em situação de rua, Famílias beneﬁciárias do Programa Bolsa Família e famílias inscritas no Cadastro Único , Povos e comunidades tradicionais (indígenas, quilombolas, ribeirinhos, etc.), Pessoas e famílias atingidas por situações de emergência ou calamidade pública, Imigrantes, Assentados da Reforma Agrária, Outros grupos de pessoas em situação de vulnerabilidade social",150,300,-30.1441872,-51.2084597
CS016864,COZINHA COMUNITÁRIA MAUÁ,"Rua Ipê Amarelo, 40",Santos Dumont,93113-056,SÃO LEOPOLDO,4318705,RS,ocupacaomauasinos@gmail.com,,"Sim, está funcionando normalmente",2 vezes por semana,Habilitada,"Mulheres, Jovens, Crianças, Idosos, População LGBTQIA+, Agricultores Familiares e Campesinos, Trabalhadores informais diversos (Motoristas de aplicativos, motoboys, serventes ou outros), Pessoas em situação de rua, Famílias beneﬁciárias do Programa Bolsa Família e famílias inscritas no Cadastro Único , Pessoas e famílias atingidas por situações de emergência ou calamidade pública, Imigrantes, Grupo específico vinculado a determinada localidade, atividade, serviço ou movimento, Outros grupos de pessoas em situação de vulnerabilidade social",265,100,-29.7476508,-51.1436718
CS016177,SOPA NA MESA,"RUA LOURIVAL MESQUITA, 3526",SANTA MARIA DA CODIPI,64012-430,TERESINA,2211001,PI,amasamc.2005@gmail.com,07.559.983/0001-40,"Sim, está funcionando normalmente",3 vezes por semana,Habilitada,"Mulheres, Jovens, Crianças, Idosos, População LGBTQIA+, Agricultores Familiares e Campesinos, Trabalhadores informais diversos (Motoristas de aplicativos, motoboys, serventes ou outros), Famílias beneﬁciárias do Programa Bolsa Família e famílias inscritas no Cadastro Único , Outros grupos de pessoas em situação de vulnerabilidade social",640,350,-4.9833062,-42.8239157
CS020455,COZINHA CASA PEQUENO MUNDO,"Rua Jordânia, 60",Belém Velho,91787-263,PORTO ALEGRE,4314902,RS,figmariah20@gmail.com,,"Sim, está funcionando normalmente",6 vezes por semana,Habilitada,"Mulheres, Jovens, Crianças, Idosos, População LGBTQIA+, Trabalhadores informais diversos (Motoristas de aplicativos, motoboys, serventes ou outros), Pessoas em situação de rua, Povos e comunidades tradicionais (indígenas, quilombolas, ribeirinhos, etc.), Pessoas e famílias atingidas por situações de emergência ou calamidade pública, Imigrantes, Outros grupos de pessoas em situação de vulnerabilidade social",817,1400,-30.1131456,-51.1527473
CS020758,COZINHA SOLIDARIA DE ROSA CAVEIRA,"ACS C - QUATRO, 89B - BLB",Santa Rosa de Lima,91150-000,PORTO ALEGRE,4314902,RS,estudos.kamila.lima@gmail.com,,"Sim, está funcionando normalmente",3 vezes por semana,Habilitada,"Mulheres, Jovens, Crianças, Idosos, População LGBTQIA+, Trabalhadores informais diversos (Motoristas de aplicativos, motoboys, serventes ou outros), Pessoas em situação de rua, Famílias beneﬁciárias do Programa Bolsa Família e famílias inscritas no Cadastro Único , Povos e comunidades tradicionais (indígenas, quilombolas, ribeirinhos, etc.), Pessoas e famílias atingidas por situações de emergência ou calamidade pública, Imigrantes, Outros grupos de pessoas em situação de vulnerabilidade social",400,200,-30.0259596,-51.1023581
CS020559,IMAURBI,"Rua C, 208",Vila João Pessoa,91510-450,PORTO ALEGRE,4314902,RS,imaurbi.sbc@gmail.com,,"Sim, está funcionando normalmente",7 vezes por semana,Habilitada,"Mulheres, Jovens, Crianças, Idosos, População LGBTQIA+, Trabalhadores informais diversos (Motoristas de aplicativos, motoboys, serventes ou outros), Pessoas em situação de rua, Famílias beneﬁciárias do Programa Bolsa Família e famílias inscritas no Cadastro Único , Povos e comunidades tradicionais (indígenas, quilombolas, ribeirinhos, etc.), Pessoas e famílias atingidas por situações de emergência ou calamidade pública, Imigrantes, Outros grupos de pessoas em situação de vulnerabilidade social",872,500,-30.0727118,-51.1720665
CS020914,"COZINHA SOLIDÁRIA REINO DE BARÁ, OXUM E OXALÁ","Rua Tancredo Neves, 80",Farrapos,90245-510,PORTO ALEGRE,4314902,RS,luiscesar2009@gmail.com,,"Sim, está funcionando normalmente",3 vezes por semana,Habilitada,"Mulheres, Jovens, Crianças, Pessoas em situação de rua, Povos e comunidades tradicionais (indígenas, quilombolas, ribeirinhos, etc.), Pessoas e famílias atingidas por situações de emergência ou calamidade pública",205,0,-29.9902350,-51.1957771
CS017693,UTT YLÉ AFRICANO OXALÁ E YEMANJÁ AXÉ DE XAPANÃ,"Rua da Prudência, 438",Cavalhada,91920-340,PORTO ALEGRE,4314902,RS,Isabelneta445@gmal.com.com,,"Sim, está funcionando normalmente",2 vezes por semana,Habilitada,"Pessoas em situação de rua, Pessoas e famílias atingidas por situações de emergência ou calamidade pública, Outros grupos de pessoas em situação de vulnerabilidade social",100,100,-30.1137910,-51.2309761
CS016792,COZINHA DAS MAIS VELHAS DO KILOMBO,"Benjamin Constant,1327, 1327",Porto,96010-020,PELOTAS,4314407,RS,manjourany@gmail.com,,"Sim, está funcionando normalmente",7 vezes por semana,Habilitada,"Mulheres, Jovens, Crianças, Idosos, População LGBTQIA+, Trabalhadores informais diversos (Motoristas de aplicativos, motoboys, serventes ou outros), Pessoas em situação de rua, Famílias beneﬁciárias do Programa Bolsa Família e famílias inscritas no Cadastro Único , Povos e comunidades tradicionais (indígenas, quilombolas, ribeirinhos, etc.), Pessoas e famílias atingidas por situações de emergência ou calamidade pública, Imigrantes, Grupo específico vinculado a determinada localidade, atividade, serviço ou movimento, Outros grupos de pessoas em situação de vulnerabilidade social",580,250,-31.7800259,-52.3392827
CS020868,ELAINE MARIA GARCIA,"Rua Diretriz tres mil 728, 43",São Jose Loteamento Sao Guilherm,91520-658,PORTO ALEGRE,4314902,RS,crisgarciaabreu@hotmail.com,,"Sim, está funcionando normalmente",3 vezes por semana,Habilitada,"Mulheres, Jovens, Crianças, Idosos, População LGBTQIA+, Trabalhadores informais diversos (Motoristas de aplicativos, motoboys, serventes ou outros), Pessoas em situação de rua, Famílias beneﬁciárias do Programa Bolsa Família e famílias inscritas no Cadastro Único , Pessoas e famílias atingidas por situações de emergência ou calamidade pública",200,0,-30.0664210,-51.1596330
CS020878,COZINHA SOLIDARIA KOLPING,"rua presidente vargas, 1876",centro,64148-000,CAMPO LARGO DO PIAUÍ,2202174,PI,kolpingcampolargodopiaui@gmail.com,07.794.963/0001-53,"Sim, está funcionando normalmente",2 vezes por semana,Habilitada,"Mulheres, Jovens, Crianças, Idosos, População LGBTQIA+, Agricultores Familiares e Campesinos, Famílias beneﬁciárias do Programa Bolsa Família e famílias inscritas no Cadastro Único , Povos e comunidades tradicionais (indígenas, quilombolas, ribeirinhos, etc.), Assentados da Reforma Agrária, Outros grupos de pessoas em situação de vulnerabilidade social",25,50,-3.8111128,-42.6318171
CS020540,COZINHA SOLIDÁRIA MARIAS BONITAS FAZENDO HISTÓRIA,"Rua Nova, 100",Urlândia,97070-560,SANTA MARIA,4316907,RS,elisianepahim@gmail.com,,"Sim, está funcionando normalmente",2 vezes por semana,Habilitada,"Mulheres, Crianças, Idosos, Famílias beneﬁciárias do Programa Bolsa Família e famílias inscritas no Cadastro Único ",80,0,-29.7143484,-53.8265594
CS020963,COZINHA SOLIDÁRIA  UTT PONTO DE CULTURA ANCESTRALIDADE  FERNANDO DOS SANTOS  MARIA ENI FERREIRA DA TRINDADE  ETERNO SAÍMOM PASSISTA EM ÁGUAS EM OURO REINO DE OSÚM,"Estrada Afonso Lourenço Mariante, 02, Rua 04",Lomba do Pinheiro,91550-890,PORTO ALEGRE,4314902,RS,ylereinodeosun@gmail.com,,"Sim, está funcionando normalmente",3 vezes por semana,Habilitada,"Mulheres, Jovens, Crianças, Idosos, População LGBTQIA+, Trabalhadores informais diversos (Motoristas de aplicativos, motoboys, serventes ou outros), Famílias beneﬁciárias do Programa Bolsa Família e famílias inscritas no Cadastro Único , Pessoas e famílias atingidas por situações de emergência ou calamidade pública",105,0,-30.1151874,-51.1770441
CS020599,COMER PRA FORTALECER,"Rua major Pedro cartão, SN",Mondego,62760-000,BATURITÉ,2302107,CE,danilasilva341@gmail.com,,Está funcionando com carga horária reduzida,3 vezes por semana,Habilitada,"Crianças, Idosos, Pessoas em situação de rua, Famílias beneﬁciárias do Programa Bolsa Família e famílias inscritas no Cadastro Único , Outros grupos de pessoas em situação de vulnerabilidade social",68,2,-4.3201500,-38.8833883
CS020887,SANTO ANTÔNIO DA CABOCLA JUREMA,"Rua Ponche Verde, 81",Medianeira,90870-400,PORTO ALEGRE,4314902,RS,sr5609432@gmail.com,,"Sim, está funcionando normalmente",3 vezes por semana,Habilitada,"Mulheres, Jovens, Crianças, Idosos, Pessoas em situação de rua, Povos e comunidades tradicionais (indígenas, quilombolas, ribeirinhos, etc.), Pessoas e famílias atingidas por situações de emergência ou calamidade pública, Outros grupos de pessoas em situação de vulnerabilidade social",115,0,-30.0680362,-51.2120179
CS020988,SOPA SOLIDARIA,"Rua Alegria de Jardim, 80",Santos Dumont,93115-733,SÃO LEOPOLDO,4318705,RS,vaninunes1216@gmail.com,,"Sim, está funcionando normalmente",1 vez por semana,Habilitada,"Mulheres, Jovens, Crianças, Idosos, População LGBTQIA+, Trabalhadores informais diversos (Motoristas de aplicativos, motoboys, serventes ou outros), Pessoas em situação de rua, Famílias beneﬁciárias do Programa Bolsa Família e famílias inscritas no Cadastro Único , Pessoas e famílias atingidas por situações de emergência ou calamidade pública, Imigrantes",425,400,-29.7391528,-51.1367393
CS015637,COZINHA PARA O FUTURO,"RUA MANOEL ALVES DA ROCHA, 665",Pq Guarani,08235-620,SÃO PAULO,3550308,SP,institutovidaspelofuturo@gmail.com,40.483.172/0001-88,"Sim, está funcionando normalmente",2 vezes por semana,Habilitada,"Pessoas em situação de rua, Famílias beneﬁciárias do Programa Bolsa Família e famílias inscritas no Cadastro Único , Pessoas e famílias atingidas por situações de emergência ou calamidade pública, Imigrantes, Outros grupos de pessoas em situação de vulnerabilidade social",570,200,-23.5214901,-46.4634209
CS019913,COZINHA SOLIDARIA YLE AFRO UMBANDISTA XAPANÂ SAPATÁ E OXUM OLOBÁ,"Sargento Manoel Arruda, 435",Jardim Carvalho,91430-220,PORTO ALEGRE,4314902,RS,andreiacharao@hotmail.com,,Está funcionando com carga horária reduzida,3 vezes por semana,Habilitada,"Mulheres, Jovens, Crianças, Idosos, População LGBTQIA+, Trabalhadores informais diversos (Motoristas de aplicativos, motoboys, serventes ou outros), Famílias beneﬁciárias do Programa Bolsa Família e famílias inscritas no Cadastro Único ",50,0,-30.0470877,-51.1466833
CS020347,CHÁCARA DO PRIMEIRO,"Rua SRG RONALDO MACHADO, 30",Coronel Aparício Borges,91510-856,PORTO ALEGRE,4314902,RS,verameneghetti63@gmail.com,45.491.071/0001-72,"Sim, está funcionando normalmente",2 vezes por semana,Habilitada,"Mulheres, Jovens, Crianças, Idosos, População LGBTQIA+, Agricultores Familiares e Campesinos, Trabalhadores informais diversos (Motoristas de aplicativos, motoboys, serventes ou outros), Pessoas em situação de rua, Famílias beneﬁciárias do Programa Bolsa Família e famílias inscritas no Cadastro Único , Povos e comunidades tradicionais (indígenas, quilombolas, ribeirinhos, etc.), Pessoas e famílias atingidas por situações de emergência ou calamidade pública, Outros grupos de pessoas em situação de vulnerabilidade social",128,250,-30.0829768,-51.1730338
CS020444,COZINHA SCALABRINI MORRO QUENTE,"Estrada Cristiano Krarmer, 37",Vila Nova,91750-060,PORTO ALEGRE,4314902,RS,marad2204@hotmail.com,,"Sim, está funcionando normalmente",1 vez por semana,Habilitada,"Mulheres, Jovens, Crianças, Idosos, Trabalhadores informais diversos (Motoristas de aplicativos, motoboys, serventes ou outros), Pessoas em situação de rua, Famílias beneﬁciárias do Programa Bolsa Família e famílias inscritas no Cadastro Único , Pessoas e famílias atingidas por situações de emergência ou calamidade pública, Outros grupos de pessoas em situação de vulnerabilidade social",340,100,-30.1176947,-51.2065987
CS020907,NUTRIR E PREVENIR,"Rua Miguel Romano, 157 B",Centro,07012-060,GUARULHOS,3518800,SP,associacaomarinatti@gmail.com,47.842.854/0001-89,"Sim, está funcionando normalmente",1 vez por semana,Habilitada,"Mulheres, Jovens, Crianças, Idosos, População LGBTQIA+, Pessoas em situação de rua, Famílias beneﬁciárias do Programa Bolsa Família e famílias inscritas no Cadastro Único , Outros grupos de pessoas em situação de vulnerabilidade social",100,0,-23.4713448,-46.5276926
CS020394,OXUM PANDA,"Avenida Vinte e Um de Abril, 632",Sarandi,91120-630,PORTO ALEGRE,4314902,RS,miseriazero72@gmail.com,,"Sim, está funcionando normalmente",1 vez por semana,Habilitada,"Mulheres, Crianças, Idosos, Trabalhadores informais diversos (Motoristas de aplicativos, motoboys, serventes ou outros), Pessoas em situação de rua, Famílias beneﬁciárias do Programa Bolsa Família e famílias inscritas no Cadastro Único , Pessoas e famílias atingidas por situações de emergência ou calamidade pública, Outros grupos de pessoas em situação de vulnerabilidade social",166,150,-29.9872476,-51.1296870
CS020784,UNIDOS PELA FÉ,"Rua Professor Augusto Osvaldo Thiesen, 375",Rubem Berta,91250-340,PORTO ALEGRE,4314902,RS,santosdasilvajuniorpaulo@gmail.com,,"Sim, está funcionando normalmente",3 vezes por semana,Habilitada,"Mulheres, Jovens, Crianças, Idosos, Trabalhadores informais diversos (Motoristas de aplicativos, motoboys, serventes ou outros), Pessoas em situação de rua",50,0,-30.0219724,-51.1012996
CS020392,NOVO AMANHÃ,"Rua Ângelo Barbosa, 408",cavalhada,90510-000,PORTO ALEGRE,4314902,RS,miseriazero72@gmail.com,11.880.369/0001-52,"Sim, está funcionando normalmente",1 vez por semana,Habilitada,"Mulheres, Crianças, Idosos, Trabalhadores informais diversos (Motoristas de aplicativos, motoboys, serventes ou outros), Pessoas em situação de rua, Famílias beneﬁciárias do Programa Bolsa Família e famílias inscritas no Cadastro Único , Pessoas e famílias atingidas por situações de emergência ou calamidade pública",83,80,-30.1040773,-51.2277277
CS019804,COZINHA REVELAÇÃO,"Av. N, 2031",Prefeito José Walter,60750-130,FORTALEZA,2304400,CE,santossocorro873@gmail.com,,"Sim, está funcionando normalmente",5 vezes por semana,Habilitada,"Mulheres, Crianças, Idosos, Outros grupos de pessoas em situação de vulnerabilidade social",100,100,-3.8334758,-38.5498803
CS020664,COZINHA DA ASSOCIAÇÃO BABI,"Rua do Poente, 148",Conjunto Marcos Freire,07263-721,GUARULHOS,3518800,SP,associacaobabi@gmail.com,08.033.435/0001-44,"Sim, está funcionando normalmente",5 vezes por semana,Habilitada,"Mulheres, Jovens, População LGBTQIA+, Trabalhadores informais diversos (Motoristas de aplicativos, motoboys, serventes ou outros), Famílias beneﬁciárias do Programa Bolsa Família e famílias inscritas no Cadastro Único , Imigrantes, Grupo específico vinculado a determinada localidade, atividade, serviço ou movimento, Outros grupos de pessoas em situação de vulnerabilidade social",125,100,-23.4617458,-46.4047928
CS020385,CRISTAL AS GURIAS,"ACS F, 594",Vila Nova,91750-734,PORTO ALEGRE,4314902,RS,miseriazero72@gmail.com,,"Sim, está funcionando normalmente",1 vez por semana,Habilitada,"Mulheres, Crianças, Idosos, Trabalhadores informais diversos (Motoristas de aplicativos, motoboys, serventes ou outros), Pessoas em situação de rua, Famílias beneﬁciárias do Programa Bolsa Família e famílias inscritas no Cadastro Único , Pessoas e famílias atingidas por situações de emergência ou calamidade pública, Outros grupos de pessoas em situação de vulnerabilidade social",210,180,-30.1221309,-51.2020484
CS020384,COADESC,"Rua Seis, 113",Farrapos,90250-610,PORTO ALEGRE,4314902,RS,mizeriazero72@gmail.com,,"Sim, está funcionando normalmente",5 vezes por semana,Habilitada,"Mulheres, Idosos, Trabalhadores informais diversos (Motoristas de aplicativos, motoboys, serventes ou outros), Pessoas em situação de rua, Famílias beneﬁciárias do Programa Bolsa Família e famílias inscritas no Cadastro Único , Pessoas e famílias atingidas por situações de emergência ou calamidade pública",198,200,-29.9784646,-51.1982455
CS020383,SOCIEDADE ESPIRITA PAZ E LUZ,"Rua Alfeu Letti, 533",Morada do Vale I,94085-100,GRAVATAÍ,4309209,RS,miseriazero72@gmail.com,,"Sim, está funcionando normalmente",2 vezes por semana,Habilitada,"Mulheres, Jovens, Crianças, Idosos, Trabalhadores informais diversos (Motoristas de aplicativos, motoboys, serventes ou outros), Pessoas em situação de rua, Famílias beneﬁciárias do Programa Bolsa Família e famílias inscritas no Cadastro Único , Pessoas e famílias atingidas por situações de emergência ou calamidade pública",1106,1000,-29.9187622,-51.0572419
CS020382,COZINHA COMUNITARIA CARMEM DE NITEROI AMIGOS DA BOLA,"rua maranhao, 349",niteroi,92130-150,CANOAS,4304606,RS,miseriazero72@gmail.com,,"Sim, está funcionando normalmente",2 vezes por semana,Habilitada,"Mulheres, Crianças, Idosos, Trabalhadores informais diversos (Motoristas de aplicativos, motoboys, serventes ou outros), Pessoas em situação de rua, Famílias beneﬁciárias do Programa Bolsa Família e famílias inscritas no Cadastro Único , Pessoas e famílias atingidas por situações de emergência ou calamidade pública",185,150,-29.9572528,-51.1611533
CS020295,COZINHA SOLIDÁRIA JARDIM EUROPA,"Rua Maria Agueda, 73",Santa Tereza,90843-040,PORTO ALEGRE,4314902,RS,mylenasoaresdarosa@gmail.com,,"Sim, está funcionando normalmente",1 vez por semana,Habilitada,"Mulheres, Jovens, Crianças, Idosos, Pessoas em situação de rua, Famílias beneﬁciárias do Programa Bolsa Família e famílias inscritas no Cadastro Único , Pessoas e famílias atingidas por situações de emergência ou calamidade pública, Outros grupos de pessoas em situação de vulnerabilidade social",203,300,-30.0811878,-51.2247429
CS020585,UTT CABOCLA JUREMA E OGUM ROMPE MATO,"Rua Egon Frederico Becker, 308",Morro Santana,91260-130,PORTO ALEGRE,4314902,RS,itanajara.almeida@gmail.com,,Está funcionando com carga horária reduzida,2 vezes por semana,Habilitada,"Mulheres, Jovens, Crianças, Idosos, População LGBTQIA+, Trabalhadores informais diversos (Motoristas de aplicativos, motoboys, serventes ou outros), Famílias beneﬁciárias do Programa Bolsa Família e famílias inscritas no Cadastro Único , Pessoas e famílias atingidas por situações de emergência ou calamidade pública",18,0,-30.0338794,-51.1333923
CS020680,ANITA SANTOS,"Avenida Teresa Cristina, 420",Carlos Prates,30410-620,BELO HORIZONTE,3106200,MG,pastoralrua@yahoo.com.br,,"Sim, está funcionando normalmente",1 vez por semana,Habilitada,Pessoas em situação de rua,300,0,-19.9185525,-43.9592389
CS020414,COZINHA SOLIDARIA OLÙFÉ,"Rua Claudionor Morais, 661",Glória,91710-150,PORTO ALEGRE,4314902,RS,olufecapoeiraolufe@gmail.com,,"Sim, está funcionando normalmente",4 vezes por semana,Habilitada,"Mulheres, Jovens, Crianças, Idosos, População LGBTQIA+, Trabalhadores informais diversos (Motoristas de aplicativos, motoboys, serventes ou outros), Pessoas em situação de rua, Famílias beneﬁciárias do Programa Bolsa Família e famílias inscritas no Cadastro Único , Pessoas e famílias atingidas por situações de emergência ou calamidade pública",183,200,-30.0778349,-51.1876911
CS020870,INSTITUTO DE DESENVOLVIMENTO SOCIAL FÊNIX,"Avenida Governador Valadares, 823",Manoel Honório,36051-550,JUIZ DE FORA,3136702,MG,vamafar3@gmail.com,46.275.828/0001-53,"Sim, está funcionando normalmente",4 vezes por semana,Habilitada,"Mulheres, Idosos, População LGBTQIA+, Pessoas em situação de rua, Famílias beneﬁciárias do Programa Bolsa Família e famílias inscritas no Cadastro Único , Pessoas e famílias atingidas por situações de emergência ou calamidade pública",48,150,-21.7429351,-43.3495813
CS016377,COZINHA SOLIDÁRIA CASA CUIDADO,"Rua Glauco, 18",Parque Paulista,25261-510,DUQUE DE CAXIAS,3301702,RJ,casacuidadomcdt@gmail.com,55.213.587/0001-09,"Sim, está funcionando normalmente",3 vezes por semana,Habilitada,"Mulheres, Crianças, Idosos, Famílias beneﬁciárias do Programa Bolsa Família e famílias inscritas no Cadastro Único , Pessoas e famílias atingidas por situações de emergência ou calamidade pública, Outros grupos de pessoas em situação de vulnerabilidade social",400,60,-22.6405808,-43.2653386
CS021084,COZINHA SOLIDÁRIA DA TIA ZÉLIA,"Rua Manoel Vieira da Rosa, 311",Lami,91787-566,PORTO ALEGRE,4314902,RS,zeliadasilva2829@gmail.com,,"Sim, está funcionando normalmente",6 vezes por semana,Habilitada,"Mulheres, Jovens, Crianças, Idosos, Pessoas em situação de rua, Povos e comunidades tradicionais (indígenas, quilombolas, ribeirinhos, etc.), Pessoas e famílias atingidas por situações de emergência ou calamidade pública",300,0,-30.2325270,-51.0926284
CS020888,CASA DE APOIO AO PACIENTE COM CÂNCER ANA,"Quadra 104 Conjunto 3, 16",Recanto das Emas,72600-403,BRASÍLIA,5300108,DF,casaanacapca@gmail.com,34.294.338/0001-15,"Sim, está funcionando normalmente",2 vezes por semana,Habilitada,"Mulheres, Jovens, Crianças, Idosos, Outros grupos de pessoas em situação de vulnerabilidade social",100,200,-15.9006814,-48.0706596
CS020511,COZINHA SOLIDARIA - NUCLEO BATUIRA,"Rua Francisco de Paula Santana, 44",Vila das Palmeiras,07112-020,GUARULHOS,3518800,SP,cozinhasolidaria.batuira@gmail.com,43.844.273/0001-25,"Sim, está funcionando normalmente",7 vezes por semana,Habilitada,"Mulheres, Idosos, População LGBTQIA+, Pessoas em situação de rua, Famílias beneﬁciárias do Programa Bolsa Família e famílias inscritas no Cadastro Único , Imigrantes, Outros grupos de pessoas em situação de vulnerabilidade social",337,290,-23.4702906,-46.5210005
CS021056,CASA SANTA DULCDE DOS POBRES,"Rua Casa Branca, 1655",Vila Brasil,14075-570,RIBEIRÃO PRETO,3543402,SP,casasantamarta.cmdm@gmail.com,05.962.177/0003-54,"Sim, está funcionando normalmente",7 vezes por semana,Habilitada,Pessoas em situação de rua,50,200,-21.1280156,-47.7800823
CS020825,BOM SAMARITANO,"Rua: Augusto Biagi, 225",Centro,14150-000,SERRANA,3551504,SP,ribomsamaritano.serrana@gmail.com,05.962.177/0004-35,"Sim, está funcionando normalmente",7 vezes por semana,Habilitada,"Mulheres, Jovens, Idosos, Famílias beneﬁciárias do Programa Bolsa Família e famílias inscritas no Cadastro Único ",7,200,-21.2162364,-47.5982631
CS021034,SEMEANDO,"Rua Aloysio Cliford Molter, 355",Arroio da Manteiga,93135-105,SÃO LEOPOLDO,4318705,RS,raquelstrasburg@yahoo.com,,"Sim, está funcionando normalmente",3 vezes por semana,Habilitada,"Mulheres, Jovens, Crianças, Idosos, População LGBTQIA+, Pessoas em situação de rua, Famílias beneﬁciárias do Programa Bolsa Família e famílias inscritas no Cadastro Único , Imigrantes",99,200,-29.7410127,-51.1718977
CS020681,COZINHA ANCESTRAL MÃE RÊNIS DE OXUMARÊ,"Rua Milton, S/n",Grande Rio,25540-050,SÃO JOÃO DE MERITI,3305109,RJ,ethycosta05@gmail.com,,"Sim, está funcionando normalmente",3 vezes por semana,Habilitada,"Mulheres, Jovens, Crianças, Idosos, População LGBTQIA+, Trabalhadores informais diversos (Motoristas de aplicativos, motoboys, serventes ou outros), Pessoas em situação de rua, Famílias beneﬁciárias do Programa Bolsa Família e famílias inscritas no Cadastro Único , Povos e comunidades tradicionais (indígenas, quilombolas, ribeirinhos, etc.), Outros grupos de pessoas em situação de vulnerabilidade social",190,120,-22.7823836,-43.3984368
CS020706,COZINHA COMUNITÁRIA LINHA VIVA,"Juvenal Silveira Da Silva, 276",Fragata,96045-610,PELOTAS,4314407,RS,linhaviva276@gmail.com,,Está funcionando com carga horária reduzida,1 vez por semana,Habilitada,"Mulheres, Jovens, Crianças, População LGBTQIA+, Famílias beneﬁciárias do Programa Bolsa Família e famílias inscritas no Cadastro Único , Pessoas e famílias atingidas por situações de emergência ou calamidade pública, Outros grupos de pessoas em situação de vulnerabilidade social",110,150,-31.7619960,-52.3658848
CS018535,INSTITUTO MUNDO NOVO,"Rua Adolfo de Albuquerque, 109",Chatuba,26585-520,MESQUITA,3302858,RJ,contato@institutomundonovo.org.br,07.031.769/0001-16,"Sim, está funcionando normalmente",6 vezes por semana,Habilitada,"Mulheres, Jovens, Crianças, Idosos, População LGBTQIA+, Trabalhadores informais diversos (Motoristas de aplicativos, motoboys, serventes ou outros), Famílias beneﬁciárias do Programa Bolsa Família e famílias inscritas no Cadastro Único , Pessoas e famílias atingidas por situações de emergência ou calamidade pública, Grupo específico vinculado a determinada localidade, atividade, serviço ou movimento, Outros grupos de pessoas em situação de vulnerabilidade social",1200,1000,-22.8027705,-43.4404496
CS020715,COZINHA SEMEANDO AMOR,"Rua São Geraldo, 19",Zumbi do Pacheco,54300-301,JABOATÃO DOS GUARARAPES,2607901,PE,semeandoamor2023@gmail.com,,Está funcionando com carga horária reduzida,Quinzenalmente,Habilitada,"População LGBTQIA+, Pessoas em situação de rua, Famílias beneﬁciárias do Programa Bolsa Família e famílias inscritas no Cadastro Único , Pessoas e famílias atingidas por situações de emergência ou calamidade pública, Outros grupos de pessoas em situação de vulnerabilidade social",900,400,-8.1303664,-34.9588929
CS020951,COZINHA COMUNITÁRIA DA HORTA URBANA,"Quadra 2 Conjunto 2 Lote 1, SN",Paranoá Parque (Paranoá),71587-240,BRASÍLIA,5300108,DF,norma.mve@gmail.com,47.445.710/0001-99,"Sim, está funcionando normalmente",3 vezes por semana,Habilitada,"Mulheres, Jovens, Crianças, Idosos, População LGBTQIA+, Trabalhadores informais diversos (Motoristas de aplicativos, motoboys, serventes ou outros), Pessoas em situação de rua, Famílias beneﬁciárias do Programa Bolsa Família e famílias inscritas no Cadastro Único , Outros grupos de pessoas em situação de vulnerabilidade social",25,0,-15.7684839,-47.7883049
CS014920,NÚCLEO PERIFÉRICO,"Alameda Dr. Muricy, 270",Centro,80010-120,CURITIBA,4106902,PR,nucleoperifericoctba@gmail.com,43.883.475/0001-86,"Sim, está funcionando normalmente",5 vezes por semana,Habilitada,"Mulheres, Jovens, Idosos, População LGBTQIA+, Trabalhadores informais diversos (Motoristas de aplicativos, motoboys, serventes ou outros), Pessoas em situação de rua, Famílias beneﬁciárias do Programa Bolsa Família e famílias inscritas no Cadastro Único , Imigrantes, Outros grupos de pessoas em situação de vulnerabilidade social",470,500,-25.4348660,-49.2708111
CS021058,CENTRO AFRICANO XAPANA,"Rua Professor Carvalho Freitas, 1280",Teresópolis,91720-090,PORTO ALEGRE,4314902,RS,juniormotoboy12@yahoo.com.br,,"Sim, está funcionando normalmente",3 vezes por semana,Habilitada,Outros grupos de pessoas em situação de vulnerabilidade social,60,0,-30.0809764,-51.1995346
CS020997,ARCA BRASILEIRA JACUTÁ DE IANSÃ,"Rua Aroeira Neves, 151, 151",Álvaro Camargos,30860-000,BELO HORIZONTE,3106200,MG,Kitabrito@gmail.com,00.764.245/0001-95,"Sim, está funcionando normalmente",4 vezes por semana,Habilitada,"Mulheres, Jovens, Crianças, Idosos, População LGBTQIA+, Povos e comunidades tradicionais (indígenas, quilombolas, ribeirinhos, etc.), Outros grupos de pessoas em situação de vulnerabilidade social",32,3,-19.9167898,-44.0059266
CS020998,MERCADO SOLIDÁRIO,"Rua Estudante Jeremias Bastos, 352",Pina,51011-040,RECIFE,2611606,PE,contato2@estreladodeserto.ong.br,39.828.715/0001-72,"Sim, está funcionando normalmente",Somente em dia de eventos,Habilitada,"Mulheres, Jovens, Crianças, Idosos, População LGBTQIA+",0,0,-8.0934231,-34.8847776
CS020847,COZINHA ALIMENTANDO VIDAS,"Quadra 25 Conjunto E, 11",Setor Residencial Leste (Planaltina),73358-225,BRASÍLIA,5300108,DF,institutoapoioavida@gmail.com,41.936.863/0001-52,Está funcionando com carga horária reduzida,3 vezes por semana,Habilitada,"Mulheres, Jovens, Crianças, Idosos, População LGBTQIA+, Trabalhadores informais diversos (Motoristas de aplicativos, motoboys, serventes ou outros), Pessoas em situação de rua, Famílias beneﬁciárias do Programa Bolsa Família e famílias inscritas no Cadastro Único , Grupo específico vinculado a determinada localidade, atividade, serviço ou movimento, Outros grupos de pessoas em situação de vulnerabilidade social",175,580,-15.6179164,-47.6373669
CS016608,CASA FILHOS DA ARVORE DA JUREMA,"Rua Pracinha Izidro Mattoso, 50",Areal,96077-690,PELOTAS,4314407,RS,kitanjimona@gmail.com,,"Sim, está funcionando normalmente",4 vezes por semana,Habilitada,"Pessoas em situação de rua, Famílias beneﬁciárias do Programa Bolsa Família e famílias inscritas no Cadastro Único , Povos e comunidades tradicionais (indígenas, quilombolas, ribeirinhos, etc.), Grupo específico vinculado a determinada localidade, atividade, serviço ou movimento, Outros grupos de pessoas em situação de vulnerabilidade social",120,100,-31.7595882,-52.3296514
CS019341,COZINHA UNIÃO POR MORADIA POPULAR RS - VIDA NOVA,"Estrada do Rincão 4060, Rua A, casa 29",Belem Velho,91787-380,PORTO ALEGRE,4314902,RS,CAPIMRS@GMAIL.COM,,"Sim, está funcionando normalmente",3 vezes por semana,Habilitada,"Mulheres, Jovens, Crianças, Idosos, Trabalhadores informais diversos (Motoristas de aplicativos, motoboys, serventes ou outros), Pessoas em situação de rua, Famílias beneﬁciárias do Programa Bolsa Família e famílias inscritas no Cadastro Único , Povos e comunidades tradicionais (indígenas, quilombolas, ribeirinhos, etc.), Pessoas e famílias atingidas por situações de emergência ou calamidade pública, Imigrantes, Grupo específico vinculado a determinada localidade, atividade, serviço ou movimento, Outros grupos de pessoas em situação de vulnerabilidade social",445,200,-30.1381789,-51.1352425
CS021175,COZINHA DE QUILOMBO,"RUA ANTONIO CARLOS PANTOJA - nº100, 1",SANTANA DO CAPIM,68658-000,AURORA DO PARÁ,1500958,PA,associacaoarquirc2024@gmail.com,56.081.308/0001-63,Está funcionando com carga horária reduzida,1 vez por semana,Habilitada,"Mulheres, Jovens, Crianças, Idosos, Trabalhadores informais diversos (Motoristas de aplicativos, motoboys, serventes ou outros), Famílias beneﬁciárias do Programa Bolsa Família e famílias inscritas no Cadastro Único , Povos e comunidades tradicionais (indígenas, quilombolas, ribeirinhos, etc.), Assentados da Reforma Agrária",160,0,-2.0321612,-47.7498617
CS020898,COZINHA SOLIDÁRIA TIA EVA (NUTRINDO VIDAS E ALIVIANDO A FOME DO IRMÃO),"Rua Osório Franco Vilhena, 1503",Vila Curuçá,08030-590,SÃO PAULO,3550308,SP,familiaconstruindoofuturo@gmail.com,49.370.753/0001-88,Está funcionando com carga horária reduzida,Uma vez ao mês,Habilitada,"Mulheres, Jovens, Crianças, Idosos, Outros grupos de pessoas em situação de vulnerabilidade social",20,0,-23.5149858,-46.4187677
CS020956,SOCIEDADE BENEFICENTE SOPA DOS POBRES,"Rua Santo Antônio, 110",Centro,36015-000,JUIZ DE FORA,3136702,MG,sbsopadospobres@gmail.com,21.618.418/0001-37,"Sim, está funcionando normalmente",5 vezes por semana,Habilitada,"Mulheres, Jovens, Crianças, Idosos, População LGBTQIA+, Trabalhadores informais diversos (Motoristas de aplicativos, motoboys, serventes ou outros), Pessoas em situação de rua, Famílias beneﬁciárias do Programa Bolsa Família e famílias inscritas no Cadastro Único , Imigrantes, Outros grupos de pessoas em situação de vulnerabilidade social",255,280,-21.7543788,-43.3530281
CS020980,SEMEANDO O BEM,"Rua Ida Joana Roth, 214",Rio Branco,93040-600,SÃO LEOPOLDO,4318705,RS,rosamarilu1967@gmail.com,,"Sim, está funcionando normalmente",2 vezes por semana,Habilitada,"Mulheres, Jovens, Crianças, Idosos, Famílias beneﬁciárias do Programa Bolsa Família e famílias inscritas no Cadastro Único , Povos e comunidades tradicionais (indígenas, quilombolas, ribeirinhos, etc.), Pessoas e famílias atingidas por situações de emergência ou calamidade pública, Imigrantes, Outros grupos de pessoas em situação de vulnerabilidade social",460,200,-29.7740186,-51.1279826
CS020572,VIVER MELHOR,"Rua Aracitaba, 340",Vila Nova Bom Sucesso,07176-371,GUARULHOS,3518800,SP,ecultural20@gmail.com,40.255.912/0001-29,Está funcionando com carga horária reduzida,3 vezes por semana,Habilitada,"Pessoas em situação de rua, Famílias beneﬁciárias do Programa Bolsa Família e famílias inscritas no Cadastro Único , Pessoas e famílias atingidas por situações de emergência ou calamidade pública, Outros grupos de pessoas em situação de vulnerabilidade social",150,150,-23.4040130,-46.3890817
CS020646,COZINHA SOLIDÁRIA SANTA HELENA- ESPERANÇAR,"Rua Vale Verde, 40",Lomba do Pinheiro,91560-000,PORTO ALEGRE,4314902,RS,maffeimaristela@gmail.com,,"Sim, está funcionando normalmente",3 vezes por semana,Habilitada,"Mulheres, Jovens, Crianças, Idosos, Famílias beneﬁciárias do Programa Bolsa Família e famílias inscritas no Cadastro Único , Imigrantes, Grupo específico vinculado a determinada localidade, atividade, serviço ou movimento",460,282,-30.1095426,-51.1027878
CS021047,CENTRO AFRICANO JUREMINHA FLECHEIRA E OGUM MEGE,"Rua Alceu Rosa da Silva, 14",Mário Quintana,91261-300,PORTO ALEGRE,4314902,RS,lucianrosadasilva@gmail.com,,Está funcionando com carga horária reduzida,1 vez por semana,Habilitada,"Mulheres, Jovens, Crianças, Idosos, População LGBTQIA+, Famílias beneﬁciárias do Programa Bolsa Família e famílias inscritas no Cadastro Único , Pessoas e famílias atingidas por situações de emergência ou calamidade pública, Imigrantes, Outros grupos de pessoas em situação de vulnerabilidade social",200,0,-30.0328557,-51.0993014
CS021199,BOM FIM,"Rua Dona Albertina, 165",Santos Dumont,93115-070,SÃO LEOPOLDO,4318705,RS,karinacose76@gmail.com,,"Sim, está funcionando normalmente",4 vezes por semana,Habilitada,"Mulheres, Jovens, Crianças, Idosos, População LGBTQIA+, Trabalhadores informais diversos (Motoristas de aplicativos, motoboys, serventes ou outros), Pessoas em situação de rua, Famílias beneﬁciárias do Programa Bolsa Família e famílias inscritas no Cadastro Único , Imigrantes",85,130,-29.7410608,-51.1466479
CS020696,COZINHA COLETIVO PRETA VELHA,"Rua Gabriel Fialho Camargo, 50",Santa Tereza,90880-220,PORTO ALEGRE,4314902,RS,coletivopretavelha@gmail.com,47.083.953/0001-24,"Sim, está funcionando normalmente",2 vezes por semana,Habilitada,"Mulheres, Jovens, Crianças, Idosos, Trabalhadores informais diversos (Motoristas de aplicativos, motoboys, serventes ou outros), Pessoas em situação de rua, Famílias beneﬁciárias do Programa Bolsa Família e famílias inscritas no Cadastro Único , Pessoas e famílias atingidas por situações de emergência ou calamidade pública",270,400,-30.0686473,-51.2160901
CS021240,PANELAS DO BEM,"Rua Serra da Seriema, 377",Jardim Nova Vitória I,08373-185,SÃO PAULO,3550308,SP,institutoaten@gmail.com,37.387.856/0001-71,"Sim, está funcionando normalmente",3 vezes por semana,Habilitada,"Mulheres, Idosos, Pessoas em situação de rua, Outros grupos de pessoas em situação de vulnerabilidade social",200,0,-23.6106793,-46.4328106
CS020545,FAMILIA COOPERTINGA,"joao antonio da silveira, 3240",restinga,91791-540,PORTO ALEGRE,4314902,RS,coopertinga.reciclagem@gmail.com,,"Sim, está funcionando normalmente",5 vezes por semana,Habilitada,"Mulheres, Jovens, Crianças, Idosos, População LGBTQIA+, Agricultores Familiares e Campesinos, Trabalhadores informais diversos (Motoristas de aplicativos, motoboys, serventes ou outros), Pessoas em situação de rua, Famílias beneﬁciárias do Programa Bolsa Família e famílias inscritas no Cadastro Único , Povos e comunidades tradicionais (indígenas, quilombolas, ribeirinhos, etc.), Pessoas e famílias atingidas por situações de emergência ou calamidade pública, Imigrantes, Assentados da Reforma Agrária, Grupo específico vinculado a determinada localidade, atividade, serviço ou movimento, Outros grupos de pessoas em situação de vulnerabilidade social",110,100,-30.1462531,-51.1304236
CS019927,ASSOCIAÇÃO COMUNITÁRIA DOS MORADORES MURICIENSES,"Rua do Comercio, 73",CENTRO,57820-000,MURICI,2705507,AL,ascommurici@outlook.com,12.719.712/0001-44,"Sim, está funcionando normalmente",1 vez por semana,Habilitada,"Mulheres, Jovens, Crianças, Idosos, População LGBTQIA+, Famílias beneﬁciárias do Programa Bolsa Família e famílias inscritas no Cadastro Único , Pessoas e famílias atingidas por situações de emergência ou calamidade pública, Outros grupos de pessoas em situação de vulnerabilidade social",5970,200,-9.3122820,-35.9516350
CS020960,ARRAIAL DA GLÓRIA,"Rua Santiago Dantas, 08",Glória,91710-030,PORTO ALEGRE,4314902,RS,arraialdagloria08@gmail.com,29.348.902/0001-03,"Não, a Cozinha encontra-se paralisada, sem atividade",6 vezes por semana,Habilitada,"Mulheres, Jovens, Crianças, Idosos, População LGBTQIA+, Trabalhadores informais diversos (Motoristas de aplicativos, motoboys, serventes ou outros), Pessoas em situação de rua, Famílias beneﬁciárias do Programa Bolsa Família e famílias inscritas no Cadastro Único , Povos e comunidades tradicionais (indígenas, quilombolas, ribeirinhos, etc.), Pessoas e famílias atingidas por situações de emergência ou calamidade pública, Imigrantes",145,0,-30.0789330,-51.1946676
CS021204,EXTERNATO SÃO FRANCISCO DE ASSIS,"Avenida Doutor Edelzio Vieira de Melo, 585",Suíça,49052-240,ARACAJU,2800308,SE,esfaaracaju@gmail.com,10.970.689/0010-21,"Sim, está funcionando normalmente",5 vezes por semana,Habilitada,"Crianças, Famílias beneﬁciárias do Programa Bolsa Família e famílias inscritas no Cadastro Único , Outros grupos de pessoas em situação de vulnerabilidade social",50,330,-10.9233065,-37.0601388
CS021286,UNIAO SOLIDARIA,"Conjunto Parque dos Caetés, 1198-A",Benedito Bentes,57086-478,MACEIÓ,2704302,AL,zezept2019@gmail.com,53.243.950/0001-03,Está funcionando com carga horária reduzida,3 vezes por semana,Habilitada,"Mulheres, Idosos",0,0,-9.5698916,-35.7042673
CS021188,ABBA ASSOCIAÇÃO BORBOLETAS NA BARRIGA,"Rua, vinte e três A, 238",Jd Campituba,13053-144,CAMPINAS,3509502,SP,borboletasnabarrigacb@gmail.com,50.489.422/0001-40,Está funcionando com carga horária reduzida,4 vezes por semana,Habilitada,"Mulheres, Jovens, Crianças, Trabalhadores informais diversos (Motoristas de aplicativos, motoboys, serventes ou outros), Famílias beneﬁciárias do Programa Bolsa Família e famílias inscritas no Cadastro Único ",60,110,-23.0380758,-47.1179202
CS020608,ASSOCIAÇÃO BENEFICENTE SÃO SEBASTIÃO,"Rua Angelo Leonardo Tonietto, 1732",Cidade Nova,95112-075,CAXIAS DO SUL,4305108,RS,eolcoski@gmail.com,,Está funcionando com carga horária reduzida,2 vezes por semana,Habilitada,"Mulheres, Jovens, Crianças, Idosos, População LGBTQIA+, Pessoas em situação de rua, Pessoas e famílias atingidas por situações de emergência ou calamidade pública, Outros grupos de pessoas em situação de vulnerabilidade social",520,200,-29.1718758,-51.2360766
CS019656,SAIF SERVIÇO DE ASSISTÊNCIA SOCIAL INDEPENDÊNCIA EM FOCO,"Rua Armando Mamede Júnior, 4",Parque Santa Rita,08150-070,SÃO PAULO,3550308,SP,independenciaemfocosaif@gmail.com,48.017.824/0001-09,"Sim, está funcionando normalmente",1 vez por semana,Habilitada,"Mulheres, Jovens, Crianças, Idosos, População LGBTQIA+, Trabalhadores informais diversos (Motoristas de aplicativos, motoboys, serventes ou outros), Pessoas em situação de rua, Famílias beneﬁciárias do Programa Bolsa Família e famílias inscritas no Cadastro Único , Povos e comunidades tradicionais (indígenas, quilombolas, ribeirinhos, etc.), Pessoas e famílias atingidas por situações de emergência ou calamidade pública, Imigrantes, Grupo específico vinculado a determinada localidade, atividade, serviço ou movimento, Outros grupos de pessoas em situação de vulnerabilidade social",551,240,-23.5178483,-46.4140065
CS021339,COZINHA MUDA XARÁ,"Rua Getúlio Vargas, 405",Xará (Barro Vermelho),94260-668,GRAVATAÍ,4309209,RS,dezinhafarias677@gmail.com,,"Sim, está funcionando normalmente",2 vezes por semana,Habilitada,"Mulheres, Jovens, Crianças, Idosos, Pessoas em situação de rua, Famílias beneﬁciárias do Programa Bolsa Família e famílias inscritas no Cadastro Único , Pessoas e famílias atingidas por situações de emergência ou calamidade pública, Imigrantes",533,200,-29.8953176,-50.8934265
CS021327,COZINHA FLOR DE MANDACARU,"Avenida das Jaqueiras, 45",Cidade Universitária,57074-130,MACEIÓ,2704302,AL,Flordemandacaru.maceio@gmail.com,53.796.803/0001-60,"Sim, está funcionando normalmente",1 vez por semana,Habilitada,"Mulheres, Jovens, Idosos",0,0,-9.5529458,-35.7462964
CS020554,COZINHA SOLIDÁRIA CAMPO DA TUCA,"Rua Largo das Paineiras, 35",Vila João Pessoa,91510-070,PORTO ALEGRE,4314902,RS,saseaccat@gmail.com,,Está funcionando com carga horária reduzida,2 vezes por semana,Habilitada,"Mulheres, Jovens, Crianças, Idosos, Pessoas em situação de rua",325,300,-30.0704050,-51.1759110
CS021361,COZINHA FÔLEGO SOCIAL,"Rua Buenos Aires, 842",Parque Paraíso,06852-430,ITAPECERICA DA SERRA,3522208,SP,contato@uniacao.org.br,18.758.115/0001-05,Está funcionando com carga horária reduzida,2 vezes por semana,Habilitada,"Mulheres, Jovens, Crianças, Idosos, População LGBTQIA+, Pessoas em situação de rua, Famílias beneﬁciárias do Programa Bolsa Família e famílias inscritas no Cadastro Único , Outros grupos de pessoas em situação de vulnerabilidade social",180,0,-23.7069931,-46.8604722
CS016454,COZINHA IMS,"SHSN Chácara 81 , Salas 103 a 107, Sol NascenteCEP 72236-800 Brasília – DF, Lotes 23 a 26",Sol Nascente,72236-800,BRASÍLIA,5300108,DF,contato@ims.org.br,05.488.350/0001-62,"Sim, está funcionando normalmente",1 vez por semana,Habilitada,"Mulheres, Jovens, Crianças, Idosos, População LGBTQIA+, Trabalhadores informais diversos (Motoristas de aplicativos, motoboys, serventes ou outros), Pessoas em situação de rua, Famílias beneﬁciárias do Programa Bolsa Família e famílias inscritas no Cadastro Único , Pessoas e famílias atingidas por situações de emergência ou calamidade pública, Outros grupos de pessoas em situação de vulnerabilidade social",150,300,-15.8266910,-47.9218204
CS021117,COZINHA SOLIDÁRIA ALVORADA - ASSOCIAÇÃO ALVORADA - ASALV,"Avenida Engenheiro Heitor Antônio Eiras Garcia, 7441",Jardim Esmeralda,05564-200,SÃO PAULO,3550308,SP,mariajisesilva123@gmail.com,21.520.257/0001-44,"Sim, está funcionando normalmente",3 vezes por semana,Habilitada,"Mulheres, Jovens, Crianças, Idosos, População LGBTQIA+, Trabalhadores informais diversos (Motoristas de aplicativos, motoboys, serventes ou outros), Pessoas em situação de rua, Famílias beneﬁciárias do Programa Bolsa Família e famílias inscritas no Cadastro Único , Imigrantes, Outros grupos de pessoas em situação de vulnerabilidade social",65,0,-23.6050742,-46.7898012
CS020537,COZINHA SOLIDÁRIA SHD,"Rua dos Pinheiros, 105",Jardim Basilicata,13173-305,SUMARÉ,3552403,SP,shd@shd.org.br,00.958.354/0001-43,"Sim, está funcionando normalmente",5 vezes por semana,Habilitada,"Mulheres, Jovens, Crianças, Idosos, População LGBTQIA+, Famílias beneﬁciárias do Programa Bolsa Família e famílias inscritas no Cadastro Único , Grupo específico vinculado a determinada localidade, atividade, serviço ou movimento, Outros grupos de pessoas em situação de vulnerabilidade social",316,283,-22.7934160,-47.2780591
CS020962,COZINHA SERVIÇO DE CONVIVÊNCIA,"Quadra CL 101, Lote 1",Santa Maria,72501-200,BRASÍLIA,5300108,DF,scfv.santamaria@ims.org.br,05.488.350/0001-62,"Sim, está funcionando normalmente",5 vezes por semana,Habilitada,"Crianças, Famílias beneﬁciárias do Programa Bolsa Família e famílias inscritas no Cadastro Único ",200,3,-16.0415670,-48.0346955
CS017894,"QUEM TEM FOME, TEM PRESSA","Conj. Paulo Bandeira, Qd. 13, 01",Benedito Bentes II,57086-306,MACEIÓ,2704302,AL,familia.de.anjos.al@gmail.com,32.636.827/0001-82,"Sim, está funcionando normalmente",5 vezes por semana,Habilitada,"Mulheres, Jovens, Crianças, Idosos, População LGBTQIA+, Pessoas em situação de rua, Famílias beneﬁciárias do Programa Bolsa Família e famílias inscritas no Cadastro Único , Outros grupos de pessoas em situação de vulnerabilidade social",161,100,-9.5676085,-35.7151580
CS021136,COZINHA BATUQUEDUM,"Rua Ana Lúcia de Amicis, 425",Jardim Vera Cruz(Zona Sul),04965-020,SÃO PAULO,3550308,SP,ccabananal@uol.com.br,05.099.715/0001-67,Está funcionando com carga horária reduzida,5 vezes por semana,Habilitada,"Mulheres, Jovens, Crianças, Idosos, População LGBTQIA+, Famílias beneﬁciárias do Programa Bolsa Família e famílias inscritas no Cadastro Único , Outros grupos de pessoas em situação de vulnerabilidade social",200,180,-23.7378656,-46.7760005
CS021376,COZINHA SOLIDARIA INSTITUTO ANJO DO CRISTAL,"Rua Tamandaré, 754",Cristal,91900-790,PORTO ALEGRE,4314902,RS,anjosdocristal@gmail.com,50.103.906/0001-00,"Sim, está funcionando normalmente",3 vezes por semana,Habilitada,"Mulheres, Jovens, Crianças, Idosos, População LGBTQIA+, Trabalhadores informais diversos (Motoristas de aplicativos, motoboys, serventes ou outros), Pessoas em situação de rua, Famílias beneﬁciárias do Programa Bolsa Família e famílias inscritas no Cadastro Único , Outros grupos de pessoas em situação de vulnerabilidade social",160,300,-30.0963275,-51.2426931
CS021146,IPA- INSTITUTO O PAI ME ADOTOU,"AVENIDA DO CANAL, 34",PEREQUÊ,83260-000,MATINHOS,4115705,PR,institutoopaimeadotou@gmail.com,46.330.294/0001-10,Está funcionando com carga horária reduzida,1 vez por semana,Habilitada,"Mulheres, Jovens, Crianças, Idosos, Pessoas em situação de rua, Pessoas e famílias atingidas por situações de emergência ou calamidade pública, Imigrantes, Outros grupos de pessoas em situação de vulnerabilidade social",46,100,-25.8058854,-48.5326330
CS016655,FAVELA GASTRONÔMICA,"Quadra 22, 12",Nossa Senhora de Fátima (Planaltina),73365-073,BRASÍLIA,5300108,DF,Favelagastronomica23@gmail.com,,"Sim, está funcionando normalmente",1 vez por semana,Habilitada,"Mulheres, Jovens, Crianças, Idosos, População LGBTQIA+, Trabalhadores informais diversos (Motoristas de aplicativos, motoboys, serventes ou outros), Pessoas em situação de rua, Famílias beneﬁciárias do Programa Bolsa Família e famílias inscritas no Cadastro Único , Pessoas e famílias atingidas por situações de emergência ou calamidade pública, Outros grupos de pessoas em situação de vulnerabilidade social",83,50,-15.8446241,-47.8053882
CS021362,COZINHA SOLIDÁRIA RECREIO DA DIVISA,"Estrada João de Oliveira Remião, 6365",Lomba do Pinheiro,91560-000,PORTO ALEGRE,4314902,RS,zailde.hinode@gmail.com,,Está funcionando com carga horária reduzida,2 vezes por semana,Habilitada,"Mulheres, Jovens, Crianças, Idosos, Trabalhadores informais diversos (Motoristas de aplicativos, motoboys, serventes ou outros), Pessoas em situação de rua, Famílias beneﬁciárias do Programa Bolsa Família e famílias inscritas no Cadastro Único ",25,0,-30.1238166,-51.1078350
CS020821,ASSOCIAÇÃO PERIFERIA,"Avenida Ulisses Guimarães, 440",Umbu,94834-205,ALVORADA,4300604,RS,periferiaassociacao@gmail.com,08.823.790/0001-17,"Sim, está funcionando normalmente",3 vezes por semana,Habilitada,"Mulheres, Jovens, Crianças, Idosos, População LGBTQIA+, Agricultores Familiares e Campesinos, Pessoas em situação de rua, Famílias beneﬁciárias do Programa Bolsa Família e famílias inscritas no Cadastro Único , Pessoas e famílias atingidas por situações de emergência ou calamidade pública, Outros grupos de pessoas em situação de vulnerabilidade social",60,0,-29.9880656,-51.0477924
CS018887,COZINHA SOLIDÁRIA VILA PANTANAL,"RUA Carlos Klug , 23, VILA PANTANAL, CEP 81770-782, CURITIBA, PARANÁ, 23",ALTO BOQUEIRÃO,81770-792,CURITIBA,4106902,PR,uniaomoradortrabalhador@gmail.com,,"Sim, está funcionando normalmente",3 vezes por semana,Habilitada,"Mulheres, Jovens, Crianças, Idosos, População LGBTQIA+, Trabalhadores informais diversos (Motoristas de aplicativos, motoboys, serventes ou outros), Famílias beneﬁciárias do Programa Bolsa Família e famílias inscritas no Cadastro Único , Grupo específico vinculado a determinada localidade, atividade, serviço ou movimento, Outros grupos de pessoas em situação de vulnerabilidade social",480,200,-25.5373554,-49.2319474
CS017689,COZINHA VIDA INTEIRA,"Chacara 51b, Quinta das Águas Bonitas, 51b",Aguas Bonitas II,74000-000,ÁGUAS LINDAS DE GOIÁS,5200258,GO,francgunzo@gmail.com,07.701.997/0001-56,"Sim, está funcionando normalmente",1 vez por semana,Habilitada,"Mulheres, Jovens, Crianças, Idosos, População LGBTQIA+, Povos e comunidades tradicionais (indígenas, quilombolas, ribeirinhos, etc.)",50,0,-15.7580113,-48.3252571
CS020709,ASSOCIAÇÃO COZINHA SOLIDÁRIA DA GIO,"Rua Travesseiro, 120",Breno Garcia,94198-840,GRAVATAÍ,4309209,RS,cozinhasolidariadagio@gmail.com,58.406.157/0001-00,"Sim, está funcionando normalmente",4 vezes por semana,Habilitada,"Mulheres, Jovens, Crianças, Idosos, População LGBTQIA+, Trabalhadores informais diversos (Motoristas de aplicativos, motoboys, serventes ou outros), Pessoas em situação de rua, Famílias beneﬁciárias do Programa Bolsa Família e famílias inscritas no Cadastro Único , Pessoas e famílias atingidas por situações de emergência ou calamidade pública, Imigrantes, Outros grupos de pessoas em situação de vulnerabilidade social",285,250,-29.9125679,-50.9199551
CS020725,COZINHA SOLIDARIA ADESCO,"Rua T16 qd 23 lt 38, 38",Arco do Triunfo,74370-000,GOIANIRA,5208806,GO,adescosocial@gmail.com,54.097.151/0001-39,Está funcionando com carga horária reduzida,3 vezes por semana,Habilitada,"Mulheres, Jovens, Crianças, Idosos, População LGBTQIA+, Pessoas em situação de rua, Famílias beneﬁciárias do Programa Bolsa Família e famílias inscritas no Cadastro Único , Outros grupos de pessoas em situação de vulnerabilidade social",115,350,-16.5744763,-49.3705250
CS020189,COZINHA SOLIDARIA DA HERDEIROS,"Rua Antônio José de Santana, 1094",Lomba do Pinheiro,91540-180,PORTO ALEGRE,4314902,RS,bernadefernanda97@gmail.com,,"Sim, está funcionando normalmente",2 vezes por semana,Habilitada,"Mulheres, Jovens, Crianças, Idosos, População LGBTQIA+, Trabalhadores informais diversos (Motoristas de aplicativos, motoboys, serventes ou outros), Pessoas em situação de rua, Famílias beneﬁciárias do Programa Bolsa Família e famílias inscritas no Cadastro Único ",100,100,-30.0852355,-51.1159385
CS020352,YLÊ DA AYABA YEMANJÁ BOCI,"Rua O, 21",Beco dos Cunhas / Santo Onofre,94445-085,VIAMÃO,4323002,RS,jufistinali@gmail.com,,"Sim, está funcionando normalmente",7 vezes por semana,Habilitada,"Mulheres, Jovens, Crianças, Idosos, Trabalhadores informais diversos (Motoristas de aplicativos, motoboys, serventes ou outros), Pessoas em situação de rua, Famílias beneﬁciárias do Programa Bolsa Família e famílias inscritas no Cadastro Único , Povos e comunidades tradicionais (indígenas, quilombolas, ribeirinhos, etc.), Pessoas e famílias atingidas por situações de emergência ou calamidade pública, Outros grupos de pessoas em situação de vulnerabilidade social",650,340,-30.0950982,-51.0474184
CS020863,INSTITUTO  MULHERES  QUE CUIDAM,"TV 1 RUA DO MIRANDA, 35",SANTO ANTONIO,45530-000,ITACARÉ,2914901,BA,mulheresq.cuidam@hotmail.com,51.949.252/0001-00,Está funcionando com carga horária reduzida,4 vezes por semana,Habilitada,"Mulheres, Jovens, Crianças",0,35,-14.2848867,-38.9952408
CS021390,COZINHA SOLIDÁRIA DA CONCEIÇÃO,"Rua Nossa Senhora da Conceição PGA, 185",Restinga,91790-406,PORTO ALEGRE,4314902,RS,unmprs@gmail.com,,Está funcionando com carga horária reduzida,1 vez por semana,Habilitada,"Mulheres, Jovens, Crianças, Idosos, População LGBTQIA+, Trabalhadores informais diversos (Motoristas de aplicativos, motoboys, serventes ou outros), Famílias beneﬁciárias do Programa Bolsa Família e famílias inscritas no Cadastro Único , Grupo específico vinculado a determinada localidade, atividade, serviço ou movimento, Outros grupos de pessoas em situação de vulnerabilidade social",230,100,-30.1470419,-51.1124222
CS021178,COZINHA ALÇANDO VELAS,"Rua da Ametista, 179",Jardim Monte Cristo,08670-050,SUZANO,3552502,SP,alcandovelas@gmail.com,49.348.050/0001-53,Está funcionando com carga horária reduzida,4 vezes por semana,Habilitada,"Mulheres, Jovens, Crianças, Idosos, Pessoas em situação de rua, Outros grupos de pessoas em situação de vulnerabilidade social",330,300,-23.5315862,-46.3277492
CS020886,COZINHA SOLIDÁRIA MARIA LUÍSA,"Rua Rio Pardo, 800",Parque Manoel João,96745-000,CHARQUEADAS,4305355,RS,tatissouza@yahoo.com.br,61.068.339/0001-14,Está funcionando com carga horária reduzida,5 vezes por semana,Habilitada,"Mulheres, Jovens, Crianças, Idosos, Trabalhadores informais diversos (Motoristas de aplicativos, motoboys, serventes ou outros), Famílias beneﬁciárias do Programa Bolsa Família e famílias inscritas no Cadastro Único , Pessoas e famílias atingidas por situações de emergência ou calamidade pública, Outros grupos de pessoas em situação de vulnerabilidade social",145,100,-29.9795874,-51.6351764
CS021238,COZINHA SHALON,"Quadra Cento e Dezesseis, 04",Maguari,67145-057,ANANINDEUA,1500800,PA,projetosocialshalon@gmail.com,30.180.268/0001-13,Está funcionando com carga horária reduzida,3 vezes por semana,Habilitada,"Mulheres, Jovens, Crianças, Idosos, Pessoas em situação de rua, Famílias beneﬁciárias do Programa Bolsa Família e famílias inscritas no Cadastro Único ",58,0,-1.3366894,-48.3738715
CS021405,COZINHA CASA AYALON,"Rua Dionísio Rosendo, 95",Centro,29010-100,VITÓRIA,3205309,ES,administrativo@alefbet.org.br,24.784.298/0001-36,"Sim, está funcionando normalmente",4 vezes por semana,Habilitada,"Mulheres, Jovens, Crianças, Idosos, População LGBTQIA+, Trabalhadores informais diversos (Motoristas de aplicativos, motoboys, serventes ou outros), Pessoas em situação de rua, Famílias beneﬁciárias do Programa Bolsa Família e famílias inscritas no Cadastro Único , Povos e comunidades tradicionais (indígenas, quilombolas, ribeirinhos, etc.), Pessoas e famílias atingidas por situações de emergência ou calamidade pública, Imigrantes, Outros grupos de pessoas em situação de vulnerabilidade social",191,200,-20.3204430,-40.3368237
CS021169,COZINHA DO CARACOL,"Rua Rafael Clark, 638",Partenon,91530-620,PORTO ALEGRE,4314902,RS,cozinhadocaracoll@gmail.com,,"Sim, está funcionando normalmente",2 vezes por semana,Habilitada,"Mulheres, Jovens, Crianças, Idosos, Trabalhadores informais diversos (Motoristas de aplicativos, motoboys, serventes ou outros), Pessoas em situação de rua, Famílias beneﬁciárias do Programa Bolsa Família e famílias inscritas no Cadastro Único , Pessoas e famílias atingidas por situações de emergência ou calamidade pública, Outros grupos de pessoas em situação de vulnerabilidade social",80,150,-30.0697095,-51.1558331
CS020393,MULHERES MÃES METALÚRGICAS,"Rua São Jerônimo, 60",Columbia City,92717-450,GUAÍBA,4309308,RS,miseriazero72@gmail.com,,"Não, a Cozinha encontra-se paralisada, sem atividade",1 vez por semana,Habilitada,"Mulheres, Crianças, Idosos, Trabalhadores informais diversos (Motoristas de aplicativos, motoboys, serventes ou outros), Pessoas em situação de rua, Famílias beneﬁciárias do Programa Bolsa Família e famílias inscritas no Cadastro Único , Pessoas e famílias atingidas por situações de emergência ou calamidade pública, Outros grupos de pessoas em situação de vulnerabilidade social",295,400,-30.1279038,-51.3561236
CS020386,PAI OGUM,"Marquês do Pombal, 751",Nova Americana,94820-210,ALVORADA,4300604,RS,miseriazero72@gmail.com,,"Sim, está funcionando normalmente",2 vezes por semana,Habilitada,"Mulheres, Jovens, Crianças, Idosos, População LGBTQIA+, Trabalhadores informais diversos (Motoristas de aplicativos, motoboys, serventes ou outros), Pessoas em situação de rua, Famílias beneﬁciárias do Programa Bolsa Família e famílias inscritas no Cadastro Único , Pessoas e famílias atingidas por situações de emergência ou calamidade pública",153,150,-29.9848246,-51.0869893
CS015374,CASA DOS AMIGOS,"Rua Antônio José Zimmermann, 3647",Usina,88182-310,ANTÔNIO CARLOS,4201208,SC,danielmovimentosc@mgail.com,,"Sim, está funcionando normalmente",2 vezes por semana,Habilitada,Pessoas em situação de rua,120,120,-27.5231609,-48.8011311
CS020697,COZINHA XICA MANICONGO,"Instituto do Ceará, 164",Benfica,60015-300,FORTALEZA,2304400,CE,outracasacoletiva@gmail.com,46.571.812/0001-98,Está funcionando com carga horária reduzida,7 vezes por semana,Habilitada,"Mulheres, Jovens, População LGBTQIA+, Pessoas em situação de rua, Famílias beneﬁciárias do Programa Bolsa Família e famílias inscritas no Cadastro Único , Povos e comunidades tradicionais (indígenas, quilombolas, ribeirinhos, etc.), Imigrantes, Grupo específico vinculado a determinada localidade, atividade, serviço ou movimento, Outros grupos de pessoas em situação de vulnerabilidade social",92,120,-3.7387117,-38.5361167
CS021498,COZINHA COMUNITÁRIA SANTO ANIBAL,"Avenida Santo Anibal, 650",Vila Santa Clara,46252-155,PRESIDENTE JÂNIO QUADROS,2925709,BA,rogabahia@rcj.org,62.715.529/0009-04,"Sim, está funcionando normalmente",5 vezes por semana,Habilitada,"Mulheres, Jovens, Crianças, Idosos, Famílias beneﬁciárias do Programa Bolsa Família e famílias inscritas no Cadastro Único , Povos e comunidades tradicionais (indígenas, quilombolas, ribeirinhos, etc.), Outros grupos de pessoas em situação de vulnerabilidade social",260,200,-14.6882716,-41.6803339
CS020367,INSTITUTO FORMIGUINHAS,"Rua carvaxi, 300",Jardim Rebouças,05735-040,SÃO PAULO,3550308,SP,iinstitutoformiguinhas@gmail.com,26.687.659/0001-51,"Sim, está funcionando normalmente",5 vezes por semana,Habilitada,"Mulheres, Jovens, Crianças, Idosos, População LGBTQIA+, Trabalhadores informais diversos (Motoristas de aplicativos, motoboys, serventes ou outros), Pessoas em situação de rua, Famílias beneﬁciárias do Programa Bolsa Família e famílias inscritas no Cadastro Único , Pessoas e famílias atingidas por situações de emergência ou calamidade pública, Imigrantes, Outros grupos de pessoas em situação de vulnerabilidade social",360,250,-23.6269283,-46.7475673
CS019124,COZINHA SOLIDÁRIA DA APAEB ARACI,"Rua José Pedro de Carvalho Centro Araci-BA, 366",Centro,48760-000,ARACI,2902104,BA,apaebaraci@yahoo.com.br,42.753.426/0001-66,"Sim, está funcionando normalmente",5 vezes por semana,Habilitada,"Famílias beneﬁciárias do Programa Bolsa Família e famílias inscritas no Cadastro Único , Povos e comunidades tradicionais (indígenas, quilombolas, ribeirinhos, etc.), Pessoas e famílias atingidas por situações de emergência ou calamidade pública, Grupo específico vinculado a determinada localidade, atividade, serviço ou movimento, Outros grupos de pessoas em situação de vulnerabilidade social",680,200,-11.3343059,-38.9673555
CS021507,COZINHA SOLIDÁRIA CHEKINSOCIAL SILVIABEAUTY,"Rua Álvaro de Brito, 946 casa b",Jardins,49026-030,ARACAJU,2800308,SE,silviacarvalho214@gmail.com,,"Sim, está funcionando normalmente",6 vezes por semana,Habilitada,"Mulheres, Jovens, Crianças, Idosos, Pessoas em situação de rua, Povos e comunidades tradicionais (indígenas, quilombolas, ribeirinhos, etc.), Pessoas e famílias atingidas por situações de emergência ou calamidade pública, Outros grupos de pessoas em situação de vulnerabilidade social",45,145,-10.9362169,-37.0538249
CS021506,COZINHA SOLIDARIA PAI JOSE DO CONGO,"R. Manhumirim, 20",Jardim Imperador (Zona Leste),03934-100,SÃO PAULO,3550308,SP,associacao@casapaijosedocongo.com.br,55.721.790/0001-96,"Sim, está funcionando normalmente",6 vezes por semana,Habilitada,"Mulheres, Jovens, Crianças, Idosos, População LGBTQIA+, Pessoas em situação de rua, Pessoas e famílias atingidas por situações de emergência ou calamidade pública, Imigrantes",109,250,-23.5904231,-46.4978575
CS019666,CASA DE REINTEGRAÇÃO SOCIAL NOVA VIDA,"Rua Sabiá, 185",Recanto dos Pássaros,47808-039,BARREIRAS,2903201,BA,csnovavida@gmail.com,63.079.172/0001-12,"Sim, está funcionando normalmente",5 vezes por semana,Habilitada,"Mulheres, Crianças, Pessoas em situação de rua, Famílias beneﬁciárias do Programa Bolsa Família e famílias inscritas no Cadastro Único , Outros grupos de pessoas em situação de vulnerabilidade social",350,500,-12.1529047,-45.0085291
CS020322,INSTITUTO SOCIAL MANA DE DEUS,"PASSAGEM  RAIMUNDO OLIVEIRA, 137",Maguari,67030-163,ANANINDEUA,1500800,PA,Manadedeus04@gmail.com,06.863.925/0001-42,"Sim, está funcionando normalmente",4 vezes por semana,Habilitada,"Mulheres, Jovens, Crianças, Idosos, Pessoas em situação de rua, Famílias beneﬁciárias do Programa Bolsa Família e famílias inscritas no Cadastro Único , Povos e comunidades tradicionais (indígenas, quilombolas, ribeirinhos, etc.), Pessoas e famílias atingidas por situações de emergência ou calamidade pública, Imigrantes, Grupo específico vinculado a determinada localidade, atividade, serviço ou movimento, Outros grupos de pessoas em situação de vulnerabilidade social",1480,941,-1.3507061,-48.3744583
CS016697,COZINHA COMUNITÁRIA DO MORADA NOVA,"Av. Aldo Borges Leão, 85, 85",Morada Nova,38421-051,UBERLÂNDIA,3170206,MG,abrahaonunessilva@gmail.com,02.224.726/0001-33,"Sim, está funcionando normalmente",5 vezes por semana,Habilitada,"Mulheres, Idosos, População LGBTQIA+, Pessoas em situação de rua, Famílias beneﬁciárias do Programa Bolsa Família e famílias inscritas no Cadastro Único , Assentados da Reforma Agrária, Outros grupos de pessoas em situação de vulnerabilidade social",256,150,-18.9709764,-48.3645485
CS021521,RENASCER DA ESPERANÇA,"Avenida Macedônia, 199",Restinga,91790-040,PORTO ALEGRE,4314902,RS,centrorenascerdaesperanca@gmail.com,01.684.953/0001-89,"Sim, está funcionando normalmente",5 vezes por semana,Habilitada,"Mulheres, Jovens, Crianças, Idosos, População LGBTQIA+, Trabalhadores informais diversos (Motoristas de aplicativos, motoboys, serventes ou outros), Pessoas em situação de rua, Famílias beneﬁciárias do Programa Bolsa Família e famílias inscritas no Cadastro Único , Pessoas e famílias atingidas por situações de emergência ou calamidade pública, Grupo específico vinculado a determinada localidade, atividade, serviço ou movimento, Outros grupos de pessoas em situação de vulnerabilidade social",520,400,-30.1492555,-51.1416040
CS021408,COZINHA SOLIDÁRIA ILÊ DE OXUM DOCO,"Rua José Gonçalves, 46",Agronomia,91520-240,PORTO ALEGRE,4314902,RS,belmonteisabel3@gmail.com,,"Sim, está funcionando normalmente",3 vezes por semana,Habilitada,"Mulheres, Jovens, Crianças, Idosos, Trabalhadores informais diversos (Motoristas de aplicativos, motoboys, serventes ou outros), Pessoas em situação de rua",100,100,-30.0798590,-51.1652830
CS021560,COZINHA SOLIDARIA DA CASA NEON CUNHA,"Rua Luiz Ferreira da Silva, 183",Anchieta,09732-610,SÃO BERNARDO DO CAMPO,3548708,SP,pauloaraujo@casaneoncunha.org,37.211.131/0001-28,"Sim, está funcionando normalmente",7 vezes por semana,Habilitada,"Mulheres, Jovens, Idosos, População LGBTQIA+, Pessoas em situação de rua, Famílias beneﬁciárias do Programa Bolsa Família e famílias inscritas no Cadastro Único ",90,300,-23.6813382,-46.5572459
CS021283,COZINHA SANTA HELENA,"Rua Borba Gato, 117",Lomba do Pinheiro,91570-010,PORTO ALEGRE,4314902,RS,multiplicidade2020@gmail.com,,Está funcionando com carga horária reduzida,1 vez por semana,Habilitada,"Mulheres, Jovens, Crianças, Idosos, População LGBTQIA+, Trabalhadores informais diversos (Motoristas de aplicativos, motoboys, serventes ou outros), Pessoas em situação de rua, Famílias beneﬁciárias do Programa Bolsa Família e famílias inscritas no Cadastro Único , Pessoas e famílias atingidas por situações de emergência ou calamidade pública, Imigrantes, Outros grupos de pessoas em situação de vulnerabilidade social",169,200,-30.1071894,-51.1064762
CS021559,COZINHA SOLIDÁRIA ABADI,"Avenida Lótus, 1038",Nelson Costa,45656-000,ILHÉUS,2913606,BA,abadi.projeto@gmail.com,16.471.856/0001-85,"Sim, está funcionando normalmente",5 vezes por semana,Habilitada,"Mulheres, Jovens, Crianças, Idosos, População LGBTQIA+, Pessoas em situação de rua, Famílias beneﬁciárias do Programa Bolsa Família e famílias inscritas no Cadastro Único , Outros grupos de pessoas em situação de vulnerabilidade social",211,200,-14.8212414,-39.0387445
CS021570,COOMIAGRO - COZINHA NO PRATO,"Rua José Reinaldo Batista dos Santos, 55",Ilhéus II,45655-246,ILHÉUS,2913606,BA,coomiagroilheus@gmail.com,02.316.780/0001-09,"Não, a Cozinha encontra-se paralisada, sem atividade",5 vezes por semana,Habilitada,"Mulheres, Jovens, Crianças, Povos e comunidades tradicionais (indígenas, quilombolas, ribeirinhos, etc.)",50,200,-14.8358100,-39.0359037
CS021524,COZINHA ANCESTRAL SOLIDÁRIA NIFẸ,"Rua Sapucaia, 340",Prados Verdes,26299-294,NOVA IGUAÇU,3303500,RJ,cozinhaancestralnife@gmail.com,60.420.225/0001-29,"Sim, está funcionando normalmente",4 vezes por semana,Habilitada,"Mulheres, Jovens, Crianças, Idosos, População LGBTQIA+, Pessoas em situação de rua, Famílias beneﬁciárias do Programa Bolsa Família e famílias inscritas no Cadastro Único , Povos e comunidades tradicionais (indígenas, quilombolas, ribeirinhos, etc.), Outros grupos de pessoas em situação de vulnerabilidade social",65,170,-22.8435489,-43.6265348
CS021193,COZINHA SOLIDÁRIA MORADA DAS PEDRAS,"Rua Arthur Alberto Zanela, 165",Lomba do Pinheiro,91550-850,PORTO ALEGRE,4314902,RS,paprestadoraservicos@gmail.com,,"Sim, está funcionando normalmente",1 vez por semana,Habilitada,"Mulheres, Jovens, Crianças, Idosos, Trabalhadores informais diversos (Motoristas de aplicativos, motoboys, serventes ou outros), Pessoas em situação de rua, Famílias beneﬁciárias do Programa Bolsa Família e famílias inscritas no Cadastro Único , Imigrantes",104,130,-30.0966673,-51.1282736
CS021317,TURMALINA,"Estrada  Adhemar Bebiano, 1185 salão  bloco  08",Inhaúma,21061-751,RIO DE JANEIRO,3304557,RJ,cozinhaturmalina@gmail.com,,"Sim, está funcionando normalmente",2 vezes por semana,Habilitada,"Mulheres, Jovens, Crianças, Idosos, População LGBTQIA+, Pessoas em situação de rua, Povos e comunidades tradicionais (indígenas, quilombolas, ribeirinhos, etc.), Pessoas e famílias atingidas por situações de emergência ou calamidade pública, Grupo específico vinculado a determinada localidade, atividade, serviço ou movimento, Outros grupos de pessoas em situação de vulnerabilidade social",27,60,-22.8726876,-43.2738781
CS021580,COZINHA DA ESPERANÇA,"Quadra QR 100 Conjunto H-1, 03",Santa Maria,72500-412,BRASÍLIA,5300108,DF,CPSJSM@GMAIL.COM,08.962.362/0001-75,"Sim, está funcionando normalmente",2 vezes por semana,Habilitada,"Mulheres, Jovens, Crianças, Idosos, População LGBTQIA+, Pessoas em situação de rua, Famílias beneﬁciárias do Programa Bolsa Família e famílias inscritas no Cadastro Único , Outros grupos de pessoas em situação de vulnerabilidade social",310,300,-16.0456000,-48.0366671
CS020129,COZINHA SOLIDÁRIA ESPERANÇA - MATHIAS VELHO,"Rua Erechim, 565",Mathias Velho,92330-080,CANOAS,4304606,RS,marcoreis077@gmail.com,93.542.496/0001-06,"Sim, está funcionando normalmente",3 vezes por semana,Habilitada,"Mulheres, Jovens, Crianças, Idosos, População LGBTQIA+, Trabalhadores informais diversos (Motoristas de aplicativos, motoboys, serventes ou outros), Pessoas em situação de rua, Famílias beneﬁciárias do Programa Bolsa Família e famílias inscritas no Cadastro Único , Pessoas e famílias atingidas por situações de emergência ou calamidade pública",515,300,-29.8985173,-51.2329511
CS021599,COZINHA DA LUSIA,"Rua dos Fonsecas, 111",Vila Nova York,03480-030,SÃO PAULO,3550308,SP,CRECHEACASADACRIANCA@GMAIL.COM,55.578.694/0001-30,"Sim, está funcionando normalmente",5 vezes por semana,Habilitada,"Crianças, Idosos, Pessoas em situação de rua, Famílias beneﬁciárias do Programa Bolsa Família e famílias inscritas no Cadastro Único ",37,69,-23.5795167,-46.5084970
CS021552,COZINHA ESPERANÇA,"RUA NIVALDO ALVES CAVALCANTE, 1000",RENASCER,46430-000,GUANAMBI,2911709,BA,cozinhaesperanca@gmail.com,11.449.215/0001-00,"Sim, está funcionando normalmente",7 vezes por semana,Habilitada,"Mulheres, Jovens, Crianças, Idosos, População LGBTQIA+, Pessoas em situação de rua, Famílias beneﬁciárias do Programa Bolsa Família e famílias inscritas no Cadastro Único , Outros grupos de pessoas em situação de vulnerabilidade social",40,3,-14.2324545,-42.7542568
CS019008,COZINHA POPULAR FRANCISCO PINHEIRO DE ARAUJO,"AVENIDA JOSÉ TAPETY, 284",CENTRO,64500-000,OEIRAS,2207009,PI,fundacaoffpa01@gmail.com,17.393.773/0001-88,"Sim, está funcionando normalmente",5 vezes por semana,Habilitada,"Mulheres, Idosos, Pessoas em situação de rua, Famílias beneﬁciárias do Programa Bolsa Família e famílias inscritas no Cadastro Único , Pessoas e famílias atingidas por situações de emergência ou calamidade pública, Outros grupos de pessoas em situação de vulnerabilidade social",540,250,-7.0103373,-42.1196564
CS016755,MESA SOLIDARIA VILA AGRÍCOLA,"Leonardo Novicki, 937",Cajuru,82930-548,CURITIBA,4106902,PR,vilaagricola14@gmail.com,16.929.486/0001-87,"Sim, está funcionando normalmente",5 vezes por semana,Habilitada,"Mulheres, Jovens, Crianças, Idosos, População LGBTQIA+, Pessoas em situação de rua, Famílias beneﬁciárias do Programa Bolsa Família e famílias inscritas no Cadastro Único , Outros grupos de pessoas em situação de vulnerabilidade social",70,200,-25.4612015,-49.1963943
CS020388,ASSOCIAÇAO VAGALUME,"Breno Guimaraes, 787",Ermo,92700-010,GUAÍBA,4309308,RS,miseriazero72@gmail.com,47.161.335/0001-55,"Sim, está funcionando normalmente",2 vezes por semana,Habilitada,"Mulheres, Jovens, Crianças, Idosos, Trabalhadores informais diversos (Motoristas de aplicativos, motoboys, serventes ou outros), Pessoas em situação de rua, Famílias beneﬁciárias do Programa Bolsa Família e famílias inscritas no Cadastro Único , Pessoas e famílias atingidas por situações de emergência ou calamidade pública, Outros grupos de pessoas em situação de vulnerabilidade social",180,600,-30.1212628,-51.3235675
CS020390,ASSOCIAÇAO GRUPO MARIAS E MARIAS,"ACESSO l, Quadra Dois, 509",Restinga Nova,91790-131,PORTO ALEGRE,4314902,RS,miseriazero72@gmail.com,49.132.399/0001-53,"Sim, está funcionando normalmente",1 vez por semana,Habilitada,"Mulheres, Crianças, Idosos, Trabalhadores informais diversos (Motoristas de aplicativos, motoboys, serventes ou outros), Pessoas em situação de rua, Famílias beneﬁciárias do Programa Bolsa Família e famílias inscritas no Cadastro Único , Pessoas e famílias atingidas por situações de emergência ou calamidade pública",153,300,-30.1564304,-51.1346934
CS021384,COZINHA -ASSOCIAÇÃO UM PELO OUTRO FAZENDO O BEM,"Rua Gulnar, 36",Jardim Vale das Virtudes,05796-050,SÃO PAULO,3550308,SP,upofob@gmail.com,43.583.027/0001-67,"Sim, está funcionando normalmente",5 vezes por semana,Habilitada,"Mulheres, Jovens, Crianças, Idosos, População LGBTQIA+, Pessoas em situação de rua, Famílias beneﬁciárias do Programa Bolsa Família e famílias inscritas no Cadastro Único , Pessoas e famílias atingidas por situações de emergência ou calamidade pública, Outros grupos de pessoas em situação de vulnerabilidade social",180,700,-23.6490489,-46.7784222
CS021053,COZINHA SOLIDÁRIA ALIMENTA QUEM TEM FOME,"Rua Domingos Dalamura, 160",Santo Antônio,36071-330,JUIZ DE FORA,3136702,MG,associacaolourencohipolito@gmail.com,46.290.119/0001-47,"Sim, está funcionando normalmente",1 vez por semana,Habilitada,"Mulheres, Jovens, Crianças, Idosos, Pessoas em situação de rua, Famílias beneﬁciárias do Programa Bolsa Família e famílias inscritas no Cadastro Único ",25,55,-21.7726888,-43.3147754
CS021166,ILE AXÊ OBÁ E XANGÔ,"Rua Tereza de Noronha, 191",Parque Distrito Ipiranga,94110-000,GRAVATAÍ,4309209,RS,administrativo@ajeumbo.coop.br,,Está funcionando com carga horária reduzida,2 vezes por semana,Habilitada,"Mulheres, Jovens, Crianças, Idosos, População LGBTQIA+, Pessoas em situação de rua",15,150,-29.9106602,-51.0636032
CS021583,UNIDOS E SOLIDÁRIOS,"Rua Jackson de Figueiredo, 1142",Sarandi,91120-380,PORTO ALEGRE,4314902,RS,ongunidosesolidarios@gmail.com,42.673.949/0001-00,"Sim, está funcionando normalmente",5 vezes por semana,Habilitada,"Mulheres, Jovens, Crianças, Idosos, População LGBTQIA+, Trabalhadores informais diversos (Motoristas de aplicativos, motoboys, serventes ou outros), Pessoas em situação de rua, Famílias beneﬁciárias do Programa Bolsa Família e famílias inscritas no Cadastro Único , Povos e comunidades tradicionais (indígenas, quilombolas, ribeirinhos, etc.), Imigrantes",152,90,-29.9817582,-51.1284683
CS021605,MENINO DO VENTO,"Rua Arnaldo Bonaventura, 07",Cidade Tiradentes,08470-210,SÃO PAULO,3550308,SP,institutonewjarsey@gmail.com,28.700.021/0001-39,"Sim, está funcionando normalmente",4 vezes por semana,Habilitada,"Mulheres, Jovens, Crianças, Idosos, População LGBTQIA+, Trabalhadores informais diversos (Motoristas de aplicativos, motoboys, serventes ou outros), Pessoas em situação de rua, Outros grupos de pessoas em situação de vulnerabilidade social",60,100,-23.5847374,-46.4086128
CS019093,COZINHA SOLIDÁRIA DA ABECRA,"Rua francisca severo de pinho, 000",Antonio firmino de pinho,63860-000,MADALENA,2307635,CE,abecra125@gmail.com,40.666.427/0001-48,"Sim, está funcionando normalmente",5 vezes por semana,Habilitada,"Mulheres, Jovens, Crianças, Idosos, População LGBTQIA+, Agricultores Familiares e Campesinos, Pessoas em situação de rua, Famílias beneﬁciárias do Programa Bolsa Família e famílias inscritas no Cadastro Único , Povos e comunidades tradicionais (indígenas, quilombolas, ribeirinhos, etc.)",160,100,-4.8489829,-39.5691652
CS021280,AJEUM,"Rua Lagoa Bela, 146",Pituaçu,41741-180,SALVADOR,2927408,BA,institutoconvergirbahia@gmail.com,48.038.689/0001-70,"Sim, está funcionando normalmente",5 vezes por semana,Habilitada,"Mulheres, Jovens, Crianças, Idosos",0,450,-12.9688677,-38.4157239
CS021512,COZINHA ANJOS DE LUZ,"Travessa Boa Fé, 13",Jardim do Divino,08460-610,SÃO PAULO,3550308,SP,amvrasjeo@gmail.com,11.146.546/0001-71,"Sim, está funcionando normalmente",6 vezes por semana,Habilitada,"Mulheres, Jovens, Crianças, Idosos, População LGBTQIA+, Trabalhadores informais diversos (Motoristas de aplicativos, motoboys, serventes ou outros), Pessoas em situação de rua, Famílias beneﬁciárias do Programa Bolsa Família e famílias inscritas no Cadastro Único , Pessoas e famílias atingidas por situações de emergência ou calamidade pública, Imigrantes, Outros grupos de pessoas em situação de vulnerabilidade social",550,400,-23.5595496,-46.3944834
CS021416,COZINHANDO COM A COMUNIDADE,"Rua Juvenal Cruz, 126",Jardim Carvalho,91430-150,PORTO ALEGRE,4314902,RS,paulorenatofilha@gmail.com,,"Sim, está funcionando normalmente",3 vezes por semana,Habilitada,"Mulheres, Jovens, Crianças, Idosos, População LGBTQIA+, Trabalhadores informais diversos (Motoristas de aplicativos, motoboys, serventes ou outros), Pessoas em situação de rua, Famílias beneﬁciárias do Programa Bolsa Família e famílias inscritas no Cadastro Único , Pessoas e famílias atingidas por situações de emergência ou calamidade pública, Imigrantes, Outros grupos de pessoas em situação de vulnerabilidade social",199,350,-30.0467630,-51.1450128
CS021031,COZINHA SOLIDARIA K'ANJOS DO BEM,"Avenida Arnaldo Pereira da Silva, 190",Santos Dumont,93115-000,SÃO LEOPOLDO,4318705,RS,kanjosdobem@gmail.com,,"Sim, está funcionando normalmente",3 vezes por semana,Habilitada,"Mulheres, Jovens, Crianças, Idosos, Famílias beneﬁciárias do Programa Bolsa Família e famílias inscritas no Cadastro Único , Pessoas e famílias atingidas por situações de emergência ou calamidade pública, Imigrantes",170,250,-29.7443219,-51.1479830
CS017467,COZINHA INSTITUTO CEDESC,"AV DR SALVADOR ROCCO, 539",Parque Fernanda,05888-050,SÃO PAULO,3550308,SP,cedesc.pqf@gmail.com,53.815.718/0001-00,Está funcionando com carga horária reduzida,6 vezes por semana,Habilitada,"Mulheres, Jovens, Crianças, Idosos, População LGBTQIA+, Trabalhadores informais diversos (Motoristas de aplicativos, motoboys, serventes ou outros), Pessoas em situação de rua, Famílias beneﬁciárias do Programa Bolsa Família e famílias inscritas no Cadastro Único , Imigrantes, Grupo específico vinculado a determinada localidade, atividade, serviço ou movimento, Outros grupos de pessoas em situação de vulnerabilidade social",112,90,-23.6728530,-46.7910292
CS021073,CENTRO AFRICANO XAPANA BELUJÁ,"Rua E, 497",Costa e Silva,91150-254,PORTO ALEGRE,4314902,RS,Marilete1910@gmail.com,,"Sim, está funcionando normalmente",3 vezes por semana,Habilitada,"Mulheres, Jovens, Crianças, Idosos, População LGBTQIA+, Trabalhadores informais diversos (Motoristas de aplicativos, motoboys, serventes ou outros), Pessoas em situação de rua, Famílias beneﬁciárias do Programa Bolsa Família e famílias inscritas no Cadastro Único , Pessoas e famílias atingidas por situações de emergência ou calamidade pública, Imigrantes, Outros grupos de pessoas em situação de vulnerabilidade social",165,200,-30.0042659,-51.1139839
CS020286,COFAMS1,"Rua Ilha Comprida, 414",PARQUE ESPLANADA,06817-170,EMBU DAS ARTES,3515004,SP,cofams1@outlook.com,44.212.494/0001-43,"Sim, está funcionando normalmente",6 vezes por semana,Habilitada,"Mulheres, Jovens, Crianças, Idosos, Pessoas em situação de rua, Famílias beneﬁciárias do Programa Bolsa Família e famílias inscritas no Cadastro Único , Outros grupos de pessoas em situação de vulnerabilidade social",210,200,-23.6254351,-46.8110115
CS015825,SOPÃO SÃO FRANCISCO,"Rua São Francisco, 601",São Francisco,96880-000,VERA CRUZ,4322707,RS,assistenciasocialmitrascs@gmail.com,95.433.264/0001-45,"Sim, está funcionando normalmente",Uma vez ao mês,Habilitada,"Mulheres, Jovens, Crianças, Idosos, Trabalhadores informais diversos (Motoristas de aplicativos, motoboys, serventes ou outros), Famílias beneﬁciárias do Programa Bolsa Família e famílias inscritas no Cadastro Único , Pessoas e famílias atingidas por situações de emergência ou calamidade pública",40,145,-29.7140820,-52.5240045
CS020377,ASSOCIAÇÃO CRISTIANO KRAEMER,"Estrada Cristiano Kraemer, 1078",Vila nova,91750-060,PORTO ALEGRE,4314902,RS,miseriazero72@gmail.com,11.880.369/0001-52,"Sim, está funcionando normalmente",2 vezes por semana,Habilitada,"Mulheres, Crianças, Idosos, Pessoas em situação de rua, Famílias beneﬁciárias do Programa Bolsa Família e famílias inscritas no Cadastro Único , Povos e comunidades tradicionais (indígenas, quilombolas, ribeirinhos, etc.), Pessoas e famílias atingidas por situações de emergência ou calamidade pública, Imigrantes",460,240,-30.1254281,-51.2018100
CS020463,COZINHA SOLIDARIA DO TEMPLO CATOBANDISTA DAS RAINHAS,"Rua Tenente Cleto Campelo, 252",Vila Leopoldina,25035-360,DUQUE DE CAXIAS,3301702,RJ,templocatobandistadasrainhas@gmail.com,54.483.418/0001-26,"Sim, está funcionando normalmente",2 vezes por semana,Habilitada,"Mulheres, Jovens, Crianças, Idosos, População LGBTQIA+, Pessoas em situação de rua, Famílias beneﬁciárias do Programa Bolsa Família e famílias inscritas no Cadastro Único , Outros grupos de pessoas em situação de vulnerabilidade social",20,210,-22.7564122,-43.3069829
CS020391,ASSOCIAÇAO COMUNITARIA MORRO DA CRUZ ACOMUZ,"Rua Vinte e Cinco de Julho, 1572",São João,91030-270,PORTO ALEGRE,4314902,RS,miseriazero72@gmail.com,,"Sim, está funcionando normalmente",2 vezes por semana,Habilitada,"Mulheres, Crianças, Idosos, Trabalhadores informais diversos (Motoristas de aplicativos, motoboys, serventes ou outros), Pessoas em situação de rua, Famílias beneﬁciárias do Programa Bolsa Família e famílias inscritas no Cadastro Único , Pessoas e famílias atingidas por situações de emergência ou calamidade pública",85,200,-30.0059905,-51.1825908
CS021606,ASSOCIAÇÃO INFÂNCIA COM ALIMENTO E AFETO,"Avenida Guabá, 49",Vila Curuçá,08030-020,SÃO PAULO,3550308,SP,contato@aicaa.com.br,04.715.127/0001-48,Está funcionando com carga horária reduzida,1 vez por semana,Habilitada,"Mulheres, Jovens, Crianças, Idosos, População LGBTQIA+, Pessoas em situação de rua, Famílias beneﬁciárias do Programa Bolsa Família e famílias inscritas no Cadastro Único , Pessoas e famílias atingidas por situações de emergência ou calamidade pública, Imigrantes, Outros grupos de pessoas em situação de vulnerabilidade social",300,600,-23.4985864,-46.4221866
CS021418,CENTRO DOS JOVENS UNIDOS NA MILITÂNCIA COMUNITÁRIA DE PAULISTA - CEJUMIC,"Rua Gervásio Pires, 46",Engenho Maranguape,53423-420,PAULISTA,2610707,PE,cejumic2021@gmail.com,04.478.325/0001-35,"Sim, está funcionando normalmente",2 vezes por semana,Habilitada,"Mulheres, Jovens, Crianças, Idosos, População LGBTQIA+, Trabalhadores informais diversos (Motoristas de aplicativos, motoboys, serventes ou outros), Pessoas em situação de rua, Famílias beneﬁciárias do Programa Bolsa Família e famílias inscritas no Cadastro Único , Outros grupos de pessoas em situação de vulnerabilidade social",225,400,-7.9189506,-34.8454261
CS016137,COZINHA QUILOMBOLA DONA CUMBUCA,"Comunidade Quilombola Salinas, ",Zona rural,64.730-000,CAMPINAS DO PIAUÍ,2202109,PI,culturadequilombo@gmail.com,02.246.078/0001-16,"Sim, está funcionando normalmente",3 vezes por semana,Habilitada,"Mulheres, Jovens, Crianças, Idosos, Agricultores Familiares e Campesinos, Famílias beneﬁciárias do Programa Bolsa Família e famílias inscritas no Cadastro Único , Povos e comunidades tradicionais (indígenas, quilombolas, ribeirinhos, etc.)",75,100,-7.7314102,-41.8122104
CS017454,BEJÚ DE MASSA,"Avenida Pedro Rabelo da Paixão, S/N",ZONA RURAL,64400-000,AMARANTE,2200509,PI,martareginapaixaodearaujopaixao@gmail.com,28.721.938/0001-10,Está funcionando com carga horária reduzida,1 vez por semana,Habilitada,"Agricultores Familiares e Campesinos, Povos e comunidades tradicionais (indígenas, quilombolas, ribeirinhos, etc.)",60,60,-6.2336303,-42.8566132
CS021372,PROJETO SOLIDÁRIO ANJOS NOTURNOS DE CURITIBA,"Rua Fortaleza, 1272",Cajuru,82930-230,CURITIBA,4106902,PR,sandrarrsilveira@hotmail.com,,"Sim, está funcionando normalmente",5 vezes por semana,Habilitada,"Mulheres, Jovens, Crianças, Idosos, População LGBTQIA+, Pessoas em situação de rua, Famílias beneﬁciárias do Programa Bolsa Família e famílias inscritas no Cadastro Único , Pessoas e famílias atingidas por situações de emergência ou calamidade pública, Outros grupos de pessoas em situação de vulnerabilidade social",330,30,-25.4549506,-49.2065152
CS021907,CAROLINA MARIA DE JESUS,"Estrada São João da Bela Vista, S/n",INTERIOR,99135-000,PASSO FUNDO,4314100,RS,recibela2014@gmail.com,21.556.649/0001-63,"Sim, está funcionando normalmente",5 vezes por semana,Habilitada,"Mulheres, Jovens, Idosos, População LGBTQIA+, Trabalhadores informais diversos (Motoristas de aplicativos, motoboys, serventes ou outros), Famílias beneﬁciárias do Programa Bolsa Família e famílias inscritas no Cadastro Único , Pessoas e famílias atingidas por situações de emergência ou calamidade pública, Grupo específico vinculado a determinada localidade, atividade, serviço ou movimento, Outros grupos de pessoas em situação de vulnerabilidade social",175,189,-28.2730754,-52.4141780
CS021929,COZINHA CRIANCA E ADOLESCENTE,"Rua Capitão Aguiar esquina com rua Havai, 99",Vila Rodrigues,99010-560,PASSO FUNDO,4314100,RS,formacao@transformacao.eco.br,12.861.453/0001-91,"Sim, está funcionando normalmente",3 vezes por semana,Habilitada,"Mulheres, Jovens, Crianças",0,86,-28.2592766,-52.3901960
CS018049,COZINHA DO CIRCO,"Avenida 2 s/n, sn",Taquarussu do Porto,77260-000,PALMAS,1721000,TO,cozinhadocirco@gmail.com,22.079.443/0001-52,"Sim, está funcionando normalmente",2 vezes por semana,Habilitada,"Mulheres, Jovens, Crianças, Famílias beneﬁciárias do Programa Bolsa Família e famílias inscritas no Cadastro Único , Grupo específico vinculado a determinada localidade, atividade, serviço ou movimento, Outros grupos de pessoas em situação de vulnerabilidade social",100,40,-10.3182954,-48.1537081
CS021320,ASSOCIAÇÃO BRASILEIRA PARA SERVIÇOS SOCIAIS - ABRASSO,"Rua C101 Qd 200 Lts 12/13, 114",Setor Sudoeste,74303-420,GOIÂNIA,5208707,GO,abrassogyn@gmail.com,44.796.024/0001-74,Está funcionando com carga horária reduzida,2 vezes por semana,Habilitada,"Mulheres, Jovens, Pessoas em situação de rua",60,90,-16.7065586,-49.3055347
CS020389,CABO ROCHA,"Rua Professor Freitas e Castro, 115",Azenha,90040-400,PORTO ALEGRE,4314902,RS,acbrpoa@gmail.com,,"Sim, está funcionando normalmente",1 vez por semana,Habilitada,"Mulheres, Crianças, Idosos, Pessoas em situação de rua, Famílias beneﬁciárias do Programa Bolsa Família e famílias inscritas no Cadastro Único , Pessoas e famílias atingidas por situações de emergência ou calamidade pública, Outros grupos de pessoas em situação de vulnerabilidade social",111,120,-30.0496784,-51.2159936
CS020747,COZINHA SOLIDÁRIA SÃO FRANCISCO,"Estrada São Francisco, 118",Lomba do Pinheiro,91550-250,PORTO ALEGRE,4314902,RS,denisefatimaoliveira1977@gmail.com,,"Sim, está funcionando normalmente",1 vez por semana,Habilitada,"Mulheres, Jovens, Crianças, Idosos, População LGBTQIA+, Trabalhadores informais diversos (Motoristas de aplicativos, motoboys, serventes ou outros), Pessoas em situação de rua, Famílias beneﬁciárias do Programa Bolsa Família e famílias inscritas no Cadastro Único , Pessoas e famílias atingidas por situações de emergência ou calamidade pública, Imigrantes, Outros grupos de pessoas em situação de vulnerabilidade social",506,240,-30.0988550,-51.1423370
CS021972,AMOB CINQUENTENÁRIO II,"Rua Walfrida Versteg, 341",Cinqüentenário,95012-550,CAXIAS DO SUL,4305108,RS,rpaimsilveira@gmail.com,07.001.599/0001-27,"Sim, está funcionando normalmente",4 vezes por semana,Habilitada,"Mulheres, Jovens, Crianças, Idosos, População LGBTQIA+, Trabalhadores informais diversos (Motoristas de aplicativos, motoboys, serventes ou outros), Pessoas em situação de rua, Famílias beneﬁciárias do Programa Bolsa Família e famílias inscritas no Cadastro Único , Imigrantes, Outros grupos de pessoas em situação de vulnerabilidade social",275,400,-29.1659699,-51.2114854
CS022029,IZAURA RODRIGUES,"Passeio Quatro, 181",São Gonçalo,96075-786,PELOTAS,4314407,RS,institutoizaurarodrigues@gmail.com,,"Sim, está funcionando normalmente",1 vez por semana,Habilitada,"Mulheres, Crianças, Idosos",0,250,-31.7757168,-52.3266754
CS022008,REINO DE OXUM E XANGO,"Rua Waldemar da Rosa, 542",Lomba da Palmeira,93225-010,SAPUCAIA DO SUL,4320008,RS,reinodeoxumexango@familiaorun.org,26.265.161/0003-62,"Sim, está funcionando normalmente",2 vezes por semana,Habilitada,"Mulheres, Jovens, Crianças, Idosos, População LGBTQIA+, Povos e comunidades tradicionais (indígenas, quilombolas, ribeirinhos, etc.)",37,200,-29.8299091,-51.1320779
CS022017,COZINHA SOLIDÁRIA NOVA ESPERANÇA,"Rua Dois, 233",Nova Esperança,35162-716,IPATINGA,3131307,MG,mcp.minasgerais@gmail.com,,"Sim, está funcionando normalmente",Uma vez ao mês,Habilitada,"Mulheres, Crianças, Idosos, Trabalhadores informais diversos (Motoristas de aplicativos, motoboys, serventes ou outros), Famílias beneﬁciárias do Programa Bolsa Família e famílias inscritas no Cadastro Único , Outros grupos de pessoas em situação de vulnerabilidade social",150,100,-19.4623799,-42.5781062
CS022007,COZINHA S.U.R.A.F.O.,"Rua Cacique Doble, 89",São Tomé,94465-110,VIAMÃO,4323002,RS,v.carvalho6@hotmail.com,,"Sim, está funcionando normalmente",6 vezes por semana,Habilitada,"Povos e comunidades tradicionais (indígenas, quilombolas, ribeirinhos, etc.)",13,52,-30.1284741,-51.0916232
CS020970,COZINHA ANCESTRAL VELHA CAMBINDA,"Rua Paraná, 13",Piedade,20745-250,RIO DE JANEIRO,3304557,RJ,jtjr.2809@gmail.com,58.220.488/0001-42,"Sim, está funcionando normalmente",Quinzenalmente,Habilitada,"Mulheres, Jovens, Crianças, Idosos, População LGBTQIA+, Pessoas em situação de rua, Famílias beneﬁciárias do Programa Bolsa Família e famílias inscritas no Cadastro Único , Outros grupos de pessoas em situação de vulnerabilidade social",450,150,-22.8963850,-43.3081831
CS021355,COZINHA SOLIDÁRIA TIME DO BEM,"Rua Camargo Corrêa, 130",Campo Novo,91750-140,PORTO ALEGRE,4314902,RS,gersonfontoura89@gmail.com,,Está funcionando com carga horária reduzida,4 vezes por semana,Habilitada,"Jovens, Crianças",0,80,-30.1336097,-51.2043303
CS015128,COZINHA REDE FILHOS DE ARUANDA,"Almirante Barros, 174",GETÚLIO VARGAS,96201-000,RIO GRANDE,4315602,RS,instituto.aruanda@gmail.com,26.682.222/0001-25,"Sim, está funcionando normalmente",6 vezes por semana,Habilitada,"Mulheres, Jovens, Crianças, Idosos, População LGBTQIA+, Pessoas em situação de rua, Famílias beneﬁciárias do Programa Bolsa Família e famílias inscritas no Cadastro Único , Povos e comunidades tradicionais (indígenas, quilombolas, ribeirinhos, etc.), Pessoas e famílias atingidas por situações de emergência ou calamidade pública, Imigrantes, Grupo específico vinculado a determinada localidade, atividade, serviço ou movimento, Outros grupos de pessoas em situação de vulnerabilidade social",1246,42,-32.0336861,-52.0884521
CS020889,CENTRO DE CONVIVÊNCIA SOCIAL DO RECIFE,"Avenida Gedalha, 230",Fundão,52130-120,RECIFE,2611606,PE,josefabiano12987@gmail.com,49.602.559/0001-80,"Sim, está funcionando normalmente",3 vezes por semana,Habilitada,"Mulheres, Jovens, Crianças, Idosos, População LGBTQIA+, Trabalhadores informais diversos (Motoristas de aplicativos, motoboys, serventes ou outros), Pessoas em situação de rua, Famílias beneﬁciárias do Programa Bolsa Família e famílias inscritas no Cadastro Único , Povos e comunidades tradicionais (indígenas, quilombolas, ribeirinhos, etc.), Pessoas e famílias atingidas por situações de emergência ou calamidade pública, Imigrantes, Grupo específico vinculado a determinada localidade, atividade, serviço ou movimento, Outros grupos de pessoas em situação de vulnerabilidade social",335,200,-8.0114431,-34.8912591
CS021574,COZINHA CUIDO DE TI,"Rua Nicácio da Silva Basto, 207",Parque Buenos Aires,08640-690,SUZANO,3552502,SP,otanielsd@gmail.com,34.550.238/0001-02,"Sim, está funcionando normalmente",1 vez por semana,Habilitada,"Mulheres, Jovens, Crianças, Idosos, Famílias beneﬁciárias do Programa Bolsa Família e famílias inscritas no Cadastro Único , Pessoas e famílias atingidas por situações de emergência ou calamidade pública",80,150,-23.6353872,-46.3267257
CS020717,ASSOCIAÇÃO MÃES E ANJOS AZUIS,"Rua Guarací, 179",Caçote,50870-440,RECIFE,2611606,PE,associacaomaeseanjosazuis@gmail.com,42.254.447/0001-37,Está funcionando com carga horária reduzida,1 vez por semana,Habilitada,"Mulheres, Jovens, Crianças, Idosos, Trabalhadores informais diversos (Motoristas de aplicativos, motoboys, serventes ou outros), Famílias beneﬁciárias do Programa Bolsa Família e famílias inscritas no Cadastro Único ",50,150,-8.0985778,-34.9309437
CS022047,ASSOCIAÇÃO  MÃES AZUIS,"Avenida Tenente Cleto Campelo, 2041",Maternidade,54811-482,MORENO,2609402,PE,Associacaomaesazuis@gmail.com,33.188.029/0001-06,Está funcionando com carga horária reduzida,4 vezes por semana,Habilitada,"Mulheres, Jovens, Crianças, Idosos, Famílias beneﬁciárias do Programa Bolsa Família e famílias inscritas no Cadastro Único ",100,200,-8.1149940,-35.0869666
CS020833,SOCIEDADE AFRICANA BENEFICENTE REINO DE YEMANJÁ,"Rua Terezinha Leal Oliveira, 739",Mário Quintana,91261-310,PORTO ALEGRE,4314902,RS,centroafroreinodeiemanja@gmail.com,58.479.711/0001-70,"Sim, está funcionando normalmente",7 vezes por semana,Habilitada,"Mulheres, Jovens, Crianças, Idosos, População LGBTQIA+, Pessoas em situação de rua, Famílias beneﬁciárias do Programa Bolsa Família e famílias inscritas no Cadastro Único , Pessoas e famílias atingidas por situações de emergência ou calamidade pública",80,150,-30.0337760,-51.0992533
CS017025,COZINHA COMUNITÁRIA ILLÊ AFRO MENINA ENCANTO DO CAÇADOR,"Rua das Rosas, 16",Jardim Protásio Alves,91550-248,PORTO ALEGRE,4314902,RS,illeafroencanto@gmail.com,,Está funcionando com carga horária reduzida,5 vezes por semana,Habilitada,"Mulheres, Jovens, Crianças, Idosos, População LGBTQIA+, Pessoas em situação de rua, Famílias beneﬁciárias do Programa Bolsa Família e famílias inscritas no Cadastro Único , Povos e comunidades tradicionais (indígenas, quilombolas, ribeirinhos, etc.), Pessoas e famílias atingidas por situações de emergência ou calamidade pública, Grupo específico vinculado a determinada localidade, atividade, serviço ou movimento, Outros grupos de pessoas em situação de vulnerabilidade social",330,300,-30.0302837,-51.1767972
CS022078,COZINHA DAS MARIAS,"Avenida Ferroviária Diretor Pestana, 1201",Humaitá,90250-150,PORTO ALEGRE,4314902,RS,muriliribeiro53@gmail.com,14.525.948/0001-75,Está funcionando com carga horária reduzida,2 vezes por semana,Habilitada,"Mulheres, Jovens, Crianças, Idosos, População LGBTQIA+, Trabalhadores informais diversos (Motoristas de aplicativos, motoboys, serventes ou outros), Pessoas em situação de rua, Famílias beneﬁciárias do Programa Bolsa Família e famílias inscritas no Cadastro Único , Povos e comunidades tradicionais (indígenas, quilombolas, ribeirinhos, etc.), Pessoas e famílias atingidas por situações de emergência ou calamidade pública, Imigrantes",52,600,-29.9935983,-51.1924481
CS020126,"AMIGOS DA VIDA – ORGANIZAÇÃO AMIGOS DA CRIANÇA, JOVEM E DA TERCEIRA IDADE","Av. Rio Branco,, Lt.16",Central,75635-000,CROMÍNIA,5206503,GO,amvir.amigosdavida@gmail.com,06.928.134/0001-53,Está funcionando com carga horária reduzida,2 vezes por semana,Habilitada,"Mulheres, Idosos, Pessoas em situação de rua, Povos e comunidades tradicionais (indígenas, quilombolas, ribeirinhos, etc.), Pessoas e famílias atingidas por situações de emergência ou calamidade pública, Outros grupos de pessoas em situação de vulnerabilidade social",230,50,-17.2920839,-49.3710098
CS021428,COZINHA SOLIDÁRIA AMFIX,"Rua E n Conjunto Feira IX, 32 A",Calumbi,44009-180,FEIRA DE SANTANA,2910800,BA,michelinedasilvabispo@gmail.com,63.110.290/0001-46,"Sim, está funcionando normalmente",6 vezes por semana,Habilitada,"Mulheres, Jovens, Crianças, Idosos, População LGBTQIA+, Trabalhadores informais diversos (Motoristas de aplicativos, motoboys, serventes ou outros), Pessoas em situação de rua, Famílias beneﬁciárias do Programa Bolsa Família e famílias inscritas no Cadastro Único , Povos e comunidades tradicionais (indígenas, quilombolas, ribeirinhos, etc.), Pessoas e famílias atingidas por situações de emergência ou calamidade pública, Grupo específico vinculado a determinada localidade, atividade, serviço ou movimento, Outros grupos de pessoas em situação de vulnerabilidade social",456,300,-12.2526055,-38.9854523
CS019199,ASSOCIAÇÃO RURALISTA BENEDITENSE,"Povoado Alto Sereno, S/N",ZONA RURAL,44642-000,NOVA FÁTIMA,2922730,BA,ruralistaassociacao@gmail.com,01.954.634/0001-46,Está funcionando com carga horária reduzida,3 vezes por semana,Habilitada,"Mulheres, Famílias beneﬁciárias do Programa Bolsa Família e famílias inscritas no Cadastro Único , Outros grupos de pessoas em situação de vulnerabilidade social",209,100,-11.6069982,-39.6302764
CS017888,COZINHA ANCESTRAL SOLIDARIA AKARÁ,"R. Tapajós, 56",PRADOS VERDES,26299-168,NOVA IGUAÇU,3303500,RJ,guilhermelopes2808@gmail.com,,Está funcionando com carga horária reduzida,3 vezes por semana,Habilitada,"Mulheres, Jovens, Crianças, Idosos, População LGBTQIA+, Pessoas em situação de rua, Povos e comunidades tradicionais (indígenas, quilombolas, ribeirinhos, etc.), Outros grupos de pessoas em situação de vulnerabilidade social",550,150,-22.8317493,-43.6211236
CS017849,"ASSOCIAÇÃO DE ECONOMIA SOLIDÁRIA, CULTURA E EDUCAÇÃO DA CASCATA","Rua 22 de Julho, 2352",Cascata,91712-061,PORTO ALEGRE,4314902,RS,bancocomunitariocascata@gmail.com,24.960.735/0001-25,"Sim, está funcionando normalmente",4 vezes por semana,Habilitada,"Mulheres, Jovens, Crianças, Idosos, Pessoas em situação de rua, Famílias beneﬁciárias do Programa Bolsa Família e famílias inscritas no Cadastro Único ",180,100,-30.0922024,-51.1766243
CS022119,COZINHA SANTA SARA DE CALIN DO POVO CIGANO,"Rua Prefeito Fausto Goes Leite, 139",Fernando Collor,49155-132,NOSSA SENHORA DO SOCORRO,2804805,SE,primarica1970@gmail.com,,"Sim, está funcionando normalmente",7 vezes por semana,Habilitada,"Mulheres, Jovens, Crianças, Idosos, População LGBTQIA+, Pessoas em situação de rua, Famílias beneﬁciárias do Programa Bolsa Família e famílias inscritas no Cadastro Único , Povos e comunidades tradicionais (indígenas, quilombolas, ribeirinhos, etc.), Pessoas e famílias atingidas por situações de emergência ou calamidade pública, Outros grupos de pessoas em situação de vulnerabilidade social",250,1200,-10.8600318,-37.0931370
CS022086,COZINHA SOLIDÁRIA RESGATANDO VIDAS,"Rua EE, 19",Guajuviras,92440-366,CANOAS,4304606,RS,emancipacomunidades@gmail.com,,Está funcionando com carga horária reduzida,2 vezes por semana,Habilitada,"Mulheres, Jovens, Crianças, Idosos, População LGBTQIA+, Trabalhadores informais diversos (Motoristas de aplicativos, motoboys, serventes ou outros), Famílias beneﬁciárias do Programa Bolsa Família e famílias inscritas no Cadastro Único , Pessoas e famílias atingidas por situações de emergência ou calamidade pública, Imigrantes",120,100,-29.8987181,-51.1358782
CS021540,PEGADA DA CORUJA,"Rua José Antunes Cerdeira, 71",Parque América,04841-070,SÃO PAULO,3550308,SP,ass.pegadadacoruja@gmail.com,44.681.263/0001-89,Está funcionando com carga horária reduzida,3 vezes por semana,Habilitada,"Mulheres, Jovens, Crianças, Idosos, População LGBTQIA+, Pessoas em situação de rua, Famílias beneﬁciárias do Programa Bolsa Família e famílias inscritas no Cadastro Único , Pessoas e famílias atingidas por situações de emergência ou calamidade pública, Outros grupos de pessoas em situação de vulnerabilidade social",78,150,-23.7357260,-46.6912419
CS018635,COZINHA LUZ DIVINA,"Rua Dolovico Pissaia, 1416",Jardim Independência,83050-080,SÃO JOSÉ DOS PINHAIS,4125506,PR,ongluzdivina@yahoo.com,44.405.263/0001-56,"Sim, está funcionando normalmente",3 vezes por semana,Habilitada,"Mulheres, Jovens, Crianças, Idosos, Pessoas em situação de rua, Famílias beneﬁciárias do Programa Bolsa Família e famílias inscritas no Cadastro Único , Pessoas e famílias atingidas por situações de emergência ou calamidade pública, Imigrantes, Outros grupos de pessoas em situação de vulnerabilidade social",1400,1,-25.4995687,-49.1864030
CS022146,COZINHANDO COM AMOR,"Avenida Rio Amazonas, 3770",Estados,83830-469,FAZENDA RIO GRANDE,4107652,PR,INSTITUTOOSLEOESDEJUDA@gmail.com,03.289.874/0001-07,"Sim, está funcionando normalmente",3 vezes por semana,Habilitada,"Mulheres, Jovens, Crianças, Idosos, Pessoas em situação de rua, Famílias beneﬁciárias do Programa Bolsa Família e famílias inscritas no Cadastro Único , Outros grupos de pessoas em situação de vulnerabilidade social",180,380,-25.6680689,-49.3252339
CS022091,SABOR SOLIDÁRIO,"Rua Dona Alzira, 1865",Sarandi,91110-010,PORTO ALEGRE,4314902,RS,tamiresp415@gmail.com,,"Sim, está funcionando normalmente",3 vezes por semana,Habilitada,"Mulheres, Jovens, Crianças, Idosos, Povos e comunidades tradicionais (indígenas, quilombolas, ribeirinhos, etc.)",50,300,-29.9932437,-51.1395026
CS022097,RITA DE CÁSSIA GALLE BRUM,"Rua Irmãs Escolares de Nossa Senhora, 79",Mário Quintana,91250-381,PORTO ALEGRE,4314902,RS,ritagalle341@gmail.com,,"Sim, está funcionando normalmente",2 vezes por semana,Habilitada,"Mulheres, Jovens, Crianças, Idosos",0,80,-30.0230399,-51.0997153
CS022143,COZINHA SOLIDÁRIA AMOVIN,"Rua Onze de Maio, 33",São Sebastião - Vil. Nazaré,91060-610,PORTO ALEGRE,4314902,RS,emancipacomunidades@gmail.com,,"Sim, está funcionando normalmente",3 vezes por semana,Habilitada,"Mulheres, Jovens, Crianças, Idosos, Trabalhadores informais diversos (Motoristas de aplicativos, motoboys, serventes ou outros), Famílias beneﬁciárias do Programa Bolsa Família e famílias inscritas no Cadastro Único , Pessoas e famílias atingidas por situações de emergência ou calamidade pública, Grupo específico vinculado a determinada localidade, atividade, serviço ou movimento, Outros grupos de pessoas em situação de vulnerabilidade social",870,300,-29.9937304,-51.1455638
CS021439,COZINHA SOLIDÁRIA PERIFERIA NO CENTRO,"Praça Rui Barbosa, 57",Centro Histórico,90030-100,PORTO ALEGRE,4314902,RS,unmprs@gmail.com,,"Sim, está funcionando normalmente",5 vezes por semana,Habilitada,"Mulheres, Jovens, Crianças, Idosos, População LGBTQIA+, Trabalhadores informais diversos (Motoristas de aplicativos, motoboys, serventes ou outros), Pessoas em situação de rua, Famílias beneﬁciárias do Programa Bolsa Família e famílias inscritas no Cadastro Único , Pessoas e famílias atingidas por situações de emergência ou calamidade pública, Imigrantes, Grupo específico vinculado a determinada localidade, atividade, serviço ou movimento",250,120,-30.0257376,-51.2250275
CS022132,ASSOCIAÇÃO DE MULHERES EMERGENTES DAS ENCHENTES,"Rua Affonso Paulo Feijó, 45",Sarandi,91140-070,PORTO ALEGRE,4314902,RS,emancipacomunidades@gmail.com,,Está funcionando com carga horária reduzida,2 vezes por semana,Habilitada,"Mulheres, Crianças, Idosos, Trabalhadores informais diversos (Motoristas de aplicativos, motoboys, serventes ou outros), Pessoas em situação de rua, Famílias beneﬁciárias do Programa Bolsa Família e famílias inscritas no Cadastro Único , Pessoas e famílias atingidas por situações de emergência ou calamidade pública",350,200,-29.9915982,-51.1133305
CS022125,COZINHA DA GI,"Rua Cariacica, 59",Jardim Santa Cruz (Zona Norte),02672-060,SÃO PAULO,3550308,SP,gislainegimenez@gmail.com,,"Sim, está funcionando normalmente",5 vezes por semana,Habilitada,"Mulheres, Jovens, Crianças, Idosos, População LGBTQIA+, Trabalhadores informais diversos (Motoristas de aplicativos, motoboys, serventes ou outros), Pessoas em situação de rua, Famílias beneﬁciárias do Programa Bolsa Família e famílias inscritas no Cadastro Único , Pessoas e famílias atingidas por situações de emergência ou calamidade pública, Imigrantes, Grupo específico vinculado a determinada localidade, atividade, serviço ou movimento, Outros grupos de pessoas em situação de vulnerabilidade social",245,250,-23.4604579,-46.6663564
CS022163,COZINHA NOVO HORIZONTE,"RUA 27, 104",SETOR UNIVERSITÁRIO,77650-000,MIRACEMA DO TOCANTINS,1713205,TO,edileiaferreira327@gmail.com,16.642.325/0001-08,"Sim, está funcionando normalmente",3 vezes por semana,Habilitada,"Mulheres, Jovens, Crianças, Idosos",0,150,-9.5732079,-48.4064034
CS020203,MENINA DOS OLHOS DE DEUS,"Rua G, 1045",Noal,97021-195,SANTA MARIA,4316907,RS,flaviamedianeira6@gmail.com,,"Sim, está funcionando normalmente",2 vezes por semana,Habilitada,"Mulheres, Crianças, Pessoas em situação de rua, Famílias beneﬁciárias do Programa Bolsa Família e famílias inscritas no Cadastro Único , Outros grupos de pessoas em situação de vulnerabilidade social",215,150,-29.6967193,-53.8349529
CS021936,DAMIANA’S CONTRA FOME,"Avenida Getulio Vargas, 1143,, 1143",Estação,48700-000,SERRINHA,2930501,BA,cmecshaedital@gmail.com,,Está funcionando com carga horária reduzida,6 vezes por semana,Habilitada,"Mulheres, Jovens, Crianças, Idosos, População LGBTQIA+, Trabalhadores informais diversos (Motoristas de aplicativos, motoboys, serventes ou outros), Pessoas em situação de rua, Famílias beneﬁciárias do Programa Bolsa Família e famílias inscritas no Cadastro Único , Pessoas e famílias atingidas por situações de emergência ou calamidade pública, Imigrantes, Grupo específico vinculado a determinada localidade, atividade, serviço ou movimento, Outros grupos de pessoas em situação de vulnerabilidade social",440,200,-11.6645636,-39.0120610
CS022197,ORUN ONÃ TI INÃ,"Avenida Doutor Mário Lopes, 1760",Nossa Senhora de Fátima,95043-240,CAXIAS DO SUL,4305108,RS,gabyedeise@gmail.com,65.926.779/0001-16,"Sim, está funcionando normalmente",4 vezes por semana,Habilitada,"Mulheres, Crianças, Idosos, População LGBTQIA+, Trabalhadores informais diversos (Motoristas de aplicativos, motoboys, serventes ou outros), Pessoas em situação de rua, Povos e comunidades tradicionais (indígenas, quilombolas, ribeirinhos, etc.), Pessoas e famílias atingidas por situações de emergência ou calamidade pública",150,500,-29.1364878,-51.1814894
CS016595,COZINHA SOLIDÁRIA DESABAFA,"Rua Frederico Mentz, 460",Farrapos,90240-110,PORTO ALEGRE,4314902,RS,rodrigohcs@gmail.com,,Está funcionando com carga horária reduzida,1 vez por semana,Habilitada,"Mulheres, Jovens, Crianças, Idosos, Pessoas em situação de rua, Famílias beneﬁciárias do Programa Bolsa Família e famílias inscritas no Cadastro Único , Pessoas e famílias atingidas por situações de emergência ou calamidade pública, Grupo específico vinculado a determinada localidade, atividade, serviço ou movimento, Outros grupos de pessoas em situação de vulnerabilidade social",1180,350,-29.9854021,-51.1984514
CS022105,COZINHA ANCESTRAL AXÉ DA 15,"Rua Quinze de Novembro, 295",Santos Dumont,93115-200,SÃO LEOPOLDO,4318705,RS,axedaquinze@familiaorun.org,26.265.161/0002-81,"Sim, está funcionando normalmente",3 vezes por semana,Habilitada,"Mulheres, Jovens, Crianças, Idosos, População LGBTQIA+, Pessoas em situação de rua, Povos e comunidades tradicionais (indígenas, quilombolas, ribeirinhos, etc.), Pessoas e famílias atingidas por situações de emergência ou calamidade pública, Outros grupos de pessoas em situação de vulnerabilidade social",170,335,-29.7370701,-51.1458986
CS020211,YLÊ XAPANÃ E OBÁ,"rua tiradentes, 2530",jd porto alegre,94810-000,ALVORADA,4300604,RS,soniafrancodexapanam1959@gmail.com,,"Sim, está funcionando normalmente",5 vezes por semana,Habilitada,"Mulheres, Jovens, Crianças, Idosos, População LGBTQIA+, Trabalhadores informais diversos (Motoristas de aplicativos, motoboys, serventes ou outros), Pessoas em situação de rua, Famílias beneﬁciárias do Programa Bolsa Família e famílias inscritas no Cadastro Único , Povos e comunidades tradicionais (indígenas, quilombolas, ribeirinhos, etc.), Pessoas e famílias atingidas por situações de emergência ou calamidade pública",280,600,-30.0227256,-51.0799221
CS016549,MARMITAS DA TERRA,"Alameda Princesa Izabel, 714",Centro,80430-128,CURITIBA,4106902,PR,daterramarmitas0@gmail.com,55.025.405/0001-76,"Sim, está funcionando normalmente",4 vezes por semana,Habilitada,"Mulheres, Crianças, Pessoas em situação de rua, Pessoas e famílias atingidas por situações de emergência ou calamidade pública",60,85,-25.4303555,-49.2845151
CS015428,COZINHA SOLIDARIA PROFETA DANIEL,"Rua Maria Dorvalina Borges, 230",Santa Rosa de Lima,91160-240,PORTO ALEGRE,4314902,RS,Neusamatto@gmail.com,92518745000165,"Sim, está funcionando normalmente",5 vezes por semana,Habilitada,"Mulheres, Jovens, Crianças, Idosos, População LGBTQIA+, Trabalhadores informais diversos (Motoristas de aplicativos, motoboys, serventes ou outros), Pessoas em situação de rua, Famílias beneﬁciárias do Programa Bolsa Família e famílias inscritas no Cadastro Único , Povos e comunidades tradicionais (indígenas, quilombolas, ribeirinhos, etc.), Pessoas e famílias atingidas por situações de emergência ou calamidade pública, Imigrantes, Outros grupos de pessoas em situação de vulnerabilidade social",490,260,-29.9963117,-51.1026300
CS020653,CENTRO AFRICANO DE CARIDADE E ASSISTENCIA LUZ MAIOR,"RUA SANTA CLARA, 645",SANTA FÉ,94060-300,GRAVATAÍ,4309209,RS,cacalmluzmaior@gmail.com,61.365.971/0001-20,"Sim, está funcionando normalmente",6 vezes por semana,Habilitada,"Mulheres, Jovens, Crianças, Idosos, População LGBTQIA+, Pessoas em situação de rua, Povos e comunidades tradicionais (indígenas, quilombolas, ribeirinhos, etc.), Pessoas e famílias atingidas por situações de emergência ou calamidade pública, Imigrantes, Outros grupos de pessoas em situação de vulnerabilidade social",329,450,-29.9392290,-51.0541285
CS020175,COZINHA DO MESTRE,"Rua Professor Plácido e Silva, 860",Parolin,80220-400,CURITIBA,4106902,PR,abasc@abasc.org.br,02.052.396/0001-46,"Sim, está funcionando normalmente",1 vez por semana,Habilitada,"Pessoas em situação de rua, Outros grupos de pessoas em situação de vulnerabilidade social",300,300,-25.4669560,-49.2636028
CS021980,AMIGOS DO ZÉ ALGUÉM,"Rua Francisco Tavares, 62",Rio Várzea,24812-014,ITABORAÍ,3301900,RJ,raissaabarreto@gmail.com,48.503.587/0001-88,"Sim, está funcionando normalmente",2 vezes por semana,Habilitada,"Mulheres, Jovens, Crianças, Idosos, População LGBTQIA+, Pessoas em situação de rua, Outros grupos de pessoas em situação de vulnerabilidade social",50,40,-22.7486758,-42.8667677
CS022057,SEMEANDO SABORES,"Rua Deputado Tenório Cavalcanti, 359",Uberaba,81590-240,CURITIBA,4106902,PR,ade_nashiro@hotmail.com,09.676.599/0001-52,"Sim, está funcionando normalmente",2 vezes por semana,Habilitada,"Mulheres, Crianças, Idosos, Pessoas em situação de rua, Famílias beneﬁciárias do Programa Bolsa Família e famílias inscritas no Cadastro Único ",250,150,-25.4815921,-49.2043867
CS022251,COZINHA SOLIDÁRIA DO SESI - LUZ DO AMANHÃ,"Travessa Jane Bomfim ou travessa Serafim Bomfim, 129",Santos Dumont,49087-000,ARACAJU,2800308,SE,jhilttons59@gmail.com,,Está funcionando com carga horária reduzida,2 vezes por semana,Habilitada,"Mulheres, Jovens, Crianças, Idosos, População LGBTQIA+, Trabalhadores informais diversos (Motoristas de aplicativos, motoboys, serventes ou outros), Pessoas em situação de rua, Famílias beneﬁciárias do Programa Bolsa Família e famílias inscritas no Cadastro Único , Grupo específico vinculado a determinada localidade, atividade, serviço ou movimento, Outros grupos de pessoas em situação de vulnerabilidade social",204,190,-10.8941518,-37.0845680
CS021958,COZINHA ARMÁRIO SOLIDÁRIO,"Rua Fernando Carneiro, 447",Oseas,48700-000,SERRINHA,2930501,BA,santoslimamizael@hotmail.com,,"Sim, está funcionando normalmente",1 vez por semana,Habilitada,"Mulheres, Jovens, Crianças, Idosos, População LGBTQIA+, Agricultores Familiares e Campesinos, Trabalhadores informais diversos (Motoristas de aplicativos, motoboys, serventes ou outros), Pessoas em situação de rua, Famílias beneﬁciárias do Programa Bolsa Família e famílias inscritas no Cadastro Único , Assentados da Reforma Agrária, Grupo específico vinculado a determinada localidade, atividade, serviço ou movimento, Outros grupos de pessoas em situação de vulnerabilidade social",210,300,-11.6550455,-39.0050701
CS022209,AMIGOS DA SAUDE,"Rua São Francisco de Assis, 949",Santa Mônica,44077-720,FEIRA DE SANTANA,2910800,BA,aneamigadasaude@gmail.com,60.907.690/0001-99,"Sim, está funcionando normalmente",2 vezes por semana,Habilitada,"Mulheres, Jovens, Crianças, Idosos, População LGBTQIA+, Agricultores Familiares e Campesinos, Trabalhadores informais diversos (Motoristas de aplicativos, motoboys, serventes ou outros), Pessoas em situação de rua, Famílias beneﬁciárias do Programa Bolsa Família e famílias inscritas no Cadastro Único , Povos e comunidades tradicionais (indígenas, quilombolas, ribeirinhos, etc.), Grupo específico vinculado a determinada localidade, atividade, serviço ou movimento, Outros grupos de pessoas em situação de vulnerabilidade social",255,500,-12.2624343,-38.9370132
CS020062,#1KGDEAMOR,"R. Adriano Lugarini, 43",Butiatuvinha,82400-260,CURITIBA,4106902,PR,cydarodriguespereira@gmail.com,,"Sim, está funcionando normalmente",Quinzenalmente,Habilitada,"Pessoas em situação de rua, Famílias beneﬁciárias do Programa Bolsa Família e famílias inscritas no Cadastro Único , Imigrantes, Outros grupos de pessoas em situação de vulnerabilidade social",750,350,-25.3931941,-49.3422700
CS022167,COZINHA DO BEM,"Residencial Dandara dos Cocais Quadra 03 Rua 02, Casa 22",Santa Maria,64012-788,TERESINA,2211001,PI,marlenevitoriodesousa@gmail.com,61359929000104,Está funcionando com carga horária reduzida,2 vezes por semana,Habilitada,"Mulheres, Jovens, Crianças, Idosos, Trabalhadores informais diversos (Motoristas de aplicativos, motoboys, serventes ou outros), Famílias beneﬁciárias do Programa Bolsa Família e famílias inscritas no Cadastro Único ",6,150,-4.9902923,-42.8314367
CS019312,ASSOCIAÇÃO COMUNITÁRIA SÃO LOURENÇO,"Povoado de São Lourenço, S/N",Zona Rural,44600-000,RIACHÃO DO JACUÍPE,2926301,BA,celia@moc.org.br,16.432.221/0001-79,Está funcionando com carga horária reduzida,3 vezes por semana,Habilitada,"Famílias beneﬁciárias do Programa Bolsa Família e famílias inscritas no Cadastro Único , Outros grupos de pessoas em situação de vulnerabilidade social",200,100,-11.9260892,-39.4028869
CS021135,CEFER 2,"Acesso 14 - Cefer 2, 230",Jardim Carvalho,91430-400,PORTO ALEGRE,4314902,RS,rosestrossij@gmail.com,,"Sim, está funcionando normalmente",1 vez por semana,Habilitada,"Mulheres, Jovens, Crianças, Idosos, Trabalhadores informais diversos (Motoristas de aplicativos, motoboys, serventes ou outros), Pessoas em situação de rua, Famílias beneﬁciárias do Programa Bolsa Família e famílias inscritas no Cadastro Único , Pessoas e famílias atingidas por situações de emergência ou calamidade pública",310,300,-30.0530263,-51.1473595
CS014705,PROJETO MARMITAS SOLIDÁRIAS,"Rua Sara Carvalho, 35",Tancredo Neves,97032-390,SANTA MARIA,4316907,RS,Eloimetz@gmail.com,,"Sim, está funcionando normalmente",2 vezes por semana,Habilitada,"Mulheres, Idosos, Pessoas em situação de rua, Outros grupos de pessoas em situação de vulnerabilidade social",180,150,-29.6962702,-53.8732245
CS021550,AMJ PIRACUAMA,"Rua Afonso Dias, 54",Jardim Piracuama,05763-280,SÃO PAULO,3550308,SP,amjpiracuama@gmail.com,56.089.212/0001-41,Está funcionando com carga horária reduzida,2 vezes por semana,Habilitada,"Mulheres, Jovens, Crianças, Idosos, População LGBTQIA+, Pessoas em situação de rua, Outros grupos de pessoas em situação de vulnerabilidade social",300,150,-23.6453313,-46.7631907
CS022127,PÃO VIVO,"Rua Dante Melara, 1917",Cajuru,82930-240,CURITIBA,4106902,PR,sueliaparecida5495@gmail.com,,"Sim, está funcionando normalmente",3 vezes por semana,Habilitada,"Mulheres, Jovens, Crianças, Idosos, Pessoas em situação de rua, Famílias beneﬁciárias do Programa Bolsa Família e famílias inscritas no Cadastro Único ",250,150,-25.4605481,-49.2028112
CS021932,COZINHA DA ASSOCIAÇÃO AMCHAC,"Caminho 21, número 45, 01",ACM,45570-000,IPIAÚ,2913903,BA,maria-anasouza@hotmail.com,00.795.739/0001-37,"Sim, está funcionando normalmente",3 vezes por semana,Habilitada,"Mulheres, Jovens, Crianças, Idosos, População LGBTQIA+, Pessoas em situação de rua",5,200,-14.1329483,-39.7220727
CS022289,COZINHA MOVER VIDAS,"Rua Ivan Azevedo 54 bairro Transmontana, 54",Jardim Transmontano,26453-023,JAPERI,3302270,RJ,instituto@movervidas.org,43.547.890/0001-69,"Sim, está funcionando normalmente",5 vezes por semana,Habilitada,"Mulheres, Crianças, Idosos, Pessoas em situação de rua, Famílias beneﬁciárias do Programa Bolsa Família e famílias inscritas no Cadastro Único ",100,60,-22.6775141,-43.6068337
CS022083,COZINHA COMUNITÁRIA MONGARU,"Rua Porto Alegre, 940",Mato Alto,94195-000,GRAVATAÍ,4309209,RS,coopsuladm@gmail.com,10.406.587/0001-97,Está funcionando com carga horária reduzida,1 vez por semana,Habilitada,"Mulheres, Jovens, Crianças, Idosos, População LGBTQIA+, Trabalhadores informais diversos (Motoristas de aplicativos, motoboys, serventes ou outros), Famílias beneﬁciárias do Programa Bolsa Família e famílias inscritas no Cadastro Único , Imigrantes, Assentados da Reforma Agrária",100,200,-29.9608562,-50.9650562
CS022267,AMIGOS DA CARIDADE,"Loteamento Helio jatoba 1, 58",Hélio Jatobá,57246-050,SÃO MIGUEL DOS CAMPOS,2708600,AL,ongamigosdacaridade@gmail.com,54.964.334/0001-04,"Sim, está funcionando normalmente",1 vez por semana,Habilitada,"Mulheres, Pessoas em situação de rua, Famílias beneﬁciárias do Programa Bolsa Família e famílias inscritas no Cadastro Único , Outros grupos de pessoas em situação de vulnerabilidade social",90,94,-9.7997695,-36.1051781
CS021984,COZINHA OCA PORÃ,"Travessa Jasmim Laranja, 76",Conjunto Habitacional Instituto Adventista,05868-640,SÃO PAULO,3550308,SP,Mascarenhasvaleriavlm@gmail.com,,"Sim, está funcionando normalmente",3 vezes por semana,Habilitada,"Mulheres, Jovens, Crianças, Idosos, População LGBTQIA+, Trabalhadores informais diversos (Motoristas de aplicativos, motoboys, serventes ou outros), Pessoas em situação de rua, Famílias beneﬁciárias do Programa Bolsa Família e famílias inscritas no Cadastro Único ",105,80,-23.6648700,-46.7762794
CS022012,SOPA SOLIDÁRIA - PARÓQUIA SANTA TERESA DE JESUS,"Rua José Romito, 53",Vila Santa Tereza,14883-294,JABOTICABAL,3524303,SP,santa.teresa.jab@diocesejaboticabal.org.br,45.336.195/0043-32,Está funcionando com carga horária reduzida,6 vezes por semana,Habilitada,"Mulheres, Jovens, Crianças, Idosos, Pessoas em situação de rua, Outros grupos de pessoas em situação de vulnerabilidade social",50,145,-21.2455586,-48.3071863
CS022294,PRODICA - PROGRAMA SOCIAL,"Rua Três, 246",Cidade Singer 1,13053-102,CAMPINAS,3509502,SP,prodicaprojetosocial@gmail.com,46.757.161/0001-25,"Sim, está funcionando normalmente",1 vez por semana,Habilitada,"Mulheres, Jovens, Crianças, Idosos, População LGBTQIA+, Trabalhadores informais diversos (Motoristas de aplicativos, motoboys, serventes ou outros), Pessoas em situação de rua, Famílias beneﬁciárias do Programa Bolsa Família e famílias inscritas no Cadastro Único , Pessoas e famílias atingidas por situações de emergência ou calamidade pública, Imigrantes",434,450,-23.0232111,-47.1207455
CS022261,COZINHA SOLIDÁRIA SABOR DA SOLIDARIEDADE,"Av Cel. Orestes Lucas, 4033",Centro,95745-000,CAPELA DE SANTANA,4304689,RS,danielsauer78@gmail.com,20.246.098/0001-79,"Sim, está funcionando normalmente",5 vezes por semana,Habilitada,"Mulheres, Jovens, Crianças, Idosos, População LGBTQIA+, Pessoas em situação de rua, Famílias beneﬁciárias do Programa Bolsa Família e famílias inscritas no Cadastro Único , Povos e comunidades tradicionais (indígenas, quilombolas, ribeirinhos, etc.), Pessoas e famílias atingidas por situações de emergência ou calamidade pública, Imigrantes, Outros grupos de pessoas em situação de vulnerabilidade social",425,400,-29.6996476,-51.3249002
CS022315,COZINHA SOLIDÁRIA BELA VISTA,"Rua Albino Lazzareti, 09",Planaltina,99062-030,PASSO FUNDO,4314100,RS,danielsauer78@gmail.com,20.246.098/0001-79,"Sim, está funcionando normalmente",4 vezes por semana,Habilitada,"Mulheres, Jovens, Crianças, Idosos, População LGBTQIA+, Pessoas em situação de rua, Famílias beneﬁciárias do Programa Bolsa Família e famílias inscritas no Cadastro Único , Pessoas e famílias atingidas por situações de emergência ou calamidade pública, Outros grupos de pessoas em situação de vulnerabilidade social",420,400,-28.2728404,-52.3857017
CS021595,CASA TULIPA,"Acesso Seis, 4879",Restinga,91795-100,PORTO ALEGRE,4314902,RS,ongcasatulipa@gmail.com,60.978.424/0001-57,"Sim, está funcionando normalmente",5 vezes por semana,Habilitada,"Mulheres, Jovens, Crianças, Idosos, População LGBTQIA+, Famílias beneﬁciárias do Programa Bolsa Família e famílias inscritas no Cadastro Único , Grupo específico vinculado a determinada localidade, atividade, serviço ou movimento",180,150,-30.1495145,-51.1486164
CS022252,INSTITUTO LEONARDO MURIALDO,"Rua Franco Vaz, 309",Quintino Bocaiúva,21311-320,RIO DE JANEIRO,3304557,RJ,coordenacao.asrio@murialdo.com.br,88.637.780/0012-89,"Sim, está funcionando normalmente",5 vezes por semana,Habilitada,"Jovens, Crianças",0,210,-22.8907598,-43.3239411
CS022043,ONG LUZ DO SOL,"Rua do Generino, s/n",Tibiri,55560-000,BARREIROS,2601409,PE,flaviosilva007@gmail.com,18.693.386/0001-20,Está funcionando com carga horária reduzida,2 vezes por semana,Habilitada,"Mulheres, Jovens, Crianças, Idosos, População LGBTQIA+, Famílias beneﬁciárias do Programa Bolsa Família e famílias inscritas no Cadastro Único , Pessoas e famílias atingidas por situações de emergência ou calamidade pública",95,100,-8.8120152,-35.1994716
CS022378,COZINHA SOLIDÁRIA PROGRESSO,"Rua Cedro Rosa, 189",Santos Dumont,93113-046,SÃO LEOPOLDO,4318705,RS,emancipacomunidades@gmail.com,,Está funcionando com carga horária reduzida,1 vez por semana,Habilitada,"Mulheres, Jovens, Crianças, Idosos, Trabalhadores informais diversos (Motoristas de aplicativos, motoboys, serventes ou outros), Pessoas em situação de rua, Famílias beneﬁciárias do Programa Bolsa Família e famílias inscritas no Cadastro Único , Pessoas e famílias atingidas por situações de emergência ou calamidade pública",240,200,-29.7461558,-51.1423794
CS022259,IGREJA METODISTA ORTODOXA DE ONÓRIO GURGEL,"Rua Doutor Gonçalves Lima, 1104",Marechal Hermes,21555-500,RIO DE JANEIRO,3304557,RJ,samuel.brum@yahoo.com.br,29.969.540/0001-60,"Sim, está funcionando normalmente",2 vezes por semana,Habilitada,"Jovens, Crianças",0,200,-22.8496940,-43.3607895
CS022282,CENTRO CULTURAL E SOCIAL SEVERIN@S,"Rua Monte Alegre, 140",Ouro Preto,53370-293,OLINDA,2609600,PE,severinoscentrocultural@gmail.com,41.230.657/0001-22,"Sim, está funcionando normalmente",6 vezes por semana,Habilitada,"Mulheres, Jovens, Crianças, Idosos, População LGBTQIA+, Trabalhadores informais diversos (Motoristas de aplicativos, motoboys, serventes ou outros), Pessoas em situação de rua, Famílias beneﬁciárias do Programa Bolsa Família e famílias inscritas no Cadastro Único , Grupo específico vinculado a determinada localidade, atividade, serviço ou movimento, Outros grupos de pessoas em situação de vulnerabilidade social",50,60,-7.9914454,-34.8668652
CS022205,COZINHA SOLIDÁRIA OCUPAÇÃO TOMÁS BALDUÍNO,"Rua dos Cravos, 146",Santa Margarida (Justinópolis),33920-350,RIBEIRÃO DAS NEVES,3154606,MG,csmtstmg@gmail.com,,Está funcionando com carga horária reduzida,2 vezes por semana,Habilitada,"Mulheres, Jovens, Crianças, Idosos, População LGBTQIA+, Trabalhadores informais diversos (Motoristas de aplicativos, motoboys, serventes ou outros), Pessoas em situação de rua, Famílias beneﬁciárias do Programa Bolsa Família e famílias inscritas no Cadastro Único ",105,240,-19.7562560,-43.9978180
CS021843,COZINHA SOLIDARIA CASA DO DENDÊ,"Rua do Dendê, 254",Morro da Conceição,52280-100,RECIFE,2611606,PE,casadodende@gmail.com,,Está funcionando com carga horária reduzida,5 vezes por semana,Habilitada,"Mulheres, Jovens, Crianças, Idosos, População LGBTQIA+, Trabalhadores informais diversos (Motoristas de aplicativos, motoboys, serventes ou outros), Pessoas em situação de rua, Famílias beneﬁciárias do Programa Bolsa Família e famílias inscritas no Cadastro Único , Povos e comunidades tradicionais (indígenas, quilombolas, ribeirinhos, etc.), Outros grupos de pessoas em situação de vulnerabilidade social",105,100,-8.0186585,-34.9150606
CS021937,UMBANDA COM AMOR (CENTRO DE UMBANDA CABOCLO SETE FLECHAS ),"Rua Perdigão Malheiros, 17",Novo Porto Canoa,29167-557,SERRA,3205002,ES,Priscilamazzinghy121@gmail.com,,"Sim, está funcionando normalmente",5 vezes por semana,Habilitada,"Mulheres, Jovens, Crianças, Idosos, População LGBTQIA+, Pessoas em situação de rua, Famílias beneﬁciárias do Programa Bolsa Família e famílias inscritas no Cadastro Único , Pessoas e famílias atingidas por situações de emergência ou calamidade pública",350,200,-20.1431098,-40.2559423
CS022204,COZINHA SOLIDÁRIA OCUPAÇÃO DANDARA,"Rua das Flores, 82",Trevo (Dandara),31370-645,BELO HORIZONTE,3106200,MG,csmtstmg@gmail.com,,Está funcionando com carga horária reduzida,3 vezes por semana,Habilitada,"Mulheres, Jovens, Crianças, Idosos, Trabalhadores informais diversos (Motoristas de aplicativos, motoboys, serventes ou outros), Pessoas em situação de rua, Famílias beneﬁciárias do Programa Bolsa Família e famílias inscritas no Cadastro Único , Pessoas e famílias atingidas por situações de emergência ou calamidade pública, Grupo específico vinculado a determinada localidade, atividade, serviço ou movimento, Outros grupos de pessoas em situação de vulnerabilidade social",149,230,-19.8280202,-44.0080835
CS022321,COZINHA DO ESPAÇO MÃE NATUREZA,"Rua Tamandaré, 351",Santo André,68022-100,SANTARÉM,1506807,PA,aidp.irmadulce@gmail.com,17.102.193/0001-94,"Sim, está funcionando normalmente",6 vezes por semana,Habilitada,"Mulheres, Jovens, Crianças, Idosos, População LGBTQIA+, Pessoas em situação de rua, Famílias beneﬁciárias do Programa Bolsa Família e famílias inscritas no Cadastro Único , Povos e comunidades tradicionais (indígenas, quilombolas, ribeirinhos, etc.), Pessoas e famílias atingidas por situações de emergência ou calamidade pública",10,64,-2.4651111,-54.7109703
CS022250,COZINHA ACTAMARES,"RUA ROQUE AMBROSIO CARNEIRO, SN",CENTRO,48725-000,ICHU,2913309,BA,actamares.ichu2016@gmail.com,28.357.247/0001-89,Está funcionando com carga horária reduzida,3 vezes por semana,Habilitada,"Mulheres, Jovens, Crianças, Idosos",0,200,-11.7513497,-39.1872102
CS016826,TERREIRO DE ONÉDES DA SILVA,"Rua Augusto Pestana, nº 19, 19",Tijuca,94852-130,ALVORADA,4300604,RS,veronicasilvachagas746@gmail.com,,"Sim, está funcionando normalmente",2 vezes por semana,Habilitada,"Mulheres, Jovens, Crianças, Idosos, População LGBTQIA+, Trabalhadores informais diversos (Motoristas de aplicativos, motoboys, serventes ou outros), Pessoas em situação de rua, Famílias beneﬁciárias do Programa Bolsa Família e famílias inscritas no Cadastro Único , Pessoas e famílias atingidas por situações de emergência ou calamidade pública, Outros grupos de pessoas em situação de vulnerabilidade social",245,150,-29.9992716,-51.0454857
CS022203,COZINHA SOLIDÁRIA NOVA GAMELEIRA,"Rua Cinco, 30",Nova Cintra,30590-265,BELO HORIZONTE,3106200,MG,csmtstmg@gmail.com,,Está funcionando com carga horária reduzida,1 vez por semana,Habilitada,"Mulheres, Jovens, Crianças, Idosos, Trabalhadores informais diversos (Motoristas de aplicativos, motoboys, serventes ou outros), Pessoas em situação de rua, Outros grupos de pessoas em situação de vulnerabilidade social",90,150,-19.8123056,-43.9441841
CS022355,"COZINHA SOLIDÁRIA ""VÓ ZIZI"" DA ASSOCIAÇÃO COOPER 3RS","Nagib Matte Merhej, 1070",Jd Suecia,13848-490,MOGI GUAÇU,3530706,SP,contato@cooper3rs.org.br,10.963.572/0001-20,"Sim, está funcionando normalmente",5 vezes por semana,Habilitada,"Mulheres, Jovens, Idosos, Pessoas em situação de rua, Famílias beneﬁciárias do Programa Bolsa Família e famílias inscritas no Cadastro Único , Grupo específico vinculado a determinada localidade, atividade, serviço ou movimento, Outros grupos de pessoas em situação de vulnerabilidade social",126,50,-22.3537341,-46.9161791
CS022403,MAIS QUE AMIGOS DO BEM,"Avenida Atlântica, 211",Cassino,96207-424,RIO GRANDE,4315602,RS,mariangelaoliveirarg@gmail.com,,"Sim, está funcionando normalmente",2 vezes por semana,Habilitada,"Mulheres, Jovens, Crianças, Idosos, População LGBTQIA+, Pessoas em situação de rua, Famílias beneﬁciárias do Programa Bolsa Família e famílias inscritas no Cadastro Único , Pessoas e famílias atingidas por situações de emergência ou calamidade pública, Imigrantes",30,250,-32.1816460,-52.1556891
CS020926,COZINHA ANCESTRAL SOLIDÁRIA JOKO OMI,"Rua Marina, lote 16",Jardim Guandu,26298-030,NOVA IGUAÇU,3303500,RJ,ileaseosumjokoomi.bangbose@gmail.com,58.579.284/0001-00,"Sim, está funcionando normalmente",7 vezes por semana,Habilitada,"Mulheres, Jovens, Crianças, Idosos, População LGBTQIA+, Trabalhadores informais diversos (Motoristas de aplicativos, motoboys, serventes ou outros), Famílias beneﬁciárias do Programa Bolsa Família e famílias inscritas no Cadastro Único , Povos e comunidades tradicionais (indígenas, quilombolas, ribeirinhos, etc.), Outros grupos de pessoas em situação de vulnerabilidade social",305,30,-22.8158820,-43.6100732
CS021631,COZINHA SOLIDÁRIA PASTORAL DO SORRISO – SOPA DAS OBRAS SOCIAIS PADRE ROMEU,"Rua Conde de Irajá, 50",Torre,50710-310,RECIFE,2611606,PE,OBRASSOCIAISPADREROMEU@GMAIL.COM,58.985.514/0001-23,"Sim, está funcionando normalmente",1 vez por semana,Habilitada,"Mulheres, Idosos, Trabalhadores informais diversos (Motoristas de aplicativos, motoboys, serventes ou outros), Famílias beneﬁciárias do Programa Bolsa Família e famílias inscritas no Cadastro Único , Outros grupos de pessoas em situação de vulnerabilidade social",210,160,-8.0453454,-34.9046261
CS020407,GCSM COM A MÃO DE DEUS SEMPRE,"RUA GERALDINA BATISTA, 135",COSTA E SILVA,91150-095,PORTO ALEGRE,4314902,RS,jane_kreyes@hotmail.com,33.338.458/0001-04,"Sim, está funcionando normalmente",3 vezes por semana,Habilitada,"Mulheres, Jovens, Crianças, Idosos, População LGBTQIA+, Agricultores Familiares e Campesinos, Trabalhadores informais diversos (Motoristas de aplicativos, motoboys, serventes ou outros), Pessoas em situação de rua, Famílias beneﬁciárias do Programa Bolsa Família e famílias inscritas no Cadastro Único , Pessoas e famílias atingidas por situações de emergência ou calamidade pública, Grupo específico vinculado a determinada localidade, atividade, serviço ou movimento, Outros grupos de pessoas em situação de vulnerabilidade social",550,200,-30.0080205,-51.1136473
CS022487,PROJETO COLHENDO AFETO,"Rua Coronel Alberto de Melo, 676",Vila Centenário,25030-150,DUQUE DE CAXIAS,3301702,RJ,projetocolhendoafeto@gmail.com,60.577.366/0001-50,Está funcionando com carga horária reduzida,3 vezes por semana,Habilitada,"Mulheres, Jovens, Crianças, População LGBTQIA+, Famílias beneﬁciárias do Programa Bolsa Família e famílias inscritas no Cadastro Único ",118,126,-22.7727115,-43.3157274
CS021807,COZINHA IDEAL,"Rua Rui Barbosa, 70",Santa Luzia,55530-000,GAMELEIRA,2605905,PE,nbraganeto@gmail.com,,Está funcionando com carga horária reduzida,3 vezes por semana,Habilitada,"Mulheres, Jovens, Idosos, Pessoas em situação de rua",10,200,-8.5801126,-35.3846936
CS021267,COZINHA DA ASSOCIAÇÃO COMUNITÁRIA RESTAURANDO VIDAS,"Avenida Darcy Vargas, 207",Ipiranga,36031-100,JUIZ DE FORA,3136702,MG,iadmmmrv@hotmail.com,15.552.793/0001-29,"Sim, está funcionando normalmente",1 vez por semana,Habilitada,"Mulheres, Jovens, Crianças, Idosos, Pessoas em situação de rua, Famílias beneﬁciárias do Programa Bolsa Família e famílias inscritas no Cadastro Único ",10,35,-21.7913512,-43.3522941
CS021399,MAE TANIA KORIN EFAN,"Rua do Passo, 26",Santo Antônio Além do Carmo,40301-408,SALVADOR,2927408,BA,producao_filhosdekf@hotmail.com,05.331.490/0001-22,"Sim, está funcionando normalmente",3 vezes por semana,Habilitada,"Mulheres, Jovens, Crianças, Idosos, População LGBTQIA+, Trabalhadores informais diversos (Motoristas de aplicativos, motoboys, serventes ou outros), Pessoas em situação de rua, Famílias beneﬁciárias do Programa Bolsa Família e famílias inscritas no Cadastro Único , Povos e comunidades tradicionais (indígenas, quilombolas, ribeirinhos, etc.), Pessoas e famílias atingidas por situações de emergência ou calamidade pública, Imigrantes, Grupo específico vinculado a determinada localidade, atividade, serviço ou movimento, Outros grupos de pessoas em situação de vulnerabilidade social",484,200,-12.9703523,-38.5088017
CS022458,COZINHA KILOMBAS DO 7 MUCAMBOS,"Rua Barão de Muribeca, 383",Várzea,50741-080,RECIFE,2611606,PE,cozinhasolidaria7mucambos@gmail.com,,Está funcionando com carga horária reduzida,2 vezes por semana,Habilitada,"Mulheres, Jovens, Crianças, Idosos, População LGBTQIA+, Trabalhadores informais diversos (Motoristas de aplicativos, motoboys, serventes ou outros), Pessoas em situação de rua, Famílias beneﬁciárias do Programa Bolsa Família e famílias inscritas no Cadastro Único , Povos e comunidades tradicionais (indígenas, quilombolas, ribeirinhos, etc.), Pessoas e famílias atingidas por situações de emergência ou calamidade pública, Grupo específico vinculado a determinada localidade, atividade, serviço ou movimento, Outros grupos de pessoas em situação de vulnerabilidade social",510,200,-8.0491810,-34.9634620
CS016388,COZINHA SOLIDÁRIA CASA AMARELA SOCIAL,"Edf Barão de Paisandu, Rua Visconde de Taunay -, 189",Casa Amarela,52070-220,RECIFE,2611606,PE,casamarelasocial@gmail.com,41.500.748/0001-30,"Sim, está funcionando normalmente",5 vezes por semana,Habilitada,"Mulheres, Jovens, Crianças, Idosos, População LGBTQIA+, Trabalhadores informais diversos (Motoristas de aplicativos, motoboys, serventes ou outros), Pessoas em situação de rua, Famílias beneﬁciárias do Programa Bolsa Família e famílias inscritas no Cadastro Único , Grupo específico vinculado a determinada localidade, atividade, serviço ou movimento, Outros grupos de pessoas em situação de vulnerabilidade social",101,100,-8.0224065,-34.9170610
CS022425,COZINHA SOLIDÁRIA ANJOS DO SERTÃO,"Rua Cinco, 250",Loteamento Recife,56320-726,PETROLINA,2611101,PE,reuva.almeida@gmail.com,35.398.790/0001-90,Está funcionando com carga horária reduzida,Quinzenalmente,Habilitada,"Mulheres, Jovens, Crianças, Idosos, População LGBTQIA+, Pessoas em situação de rua, Pessoas e famílias atingidas por situações de emergência ou calamidade pública, Outros grupos de pessoas em situação de vulnerabilidade social",300,100,-9.3699722,-40.4827757
CS022248,ALIANÇA DO BEM PNZ,"Rua Honório Ferreira, 59",Caminho do Sol,56330-550,PETROLINA,2611101,PE,acaoamigosdobempnz@gmail.com,43.691.603/0001-90,Está funcionando com carga horária reduzida,2 vezes por semana,Habilitada,"Pessoas em situação de rua, Outros grupos de pessoas em situação de vulnerabilidade social",150,150,-9.3796865,-40.5014096
CS021145,COZINHA VILA NOVA,"Rua Bom sucesso 171, 103",Vila Nova,83260-000,MATINHOS,4115705,PR,veigadenise6@gmail.com,07.459.080/0001-97,"Sim, está funcionando normalmente",2 vezes por semana,Habilitada,"Mulheres, Jovens, Crianças, Idosos, População LGBTQIA+, Trabalhadores informais diversos (Motoristas de aplicativos, motoboys, serventes ou outros), Pessoas em situação de rua, Grupo específico vinculado a determinada localidade, atividade, serviço ou movimento, Outros grupos de pessoas em situação de vulnerabilidade social",270,350,-25.8365202,-48.5514593
CS021511,SDV RECICLANDO COZINHA SOLIDÁRIA,"Rua Alfredo Torres de Vasconcellos, 91",Agronomia,91540-555,PORTO ALEGRE,4314902,RS,sdvreciclando@gmail.com,57.842.997/0001-44,Está funcionando com carga horária reduzida,3 vezes por semana,Habilitada,"Mulheres, Jovens, Crianças, Idosos, População LGBTQIA+, Trabalhadores informais diversos (Motoristas de aplicativos, motoboys, serventes ou outros), Pessoas em situação de rua, Famílias beneﬁciárias do Programa Bolsa Família e famílias inscritas no Cadastro Único , Povos e comunidades tradicionais (indígenas, quilombolas, ribeirinhos, etc.), Pessoas e famílias atingidas por situações de emergência ou calamidade pública, Imigrantes, Outros grupos de pessoas em situação de vulnerabilidade social",115,100,-30.0838904,-51.1169930
CS022290,GEDAE,"Rua Maria Gonçalves Torres, 150",Lourdes,36070-550,JUIZ DE FORA,3136702,MG,gedaejf01@gmail.com,26.122.259/0001-07,"Sim, está funcionando normalmente",7 vezes por semana,Habilitada,"Mulheres, Crianças, Idosos, Famílias beneﬁciárias do Programa Bolsa Família e famílias inscritas no Cadastro Único , Outros grupos de pessoas em situação de vulnerabilidade social",470,2100,-21.7754553,-43.3288740
CS017780,COZINHA COMUNITÁRIA SABOR E NUTRIÇÃO,"AVENIDA PERIMETRAL S/N, S/N",CENTRO,63515-000,QUIXELÔ,2311355,CE,paa.quixelo@sda.ce.gov.br,,"Sim, está funcionando normalmente",5 vezes por semana,Habilitada,"Pessoas em situação de rua, Famílias beneﬁciárias do Programa Bolsa Família e famílias inscritas no Cadastro Único , Povos e comunidades tradicionais (indígenas, quilombolas, ribeirinhos, etc.), Outros grupos de pessoas em situação de vulnerabilidade social",310,100,-6.2511550,-39.1995508
CS017813,COZINHA COMUNITÁRIA DOS MORADORES DO SITIO CHAPADA,"Sitio Chapada, 364",Caldeirão,63515-000,QUIXELÔ,2311355,CE,josefasouza868@gmail.com,01.961.568/0001-31,"Sim, está funcionando normalmente",5 vezes por semana,Habilitada,"Pessoas em situação de rua, Famílias beneﬁciárias do Programa Bolsa Família e famílias inscritas no Cadastro Único , Povos e comunidades tradicionais (indígenas, quilombolas, ribeirinhos, etc.), Outros grupos de pessoas em situação de vulnerabilidade social",320,100,-6.2175875,-39.1664219
CS022463,ASSOCIAÇÃO AMIGOS DO LUCIANO,"Avenida Esperança, 1910",Guajuviras,92440-565,CANOAS,4304606,RS,lucianodasilvacanoas@gmail.com,52.296.873/0001-97,"Sim, está funcionando normalmente",6 vezes por semana,Habilitada,"Mulheres, Crianças, Outros grupos de pessoas em situação de vulnerabilidade social",200,200,-29.8893878,-51.1401630
CS017787,COZINHA SOLIDÁRIA DONA TEREZA,"Rua do Bosque, 680",Boa Saúde,93347-020,NOVO HAMBURGO,4313409,RS,associacaojardliberato@gmail.com,92.932.441/0001-40,"Sim, está funcionando normalmente",2 vezes por semana,Habilitada,"Mulheres, Jovens, Crianças, Idosos, População LGBTQIA+, Trabalhadores informais diversos (Motoristas de aplicativos, motoboys, serventes ou outros), Pessoas em situação de rua, Famílias beneﬁciárias do Programa Bolsa Família e famílias inscritas no Cadastro Único , Pessoas e famílias atingidas por situações de emergência ou calamidade pública, Imigrantes, Outros grupos de pessoas em situação de vulnerabilidade social",88,160,-29.6817417,-51.1733783
CS022073,ASSOCIAÇÃO PROJETO SURFAR,"Rua Borborema, 687 e 691",Vila João Pessoa,91520-030,PORTO ALEGRE,4314902,RS,ongprojsurfar@gmail.com,09.097.983/0001-09,"Sim, está funcionando normalmente",6 vezes por semana,Habilitada,"Mulheres, Jovens, Crianças, Idosos, População LGBTQIA+, Trabalhadores informais diversos (Motoristas de aplicativos, motoboys, serventes ou outros), Pessoas em situação de rua, Famílias beneﬁciárias do Programa Bolsa Família e famílias inscritas no Cadastro Único , Povos e comunidades tradicionais (indígenas, quilombolas, ribeirinhos, etc.), Pessoas e famílias atingidas por situações de emergência ou calamidade pública, Imigrantes, Assentados da Reforma Agrária, Outros grupos de pessoas em situação de vulnerabilidade social",2640,700,-30.0730109,-51.1703415
CS020967,COZINHA POPULAR SOLIDÁRIA FÉ E ESPERANÇA,"Rua do Riachuelo, 205",Alberto Maia,54771-620,CAMARAGIBE,2603454,PE,associacaofeesperanca1@gmail.com,47.538.730/0001-04,"Sim, está funcionando normalmente",2 vezes por semana,Habilitada,"Mulheres, Jovens, Crianças, Idosos, População LGBTQIA+, Agricultores Familiares e Campesinos, Trabalhadores informais diversos (Motoristas de aplicativos, motoboys, serventes ou outros), Pessoas em situação de rua, Famílias beneﬁciárias do Programa Bolsa Família e famílias inscritas no Cadastro Único , Povos e comunidades tradicionais (indígenas, quilombolas, ribeirinhos, etc.), Pessoas e famílias atingidas por situações de emergência ou calamidade pública, Imigrantes, Assentados da Reforma Agrária, Grupo específico vinculado a determinada localidade, atividade, serviço ou movimento, Outros grupos de pessoas em situação de vulnerabilidade social",39,400,-8.0219346,-35.0062046
CS022542,COZINHA SOLIDÁRIA AMOR DE MÃE,"Rua Palmira Pessoa, 83",Santos Anjos,36062-310,JUIZ DE FORA,3136702,MG,AMORDEMAE@TERRA.COM.BR,23.794.603/0001-08,"Sim, está funcionando normalmente",2 vezes por semana,Habilitada,"Mulheres, Jovens, Crianças, Idosos, População LGBTQIA+, Trabalhadores informais diversos (Motoristas de aplicativos, motoboys, serventes ou outros), Pessoas em situação de rua, Famílias beneﬁciárias do Programa Bolsa Família e famílias inscritas no Cadastro Único , Pessoas e famílias atingidas por situações de emergência ou calamidade pública, Imigrantes, Outros grupos de pessoas em situação de vulnerabilidade social",78,150,-21.7553023,-43.3404810
CS021121,"PONTO POPULAR DE TRABALHO, ALIMENTAÇÃO E SAÚDE- COZINHA PRATO CHEIO","Rua Vinte e Cinco de Março, 255",Rio Branco,92200-540,CANOAS,4304606,RS,angelicalealm800@gmail.com,,"Sim, está funcionando normalmente",3 vezes por semana,Habilitada,"Mulheres, Jovens, Crianças, Idosos, População LGBTQIA+, Trabalhadores informais diversos (Motoristas de aplicativos, motoboys, serventes ou outros), Pessoas em situação de rua, Famílias beneﬁciárias do Programa Bolsa Família e famílias inscritas no Cadastro Único , Pessoas e famílias atingidas por situações de emergência ou calamidade pública",470,300,-29.9620341,-51.1951458
CS021894,SOCIEDADE ASSISTENCIAL SARAVIDA,"Rua do Sossego, 239",Boa Vista,50050-080,RECIFE,2611606,PE,contato.saravida@gmail.com,05.818.105/0001-76,"Sim, está funcionando normalmente",3 vezes por semana,Habilitada,"Pessoas em situação de rua, Outros grupos de pessoas em situação de vulnerabilidade social",200,120,-8.0560337,-34.8852490
CS016841,COZINHA SOLIDÁRIA DO CÍRCULO LARANJA,"Rua Álvares Cabral, 505",Cachambi,20780-320,RIO DE JANEIRO,3304557,RJ,circulolaranjarj@gmail.com,27.687.671/0001-29,"Sim, está funcionando normalmente",6 vezes por semana,Habilitada,"Jovens, Pessoas em situação de rua, Grupo específico vinculado a determinada localidade, atividade, serviço ou movimento",35,30,-22.8926737,-43.2708393
CS021234,COZINHA PAPA FRANCISCO,"Rua Floriano Peixoto, 402 B",Centro,69301-320,BOA VISTA,1400100,RR,caritasroraima@caritas.org.br,31.166.034/0001-84,"Não, a Cozinha encontra-se paralisada, sem atividade",Somente em dia de eventos,Habilitada,"Mulheres, Jovens, Crianças, Idosos, População LGBTQIA+, Pessoas em situação de rua, Famílias beneﬁciárias do Programa Bolsa Família e famílias inscritas no Cadastro Único , Povos e comunidades tradicionais (indígenas, quilombolas, ribeirinhos, etc.), Pessoas e famílias atingidas por situações de emergência ou calamidade pública, Imigrantes",56,30,2.8152687,-60.6681307
CS020314,ASSOCIAÇÃO DE MORADORES BAIRRO SÃO CRISTÓVÃO,"Rua Doutor José Bisognin, 463",São Cristóvão,99709-418,ERECHIM,4307005,RS,associacaosaocristovao2023@gmail.com,92.903.541/0001-48,"Sim, está funcionando normalmente",1 vez por semana,Habilitada,"Famílias beneﬁciárias do Programa Bolsa Família e famílias inscritas no Cadastro Único , Imigrantes, Outros grupos de pessoas em situação de vulnerabilidade social",80,150,-27.6504319,-52.2741531
CS022602,ALIMENTANDO ESPERANÇA,"Rua Astor dos Santos Dantas, 06",Nossa Senhora da Apresentação,59114-130,NATAL,2408102,RN,daniel86288730@gmail.com,,"Sim, está funcionando normalmente",2 vezes por semana,Habilitada,"Mulheres, Jovens, Crianças, Idosos, Pessoas em situação de rua",150,200,-5.7499614,-35.2628995
CS022373,COZINHA SANTA MARTA,"Rua Pastor Avelino Maica da Silveira, 21",Santa Marta/ Arroio da Manteiga,93040-000,SÃO LEOPOLDO,4318705,RS,souza52rosangela@gmail.com,,"Sim, está funcionando normalmente",3 vezes por semana,Habilitada,"Mulheres, Jovens, Crianças, Idosos, Pessoas em situação de rua, Famílias beneﬁciárias do Programa Bolsa Família e famílias inscritas no Cadastro Único ",18,164,-29.7678270,-51.1349888
CS021103,PROJETO ALIMENTE UMA ALMA,"Rua dos Radialistas, 24b",Nova Santa Marta,97037-106,SANTA MARIA,4316907,RS,zacariasrodriguesroseli@gmail.com,,"Sim, está funcionando normalmente",2 vezes por semana,Habilitada,"Mulheres, Crianças, Pessoas em situação de rua, Famílias beneﬁciárias do Programa Bolsa Família e famílias inscritas no Cadastro Único ",110,130,-29.6783935,-53.8561493
CS022180,COZINHA SOLIDÁRIA COMUNIDADE VILA ALBERTINA,"Rua Boi Piguá, 156",Jardim Daysy,02358-010,SÃO PAULO,3550308,SP,azevedocaroline427@gmail.com,,"Sim, está funcionando normalmente",2 vezes por semana,Habilitada,"Mulheres, Jovens, Crianças, Idosos",0,100,-23.4478322,-46.6092258
CS022622,COZINHA SEMEANDO SABORES,"Rua Belo Vale, 138",Dom Bosco,36025-540,JUIZ DE FORA,3136702,MG,grupo.semente@yahoo.com.br,20.459.442/0001-08,"Sim, está funcionando normalmente",5 vezes por semana,Habilitada,"Jovens, Crianças, Idosos, Famílias beneﬁciárias do Programa Bolsa Família e famílias inscritas no Cadastro Único , Outros grupos de pessoas em situação de vulnerabilidade social",410,410,-21.7790239,-43.3636497
CS022641,COZINHA GRÃO DE MOSTARDA,"Travessa Santa Helena, 37",Quintas,59050-135,NATAL,2408102,RN,graodemostardarn@gmail.com,57.868.047/0001-99,"Sim, está funcionando normalmente",6 vezes por semana,Habilitada,"Mulheres, Jovens, Crianças, Idosos, População LGBTQIA+",0,200,-5.8048357,-35.2335596
CS022631,COZINHA PROTEJA OS INDEFESOS,"Avenida Ruben Bento Alves, 7400",Cinqüentenário,95012-404,CAXIAS DO SUL,4305108,RS,ongprotejaosindefesos@gmail.com,58.611.970/0001-03,"Sim, está funcionando normalmente",5 vezes por semana,Habilitada,"Mulheres, Jovens, Crianças, Idosos, População LGBTQIA+, Trabalhadores informais diversos (Motoristas de aplicativos, motoboys, serventes ou outros), Pessoas em situação de rua, Famílias beneﬁciárias do Programa Bolsa Família e famílias inscritas no Cadastro Único , Povos e comunidades tradicionais (indígenas, quilombolas, ribeirinhos, etc.), Pessoas e famílias atingidas por situações de emergência ou calamidade pública, Imigrantes, Outros grupos de pessoas em situação de vulnerabilidade social",285,600,-29.1666035,-51.2152439
CS014881,COZINHA SOLIDÁRIA DO COLETIVO DE MULHERES MARIA BONITA,"Rua Eliseu Gomes, 618",Novo,57480-000,DELMIRO GOUVEIA,2702405,AL,col.mariabonita2023@gmail.com,45.175.645/0001-01,Está funcionando com carga horária reduzida,1 vez por semana,Habilitada,"Mulheres, Jovens, Crianças, Idosos, População LGBTQIA+, Famílias beneﬁciárias do Programa Bolsa Família e famílias inscritas no Cadastro Único , Assentados da Reforma Agrária",98,100,-9.3809253,-38.0072688
CS022648,COZINHA KADOSH,"Avenida Maranguape, 2651",Nossa Senhora da Apresentação,59114-000,NATAL,2408102,RN,hf21707701@gmail.com,,"Sim, está funcionando normalmente",3 vezes por semana,Habilitada,"Pessoas em situação de rua, Outros grupos de pessoas em situação de vulnerabilidade social",200,200,-5.7491346,-35.2720325
CS022654,COZINHA MÃOS A OBRA,"Travessa Fênix, 03",Nossa Senhora da Apresentação,59114-287,NATAL,2408102,RN,eduardodacosta95@gmail.com,,"Sim, está funcionando normalmente",1 vez por semana,Habilitada,Pessoas em situação de rua,300,300,-5.7415800,-35.2798960
CS022628,ASSOCIAÇÃO BENEFICENTE ASSISTENCIAL DIVINA PROVIDÊNCIA DE SANTA MARIA - ABA,"Rua Olegário Mariano, 1005",Divina Providência,97040-370,SANTA MARIA,4316907,RS,celitapdarosa@gmail.com,46.853.383/0001-41,"Sim, está funcionando normalmente",2 vezes por semana,Habilitada,"Mulheres, Crianças, Idosos, Trabalhadores informais diversos (Motoristas de aplicativos, motoboys, serventes ou outros)",0,150,-29.6796220,-53.8351522
CS022659,JANTAR SOLIDÁRIO,"Avenida Bacharel Tomaz Landim, 320",Igapó,59108-000,NATAL,2408102,RN,yhanabeatriz25@gmail.com,,"Sim, está funcionando normalmente",3 vezes por semana,Habilitada,"Pessoas em situação de rua, Outros grupos de pessoas em situação de vulnerabilidade social",200,200,-5.7781573,-35.2490721
CS022660,COZINHA SOLIDÁRIA REUEL,"Rua Porto Carreiro, 145",Nossa Senhora da Apresentação,59114-133,NATAL,2408102,RN,adtm61174@gmail.com,,"Sim, está funcionando normalmente",2 vezes por semana,Habilitada,Outros grupos de pessoas em situação de vulnerabilidade social,320,320,-5.7374219,-35.2755189
CS022642,NEUZONA,"Rua Zeferino Pedro dos Santos, 979",São José,63024-390,JUAZEIRO DO NORTE,2307304,CE,morarbemassociacao@gmail.com,07.427.501/0001-06,"Sim, está funcionando normalmente",5 vezes por semana,Habilitada,"Mulheres, Jovens, Crianças, Idosos, População LGBTQIA+, Trabalhadores informais diversos (Motoristas de aplicativos, motoboys, serventes ou outros), Pessoas em situação de rua, Famílias beneﬁciárias do Programa Bolsa Família e famílias inscritas no Cadastro Único ",108,100,-7.2367641,-39.3470098
CS022010,INSTITUTO SOLDADO DE CRISTO,"RUA 14, 40",Rio Doce,53090-260,OLINDA,2609600,PE,michelinemarcos@hotmail.com,43.582.164/0001-87,"Sim, está funcionando normalmente",2 vezes por semana,Habilitada,"Mulheres, Jovens, Crianças, Idosos, População LGBTQIA+, Pessoas em situação de rua, Famílias beneﬁciárias do Programa Bolsa Família e famílias inscritas no Cadastro Único , Pessoas e famílias atingidas por situações de emergência ou calamidade pública, Outros grupos de pessoas em situação de vulnerabilidade social",75,180,-7.9575751,-34.8538863
CS019313,CASA DE ACOLHIDA FILHOS PREDILETOS,"Avenida Juscelino Kubitschek, 294",Centro,85851-210,FOZ DO IGUAÇU,4108304,PR,sanjos@ocaminho.org,05.334.779/0015-09,"Sim, está funcionando normalmente",5 vezes por semana,Habilitada,"Mulheres, Crianças, Pessoas em situação de rua, Imigrantes",200,150,-25.5418224,-54.5870720
CS022673,PRATO SOLIDÁRIO,"Rua Jairo Freire de Lima, 860",Alto Alegre II,61921-350,MARACANAÚ,2307650,CE,aparecidasillva@hotmail.com,,"Sim, está funcionando normalmente",5 vezes por semana,Habilitada,"Mulheres, Idosos, População LGBTQIA+, Famílias beneﬁciárias do Programa Bolsa Família e famílias inscritas no Cadastro Único ",20,97,-3.8321375,-38.6019550
CS022643,ASSOCIAÇÃO BENEFICENTE SANTO ANTÔNIO,"Rua Santo Antonio, 1501",Centro,98130-000,JÚLIO DE CASTILHOS,4311205,RS,sbsajc@gmail.com,88.406.491/0001-16,"Sim, está funcionando normalmente",5 vezes por semana,Habilitada,"Jovens, Crianças",0,400,-29.2176085,-53.6815715
CS019930,"ONG DE EDUCAÇÃO, ESPORTE E CULTURA PARQUE FLORESTAL","Rua Sinfonia Inacabada, 02",Parque Florestal,04882-040,SÃO PAULO,3550308,SP,ongeecparqueflorestal@gmail.com,39.456.555/0001-88,"Sim, está funcionando normalmente",3 vezes por semana,Habilitada,"Mulheres, Jovens, Crianças, Idosos, População LGBTQIA+, Pessoas em situação de rua, Pessoas e famílias atingidas por situações de emergência ou calamidade pública, Outros grupos de pessoas em situação de vulnerabilidade social",171,400,-23.8083043,-46.7650663
CS022701,CONSEC,"av dr manuel lima soares, 454 A",parque da prainha,61700-000,AQUIRAZ,2301000,CE,conselhocomunitariodoceara@gmail.com,02.833.111/0001-04,"Sim, está funcionando normalmente",3 vezes por semana,Habilitada,"Mulheres, Jovens, Crianças, Idosos, População LGBTQIA+, Agricultores Familiares e Campesinos, Trabalhadores informais diversos (Motoristas de aplicativos, motoboys, serventes ou outros), Famílias beneﬁciárias do Programa Bolsa Família e famílias inscritas no Cadastro Único , Povos e comunidades tradicionais (indígenas, quilombolas, ribeirinhos, etc.), Outros grupos de pessoas em situação de vulnerabilidade social",38,150,-3.8967082,-38.3769210
CS022310,FAMPS - PRATO CHEIO,"Rua Sá Oliveira, 47",Plataforma,40490-244,SALVADOR,2927408,BA,fampsoficial@gmail.com,48.090.197/0001-23,"Sim, está funcionando normalmente",2 vezes por semana,Habilitada,"Mulheres, Jovens, Crianças, Idosos, População LGBTQIA+, Pessoas em situação de rua, Famílias beneﬁciárias do Programa Bolsa Família e famílias inscritas no Cadastro Único , Imigrantes",721,320,-12.9036903,-38.4834725
CS022647,COZINHA SOLIDARIA INSTITUTO SOL CENTRAL,"avenida valerio porto,, 185",setor primavera,76245-000,BOM JARDIM DE GOIÁS,5203401,GO,institutosolcentral0@gmail.com,52.097.548/0001-03,"Sim, está funcionando normalmente",1 vez por semana,Habilitada,"Mulheres, Jovens, Crianças, Idosos, População LGBTQIA+, Agricultores Familiares e Campesinos, Trabalhadores informais diversos (Motoristas de aplicativos, motoboys, serventes ou outros), Pessoas em situação de rua, Famílias beneﬁciárias do Programa Bolsa Família e famílias inscritas no Cadastro Único , Povos e comunidades tradicionais (indígenas, quilombolas, ribeirinhos, etc.), Pessoas e famílias atingidas por situações de emergência ou calamidade pública, Imigrantes, Assentados da Reforma Agrária, Grupo específico vinculado a determinada localidade, atividade, serviço ou movimento, Outros grupos de pessoas em situação de vulnerabilidade social",78,200,-16.2119146,-52.1716033
CS016614,COMIDA DE MARMITA,"Rua Giacomo Quirino 76, 76",Itaquera,08255-490,SÃO PAULO,3550308,SP,assmundoencantadodegabrielly@gmail.com,08.839.622/0001-10,Está funcionando com carga horária reduzida,5 vezes por semana,Habilitada,"Mulheres, Jovens, Crianças, Idosos, População LGBTQIA+, Trabalhadores informais diversos (Motoristas de aplicativos, motoboys, serventes ou outros), Pessoas em situação de rua, Famílias beneﬁciárias do Programa Bolsa Família e famílias inscritas no Cadastro Único , Pessoas e famílias atingidas por situações de emergência ou calamidade pública, Imigrantes, Outros grupos de pessoas em situação de vulnerabilidade social",800,400,-23.5482136,-46.4340361
CS021152,COZINHA NOVA PACATUBA,"Área Rural rua Gilberto nascimento 637 nova Pacatuba, 637",Área Rural de Pacatuba,61814-899,PACATUBA,2309706,CE,betoribeirof@hotmail.com,09.363.481/0001-74,Está funcionando com carga horária reduzida,5 vezes por semana,Habilitada,"Mulheres, Jovens, Crianças, Idosos, População LGBTQIA+, Agricultores Familiares e Campesinos, Trabalhadores informais diversos (Motoristas de aplicativos, motoboys, serventes ou outros), Pessoas em situação de rua, Famílias beneﬁciárias do Programa Bolsa Família e famílias inscritas no Cadastro Único , Povos e comunidades tradicionais (indígenas, quilombolas, ribeirinhos, etc.), Pessoas e famílias atingidas por situações de emergência ou calamidade pública, Imigrantes, Assentados da Reforma Agrária, Grupo específico vinculado a determinada localidade, atividade, serviço ou movimento, Outros grupos de pessoas em situação de vulnerabilidade social",150,200,-3.8602167,-38.5595971
CS020672,COZINHA SOCIAL TABATINGA,"Rua Aprígio Alves, 03",Tabatinga,54756-784,CAMARAGIBE,2603454,PE,institutosaojorge@gmail.com,15.045.698/0001-39,Está funcionando com carga horária reduzida,5 vezes por semana,Habilitada,"Mulheres, Jovens, Crianças, Idosos, População LGBTQIA+, Trabalhadores informais diversos (Motoristas de aplicativos, motoboys, serventes ou outros), Pessoas em situação de rua, Famílias beneﬁciárias do Programa Bolsa Família e famílias inscritas no Cadastro Único , Povos e comunidades tradicionais (indígenas, quilombolas, ribeirinhos, etc.), Pessoas e famílias atingidas por situações de emergência ou calamidade pública, Grupo específico vinculado a determinada localidade, atividade, serviço ou movimento, Outros grupos de pessoas em situação de vulnerabilidade social",137,70,-7.9965151,-34.9829859
CS022741,COZINHA SOLIDÁRIA SANTA DULCE DOS POBRES,"Praça Monsenhor Freitas, 188",Centro,59550-000,JOÃO CÂMARA,2405801,RN,ricardo.ehs.varela@gmail.com,,"Sim, está funcionando normalmente",Quinzenalmente,Habilitada,"Pessoas em situação de rua, Assentados da Reforma Agrária, Outros grupos de pessoas em situação de vulnerabilidade social",250,500,-5.5385564,-35.8155232
CS020244,PROJETO AJUDA ME AJUDAR,"Rua Caldas Junior, 872",Bairro Passos D´ Areia,97020-100,SANTA MARIA,4316907,RS,marianocarvalho2204@gmail.com,,"Sim, está funcionando normalmente",2 vezes por semana,Habilitada,"Pessoas em situação de rua, Imigrantes, Outros grupos de pessoas em situação de vulnerabilidade social",208,208,-29.6915398,-53.8315483
CS022629,TAREFEIROS DA LUZ,"Rua Jacuípe, 272",Concórdia,31110-720,BELO HORIZONTE,3106200,MG,tarefeirosdaluz2020@gmail.com,44.541.617/0001-90,"Sim, está funcionando normalmente",2 vezes por semana,Habilitada,"Mulheres, Jovens, Crianças, Idosos, População LGBTQIA+, Trabalhadores informais diversos (Motoristas de aplicativos, motoboys, serventes ou outros), Pessoas em situação de rua, Famílias beneﬁciárias do Programa Bolsa Família e famílias inscritas no Cadastro Único , Imigrantes",270,480,-19.9007730,-43.9417110
CS017435,COZINHA POPULAR OITIS,"Rua Pedro José Laroca, 2867",Jardim Santa Marta,14808-300,ARARAQUARA,3503208,SP,coletivobases@gmail.com,,"Sim, está funcionando normalmente",3 vezes por semana,Habilitada,"Mulheres, Idosos, População LGBTQIA+, Pessoas em situação de rua, Famílias beneﬁciárias do Programa Bolsa Família e famílias inscritas no Cadastro Único , Outros grupos de pessoas em situação de vulnerabilidade social",92,210,-21.8294440,-48.1400360
CS016856,COZINHA SOLIDÁRIA STEIGLEDER,"Rua das Carreira, S/N",Santos Dumont,93113-010,SÃO LEOPOLDO,4318705,RS,laine92451826@gmail.com,,"Sim, está funcionando normalmente",2 vezes por semana,Habilitada,"Mulheres, Jovens, Crianças, Idosos, Trabalhadores informais diversos (Motoristas de aplicativos, motoboys, serventes ou outros), Pessoas em situação de rua, Famílias beneﬁciárias do Programa Bolsa Família e famílias inscritas no Cadastro Único , Pessoas e famílias atingidas por situações de emergência ou calamidade pública, Imigrantes, Grupo específico vinculado a determinada localidade, atividade, serviço ou movimento, Outros grupos de pessoas em situação de vulnerabilidade social",830,200,-29.7510467,-51.1353218
CS015551,MÃOS QUE ALIMENTÃO,"Rua Alayde de Souza Costa, 207",Itaquera,08215-490,SÃO PAULO,3550308,SP,associacaomaonoarado@gmail.com,18.824.829/0001-74,Está funcionando com carga horária reduzida,2 vezes por semana,Habilitada,"Mulheres, Jovens, Crianças, Idosos, População LGBTQIA+, Trabalhadores informais diversos (Motoristas de aplicativos, motoboys, serventes ou outros), Pessoas em situação de rua, Famílias beneﬁciárias do Programa Bolsa Família e famílias inscritas no Cadastro Único , Pessoas e famílias atingidas por situações de emergência ou calamidade pública, Imigrantes, Outros grupos de pessoas em situação de vulnerabilidade social",416,250,-23.5427686,-46.4442885
CS022671,ECO FUTURO,"Rua Hildebrando da Silveira, 729",Jardim São João,08545-000,FERRAZ DE VASCONCELOS,3515707,SP,Deby.rosa.63@gmail.com,21.420.289/0001-78,Está funcionando com carga horária reduzida,5 vezes por semana,Habilitada,"Mulheres, Jovens, Crianças, Idosos, População LGBTQIA+, Trabalhadores informais diversos (Motoristas de aplicativos, motoboys, serventes ou outros), Pessoas em situação de rua, Famílias beneﬁciárias do Programa Bolsa Família e famílias inscritas no Cadastro Único , Pessoas e famílias atingidas por situações de emergência ou calamidade pública, Grupo específico vinculado a determinada localidade, atividade, serviço ou movimento, Outros grupos de pessoas em situação de vulnerabilidade social",150,150,-23.5341347,-46.3730477
CS022623,COZINHA SOLIDÁRIA SABORES E SABERES DE OXUM ALADÊ,"Avenida Adolpho bloch N°4 ouro preto, Olinda, 04",Ouro Preto,55330-396,OLINDA,2609600,PE,aseyaomintalade@gmail.com,45.685.145/0001-01,"Sim, está funcionando normalmente",2 vezes por semana,Habilitada,"Mulheres, Jovens, Crianças, Idosos, População LGBTQIA+, Trabalhadores informais diversos (Motoristas de aplicativos, motoboys, serventes ou outros), Pessoas em situação de rua, Famílias beneﬁciárias do Programa Bolsa Família e famílias inscritas no Cadastro Único , Povos e comunidades tradicionais (indígenas, quilombolas, ribeirinhos, etc.), Pessoas e famílias atingidas por situações de emergência ou calamidade pública, Outros grupos de pessoas em situação de vulnerabilidade social",165,200,-7.9990180,-34.8705760
CS020257,COZINHA SOLIDÁRIA ZILDA BARBOSA,"Rua Eudoro Silveira, 620",São Vicente,88309-625,ITAJAÍ,4208203,SC,social.ccms@gmail.com,08.745.230/0001-91,"Sim, está funcionando normalmente",5 vezes por semana,Habilitada,"Mulheres, Jovens, Crianças, Idosos, População LGBTQIA+, Trabalhadores informais diversos (Motoristas de aplicativos, motoboys, serventes ou outros), Pessoas em situação de rua, Famílias beneﬁciárias do Programa Bolsa Família e famílias inscritas no Cadastro Único , Povos e comunidades tradicionais (indígenas, quilombolas, ribeirinhos, etc.), Pessoas e famílias atingidas por situações de emergência ou calamidade pública, Imigrantes, Outros grupos de pessoas em situação de vulnerabilidade social",88,220,-26.9110790,-48.6982616
CS022036,COZINHA DA ASSOCIACAO DOS MORADORES DOS LOTEAMENTOS JOAO RAMOS MARANHAO E CROMACIO FIGUEREDOS,"R BENJAMIN AZEVEDO, 26A",Centro,55850-000,VICÊNCIA,2616308,PE,associacaodosmoradores014@gmail.com,20.935.428/0001-33,Está funcionando com carga horária reduzida,1 vez por semana,Habilitada,"Mulheres, Crianças, Idosos, Pessoas em situação de rua, Famílias beneﬁciárias do Programa Bolsa Família e famílias inscritas no Cadastro Único , Pessoas e famílias atingidas por situações de emergência ou calamidade pública, Outros grupos de pessoas em situação de vulnerabilidade social",82,200,-7.6590791,-35.3221812
CS020723,COZINHA SOLIDARIA DA CAMCAT,"RUA GARDENIA QUADRA 18 LOTE 31  Sala comercial nº01, 421",Dona iris II,75382-105,TRINDADE,5221403,GO,camcat.trindadego@gmail.com,32.156.122/0001-68,Está funcionando com carga horária reduzida,6 vezes por semana,Habilitada,"Mulheres, Jovens, Crianças, Idosos, População LGBTQIA+, Trabalhadores informais diversos (Motoristas de aplicativos, motoboys, serventes ou outros), Pessoas em situação de rua, Famílias beneﬁciárias do Programa Bolsa Família e famílias inscritas no Cadastro Único , Assentados da Reforma Agrária, Outros grupos de pessoas em situação de vulnerabilidade social",1300,1080,-16.6492540,-49.4950175
CS018088,COZINHA ANCESTRAL AJEUM,"Rua Dalmir da Silva, Lote 8",Sacramento,24735-010,SÃO GONÇALO,3304904,RJ,admomidaye@gmail.com,03.089.571/0001-32,Está funcionando com carga horária reduzida,7 vezes por semana,Habilitada,"Mulheres, Jovens, Crianças, Idosos, População LGBTQIA+, Agricultores Familiares e Campesinos, Trabalhadores informais diversos (Motoristas de aplicativos, motoboys, serventes ou outros), Pessoas em situação de rua, Famílias beneﬁciárias do Programa Bolsa Família e famílias inscritas no Cadastro Único , Povos e comunidades tradicionais (indígenas, quilombolas, ribeirinhos, etc.), Pessoas e famílias atingidas por situações de emergência ou calamidade pública, Imigrantes, Assentados da Reforma Agrária, Grupo específico vinculado a determinada localidade, atividade, serviço ou movimento, Outros grupos de pessoas em situação de vulnerabilidade social",420,446,-22.8348984,-42.9622571
CS022454,PROJETANDO CUIDADO ALIMENTANDO O MUNDO,"Avenida Moacir Oliveira, 779",Distrito Industrial da Taiçoca,49152-378,NOSSA SENHORA DO SOCORRO,2804805,SE,institutoidpcontato@gmail.com,41.509.345/0001-52,"Sim, está funcionando normalmente",4 vezes por semana,Habilitada,"Mulheres, Jovens, Crianças, Idosos, População LGBTQIA+, Agricultores Familiares e Campesinos, Trabalhadores informais diversos (Motoristas de aplicativos, motoboys, serventes ou outros), Pessoas em situação de rua, Famílias beneﬁciárias do Programa Bolsa Família e famílias inscritas no Cadastro Único , Povos e comunidades tradicionais (indígenas, quilombolas, ribeirinhos, etc.), Pessoas e famílias atingidas por situações de emergência ou calamidade pública, Assentados da Reforma Agrária, Grupo específico vinculado a determinada localidade, atividade, serviço ou movimento, Outros grupos de pessoas em situação de vulnerabilidade social",82,230,-10.8521230,-37.0734590
CS020034,TRANSFORMAR CRISTO É VIDA,"Rua Bege, 272",Noal vila /arco_íris,97021-180,SANTA MARIA,4316907,RS,milasiiilva@hotmail.com,,Está funcionando com carga horária reduzida,2 vezes por semana,Habilitada,"Mulheres, Jovens, Crianças, Idosos, Pessoas em situação de rua, Famílias beneﬁciárias do Programa Bolsa Família e famílias inscritas no Cadastro Único , Pessoas e famílias atingidas por situações de emergência ou calamidade pública, Outros grupos de pessoas em situação de vulnerabilidade social",330,120,-29.6965562,-53.8329660
CS022025,COZINHA SOLIDARIA CASA DE CULTURA ANTONIA FERREIRA DE SOUZA,"Rua João Alves Fortes, 3",Residencial Forteville,74370-707,GOIÂNIA,5208707,GO,ascafeso@hotmail.com,07.118.381/0001-57,Está funcionando com carga horária reduzida,3 vezes por semana,Habilitada,"Mulheres, Jovens, Crianças, Idosos, Famílias beneﬁciárias do Programa Bolsa Família e famílias inscritas no Cadastro Único ",60,90,-16.7371543,-49.3715292
CS022806,COZINHA SOLIDÁRIA TRUPE,"Rua Mariana de Almeida, 6",Centro,39330-000,BRASÍLIA DE MINAS,3108602,MG,grupotrupe@grupotrupe.com,03.621.181/0001-61,"Sim, está funcionando normalmente",1 vez por semana,Habilitada,"Mulheres, Jovens, Crianças, Idosos, População LGBTQIA+, Agricultores Familiares e Campesinos, Trabalhadores informais diversos (Motoristas de aplicativos, motoboys, serventes ou outros), Pessoas em situação de rua, Famílias beneﬁciárias do Programa Bolsa Família e famílias inscritas no Cadastro Único , Povos e comunidades tradicionais (indígenas, quilombolas, ribeirinhos, etc.), Pessoas e famílias atingidas por situações de emergência ou calamidade pública, Grupo específico vinculado a determinada localidade, atividade, serviço ou movimento, Outros grupos de pessoas em situação de vulnerabilidade social",153,550,-16.2093574,-44.4320274
CS022833,FONTE DE VIDA,"Rua Bela Vista, 354",Itacaranha,40714-470,SALVADOR,2927408,BA,soanepassos.serv@gmail.com,,"Sim, está funcionando normalmente",5 vezes por semana,Habilitada,"Mulheres, Jovens, Crianças, Idosos, População LGBTQIA+, Trabalhadores informais diversos (Motoristas de aplicativos, motoboys, serventes ou outros), Pessoas em situação de rua, Famílias beneﬁciárias do Programa Bolsa Família e famílias inscritas no Cadastro Único , Povos e comunidades tradicionais (indígenas, quilombolas, ribeirinhos, etc.), Pessoas e famílias atingidas por situações de emergência ou calamidade pública",32,200,-12.8872102,-38.4775720
CS022878,COZINHA SOLIDÁRIA MOSQUETEIROS,"Rua João da Costa Chaves, 96",Vencato,96300-000,JAGUARÃO,4311007,RS,cozinhasoliodariamosqueteiros@gmail.com,,"Sim, está funcionando normalmente",1 vez por semana,Habilitada,"Mulheres, Jovens, Crianças, Idosos, Pessoas em situação de rua, Famílias beneﬁciárias do Programa Bolsa Família e famílias inscritas no Cadastro Único ",102,130,-32.5666104,-53.3880059
CS022894,PRATO CHEIO,"Rua Belo Horizonte, 393",Jardim Acácia,44004-664,FEIRA DE SANTANA,2910800,BA,adm@dispensariosantana.com.br,40.639.247/0001-77,"Sim, está funcionando normalmente",5 vezes por semana,Habilitada,"Mulheres, Jovens, Crianças, Idosos, População LGBTQIA+, Trabalhadores informais diversos (Motoristas de aplicativos, motoboys, serventes ou outros), Pessoas em situação de rua, Famílias beneﬁciárias do Programa Bolsa Família e famílias inscritas no Cadastro Único , Povos e comunidades tradicionais (indígenas, quilombolas, ribeirinhos, etc.), Pessoas e famílias atingidas por situações de emergência ou calamidade pública, Grupo específico vinculado a determinada localidade, atividade, serviço ou movimento, Outros grupos de pessoas em situação de vulnerabilidade social",2085,835,-12.2739502,-38.9634055
CS020861,DISPENSÁRIO SANTANA,"Rua Augusto Suzart Pimenta, 275",Jardim Acácia,44004-416,FEIRA DE SANTANA,2910800,BA,adm@dispensariosantana.com.br,40.639.247/0001-77,"Sim, está funcionando normalmente",5 vezes por semana,Habilitada,"Mulheres, Jovens, Crianças, Idosos, População LGBTQIA+, Trabalhadores informais diversos (Motoristas de aplicativos, motoboys, serventes ou outros), Pessoas em situação de rua, Famílias beneﬁciárias do Programa Bolsa Família e famílias inscritas no Cadastro Único , Povos e comunidades tradicionais (indígenas, quilombolas, ribeirinhos, etc.), Pessoas e famílias atingidas por situações de emergência ou calamidade pública, Grupo específico vinculado a determinada localidade, atividade, serviço ou movimento, Outros grupos de pessoas em situação de vulnerabilidade social",2085,835,-12.2699514,-38.9510767
CS022649,COZINHA SOLIDÁRIA NOSSA UTOPIA,"Rua Alfredo Manoel da Costa, 279",Vila Lucas,96300-000,JAGUARÃO,4311007,RS,cozinhasolidarianuestrautopia@gmail.com,,"Sim, está funcionando normalmente",1 vez por semana,Habilitada,"Mulheres, Jovens, Crianças, Idosos, Pessoas em situação de rua, Famílias beneﬁciárias do Programa Bolsa Família e famílias inscritas no Cadastro Único , Outros grupos de pessoas em situação de vulnerabilidade social",300,150,-32.5504992,-53.3619152
CS022884,COZINHA SOLIDÀRIA VÒ MARIA VIEIRA ATIKUM,"ALDEIA OLHODÁGUA DO PADRE, 55",ZONA RURAL,56420-000,CARNAUBEIRA DA PENHA,2603926,PE,barbaramarcolino0611@gmail.com,,Está funcionando com carga horária reduzida,2 vezes por semana,Habilitada,"Crianças, Idosos, Povos e comunidades tradicionais (indígenas, quilombolas, ribeirinhos, etc.), Outros grupos de pessoas em situação de vulnerabilidade social",12,40,-8.2775626,-38.8308064
CS022013,COZINHA SOLIDÁRIA ANCESTRAL AJEUM DE ERÊ,"Travessa São Sebastião travessa São Sebastião, 06,",Guaratiba,23026-380,RIO DE JANEIRO,3304557,RJ,cozinhasolidariaajeumdeere@gmail.com,59.885.185/0001-01,"Sim, está funcionando normalmente",6 vezes por semana,Habilitada,"Mulheres, Jovens, Crianças, Idosos, População LGBTQIA+, Famílias beneﬁciárias do Programa Bolsa Família e famílias inscritas no Cadastro Único , Povos e comunidades tradicionais (indígenas, quilombolas, ribeirinhos, etc.), Outros grupos de pessoas em situação de vulnerabilidade social",87,70,-22.9957582,-43.6438337
CS022903,INSTITUTO ANITA LUIZA,"Rua Perimetral Oeste, s/n°",Loteamento Maracanã,77825-620,ARAGUAÍNA,1702109,TO,anitaluizaorg@gmail.com,08.794.724/0001-66,"Sim, está funcionando normalmente",5 vezes por semana,Habilitada,"Mulheres, Jovens, Idosos, População LGBTQIA+, Famílias beneﬁciárias do Programa Bolsa Família e famílias inscritas no Cadastro Único , Pessoas e famílias atingidas por situações de emergência ou calamidade pública, Outros grupos de pessoas em situação de vulnerabilidade social",95,180,-7.1548343,-48.1927297
CS022755,INA - INSTITUTO NEIDES ABREU,"Rua Refinaria Gabriel Passos, 179",Petrolândia,32072-270,CONTAGEM,3118601,MG,MSSCONTAGEM@GMAIL.COM,34.106.513/0001-01,Está funcionando com carga horária reduzida,2 vezes por semana,Habilitada,"Mulheres, Jovens, Crianças, Idosos, População LGBTQIA+, Pessoas em situação de rua, Famílias beneﬁciárias do Programa Bolsa Família e famílias inscritas no Cadastro Único , Imigrantes, Grupo específico vinculado a determinada localidade, atividade, serviço ou movimento, Outros grupos de pessoas em situação de vulnerabilidade social",453,200,-19.9289524,-44.1176212
CS022919,ASSOCIAÇÃO PROJETO CIDADE REFÚGIO,"RODOVIA TO 050 KM 13 CHÁCARA 88 S/N - SETOR UNIVERSITÁRIO, Chácara 88B",SETOR UNIVERSITÁRIO,77000-000,PALMAS,1721000,TO,projetocidaderefugiopalmas@gmail.com,11.393.995/0001-14,"Sim, está funcionando normalmente",3 vezes por semana,Habilitada,"Jovens, Crianças",0,2,-10.3131975,-48.2965640
CS022928,SAL E LUZ,"Rua CCAB Sul, 334",Lagoa Azul,59129-754,NATAL,2408102,RN,izabelcrischina@gmail.com,,"Sim, está funcionando normalmente",3 vezes por semana,Habilitada,"Pessoas em situação de rua, Outros grupos de pessoas em situação de vulnerabilidade social",100,100,-5.7411407,-35.2601966
CS020568,COZINHA SOLIDÁRIA POPULAR MARIA BRÁS,"Avenida do Contorno, 10555",Barro Preto,30110-072,BELO HORIZONTE,3106200,MG,maossolidarias.minasgerais@gmail.com,,"Sim, está funcionando normalmente",3 vezes por semana,Habilitada,"Mulheres, Jovens, Crianças, Idosos, População LGBTQIA+, Pessoas em situação de rua, Famílias beneﬁciárias do Programa Bolsa Família e famílias inscritas no Cadastro Único , Povos e comunidades tradicionais (indígenas, quilombolas, ribeirinhos, etc.), Grupo específico vinculado a determinada localidade, atividade, serviço ou movimento, Outros grupos de pessoas em situação de vulnerabilidade social",830,300,-19.9172944,-43.9515761
CS022891,COZINHA NILDA MORAES,"Avenida Doutor Argeu Gurgel Braga Herbster, 826",Outra Banda,61942-005,MARANGUAPE,2307700,CE,associacaonildamoraes@gmail.com,28.133.121/0001-20,"Sim, está funcionando normalmente",5 vezes por semana,Habilitada,"Pessoas em situação de rua, Famílias beneﬁciárias do Programa Bolsa Família e famílias inscritas no Cadastro Único ",110,100,-3.8861085,-38.6812176
CS018736,ASSOCIAÇÃO TURMA DO SOPAO  SOBRA DA PANELA,"Avenida João Corrêa, 3622",Vicentina,93025-492,SÃO LEOPOLDO,4318705,RS,turmadosopaosl@hotmail.com,07.538.600/0001-57,"Sim, está funcionando normalmente",5 vezes por semana,Habilitada,"Mulheres, Jovens, Crianças, Idosos, Trabalhadores informais diversos (Motoristas de aplicativos, motoboys, serventes ou outros), Pessoas em situação de rua, Famílias beneﬁciárias do Programa Bolsa Família e famílias inscritas no Cadastro Único ",55,250,-29.7655367,-51.1691899
CS022922,ASSOCIAÇÃO TRA NOI DO BRASIL,"Rua Vinte e Dois de Novembro, 822",Setor Central,77804-130,ARAGUAÍNA,1702109,TO,casatranoimarisol@gmail.com,03.408.061/0001-80,"Sim, está funcionando normalmente",6 vezes por semana,Habilitada,"Mulheres, Jovens, Crianças, Idosos, Pessoas em situação de rua, Famílias beneﬁciárias do Programa Bolsa Família e famílias inscritas no Cadastro Único , Povos e comunidades tradicionais (indígenas, quilombolas, ribeirinhos, etc.), Pessoas e famílias atingidas por situações de emergência ou calamidade pública, Imigrantes, Outros grupos de pessoas em situação de vulnerabilidade social",67,120,-7.1948647,-48.2123775
CS022965,ASSOCIAÇÃO BENEFICENTE NOSSA SENHORA DO ROSÁRIO,"Rua José de Assis Souza, 728",Pedra Velha,57480-000,DELMIRO GOUVEIA,2702405,AL,associacaobeneficentensr@gmail.com,24.332.492/0001-80,"Sim, está funcionando normalmente",5 vezes por semana,Habilitada,"Jovens, Crianças, Famílias beneﬁciárias do Programa Bolsa Família e famílias inscritas no Cadastro Único ",80,80,-9.3931266,-37.9853209
CS021482,COZINHA SOLIDÁRIA AMANHECER,"Rua José Wilson Sampaio, 4104",Vale Quem Tem,64057-079,TERESINA,2211001,PI,cozinhasolidariaamanhecer.pi@gmail.com,,"Sim, está funcionando normalmente",4 vezes por semana,Habilitada,"Mulheres, Jovens, Crianças, Idosos, Agricultores Familiares e Campesinos, Trabalhadores informais diversos (Motoristas de aplicativos, motoboys, serventes ou outros), Famílias beneﬁciárias do Programa Bolsa Família e famílias inscritas no Cadastro Único , Pessoas e famílias atingidas por situações de emergência ou calamidade pública, Grupo específico vinculado a determinada localidade, atividade, serviço ou movimento, Outros grupos de pessoas em situação de vulnerabilidade social",315,150,-5.0470271,-42.7432459
CS022899,COZINHA SOLIDÁRIA PADRE TICÃO,"Avenida Porcino dos Santos, 22",Vila Paranaguá,03807-160,SÃO PAULO,3550308,SP,cozinhasolidariapadreticao@gmail.com,,"Sim, está funcionando normalmente",3 vezes por semana,Habilitada,"Mulheres, Jovens, Crianças, Idosos, Pessoas em situação de rua, Famílias beneﬁciárias do Programa Bolsa Família e famílias inscritas no Cadastro Único , Pessoas e famílias atingidas por situações de emergência ou calamidade pública, Grupo específico vinculado a determinada localidade, atividade, serviço ou movimento",360,250,-23.4982848,-46.4682274
CS021143,PROJETO SOBREVIVER,"Rua do Rubi, 213",Jardim Monte Cristo,08670-200,SUZANO,3552502,SP,c.c.f.yprojetosobreviver@gmail.com,64.531.837/0001-40,Está funcionando com carga horária reduzida,3 vezes por semana,Habilitada,"Mulheres, Jovens, Crianças, Idosos, População LGBTQIA+, Trabalhadores informais diversos (Motoristas de aplicativos, motoboys, serventes ou outros), Pessoas em situação de rua, Famílias beneﬁciárias do Programa Bolsa Família e famílias inscritas no Cadastro Único , Pessoas e famílias atingidas por situações de emergência ou calamidade pública, Imigrantes, Grupo específico vinculado a determinada localidade, atividade, serviço ou movimento, Outros grupos de pessoas em situação de vulnerabilidade social",545,400,-23.5323760,-46.3297012
CS022288,SABOR E SOLIDARIEDADE,"Rua Sergipe, 12",Jardim Alto Paulistano,08347-650,SÃO PAULO,3550308,SP,associacao.projeto1@gmail.com,18.539.090/0001-59,"Sim, está funcionando normalmente",3 vezes por semana,Habilitada,"Pessoas em situação de rua, Famílias beneﬁciárias do Programa Bolsa Família e famílias inscritas no Cadastro Único , Pessoas e famílias atingidas por situações de emergência ou calamidade pública, Grupo específico vinculado a determinada localidade, atividade, serviço ou movimento",110,50,-23.6160349,-46.4434148
CS022918,COZINHA CEJN,"Rua Vereador Francisco Bido da Silva, 59",Centro,58780-000,ITAPORANGA,2507002,PB,vitosofi@hotmail.com,11.984.093/0001-52,"Sim, está funcionando normalmente",1 vez por semana,Habilitada,"Mulheres, Jovens, Crianças, Idosos",0,200,-7.3029065,-38.1493507
CS022426,ILÊ AXÉ ÁGUAS DE IFÉ,"Rua Tenente Aurélio Sampaio, 552",Santos Dumont,49087-010,ARACAJU,2800308,SE,prof.rafhahist@gmail.com,,"Sim, está funcionando normalmente",1 vez por semana,Habilitada,"Mulheres, Jovens, Crianças, Idosos, População LGBTQIA+, Pessoas em situação de rua, Famílias beneﬁciárias do Programa Bolsa Família e famílias inscritas no Cadastro Único , Povos e comunidades tradicionais (indígenas, quilombolas, ribeirinhos, etc.), Grupo específico vinculado a determinada localidade, atividade, serviço ou movimento",126,50,-10.9024400,-37.0770477
CS021510,AMCCB,"SI CACIMBA DE BAIXO, 855",CENTRO/ZONA URBANA,59245-000,SERRA CAIADA,2410306,RN,associacaocacimbadebaixo@yahoo.com,07.410.016/0001-11,"Sim, está funcionando normalmente",3 vezes por semana,Habilitada,"Mulheres, Jovens, Crianças, Idosos, População LGBTQIA+, Agricultores Familiares e Campesinos, Pessoas em situação de rua, Famílias beneﬁciárias do Programa Bolsa Família e famílias inscritas no Cadastro Único , Assentados da Reforma Agrária, Grupo específico vinculado a determinada localidade, atividade, serviço ou movimento, Outros grupos de pessoas em situação de vulnerabilidade social",710,1500,-6.1529874,-35.6930234
CS021333,COZINHA SOLIDÁRIA NOVA CANAÃ PRINCESA ISABEL,"Avenida João Pessoa, 2301",Farroupilha,90040-001,PORTO ALEGRE,4314902,RS,delonisantos2027@gmail.com,,Está funcionando com carga horária reduzida,3 vezes por semana,Habilitada,"Mulheres, Jovens, Crianças, Idosos, Pessoas em situação de rua, Famílias beneﬁciárias do Programa Bolsa Família e famílias inscritas no Cadastro Único , Outros grupos de pessoas em situação de vulnerabilidade social",150,150,-30.0497760,-51.2100434
CS022150,NEXUS COZINHA,"Rua Lima Bonfante, 97",Jardim São Francisco,08390-265,SÃO PAULO,3550308,SP,nexusassociacao@gmail.com,03.166.773/0001-30,"Sim, está funcionando normalmente",5 vezes por semana,Habilitada,"Mulheres, Jovens, Crianças, Idosos, População LGBTQIA+, Pessoas em situação de rua, Famílias beneﬁciárias do Programa Bolsa Família e famílias inscritas no Cadastro Único ",50,135,-23.6278522,-46.4463589
CS023002,CASA ESPÍRITA DE ORAÇÃO BEZERRA DE MENEZES CAVALCANTI,"Rua Pará, SN",Centro,77685-000,DOIS IRMÃOS DO TOCANTINS,1707207,TO,aparb2@gmail.com,24.488.093/0001-03,"Sim, está funcionando normalmente",Uma vez ao mês,Habilitada,"Crianças, Outros grupos de pessoas em situação de vulnerabilidade social",70,82,-9.2560494,-49.1221414
CS018259,COZINHA DO INSTITUTO DE CIDADANIA SOCIAL DA PARAÍBA - ICSPB,"Rua Flávio Maroja, 215",Jardim São Severino,58110-320,BAYEUX,2501807,PB,institutoicspb@gmail.com,00.643.791/0001-78,"Sim, está funcionando normalmente",5 vezes por semana,Habilitada,"Mulheres, Jovens, Crianças, Idosos, População LGBTQIA+, Trabalhadores informais diversos (Motoristas de aplicativos, motoboys, serventes ou outros), Pessoas em situação de rua, Famílias beneﬁciárias do Programa Bolsa Família e famílias inscritas no Cadastro Único , Povos e comunidades tradicionais (indígenas, quilombolas, ribeirinhos, etc.), Outros grupos de pessoas em situação de vulnerabilidade social",240,400,-7.1242128,-34.9295075
CS023027,COZINHA CONJUNTO DE WILMA,"Rua 22 de Janeiro, 845",Nossa Senhora da Apresentação,59114-000,NATAL,2408102,RN,associacaobeneficentejardimpro@gmail.com,53.755.316/0001-50,"Sim, está funcionando normalmente",2 vezes por semana,Habilitada,"Crianças, Idosos, Pessoas em situação de rua",50,150,-5.7560860,-35.2641169
CS022985,PROJETO NINA,"Avenida 5 Qd 12 lt 03, S/N",Loteamento Campo Bello,77426-112,GURUPI,1709500,TO,projetoninaa@gmail.com,09.041.314/0001-07,"Sim, está funcionando normalmente",2 vezes por semana,Habilitada,"Mulheres, Jovens, Crianças, Idosos, População LGBTQIA+, Pessoas em situação de rua, Famílias beneﬁciárias do Programa Bolsa Família e famílias inscritas no Cadastro Único , Pessoas e famílias atingidas por situações de emergência ou calamidade pública, Imigrantes, Outros grupos de pessoas em situação de vulnerabilidade social",18,100,-11.7230316,-49.0553309
CS023014,CASA DO CAMINHO,"Rua D lote 06 Quadra 77 A, SN",Pouso Alegre,77600-000,PARAÍSO DO TOCANTINS,1716109,TO,casadocaminhoraquelmurca@gmail.com,14.238.970/0001-34,"Sim, está funcionando normalmente",2 vezes por semana,Habilitada,"Pessoas em situação de rua, Outros grupos de pessoas em situação de vulnerabilidade social",250,125,-10.1963041,-48.8929457
CS022030,MISSÃO SENDO UM,"Rua João Ferreira, 309",Vila São Luiz,19911-240,OURINHOS,3534708,SP,amigos.solidarios97@gmail.com,58.212.985/0001-07,"Sim, está funcionando normalmente",7 vezes por semana,Habilitada,"Pessoas em situação de rua, Famílias beneﬁciárias do Programa Bolsa Família e famílias inscritas no Cadastro Único ",130,80,-22.9608606,-49.8789297
CS023038,CASA FELIZ,"Rua Pernambuco, Qd. 96 Lt. 14, 986",Centro,77600-000,PARAÍSO DO TOCANTINS,1716109,TO,centrogemm@gmail.com,02.383.842/0001-03,Está funcionando com carga horária reduzida,1 vez por semana,Habilitada,"Mulheres, Jovens, Crianças, Idosos, População LGBTQIA+, Trabalhadores informais diversos (Motoristas de aplicativos, motoboys, serventes ou outros), Pessoas em situação de rua, Famílias beneﬁciárias do Programa Bolsa Família e famílias inscritas no Cadastro Único ",35,120,-10.1666184,-48.8826109
CS023013,COZINHA SOLIDÁRIA BEZERRA DE MENEZES,"Avenida Anápolis, esquina com rua dos colibris, quadra 25 lote 1-A, sn",Jardim Aeroporto,77062-220,PALMAS,1721000,TO,palmasnecc@gmail.com,00.922.619/0001-53,"Sim, está funcionando normalmente",1 vez por semana,Habilitada,"Mulheres, Jovens, Crianças, Idosos, Outros grupos de pessoas em situação de vulnerabilidade social",25,150,-10.3365836,-48.3183657
CS016161,O AMOR É A RESPOSTA,"Rua São Lourenço s/nº, 01",Ilhotas,64015-340,TERESINA,2211001,PI,afraternidade2018@gmail.com,09.398.193/0001-55,"Sim, está funcionando normalmente",5 vezes por semana,Habilitada,"Crianças, Pessoas em situação de rua, Famílias beneﬁciárias do Programa Bolsa Família e famílias inscritas no Cadastro Único ",55,60,-5.0928460,-42.7870459
CS022916,ACAPAC,"Rua Oseias Cordeiro  Valadares, 785",Varzea das Flores,35640-000,POMPEU,3152006,MG,pompeuacapac@gmail.com,00.799.128/0001-67,"Sim, está funcionando normalmente",4 vezes por semana,Habilitada,"Mulheres, Jovens, Crianças, Idosos, População LGBTQIA+, Famílias beneﬁciárias do Programa Bolsa Família e famílias inscritas no Cadastro Único , Outros grupos de pessoas em situação de vulnerabilidade social",110,100,-19.2357158,-44.9949909
CS023088,MONTE MORIÁ,"Rua Paulo Freire, 76",Pajuçara,59133-263,NATAL,2408102,RN,jorgerosael2020@gmail.com,,"Sim, está funcionando normalmente",2 vezes por semana,Habilitada,"Pessoas em situação de rua, Outros grupos de pessoas em situação de vulnerabilidade social",200,200,-5.7374599,-35.2360119
CS023096,COZINHA CASA DE PASSAGEM,"Avenida Doutor Antônio Chagas Diniz, 1500 A",Cidade Industrial,32210-160,CONTAGEM,3118601,MG,cpcontagem@gmail.com,00.794.227/0001-56,"Sim, está funcionando normalmente",7 vezes por semana,Habilitada,"Idosos, Pessoas em situação de rua, Imigrantes",72,190,-19.9567825,-44.0238968
CS022745,COZINHA COMUNITÁRIA/SOLIDÁRIA IPAM,"Rua Antônio Pereira Novais, 02",Clodoaldo Costa,45700-000,ITAPETINGA,2916401,BA,ipamitapetinga@hotmail.com,13.240.585/0001-69,"Sim, está funcionando normalmente",5 vezes por semana,Habilitada,"Mulheres, Jovens, Crianças, Idosos, População LGBTQIA+, Trabalhadores informais diversos (Motoristas de aplicativos, motoboys, serventes ou outros), Pessoas em situação de rua, Famílias beneﬁciárias do Programa Bolsa Família e famílias inscritas no Cadastro Único , Grupo específico vinculado a determinada localidade, atividade, serviço ou movimento, Outros grupos de pessoas em situação de vulnerabilidade social",707,400,-15.2558512,-40.2391203
CS023082,COZINHA SOLIDARIA ILÊ AXÉ OYAWOIE,"Rua Doutor Hillebrand, 774",Rio dos Sinos,93110-100,SÃO LEOPOLDO,4318705,RS,bel.doya@hotmail.com,46.446.281/0001-01,"Sim, está funcionando normalmente",2 vezes por semana,Habilitada,"Mulheres, Crianças, População LGBTQIA+, Pessoas em situação de rua",30,200,-29.7509331,-51.1478739
CS023047,COZINHA ALDEIA GAMELEIRA,"Aldeia Gameleira, sn",Zona Rural,62370-000,SÃO BENEDITO,2312304,CE,alanmendes2021@outlook.com,10.188.666/0001-79,"Sim, está funcionando normalmente",5 vezes por semana,Habilitada,"Mulheres, Jovens, Crianças, Agricultores Familiares e Campesinos, Famílias beneﬁciárias do Programa Bolsa Família e famílias inscritas no Cadastro Único , Povos e comunidades tradicionais (indígenas, quilombolas, ribeirinhos, etc.)",200,100,-4.0333902,-40.9415441
CS020994,AUBEM- UNIDOS POR UM BEM MAIOR,"Avenida Parque Itatiaia, 1023",Itatiaia,94197-660,GRAVATAÍ,4309209,RS,ONGAUBEM@GMAIL.COM,57.407.342/0001-48,"Sim, está funcionando normalmente",3 vezes por semana,Habilitada,"Mulheres, Jovens, Crianças, Idosos, População LGBTQIA+, Pessoas em situação de rua, Famílias beneﬁciárias do Programa Bolsa Família e famílias inscritas no Cadastro Único , Pessoas e famílias atingidas por situações de emergência ou calamidade pública, Outros grupos de pessoas em situação de vulnerabilidade social",340,150,-29.9204290,-50.9331193
CS023103,COZINHA MISSIONÁRIA,"Rua Gaspar Henrique Cruz, 07",Emaús,59149-190,PARNAMIRIM,2403251,RN,pedrowalisonwalison21590@gmail.com,,"Sim, está funcionando normalmente",2 vezes por semana,Habilitada,"Pessoas em situação de rua, Outros grupos de pessoas em situação de vulnerabilidade social",150,150,-5.8910160,-35.2540662
CS022569,COZINHA POPULAR SOLIDÁRIA IMA,"Rua Carlos Alberto Scotti, 108",Novo Aarão Reis,31845-380,BELO HORIZONTE,3106200,MG,imaparaelashc@gmail.com,,Está funcionando com carga horária reduzida,3 vezes por semana,Habilitada,"Mulheres, Jovens, Crianças, Idosos, População LGBTQIA+, Pessoas em situação de rua, Povos e comunidades tradicionais (indígenas, quilombolas, ribeirinhos, etc.), Imigrantes",135,110,-19.8433473,-43.9110145
CS021441,PERIFERIA SEM FOME,"Rua Manuel de  Oliveira Ramos, 12",Vila Iolanda II,08473-630,SÃO PAULO,3550308,SP,rainhadapaz.instituto@gmail.com,21.360.660/0001-53,"Sim, está funcionando normalmente",3 vezes por semana,Habilitada,"Mulheres, Jovens, Crianças, Idosos, População LGBTQIA+, Pessoas em situação de rua, Famílias beneﬁciárias do Programa Bolsa Família e famílias inscritas no Cadastro Único , Pessoas e famílias atingidas por situações de emergência ou calamidade pública, Imigrantes, Outros grupos de pessoas em situação de vulnerabilidade social",145,100,-23.5809900,-46.3820603
CS019685,COZINHA POPULAR DO PICI,"Rua Planalto do Pici, 440",Pici,60511-330,FORTALEZA,2304400,CE,Cinthianesilva@gmail.com,15.432.972/0001-22,"Sim, está funcionando normalmente",5 vezes por semana,Habilitada,"Mulheres, Jovens, Crianças, Idosos, População LGBTQIA+, Trabalhadores informais diversos (Motoristas de aplicativos, motoboys, serventes ou outros), Pessoas em situação de rua, Famílias beneﬁciárias do Programa Bolsa Família e famílias inscritas no Cadastro Único , Grupo específico vinculado a determinada localidade, atividade, serviço ou movimento, Outros grupos de pessoas em situação de vulnerabilidade social",190,120,-3.7540264,-38.5781872
CS020675,COZINHA MULHERES GUERREIRAS,"Wescelau Fontoura 105, 105",Nova Americana,94824-700,ALVORADA,4300604,RS,mulheresguerreiras2025@gmail.com,,"Sim, está funcionando normalmente",2 vezes por semana,Habilitada,"Mulheres, Crianças, Famílias beneﬁciárias do Programa Bolsa Família e famílias inscritas no Cadastro Único , Pessoas e famílias atingidas por situações de emergência ou calamidade pública, Imigrantes, Outros grupos de pessoas em situação de vulnerabilidade social",1810,620,-29.9946711,-51.0664238
CS019479,ASSOCIAÇÃO DE PEQUENOS AGRICULTORES DO SUDOESTE DA BAHIA,"Avenida Modelo, lot. Cidade modelo,, 37",Bateias,45053-550,VITÓRIA DA CONQUISTA,2933307,BA,apasbahia@gmail.com,01.006.155/0001-06,"Sim, está funcionando normalmente",5 vezes por semana,Habilitada,"Mulheres, Jovens, Crianças, Idosos, Famílias beneﬁciárias do Programa Bolsa Família e famílias inscritas no Cadastro Único , Pessoas e famílias atingidas por situações de emergência ou calamidade pública, Grupo específico vinculado a determinada localidade, atividade, serviço ou movimento, Outros grupos de pessoas em situação de vulnerabilidade social",523,200,-14.8617666,-40.8698721
CS021471,PROJETO DIVIDIR,"SCS Quadra 5 bloco C, Ed. José Haje, lojas 70/74 - Brasilia-DF,, Projeto Dividir",Asa Sul,70305-914,BRASÍLIA,5300108,DF,contato@nosetor.com.br,36.139.498/0001-15,"Sim, está funcionando normalmente",3 vezes por semana,Habilitada,"Mulheres, População LGBTQIA+, Pessoas em situação de rua, Outros grupos de pessoas em situação de vulnerabilidade social",33,30,-15.8051657,-47.8903834
CS021934,ESCOLA DO EVANGELHO ALLAN KARDEC - PROJETO GALPÃO DO SOPÃO,"RUA S FRANCISCO, S/N",Boa Vista I,29182-691,SERRA,3205002,ES,projetogalpaodosopao@gmail.com,38.057.628/0001-04,"Sim, está funcionando normalmente",3 vezes por semana,Habilitada,"Mulheres, Jovens, Crianças, Idosos, População LGBTQIA+, Trabalhadores informais diversos (Motoristas de aplicativos, motoboys, serventes ou outros), Pessoas em situação de rua, Famílias beneﬁciárias do Programa Bolsa Família e famílias inscritas no Cadastro Único , Povos e comunidades tradicionais (indígenas, quilombolas, ribeirinhos, etc.), Pessoas e famílias atingidas por situações de emergência ou calamidade pública, Imigrantes, Outros grupos de pessoas em situação de vulnerabilidade social",145,400,-20.0652438,-40.1921542
CS023117,COZINHA SOLIDÁRIA CONJUNTO VALE DOURADO,"Rua João Paulo II, 1005",Nossa Senhora da Apresentação,59114-150,NATAL,2408102,RN,cesargarcia88241556@gmail.com,,"Sim, está funcionando normalmente",2 vezes por semana,Habilitada,"Pessoas em situação de rua, Outros grupos de pessoas em situação de vulnerabilidade social",150,150,-5.7541769,-35.2692503
CS021995,COZINHA DO AMBAS,"Travessa 6, 1879",Querência,96210-042,RIO GRANDE,4315602,RS,ambas.rg@gmail.com,30.913.944/0001-10,"Sim, está funcionando normalmente",5 vezes por semana,Habilitada,"Mulheres, Jovens, Crianças, Idosos, Pessoas em situação de rua, Famílias beneﬁciárias do Programa Bolsa Família e famílias inscritas no Cadastro Único ",65,190,-32.1836376,-52.1674369
CS022759,COZINHA SOLIDÁRIA DO MUDAMVIC,"Rua Uruçuca, 43",Patagônia,45065-480,VITÓRIA DA CONQUISTA,2933307,BA,movimentounificadodemoradores@gmail.com,10.193.562/0001-52,"Sim, está funcionando normalmente",3 vezes por semana,Habilitada,"Mulheres, Jovens, Crianças, Idosos, População LGBTQIA+, Agricultores Familiares e Campesinos, Trabalhadores informais diversos (Motoristas de aplicativos, motoboys, serventes ou outros), Pessoas em situação de rua, Famílias beneﬁciárias do Programa Bolsa Família e famílias inscritas no Cadastro Único , Povos e comunidades tradicionais (indígenas, quilombolas, ribeirinhos, etc.), Pessoas e famílias atingidas por situações de emergência ou calamidade pública, Imigrantes, Assentados da Reforma Agrária, Grupo específico vinculado a determinada localidade, atividade, serviço ou movimento, Outros grupos de pessoas em situação de vulnerabilidade social",1124,717,-14.8758670,-40.8635310
CS017401,SABOR ANCESTRAL MARAJOARA,"sétima rua, 1388",Matinha,68870-000,SOURE,1507904,PA,fatimasoaresdeiansa@gmail.com,,"Sim, está funcionando normalmente",3 vezes por semana,Habilitada,"Mulheres, Jovens, Crianças, Idosos, População LGBTQIA+, Famílias beneﬁciárias do Programa Bolsa Família e famílias inscritas no Cadastro Único , Povos e comunidades tradicionais (indígenas, quilombolas, ribeirinhos, etc.), Grupo específico vinculado a determinada localidade, atividade, serviço ou movimento, Outros grupos de pessoas em situação de vulnerabilidade social",127,250,-0.7289295,-48.5137566
CS022892,MESA COLETIVA,"rua Manoel dos Santos 95 uberaba, 95",Uberaba,81760-490,CURITIBA,4106902,PR,escolhidosparaservi@gmail.com,23.881.643/0001-97,Está funcionando com carga horária reduzida,2 vezes por semana,Habilitada,"Mulheres, Jovens, Crianças, Idosos, Pessoas em situação de rua, Outros grupos de pessoas em situação de vulnerabilidade social",38,224,-25.4887013,-49.2278246
CS022561,PINTANDO 7 SOLIDÁRIO,"Rua Fenícia, 29",Vilar dos Teles,25560-190,SÃO JOÃO DE MERITI,3305109,RJ,pintando7solidario@gmail.com,,"Sim, está funcionando normalmente",2 vezes por semana,Habilitada,"Mulheres, Jovens, Crianças, Idosos, População LGBTQIA+, Famílias beneﬁciárias do Programa Bolsa Família e famílias inscritas no Cadastro Único , Pessoas e famílias atingidas por situações de emergência ou calamidade pública",100,270,-22.7708193,-43.3725579
CS022757,ASSOCIAÇÃO BENEFICENTE PROJETO EL SHADDAI,"Rua Ormezinda Gomes Rocha, 99",Progresso,36050-520,JUIZ DE FORA,3136702,MG,jfsemfomeprojetoelshaddai@gmail.com,37.462.733/0001-58,"Sim, está funcionando normalmente",1 vez por semana,Habilitada,"Mulheres, Jovens, Crianças, Idosos, População LGBTQIA+, Pessoas em situação de rua",50,120,-21.7267966,-43.3455897
CS018612,ASSOCIAÇÃO COMUNITARIA DE CAPUAN,"Rua general mourão filho, 470",Capuan,61615-370,CAUCAIA,2303709,CE,fatimadeassis3@gmail.com,06.953.207/0001-67,"Sim, está funcionando normalmente",5 vezes por semana,Habilitada,"Mulheres, Jovens, Crianças, Idosos, Agricultores Familiares e Campesinos, Trabalhadores informais diversos (Motoristas de aplicativos, motoboys, serventes ou outros), Famílias beneﬁciárias do Programa Bolsa Família e famílias inscritas no Cadastro Único , Povos e comunidades tradicionais (indígenas, quilombolas, ribeirinhos, etc.)",80,100,-3.7323383,-38.7031127
CS023104,COZINHA POPULAR O MENOR,"Avenida Pau Brasil, 300",Conjunto Pref José Walter,60748-090,FORTALEZA,2304400,CE,abeneficentesantaluziadapaz@gmail.com,01.528.925/0001-72,"Sim, está funcionando normalmente",5 vezes por semana,Habilitada,"Mulheres, Jovens, Crianças, Idosos, População LGBTQIA+, Trabalhadores informais diversos (Motoristas de aplicativos, motoboys, serventes ou outros), Famílias beneﬁciárias do Programa Bolsa Família e famílias inscritas no Cadastro Único , Pessoas e famílias atingidas por situações de emergência ou calamidade pública, Grupo específico vinculado a determinada localidade, atividade, serviço ou movimento, Outros grupos de pessoas em situação de vulnerabilidade social",223,100,-3.8291870,-38.5501417
CS023149,COZINHA SOLIDÁRIA ACOLHER - AMONP,"Rua Gonçalves Dias, 320",Novo Progresso,32140-610,CONTAGEM,3118601,MG,amonp.institucional@gmail.com,16.684.664/0001-57,"Sim, está funcionando normalmente",5 vezes por semana,Habilitada,"Mulheres, Jovens, Crianças, Idosos, Pessoas em situação de rua, Famílias beneﬁciárias do Programa Bolsa Família e famílias inscritas no Cadastro Único , Pessoas e famílias atingidas por situações de emergência ou calamidade pública, Outros grupos de pessoas em situação de vulnerabilidade social",221,300,-19.9012140,-44.0323368
CS023156,COZINHA FLORES DO CAJUEIRO - INSTITUTO DOM DE DEUS,"Avenida Henrique de Holanda, 50",PR BR 232/VITORIA DE SANTO ANTAO,55602-000,VITÓRIA DE SANTO ANTÃO,2616407,PE,institutodomdedeus@gmail.com,38.350.205/0001-70,"Sim, está funcionando normalmente",6 vezes por semana,Habilitada,"Mulheres, Jovens, Crianças, Idosos, População LGBTQIA+, Pessoas em situação de rua, Famílias beneﬁciárias do Programa Bolsa Família e famílias inscritas no Cadastro Único ",110,50,-8.3347456,-37.3230931
CS020748,ASSOCIACAO COMUNITARIA DOS MORADORES DO VILLAGE IL,"Rua cristina braga, 07",Cidade univercitaria,57073-385,MACEIÓ,2704302,AL,associacaocomunitariavillage@gmail.com,20.493.806/0001-76,"Sim, está funcionando normalmente",5 vezes por semana,Habilitada,"Mulheres, Jovens, Crianças, Idosos, População LGBTQIA+, Trabalhadores informais diversos (Motoristas de aplicativos, motoboys, serventes ou outros), Pessoas em situação de rua, Famílias beneﬁciárias do Programa Bolsa Família e famílias inscritas no Cadastro Único , Pessoas e famílias atingidas por situações de emergência ou calamidade pública, Imigrantes, Outros grupos de pessoas em situação de vulnerabilidade social",170,500,-9.5378611,-35.7527618
CS015120,COZINHA DA COOPEREDE,"Rua Estrela da Bela Vista, 95",Papagaio,44061-190,FEIRA DE SANTANA,2910800,BA,rprodbahia@gmail.com,09.721.308/0001-09,"Sim, está funcionando normalmente",5 vezes por semana,Habilitada,"Mulheres, Jovens, Crianças, Idosos, População LGBTQIA+, Agricultores Familiares e Campesinos, Pessoas em situação de rua, Famílias beneﬁciárias do Programa Bolsa Família e famílias inscritas no Cadastro Único , Povos e comunidades tradicionais (indígenas, quilombolas, ribeirinhos, etc.), Pessoas e famílias atingidas por situações de emergência ou calamidade pública, Assentados da Reforma Agrária, Grupo específico vinculado a determinada localidade, atividade, serviço ou movimento, Outros grupos de pessoas em situação de vulnerabilidade social",1475,1000,-12.2012616,-38.9639705
CS023165,ONG PASPAS,"Rua João Amaro Gomes, 775",Tancredo Neves,45993-261,TEIXEIRA DE FREITAS,2931350,BA,ongpaspas.projetos2024@gmail.com,04.767.550/0001-91,Está funcionando com carga horária reduzida,2 vezes por semana,Habilitada,"Mulheres, Jovens, Crianças, Idosos, População LGBTQIA+, Famílias beneﬁciárias do Programa Bolsa Família e famílias inscritas no Cadastro Único , Outros grupos de pessoas em situação de vulnerabilidade social",400,220,-17.5435378,-39.7526903
CS023171,COZINHA MÂGUTXE TXIHI,"RUA SARGENTO ENEDINO DE OLIVEIRA, 21",CAIO MARTINS - FUCAM,32813-600,ESMERALDAS,3124104,MG,mateusgustavodegois@gmail.com,,"Sim, está funcionando normalmente",6 vezes por semana,Habilitada,"Mulheres, Jovens, Crianças, Idosos, Povos e comunidades tradicionais (indígenas, quilombolas, ribeirinhos, etc.)",40,120,-19.6621423,-44.2306611
CS021397,COZINHA SOLIDÁRIA DA AMDIL - ASSOCIAÇÃO DE MORADORES DO RESIDENCIAL DOM IVO LORSCHEITER,"Rua Santa Cecília do Sul, 61",Diácono João Luiz Pozzobon,97061-206,SANTA MARIA,4316907,RS,associacao.domivo@hotmail.com,24.810.134/0001-36,"Sim, está funcionando normalmente",1 vez por semana,Habilitada,"Mulheres, Jovens, Crianças, Idosos, População LGBTQIA+, Trabalhadores informais diversos (Motoristas de aplicativos, motoboys, serventes ou outros), Famílias beneﬁciárias do Programa Bolsa Família e famílias inscritas no Cadastro Único ",40,150,-29.7214360,-53.7748884
CS017010,COZINHA SOLIDARIA NORTE PIONEIRA,"Rua Benjamin Constant, 154",Setor 03,86302-306,CORNÉLIO PROCÓPIO,4106407,PR,contatos@orar.org.br,09.157.307/0001-75,"Sim, está funcionando normalmente",5 vezes por semana,Habilitada,"Mulheres, Jovens, Crianças, Idosos, População LGBTQIA+, Agricultores Familiares e Campesinos, Trabalhadores informais diversos (Motoristas de aplicativos, motoboys, serventes ou outros), Pessoas em situação de rua, Famílias beneﬁciárias do Programa Bolsa Família e famílias inscritas no Cadastro Único , Povos e comunidades tradicionais (indígenas, quilombolas, ribeirinhos, etc.), Pessoas e famílias atingidas por situações de emergência ou calamidade pública, Imigrantes, Assentados da Reforma Agrária, Grupo específico vinculado a determinada localidade, atividade, serviço ou movimento, Outros grupos de pessoas em situação de vulnerabilidade social",244,193,-23.1790234,-50.6432739
CS020276,CASA VINCULAR,"Amaro Bezerra, 598",Derby,52010-150,RECIFE,2611606,PE,casa@projetovincular.com.br,17.422.658/0001-94,"Sim, está funcionando normalmente",5 vezes por semana,Habilitada,"Pessoas em situação de rua, Outros grupos de pessoas em situação de vulnerabilidade social",110,110,-8.0546377,-34.9005223
CS023179,COZINHA SOLIDÁRIA MÃOS QUE TRABALHAM,"Rua Sumaré, 79",São Paulo,44442-180,SANTO ANTÔNIO DE JESUS,2928703,BA,mquetrabalham@gmail.com,43.633.143/0001-43,"Sim, está funcionando normalmente",3 vezes por semana,Habilitada,"Mulheres, Jovens, Crianças, Idosos, Pessoas em situação de rua, Famílias beneﬁciárias do Programa Bolsa Família e famílias inscritas no Cadastro Único , Pessoas e famílias atingidas por situações de emergência ou calamidade pública, Outros grupos de pessoas em situação de vulnerabilidade social",290,150,-12.9641679,-39.2445202
CS023186,SEMEANDO VIDAS,"Avenida Bumba-Meu-Boi, 912",Lagoa Azul,59135-000,NATAL,2408102,RN,alvesivaneide67@gmail.com,,"Sim, está funcionando normalmente",1 vez por semana,Habilitada,Pessoas em situação de rua,300,300,-5.7358796,-35.2595768
CS015520,A TRIBO DOS 12,"RUA LOTUS Nº 77 CHÁCARA, 77",Campina da Barra,83709-500,ARAUCÁRIA,4101804,PR,triboescritorio@gmail.com,31.174.508/0001-30,"Sim, está funcionando normalmente",1 vez por semana,Habilitada,"Mulheres, Crianças, População LGBTQIA+, Trabalhadores informais diversos (Motoristas de aplicativos, motoboys, serventes ou outros), Pessoas em situação de rua, Famílias beneﬁciárias do Programa Bolsa Família e famílias inscritas no Cadastro Único , Pessoas e famílias atingidas por situações de emergência ou calamidade pública, Imigrantes, Outros grupos de pessoas em situação de vulnerabilidade social",48,80,-25.6192264,-49.3753337
CS014561,COZINHA SOLIDÁRIA - MNPR/PR,"Rua Engenheiro Rebouças, 933",Rebouças,80210-040,CURITIBA,4106902,PR,inruabrasil@gmail.com,29.931.316/0001-89,"Sim, está funcionando normalmente",5 vezes por semana,Habilitada,Pessoas em situação de rua,500,250,-25.4406470,-49.2557443
CS023182,COZINHA POPULAR SÓLIDARIA DA MESTRA PAULINA,"Rua Jânio Quadros, 125 a",Ouro Preto,53370-303,OLINDA,2609600,PE,zeussteffano@hotmail.com,,"Sim, está funcionando normalmente",3 vezes por semana,Habilitada,"Mulheres, Jovens, Crianças, Idosos, População LGBTQIA+, Pessoas em situação de rua, Famílias beneﬁciárias do Programa Bolsa Família e famílias inscritas no Cadastro Único , Pessoas e famílias atingidas por situações de emergência ou calamidade pública, Outros grupos de pessoas em situação de vulnerabilidade social",195,900,-7.9967249,-34.8614819
CS022361,COZINHA SOLIDARIA ACAAD,"Rua Professor Rodolpho de Freitas, 800",Vila Império,04406-000,SÃO PAULO,3550308,SP,acaad.org@gmail.com,11.042.809/0002-83,Está funcionando com carga horária reduzida,6 vezes por semana,Habilitada,"Mulheres, Jovens, Crianças, Idosos, População LGBTQIA+, Pessoas em situação de rua",200,200,-23.6726821,-46.6538123
CS023193,COZINHA SOLIDÁRIA DO VALE,"Avenida Maranguape, 06",Nossa Senhora da Apresentação,59114-000,NATAL,2408102,RN,jessicacarolinealves449@gmail.com,,"Sim, está funcionando normalmente",2 vezes por semana,Habilitada,Pessoas em situação de rua,100,100,-5.7620956,-35.2528908
CS023019,COZINHA SOLIDÁRIA ZAIRE REZENDE,"Rua Ave Maria, 25",Morumbi,38407-228,UBERLÂNDIA,3170206,MG,sousacintia844@gmail.com,,"Sim, está funcionando normalmente",5 vezes por semana,Habilitada,"Mulheres, Jovens, Crianças, Idosos, População LGBTQIA+, Trabalhadores informais diversos (Motoristas de aplicativos, motoboys, serventes ou outros), Pessoas em situação de rua, Famílias beneﬁciárias do Programa Bolsa Família e famílias inscritas no Cadastro Único , Povos e comunidades tradicionais (indígenas, quilombolas, ribeirinhos, etc.), Imigrantes",147,120,-18.9127703,-48.1944002
CS021459,SOS FAZER O BEM,"Rua José Gabriel de Souza, 164",Marambaia,24727-106,SÃO GONÇALO,3304904,RJ,katia.solitaria0@gmail.com,,Está funcionando com carga horária reduzida,2 vezes por semana,Habilitada,"Mulheres, Jovens, Crianças, Idosos, População LGBTQIA+, Pessoas em situação de rua, Pessoas e famílias atingidas por situações de emergência ou calamidade pública, Outros grupos de pessoas em situação de vulnerabilidade social",80,50,-22.7812173,-42.9498051
CS023140,MARMITA COM TERÇO,"Avenida 4 A, 244",Cidade Nova,13506-770,RIO CLARO,3543907,SP,marmitacomterco@gmail.com,,"Sim, está funcionando normalmente",1 vez por semana,Habilitada,"Mulheres, Jovens, Crianças, Idosos, População LGBTQIA+, Pessoas em situação de rua, Grupo específico vinculado a determinada localidade, atividade, serviço ou movimento, Outros grupos de pessoas em situação de vulnerabilidade social",750,600,-22.4066409,-47.5552263
CS023214,AMAR EM MOVIMENTO,"Rua Tenente Boanergis Amaral Filho, 165",Conjunto Estrela do Mar,59575-000,EXTREMOZ,2403608,RN,prsandroiagc@hotmail.com,,"Sim, está funcionando normalmente",2 vezes por semana,Habilitada,"Pessoas em situação de rua, Outros grupos de pessoas em situação de vulnerabilidade social",100,100,-5.7041279,-35.2897445
CS018105,COZINHA AFETIVA,"Rua Herculano de Holanda Cunha, 26",Ouro Preto,53370-265,OLINDA,2609600,PE,servicodepromocaosocial@gmail.com,02.636.068/0001-97,"Sim, está funcionando normalmente",5 vezes por semana,Habilitada,"Mulheres, Idosos, Trabalhadores informais diversos (Motoristas de aplicativos, motoboys, serventes ou outros), Pessoas em situação de rua, Famílias beneﬁciárias do Programa Bolsa Família e famílias inscritas no Cadastro Único , Outros grupos de pessoas em situação de vulnerabilidade social",290,200,-7.9842074,-34.8637522
CS023235,COZINHA SOLIDÁRIA DEUS PROVERÁ,"Rua Bari, 66",Sport Club,59575-000,EXTREMOZ,2403608,RN,matsunay.pinheiiro@gmail.com,,"Sim, está funcionando normalmente",1 vez por semana,Habilitada,Pessoas em situação de rua,300,300,-5.7021060,-35.2412607
CS022933,INSTITUTO AÇÃO E INCLUSÃO,"Rua Turquesa, Quadra 29, Lote 22., 0",Loteamento Vila Azul,77815-838,ARAGUAÍNA,1702109,TO,INSTITUTOACAOEINCLUSAO@GMAIL.COM,20.554.625/0001-02,Está funcionando com carga horária reduzida,4 vezes por semana,Habilitada,"Mulheres, Jovens, Crianças, Idosos, Trabalhadores informais diversos (Motoristas de aplicativos, motoboys, serventes ou outros), Pessoas em situação de rua, Famílias beneﬁciárias do Programa Bolsa Família e famílias inscritas no Cadastro Único , Pessoas e famílias atingidas por situações de emergência ou calamidade pública, Grupo específico vinculado a determinada localidade, atividade, serviço ou movimento, Outros grupos de pessoas em situação de vulnerabilidade social",133,300,-7.2163478,-48.2513822
CS023262,COZINHA SOLIDÁRIA PARCEIRAS DO BEM,"Rua 4, 368",Assentamento Maná,38407-330,UBERLÂNDIA,3170206,MG,parceirasdobem1@gmail.com,,"Sim, está funcionando normalmente",5 vezes por semana,Habilitada,"Mulheres, Jovens, Crianças, Idosos, População LGBTQIA+, Trabalhadores informais diversos (Motoristas de aplicativos, motoboys, serventes ou outros), Pessoas em situação de rua, Famílias beneﬁciárias do Programa Bolsa Família e famílias inscritas no Cadastro Único , Imigrantes",80,150,-18.9149208,-48.1757898
CS023261,COZINHA SOLIDÁRIA SANTA CLARA,"Rua Cupuaçu, 21 - Quadra 9",Ocupação Santa Clara,38407-508,UBERLÂNDIA,3170206,MG,maria.aparecidacozsantaclara@gmail.com,,"Sim, está funcionando normalmente",5 vezes por semana,Habilitada,"Mulheres, Jovens, Crianças, Idosos, Trabalhadores informais diversos (Motoristas de aplicativos, motoboys, serventes ou outros), Pessoas em situação de rua, Famílias beneﬁciárias do Programa Bolsa Família e famílias inscritas no Cadastro Único , Imigrantes",70,150,-18.9054880,-48.1915402
CS023163,ILE AFRO GUERREIROS DE OGUM OIA,"Avenida Arroio Feijó PGA, 33",mario quintana,91250-650,PORTO ALEGRE,4314902,RS,lobinhoteem@hotmail.com,,"Sim, está funcionando normalmente",2 vezes por semana,Habilitada,"Mulheres, Jovens, Crianças, Idosos, Pessoas em situação de rua, Famílias beneﬁciárias do Programa Bolsa Família e famílias inscritas no Cadastro Único ",600,300,-30.0251216,-51.0899007
CS022166,VIDAS RESGATADAS PARA CRISTO,"Rua Simão Ragusa, 326",Jardim Maggi,02982-140,SÃO PAULO,3550308,SP,institutosocialresgatandovidas@gmail.com,34.198.003/0001-01,"Sim, está funcionando normalmente",5 vezes por semana,Habilitada,"Mulheres, Jovens, Crianças, Idosos, População LGBTQIA+, Pessoas em situação de rua, Famílias beneﬁciárias do Programa Bolsa Família e famílias inscritas no Cadastro Único , Povos e comunidades tradicionais (indígenas, quilombolas, ribeirinhos, etc.), Outros grupos de pessoas em situação de vulnerabilidade social",70,150,-23.4560868,-46.7166646
CS023275,COZINHA SOS DOM ALMIR,"Avenida João Costa Azevedo, 269",Residencial Integração,38407-568,UBERLÂNDIA,3170206,MG,elianadossantoslopessantos@gmail.com,,"Sim, está funcionando normalmente",5 vezes por semana,Habilitada,"Mulheres, Jovens, Crianças, Idosos, População LGBTQIA+, Trabalhadores informais diversos (Motoristas de aplicativos, motoboys, serventes ou outros), Pessoas em situação de rua, Famílias beneﬁciárias do Programa Bolsa Família e famílias inscritas no Cadastro Único , Imigrantes",95,300,-18.9124962,-48.2109045
CS023279,COZINHA SOLIDÁRIA DAS TORRES,"Rua Gonçalo Alves, 29",Residencial Integração,38407-600,UBERLÂNDIA,3170206,MG,kate.cassia334@gmail.com,,"Sim, está funcionando normalmente",6 vezes por semana,Habilitada,"Mulheres, Jovens, Crianças, Idosos, População LGBTQIA+, Trabalhadores informais diversos (Motoristas de aplicativos, motoboys, serventes ou outros), Pessoas em situação de rua, Famílias beneﬁciárias do Programa Bolsa Família e famílias inscritas no Cadastro Único , Imigrantes, Outros grupos de pessoas em situação de vulnerabilidade social",100,150,-18.9169328,-48.2102930
CS023280,COZINHA SOLIDÁRIA DO GLÓRIA,"Rua Chapada dos Guimarães, 1395",Bairro Elisson Prieto (Jardim Glória),38410-348,UBERLÂNDIA,3170206,MG,cci.potyguarany@gmail.com,,"Sim, está funcionando normalmente",3 vezes por semana,Habilitada,"Mulheres, Jovens, Crianças, Idosos, População LGBTQIA+, Trabalhadores informais diversos (Motoristas de aplicativos, motoboys, serventes ou outros), Pessoas em situação de rua, Famílias beneﬁciárias do Programa Bolsa Família e famílias inscritas no Cadastro Único , Imigrantes",60,150,-18.9587962,-48.2202936
CS023273,MARIA ENCANTADA,"Rua 12, Lote 747",Gebara (Itambi),24867-448,ITABORAÍ,3301900,RJ,mariaencantada_@hotmail.com,63.216.719/0001-84,"Sim, está funcionando normalmente",5 vezes por semana,Habilitada,"Mulheres, Jovens, Crianças, Idosos, População LGBTQIA+, Pessoas em situação de rua, Outros grupos de pessoas em situação de vulnerabilidade social",90,200,-22.7568512,-42.9478133
CS023257,CABOCLA - FAZERES ANCESTRAIS,"Rua Marcos Freire, 202",Nossa Senhora da Apresentação,59114-089,NATAL,2408102,RN,coletivopotyguaras@gmail.com,,"Sim, está funcionando normalmente",4 vezes por semana,Habilitada,"Mulheres, Jovens, Crianças, Idosos, População LGBTQIA+, Pessoas em situação de rua, Famílias beneﬁciárias do Programa Bolsa Família e famílias inscritas no Cadastro Único , Povos e comunidades tradicionais (indígenas, quilombolas, ribeirinhos, etc.), Pessoas e famílias atingidas por situações de emergência ou calamidade pública, Grupo específico vinculado a determinada localidade, atividade, serviço ou movimento, Outros grupos de pessoas em situação de vulnerabilidade social",1118,200,-5.7317086,-35.2746884
CS021401,COZINHA MAO AMIGA,"Avenida Darcy Vargas, 87",Ipiranga,36031-100,JUIZ DE FORA,3136702,MG,cozinhadamaoamiga@gmail.com,03.254.971/0001-56,"Sim, está funcionando normalmente",5 vezes por semana,Habilitada,"Mulheres, Jovens, Crianças, Idosos, População LGBTQIA+, Pessoas em situação de rua",40,100,-21.7902638,-43.3531173
CS023099,COZINHA SOLIDÁRIA BEZERRA DE MENEZES,"Rua Maria Felipe de Araújo, 75",Santa Efigênia,30270-470,BELO HORIZONTE,3106200,MG,caixadecaridadebezerra@gmail.com,17.235.086/0001-34,"Sim, está funcionando normalmente",2 vezes por semana,Habilitada,"Mulheres, Jovens, Crianças, Idosos, Pessoas em situação de rua, Famílias beneﬁciárias do Programa Bolsa Família e famílias inscritas no Cadastro Único ",100,400,-19.9201354,-43.9099393
CS023346,COZINHA SOLIDÁRIA PARQUE CLUBE,"Rua Internacional, 168",Parque Clube,59575-000,EXTREMOZ,2403608,RN,jpnascimento632@gmail.com,,"Sim, está funcionando normalmente",1 vez por semana,Habilitada,Outros grupos de pessoas em situação de vulnerabilidade social,600,600,-5.6750852,-35.2736818
CS023351,ALIMENTANDO ESPERANÇAS RN,"Rua Coronel Farias, 166",Nossa Senhora da Apresentação,59114-188,NATAL,2408102,RN,franciscoadn61@yahoo.com,,"Sim, está funcionando normalmente",2 vezes por semana,Habilitada,Outros grupos de pessoas em situação de vulnerabilidade social,250,250,-5.7387992,-35.2784602
CS022927,COZINHA QUILOMBO ARTUROS,"av Capelinha, 50",Jardim Vera Cruz II,32042-252,CONTAGEM,3118601,MG,arturosadm@gmail.com,20.102.711/0001-84,"Sim, está funcionando normalmente",5 vezes por semana,Habilitada,"Mulheres, Jovens, Crianças, Idosos, População LGBTQIA+, Agricultores Familiares e Campesinos, Famílias beneﬁciárias do Programa Bolsa Família e famílias inscritas no Cadastro Único , Povos e comunidades tradicionais (indígenas, quilombolas, ribeirinhos, etc.), Grupo específico vinculado a determinada localidade, atividade, serviço ou movimento",2600,100,-19.8937069,-44.0822080
CS022508,COZINHA SOLIDÁRIA UPIS,"Rua das Flores, 140",Grama,36048-500,JUIZ DE FORA,3136702,MG,fabianaalvim@yahoo.com.br,47.256.670/0001-37,Está funcionando com carga horária reduzida,5 vezes por semana,Habilitada,"Crianças, Idosos",0,80,-21.6836416,-43.3480378
CS023387,INSTITUTO OS SUPER NOTAVEIS DE APOIO AO TALENTO,"Rua Raguna Cabral, 138",Vila Monumento,01550-010,SÃO PAULO,3550308,SP,institutoossupernotaveisof@gmail.com,55.160.720/0001-06,Está funcionando com carga horária reduzida,3 vezes por semana,Habilitada,"Mulheres, Jovens, Crianças, Idosos, População LGBTQIA+, Trabalhadores informais diversos (Motoristas de aplicativos, motoboys, serventes ou outros), Imigrantes, Grupo específico vinculado a determinada localidade, atividade, serviço ou movimento, Outros grupos de pessoas em situação de vulnerabilidade social",100,275,-23.5752972,-46.6176223
CS022249,MESA DA ESPERANÇA,"praça Nilo Castro, SN",Santa Fé,64190-000,BATALHA,2201507,PI,missaobatalha@gmail.com,,Está funcionando com carga horária reduzida,3 vezes por semana,Habilitada,"Mulheres, Jovens, Crianças, Idosos, População LGBTQIA+, Pessoas em situação de rua, Famílias beneﬁciárias do Programa Bolsa Família e famílias inscritas no Cadastro Único ",18,50,-4.0241518,-42.0735819
CS023411,COZINHA SOLIDÁRIA DO CONJUNTO BOLA SETE,"Rua dos Operários, 13-A",Nossa Senhora da Apresentação,59114-189,NATAL,2408102,RN,samarinoliveira2019@gmail.com,,"Sim, está funcionando normalmente",1 vez por semana,Habilitada,Outros grupos de pessoas em situação de vulnerabilidade social,150,150,-5.7423712,-35.2832844
CS023380,PROJETO NA ONDA DE JESUS,"Primeira Igreja Batista em Itaipu - Estrada Francisco da Cruz Nunes, 308",Itaipu,24355-160,NITERÓI,3303302,RJ,hgalant@gmail.com,31.737.913/0001-19,"Sim, está funcionando normalmente",3 vezes por semana,Habilitada,"Mulheres, Jovens, Crianças, Idosos, Famílias beneﬁciárias do Programa Bolsa Família e famílias inscritas no Cadastro Único , Grupo específico vinculado a determinada localidade, atividade, serviço ou movimento",120,100,-22.9404496,-43.0484231
CS023222,COZINHA DO PROJETO SOMBRA E ÁGUA FRESCA BRIGADEIRO,"RUA 20 BRIGADEIRO. EDUARDO GOMES N.0-61 QD04 LT01, 61",BRIGADEIRO,77500-000,PORTO NACIONAL,1718204,TO,sombraeaguafrescabrigadeiro@gmail.com,07.906.941/0001-38,"Sim, está funcionando normalmente",3 vezes por semana,Habilitada,"Mulheres, Jovens, Crianças, Idosos, Trabalhadores informais diversos (Motoristas de aplicativos, motoboys, serventes ou outros), Famílias beneﬁciárias do Programa Bolsa Família e famílias inscritas no Cadastro Único , Povos e comunidades tradicionais (indígenas, quilombolas, ribeirinhos, etc.), Grupo específico vinculado a determinada localidade, atividade, serviço ou movimento, Outros grupos de pessoas em situação de vulnerabilidade social",110,150,-10.6708952,-48.3995260
CS023410,COZINHA SOLIDÁRIA YLE REINO DE OXALA,"Rua Alexandre de Gusmão, 1046",Estância Velha,92030-340,CANOAS,4304606,RS,emancipacomunidades@gmail.com,,"Sim, está funcionando normalmente",2 vezes por semana,Habilitada,"Mulheres, Jovens, Crianças, Idosos, População LGBTQIA+, Trabalhadores informais diversos (Motoristas de aplicativos, motoboys, serventes ou outros), Pessoas em situação de rua, Famílias beneﬁciárias do Programa Bolsa Família e famílias inscritas no Cadastro Único , Pessoas e famílias atingidas por situações de emergência ou calamidade pública, Grupo específico vinculado a determinada localidade, atividade, serviço ou movimento",360,200,-29.9156503,-51.1424487
CS023396,INSTITUTO VITORIA DE SÁ,"Rua Thiago, 75",Jardim Pantanal,08180-640,SÃO PAULO,3550308,SP,ongvitoriadesa123@gmail.com,15.296.457/0002-43,"Sim, está funcionando normalmente",6 vezes por semana,Habilitada,"Mulheres, Jovens, Crianças, Idosos, População LGBTQIA+, Trabalhadores informais diversos (Motoristas de aplicativos, motoboys, serventes ou outros), Pessoas em situação de rua, Famílias beneﬁciárias do Programa Bolsa Família e famílias inscritas no Cadastro Único , Pessoas e famílias atingidas por situações de emergência ou calamidade pública, Imigrantes, Outros grupos de pessoas em situação de vulnerabilidade social",1522,507,-23.4828070,-46.4090480
CS023142,ASSOCIAÇÃO VOLUNTARIOS DO AMOR RG,"AVENIDA BUARQUE DE MACEDO, 368- 1",CIDADE NOVA,96211-110,RIO GRANDE,4315602,RS,voluntariosdoamorrg@gmail.com,49.795.717/0001-66,"Sim, está funcionando normalmente",1 vez por semana,Habilitada,"Mulheres, Jovens, Crianças, Idosos, População LGBTQIA+, Trabalhadores informais diversos (Motoristas de aplicativos, motoboys, serventes ou outros), Pessoas em situação de rua, Pessoas e famílias atingidas por situações de emergência ou calamidade pública, Outros grupos de pessoas em situação de vulnerabilidade social",520,200,-32.0437904,-52.1120534
CS021453,COZINHA SOLIDÁRIA  DA ASA BRANCA,"Rua Francisco de Paula, 13",Barra Olímpica,22775-120,RIO DE JANEIRO,3304557,RJ,canalefranciscodepaula@gmail.com,,Está funcionando com carga horária reduzida,4 vezes por semana,Habilitada,"Mulheres, Jovens, Crianças, Idosos, População LGBTQIA+, Trabalhadores informais diversos (Motoristas de aplicativos, motoboys, serventes ou outros), Pessoas em situação de rua, Famílias beneﬁciárias do Programa Bolsa Família e famílias inscritas no Cadastro Único , Pessoas e famílias atingidas por situações de emergência ou calamidade pública, Grupo específico vinculado a determinada localidade, atividade, serviço ou movimento",54,300,-22.9654664,-43.3947350
CS023421,COZINHA SOLIDARIA DO MACACO,"DT POVOADO DO MACACO, SN ZONA RURAL CASA, SN",ZONA RURAL,48710-000,CANDEAL,2906402,BA,cozinhasolidariamacaco@gmail.com,07.666.386/0001-14,"Sim, está funcionando normalmente",Somente em dia de eventos,Habilitada,"Mulheres, Jovens, Crianças, Idosos, Agricultores Familiares e Campesinos",0,150,-11.8078213,-39.1193565
CS021101,COZINHA SOLIDARIA SONHAR E VIVER,"Rua Antonio de Lemos e faria,, 31",Jardim Santo André,08390-100,SÃO PAULO,3550308,SP,associacaosonhareviver@gmail.com,27.527.582/0001-15,Está funcionando com carga horária reduzida,5 vezes por semana,Habilitada,"Mulheres, Jovens, Crianças, Idosos, Trabalhadores informais diversos (Motoristas de aplicativos, motoboys, serventes ou outros), Pessoas em situação de rua, Famílias beneﬁciárias do Programa Bolsa Família e famílias inscritas no Cadastro Único ",66,150,-23.6270181,-46.4435908
CS022011,COZINHA SOLIDÁRIA EV. GERSON ALVES DAMASCENO,"Rua Henrique Vaz, 219",Ladeira,36052-590,JUIZ DE FORA,3136702,MG,simonesilvas3@hotmail.com,21.185.301/0001-07,"Sim, está funcionando normalmente",3 vezes por semana,Habilitada,"Mulheres, Crianças, Idosos, Pessoas em situação de rua, Outros grupos de pessoas em situação de vulnerabilidade social",20,50,-21.7507182,-43.3495488
CS022545,COZINHA COMUNITÁRIA CASA 1,"Rua Adoniran Barbosa, 151",Bela Vista,01318-020,SÃO PAULO,3550308,SP,cozinha@casaum.org,29.150.382/0001-11,Está funcionando com carga horária reduzida,2 vezes por semana,Habilitada,"População LGBTQIA+, Pessoas em situação de rua",15,40,-23.5559367,-46.6414612
CS023412,PANELA SOLIDÁRIA,"Rua Porto do Bezerra, 1009",Jardim Guaianazes,08440-000,SÃO PAULO,3550308,SP,damarisaureliano6@gmail.com,,"Sim, está funcionando normalmente",5 vezes por semana,Habilitada,"Mulheres, Jovens, Crianças, Idosos, População LGBTQIA+, Trabalhadores informais diversos (Motoristas de aplicativos, motoboys, serventes ou outros), Pessoas em situação de rua, Famílias beneﬁciárias do Programa Bolsa Família e famílias inscritas no Cadastro Único , Imigrantes, Outros grupos de pessoas em situação de vulnerabilidade social",170,400,-23.5282898,-46.4121284
CS021406,COZINHA CASA RECHOVOT,"Rua Dom Fernando, 115",Centro,29015-510,VITÓRIA,3205309,ES,administrativo@alefbet.org.br,24.784.298/0001-36,"Sim, está funcionando normalmente",5 vezes por semana,Habilitada,"Mulheres, Jovens, Crianças, Idosos, População LGBTQIA+, Agricultores Familiares e Campesinos, Trabalhadores informais diversos (Motoristas de aplicativos, motoboys, serventes ou outros), Pessoas em situação de rua, Famílias beneﬁciárias do Programa Bolsa Família e famílias inscritas no Cadastro Único , Imigrantes, Outros grupos de pessoas em situação de vulnerabilidade social",167,120,-20.3187677,-40.3402453
CS023442,COZINHA SOLIDÁRIA CASA DAS MULHERES,"Rua Lélis Piedade, 372",Centro,45200-460,JEQUIÉ,2918001,BA,casadasmulheresjequie@gmail.com,41.860.640/0001-59,"Sim, está funcionando normalmente",5 vezes por semana,Habilitada,"Mulheres, Jovens, Crianças, Idosos, População LGBTQIA+, Trabalhadores informais diversos (Motoristas de aplicativos, motoboys, serventes ou outros), Pessoas em situação de rua, Famílias beneﬁciárias do Programa Bolsa Família e famílias inscritas no Cadastro Único , Povos e comunidades tradicionais (indígenas, quilombolas, ribeirinhos, etc.), Outros grupos de pessoas em situação de vulnerabilidade social",372,200,-13.8615199,-40.0857750
CS023006,COZINHA SOLIDÁRIA - SOCIEDADE ESPÍRITA IRMÃOS UNIDOS,"Avenida Odilo Marques Gonçalves, 1565",Centro,96300-000,JAGUARÃO,4311007,RS,cruzada.jaguarao@gmail.com,92.905.702/0001-32,"Sim, está funcionando normalmente",2 vezes por semana,Habilitada,"Mulheres, Jovens, Crianças, Idosos, Pessoas em situação de rua, Famílias beneﬁciárias do Programa Bolsa Família e famílias inscritas no Cadastro Único , Pessoas e famílias atingidas por situações de emergência ou calamidade pública, Outros grupos de pessoas em situação de vulnerabilidade social",98,46,-32.5672248,-53.3821480
CS021677,COZINHA SOLIDÁRIA MARIA JOANA,"Rua Deputado Torres Galvão, 80",Paratibe,53415-290,PAULISTA,2610707,PE,institutomariajoana@gmail.com,52.214.858/0001-52,Está funcionando com carga horária reduzida,1 vez por semana,Habilitada,"Mulheres, Jovens, Crianças, Idosos, Pessoas em situação de rua, Famílias beneﬁciárias do Programa Bolsa Família e famílias inscritas no Cadastro Único , Pessoas e famílias atingidas por situações de emergência ou calamidade pública, Outros grupos de pessoas em situação de vulnerabilidade social",260,150,-7.9345825,-34.8963355
CS023457,COZINHA PROJETO ALIMENTAR,"Rua da Ametista, 54",Lagoa Nova,59076-300,NATAL,2408102,RN,celi-05@hotmail.com,,"Sim, está funcionando normalmente",3 vezes por semana,Habilitada,Pessoas em situação de rua,150,150,-5.8287089,-35.2039273
CS015025,COZINHA SOLIDÁRIA DA ASDECRAC,"Rua Camerino,, 548",CENTRO,49260-000,UMBAÚBA,2807600,SE,dum.josealves@gmail.com,07.772.070/0001-07,"Sim, está funcionando normalmente",6 vezes por semana,Habilitada,"Mulheres, Jovens, Crianças, Idosos, População LGBTQIA+, Agricultores Familiares e Campesinos, Trabalhadores informais diversos (Motoristas de aplicativos, motoboys, serventes ou outros), Pessoas em situação de rua, Famílias beneﬁciárias do Programa Bolsa Família e famílias inscritas no Cadastro Único , Assentados da Reforma Agrária, Grupo específico vinculado a determinada localidade, atividade, serviço ou movimento, Outros grupos de pessoas em situação de vulnerabilidade social",310,265,-11.3809371,-37.6523561
CS023401,BUCHO CHEIO- NUCLEO ARTE NA PRAÇA,"Rua Senador Valdemar Santos, 3300",Renascença I,64082-310,TERESINA,2211001,PI,avante@institutoavante.org.br,13.763.481/0001-39,"Sim, está funcionando normalmente",6 vezes por semana,Habilitada,"Mulheres, Jovens, Crianças, População LGBTQIA+, Trabalhadores informais diversos (Motoristas de aplicativos, motoboys, serventes ou outros), Famílias beneﬁciárias do Programa Bolsa Família e famílias inscritas no Cadastro Único , Assentados da Reforma Agrária, Outros grupos de pessoas em situação de vulnerabilidade social",108,90,-5.1046494,-42.7401011
CS021367,AMAR PARA ALIMENTAR,"Rua Edgard Leuenroth, 66",Cidade Tiradentes,08471-450,SÃO PAULO,3550308,SP,amar.ong@gamil.com,50.559.238/0001-20,Está funcionando com carga horária reduzida,3 vezes por semana,Habilitada,"Mulheres, Jovens, Crianças, Idosos, População LGBTQIA+, Pessoas em situação de rua, Famílias beneﬁciárias do Programa Bolsa Família e famílias inscritas no Cadastro Único , Pessoas e famílias atingidas por situações de emergência ou calamidade pública, Imigrantes",60,300,-23.6045987,-46.3981491
CS023230,COZINHA DO ILE ASE IMOLE ALAGBEDE OORUN   YEYE' NLA,"Rua Conceição Maria Pereira, 36",Campo Lindo,23890-000,SEROPÉDICA,3305554,RJ,Ileaseimolealagbede@gmail.com,,Está funcionando com carga horária reduzida,1 vez por semana,Habilitada,"Povos e comunidades tradicionais (indígenas, quilombolas, ribeirinhos, etc.), Outros grupos de pessoas em situação de vulnerabilidade social",100,100,-22.8003941,-43.6517779
CS023264,NILZETE DE JESUS,"Rua José Laino, Lt 22 qd 208",Campo Lindo,23898-280,SEROPÉDICA,3305554,RJ,1506michele@gmail.com,,"Sim, está funcionando normalmente",1 vez por semana,Habilitada,Pessoas em situação de rua,100,100,-22.8224445,-43.6349098
CS023228,COZINHA INZO IA KAIAIA,"Rua 41- Avenida Canalizada, lote 06 quadra 204",Campo Lindo,23898-195,SEROPÉDICA,3305554,RJ,ANDREZARAMALHOFERNANDES@GMAIL.COM,,"Sim, está funcionando normalmente",1 vez por semana,Habilitada,"Mulheres, Jovens, Crianças, Idosos, População LGBTQIA+, Trabalhadores informais diversos (Motoristas de aplicativos, motoboys, serventes ou outros), Pessoas em situação de rua, Famílias beneﬁciárias do Programa Bolsa Família e famílias inscritas no Cadastro Único , Povos e comunidades tradicionais (indígenas, quilombolas, ribeirinhos, etc.), Grupo específico vinculado a determinada localidade, atividade, serviço ou movimento, Outros grupos de pessoas em situação de vulnerabilidade social",175,415,-22.8164060,-43.6287669
CS023469,COZINHA SOLIDÁRIA EXÉRCITO DE CRISTO,"Avenida das Palmeiras, s/n",Setor Ponta Kayana,75384-070,TRINDADE,5221403,GO,associacaoassistencialexercito@gmail.com,24.283.820/0001-04,Está funcionando com carga horária reduzida,7 vezes por semana,Habilitada,"Mulheres, Jovens, Crianças, Idosos, Trabalhadores informais diversos (Motoristas de aplicativos, motoboys, serventes ou outros), Pessoas em situação de rua, Famílias beneﬁciárias do Programa Bolsa Família e famílias inscritas no Cadastro Único ",100,400,-16.6414622,-49.4352802
CS023485,ASSOCIAÇÃO UNIDOS DA RECICLAGEM,"João Ceccatto, 260",Vila Rivabem,83600-000,CAMPO LARGO,4104204,PR,associacao.assur@gmail.com,09.292.565/0001-64,"Sim, está funcionando normalmente",5 vezes por semana,Habilitada,"Mulheres, Jovens, Idosos, Trabalhadores informais diversos (Motoristas de aplicativos, motoboys, serventes ou outros), Famílias beneﬁciárias do Programa Bolsa Família e famílias inscritas no Cadastro Único , Grupo específico vinculado a determinada localidade, atividade, serviço ou movimento, Outros grupos de pessoas em situação de vulnerabilidade social",53,48,-25.4435936,-49.5612859
CS021624,COZINHA SOLIDÁRIA AJAGUNAM,"Rua Luiz Caetano Antinolfi, 182/236",Passo das Pedras,91230-480,PORTO ALEGRE,4314902,RS,ileaseomiajagunam@gmail.com,,"Sim, está funcionando normalmente",3 vezes por semana,Habilitada,"Mulheres, Jovens, Crianças, Idosos, População LGBTQIA+, Trabalhadores informais diversos (Motoristas de aplicativos, motoboys, serventes ou outros), Pessoas em situação de rua, Famílias beneﬁciárias do Programa Bolsa Família e famílias inscritas no Cadastro Único , Povos e comunidades tradicionais (indígenas, quilombolas, ribeirinhos, etc.), Outros grupos de pessoas em situação de vulnerabilidade social",215,200,-30.0197257,-51.1236660
CS023480,COZINHA SOLIDÁRIA PROJETO GALILEU,"Alameda das Rosas, 710",Setor Ponta Kayana,75384-155,TRINDADE,5221403,GO,licitacaoaaec@gmail.com,21.854.519/0001-07,Está funcionando com carga horária reduzida,7 vezes por semana,Habilitada,"Jovens, Crianças, Idosos, Pessoas em situação de rua, Famílias beneﬁciárias do Programa Bolsa Família e famílias inscritas no Cadastro Único ",100,200,-16.6377363,-49.4317680
CS023492,COZINHA SOLIDÁRIA EBENÉZER,"Travessa José Inácio Fernandes, 06",Jardins,59299-465,SAO GONÇALO DO AMARANTE,2412005,RN,sandrosousa7575@gmail.com,,"Sim, está funcionando normalmente",2 vezes por semana,Habilitada,Outros grupos de pessoas em situação de vulnerabilidade social,150,150,-5.7462550,-35.2968935
CS017036,"SOPA SOLIDÁRIA ""EM MEMORIA A DONA LUCIA""","RUA DOUTOR DURVAL TANAKA, 100",NOVO PARQUE SÃO VICENTE,16204-174,BIRIGUI,3506508,SP,suelim0627@gmail.com,59.759.415/0001-96,"Sim, está funcionando normalmente",1 vez por semana,Habilitada,"Mulheres, Crianças, Idosos, Trabalhadores informais diversos (Motoristas de aplicativos, motoboys, serventes ou outros), Pessoas em situação de rua, Famílias beneﬁciárias do Programa Bolsa Família e famílias inscritas no Cadastro Único , Outros grupos de pessoas em situação de vulnerabilidade social",7,400,-21.3051387,-50.3457671
CS023448,PÃO DO POVO DA RUA,"Rua Doutor Pedro Arbues, 147",Luz,01105-030,SÃO PAULO,3550308,SP,afrugoli@paodopovodarua.com.br,31.721.081/0001-42,"Sim, está funcionando normalmente",6 vezes por semana,Habilitada,"Mulheres, Jovens, Crianças, Idosos, População LGBTQIA+, Trabalhadores informais diversos (Motoristas de aplicativos, motoboys, serventes ou outros), Pessoas em situação de rua, Famílias beneﬁciárias do Programa Bolsa Família e famílias inscritas no Cadastro Único , Pessoas e famílias atingidas por situações de emergência ou calamidade pública, Imigrantes, Outros grupos de pessoas em situação de vulnerabilidade social",390,1300,-23.5336397,-46.6300926
CS022713,ELOS DO BEM,"Rua Piauí, 430",Rincão,93348-020,NOVO HAMBURGO,4313409,RS,Claudete.schneider@hotmail.com,61.464.162/0001-75,"Sim, está funcionando normalmente",1 vez por semana,Habilitada,"Mulheres, Jovens, Crianças, Idosos",0,100,-29.6801801,-51.1456546
CS023486,COZINHA NOVOS TEMPOS,"Passagem Águas Verdes, 14",Coqueiro,67130-560,ANANINDEUA,1500800,PA,inovostempos@gmail.com,34.377.029/0001-09,Está funcionando com carga horária reduzida,3 vezes por semana,Habilitada,"Mulheres, Jovens, Crianças, Idosos, População LGBTQIA+, Trabalhadores informais diversos (Motoristas de aplicativos, motoboys, serventes ou outros), Pessoas em situação de rua, Famílias beneﬁciárias do Programa Bolsa Família e famílias inscritas no Cadastro Único , Outros grupos de pessoas em situação de vulnerabilidade social",95,50,-1.3621918,-48.4152760
CS021463,COZINHA SOLIDÁRIA MAGDALA,"Rua Aristides Baronio, 172",Campina,93130-440,SÃO LEOPOLDO,4318705,RS,casademagdala2@gmail.com,,"Sim, está funcionando normalmente",2 vezes por semana,Habilitada,"Mulheres, Jovens, Crianças, Idosos, População LGBTQIA+, Trabalhadores informais diversos (Motoristas de aplicativos, motoboys, serventes ou outros), Pessoas em situação de rua, Famílias beneﬁciárias do Programa Bolsa Família e famílias inscritas no Cadastro Único , Pessoas e famílias atingidas por situações de emergência ou calamidade pública, Outros grupos de pessoas em situação de vulnerabilidade social",208,180,-29.7476078,-51.1613824
CS023508,"SEMEANDO A PALAVRA, COLHENDO VIDAS","Rua Rosário de Minas, 31",Nossa Senhora da Apresentação,59115-623,NATAL,2408102,RN,mayarabruna3008@gmail.com,,"Sim, está funcionando normalmente",2 vezes por semana,Habilitada,"Mulheres, Jovens, Crianças",0,350,-5.7387783,-35.2701738
CS022367,COZINHA SOLIDÁRIA DO ARVOREDO,"Rua Coronel Fernando Machado, 347",Centro Histórico,90010-321,PORTO ALEGRE,4314902,RS,emancipacomunidades@gmail.com,,"Sim, está funcionando normalmente",3 vezes por semana,Habilitada,"Mulheres, Jovens, Crianças, Idosos, População LGBTQIA+, Trabalhadores informais diversos (Motoristas de aplicativos, motoboys, serventes ou outros), Famílias beneﬁciárias do Programa Bolsa Família e famílias inscritas no Cadastro Único , Pessoas e famílias atingidas por situações de emergência ou calamidade pública",200,160,-30.0350273,-51.2343240
CS023507,ASSOCIAÇÃO APRISCO,"Área Rural, 28 CS",Área Rural de Santo Antônio de Jesus,44447-899,SANTO ANTÔNIO DE JESUS,2928703,BA,sandrasbarreto38@gmail.com,08.792.836/0001-88,"Sim, está funcionando normalmente",6 vezes por semana,Habilitada,"Mulheres, Idosos, População LGBTQIA+, Agricultores Familiares e Campesinos, Trabalhadores informais diversos (Motoristas de aplicativos, motoboys, serventes ou outros), Pessoas em situação de rua, Famílias beneﬁciárias do Programa Bolsa Família e famílias inscritas no Cadastro Único , Pessoas e famílias atingidas por situações de emergência ou calamidade pública, Imigrantes, Outros grupos de pessoas em situação de vulnerabilidade social",103,1000,-12.9698964,-39.2616711
CS023495,COZINHA RENASCER,"Rua dos Íris, 7",Vila Holandesa,54811-292,MORENO,2609402,PE,assrenasceroficial@gmail.com,64.034.910/0001-78,Está funcionando com carga horária reduzida,1 vez por semana,Habilitada,"Mulheres, Jovens, Crianças, Idosos, População LGBTQIA+, Trabalhadores informais diversos (Motoristas de aplicativos, motoboys, serventes ou outros), Pessoas em situação de rua, Famílias beneﬁciárias do Programa Bolsa Família e famílias inscritas no Cadastro Único , Pessoas e famílias atingidas por situações de emergência ou calamidade pública, Outros grupos de pessoas em situação de vulnerabilidade social",250,150,-8.1093760,-35.0903005
CS023517,COZINHA JEOVÁ NISSI,"Rua Barra do Rio, 1194",Redinha Nova,59575-000,EXTREMOZ,2403608,RN,silvawutson@gmail.com,,"Sim, está funcionando normalmente",2 vezes por semana,Habilitada,Pessoas em situação de rua,350,350,-5.7294952,-35.2055358
CS023519,COZINHA RUA CLÁUDIO SANTORO,"Rua Cláudio Santoro, 288",Massaranduba,59570-000,CEARÁ-MIRIM,2402600,RN,andersondj92.9@gmail.com,,"Sim, está funcionando normalmente",2 vezes por semana,Habilitada,Pessoas em situação de rua,300,300,-5.7148856,-35.3684200
CS023528,COZINHA PROJETO RAIZ,"Rua Vale do Jaguaribe, 202",Parque dos Coqueiros,59115-270,NATAL,2408102,RN,jardielsonlima406@gmail.com,,"Sim, está funcionando normalmente",4 vezes por semana,Habilitada,"Jovens, Crianças, Pessoas em situação de rua",167,500,-5.7610902,-35.2857414
CS023530,COZINHA UMA CRIANÇA FELIZ,"Rua Norte Brasil, 139",Pajuçara,59123-415,NATAL,2408102,RN,i71743944@gmail.com,,"Sim, está funcionando normalmente",2 vezes por semana,Habilitada,"Jovens, Crianças, Idosos",0,250,-5.7404153,-35.2431523
CS023318,RAIZES DO SERTÃO,"Rua Elizabeth Maria Costa Nunes, 100A",Sucupira,56509-766,ARCOVERDE,2601201,PE,walderlanbaltazar@gmail.com,35.929.004/0001-33,"Sim, está funcionando normalmente",5 vezes por semana,Habilitada,"Mulheres, Jovens, Crianças, Idosos, População LGBTQIA+, Pessoas em situação de rua, Famílias beneﬁciárias do Programa Bolsa Família e famílias inscritas no Cadastro Único , Povos e comunidades tradicionais (indígenas, quilombolas, ribeirinhos, etc.), Pessoas e famílias atingidas por situações de emergência ou calamidade pública, Grupo específico vinculado a determinada localidade, atividade, serviço ou movimento, Outros grupos de pessoas em situação de vulnerabilidade social",245,220,-8.4330106,-37.0648562
CS020072,PANELÃO SOLIDÁRIO,"Av Dario Lopes dos Santos, 822",Jardim Botânico,80210-010,CURITIBA,4106902,PR,gann0808@gmail.com,,"Sim, está funcionando normalmente",Uma vez ao mês,Habilitada,Pessoas em situação de rua,450,450,-25.4362658,-49.2535423
CS023563,COZINHA SOLIDÁRIA ASSOCIAÇÃO TIA CRIS,"Rua Quirino, 10",Jardim Icaraí,04844-280,SÃO PAULO,3550308,SP,freitascristiane85@yahoo.com.br,,"Sim, está funcionando normalmente",3 vezes por semana,Habilitada,"Mulheres, Jovens, Crianças, Idosos, Trabalhadores informais diversos (Motoristas de aplicativos, motoboys, serventes ou outros), Pessoas em situação de rua",15,150,-23.7522228,-46.7044226
CS021273,MÃOS QUE ALIMENTAM,"Rua das orquídeas, 85",Rodoviária,48700-000,SERRINHA,2930501,BA,coopserrasha@gmail.com,50.731.947/0001-40,"Sim, está funcionando normalmente",2 vezes por semana,Habilitada,"Mulheres, Jovens, Crianças, Idosos, População LGBTQIA+, Agricultores Familiares e Campesinos, Trabalhadores informais diversos (Motoristas de aplicativos, motoboys, serventes ou outros), Pessoas em situação de rua, Famílias beneﬁciárias do Programa Bolsa Família e famílias inscritas no Cadastro Único , Povos e comunidades tradicionais (indígenas, quilombolas, ribeirinhos, etc.), Pessoas e famílias atingidas por situações de emergência ou calamidade pública, Grupo específico vinculado a determinada localidade, atividade, serviço ou movimento",477,100,-11.6693162,-38.9928848
CS023192,COZINHA SOLIDÁRIA DO BAIRRO DA PAZ,"Rua Padre Cícero, 173",Paz,69919-260,RIO BRANCO,1200401,AC,solidariedadeparatodos.ac@gmail.com,55.259.513/0001-03,"Sim, está funcionando normalmente",5 vezes por semana,Habilitada,"Mulheres, Jovens, Crianças, Idosos, População LGBTQIA+, Agricultores Familiares e Campesinos, Trabalhadores informais diversos (Motoristas de aplicativos, motoboys, serventes ou outros), Pessoas em situação de rua, Famílias beneﬁciárias do Programa Bolsa Família e famílias inscritas no Cadastro Único , Pessoas e famílias atingidas por situações de emergência ou calamidade pública, Imigrantes, Grupo específico vinculado a determinada localidade, atividade, serviço ou movimento, Outros grupos de pessoas em situação de vulnerabilidade social",830,300,-9.9514039,-67.8421806
CS023565,COZINHA SOLIDÁRIA ASSOCIAÇÃO COMUNITÁRIA DO TREVO,"Avenida Brasil, n/s",Vila Margarida,11330-750,SÃO VICENTE,3551009,SP,act.trevo@gmail.com,33.458.545/0001-03,"Sim, está funcionando normalmente",3 vezes por semana,Habilitada,"Mulheres, Jovens, Crianças, Idosos, Pessoas em situação de rua",250,500,-23.9736533,-46.4097344
CS023114,COZINHA COMUNITÁRIA VILA TAMANCA,"Rua Alexandre Camaquã, 283",Agronomia,91540-160,PORTO ALEGRE,4314902,RS,gustavocirelloseixas@gmail.com,,"Sim, está funcionando normalmente",2 vezes por semana,Habilitada,"Mulheres, Jovens, Crianças, Idosos, População LGBTQIA+, Trabalhadores informais diversos (Motoristas de aplicativos, motoboys, serventes ou outros), Pessoas em situação de rua, Famílias beneﬁciárias do Programa Bolsa Família e famílias inscritas no Cadastro Único , Povos e comunidades tradicionais (indígenas, quilombolas, ribeirinhos, etc.), Pessoas e famílias atingidas por situações de emergência ou calamidade pública, Imigrantes, Outros grupos de pessoas em situação de vulnerabilidade social",120,120,-30.0885896,-51.1229232
CS022172,COZINNHA SOLIDÁRIA ASSOCIÇÃO AMOR SEM FRONTEIRAS,"Rua Eliseu Borges, 12",Morro Grande,04434-120,SÃO PAULO,3550308,SP,mariarosangela05374806416@gmail.com,,"Sim, está funcionando normalmente",2 vezes por semana,Habilitada,"Mulheres, Jovens, Crianças, Idosos",0,300,-23.6831353,-46.6684507
CS023564,COZINHA SOLIDÁRIA DA MARA,"VEL Santo Expedito, 4",Jd Peri,02679-126,SÃO PAULO,3550308,SP,eromaraa@gmail.com,,"Sim, está funcionando normalmente",3 vezes por semana,Habilitada,"Mulheres, Crianças, Idosos, Pessoas em situação de rua",75,150,-23.4266099,-46.7170940
CS015788,COZINHA SOLIDÁRIA HAJA,"Rua Tocantins, 14",Jardim Gramacho,25055-390,DUQUE DE CAXIAS,3301702,RJ,relacionamento@haja.org.br,29.542.216/0001-60,"Sim, está funcionando normalmente",5 vezes por semana,Habilitada,"Mulheres, Jovens, Crianças, Idosos, Famílias beneﬁciárias do Programa Bolsa Família e famílias inscritas no Cadastro Único ",100,220,-22.7529725,-43.2944810
CS023393,AMIGOS PELA FÉ,"CONJUNTO RORAIMA AMAPA TRAVESSA SERRA APIAU QD 76, 40",CURUÇAMBA,67145-780,ANANINDEUA,1500800,PA,cozinhasolidariaamigospelafe@gmail.com,,Está funcionando com carga horária reduzida,2 vezes por semana,Habilitada,"Mulheres, Jovens, Crianças, Idosos, População LGBTQIA+, Agricultores Familiares e Campesinos, Trabalhadores informais diversos (Motoristas de aplicativos, motoboys, serventes ou outros), Pessoas em situação de rua, Famílias beneﬁciárias do Programa Bolsa Família e famílias inscritas no Cadastro Único , Povos e comunidades tradicionais (indígenas, quilombolas, ribeirinhos, etc.), Pessoas e famílias atingidas por situações de emergência ou calamidade pública, Imigrantes, Assentados da Reforma Agrária, Grupo específico vinculado a determinada localidade, atividade, serviço ou movimento, Outros grupos de pessoas em situação de vulnerabilidade social",426,250,-1.3304407,-48.3732426
CS023198,COZINHA ABAYOMI,"Rua Cabureicica, 118",GUIANASES,08440-160,SÃO PAULO,3550308,SP,ongabayomi2023@outlook.com,49.779.830/0001-58,Está funcionando com carga horária reduzida,3 vezes por semana,Habilitada,"Mulheres, Jovens, Crianças, Idosos, Pessoas em situação de rua",70,300,-23.5382138,-46.4131891
CS023242,FLORESCENDO AMORDIR,"Rua José Painha, 6511",Santa Maria da Codipi,64012-580,TERESINA,2211001,PI,mariacelia12amaral@gmail.com,14.994.851/0001-01,"Sim, está funcionando normalmente",3 vezes por semana,Habilitada,"Mulheres, Jovens, Crianças, Idosos, População LGBTQIA+, Pessoas em situação de rua, Famílias beneﬁciárias do Programa Bolsa Família e famílias inscritas no Cadastro Único , Povos e comunidades tradicionais (indígenas, quilombolas, ribeirinhos, etc.), Outros grupos de pessoas em situação de vulnerabilidade social",110,215,-4.9918261,-42.8291746
CS023527,COZINHA SOLIDÁRIA ALEGRIA DE VIVER,"Rua Turmalina qd 07 lote area, 515",Conjunto Dona Iris 1,75382-165,TRINDADE,5221403,GO,associacaoalegriadeviver1@gmail.com,10.686.501/0001-27,Está funcionando com carga horária reduzida,6 vezes por semana,Habilitada,"Mulheres, Jovens, Crianças, Idosos, População LGBTQIA+, Trabalhadores informais diversos (Motoristas de aplicativos, motoboys, serventes ou outros), Pessoas em situação de rua, Famílias beneﬁciárias do Programa Bolsa Família e famílias inscritas no Cadastro Único ",15,338,-16.6213179,-49.3997473
CS022187,ORGANIZACAO CULTURAL E SOCIAL AFROBRASIL,"Rua 11, 3771",Nossa Senhora de Fátima,76850-000,GUAJARÁ-MIRIM,1100106,RO,Centrocrioulo@gmail.com,62.221.144/0001-25,"Sim, está funcionando normalmente",5 vezes por semana,Habilitada,"Mulheres, Jovens, Crianças, Idosos, População LGBTQIA+, Pessoas em situação de rua, Famílias beneﬁciárias do Programa Bolsa Família e famílias inscritas no Cadastro Único , Povos e comunidades tradicionais (indígenas, quilombolas, ribeirinhos, etc.), Imigrantes, Outros grupos de pessoas em situação de vulnerabilidade social",150,150,-10.7624612,-65.3264853
CS023476,ESPERANÇA,"Rua Iaparandiba, 77",Jardim do Campo,08440-240,SÃO PAULO,3550308,SP,esperancacozinha@gmail.com,,"Sim, está funcionando normalmente",5 vezes por semana,Habilitada,"Mulheres, Jovens, Crianças, Idosos, População LGBTQIA+, Trabalhadores informais diversos (Motoristas de aplicativos, motoboys, serventes ou outros), Pessoas em situação de rua, Famílias beneﬁciárias do Programa Bolsa Família e famílias inscritas no Cadastro Único , Pessoas e famílias atingidas por situações de emergência ou calamidade pública, Imigrantes, Outros grupos de pessoas em situação de vulnerabilidade social",193,325,-23.5355357,-46.4126283
CS023497,COZINHA SOLIDÁRIA ASÈOBÁ,"Rua Vinte e Um de Abril, 304 Casa B e C",Afogados,50820-000,RECIFE,2611606,PE,cozinhasolidariaaseoba@gmail.com,61.941.516/0001-25,Está funcionando com carga horária reduzida,2 vezes por semana,Habilitada,"Mulheres, Jovens, Crianças, Idosos, População LGBTQIA+, Trabalhadores informais diversos (Motoristas de aplicativos, motoboys, serventes ou outros), Pessoas em situação de rua, Famílias beneﬁciárias do Programa Bolsa Família e famílias inscritas no Cadastro Único , Pessoas e famílias atingidas por situações de emergência ou calamidade pública, Imigrantes, Grupo específico vinculado a determinada localidade, atividade, serviço ou movimento, Outros grupos de pessoas em situação de vulnerabilidade social",163,90,-8.0768142,-34.9097485
CS023515,ASSOCIAÇÃO DE APOIO À PRIMEIRA INFÂNCIA E OBRAS SOCIAIS SÃO JOSÉ,"Rua João Rosa de Araújo, 70",Granjas Betânia,36047-360,JUIZ DE FORA,3136702,MG,aapisjsecretaria@gmail.com,16.706.798/0001-21,"Sim, está funcionando normalmente",4 vezes por semana,Habilitada,"Mulheres, Jovens, Crianças, Famílias beneﬁciárias do Programa Bolsa Família e famílias inscritas no Cadastro Único ",60,120,-21.7099622,-43.3598815
CS023345,COZINHA SOLIDÁRIA IACVTV,"Rua Presidente Juscelino Kubitschek de Oliveira, 565",Canudos,93544-220,NOVO HAMBURGO,4313409,RS,institutodeaprendizagemcvtv@gmail.com,49.020.455/0001-68,Está funcionando com carga horária reduzida,3 vezes por semana,Habilitada,"Mulheres, Jovens, Crianças, Idosos, Trabalhadores informais diversos (Motoristas de aplicativos, motoboys, serventes ou outros), Famílias beneﬁciárias do Programa Bolsa Família e famílias inscritas no Cadastro Único , Pessoas e famílias atingidas por situações de emergência ou calamidade pública, Outros grupos de pessoas em situação de vulnerabilidade social",50,50,-29.6996215,-51.0894553
CS023689,"MESA FARTA, SABOR DE CASA, PÃO E ALMA","Vila Fonte Viva BA 210 KM 29 estrada Juazeiro a Curaça BA 210 KM 29 Distrito de Maniçoba Juazeiro - Bahia, 04",Vila Fonte Viva Distrito de Maniçoba,48921-000,JUAZEIRO,2918407,BA,forcadaterrafonteviva@gmail.com,06.138.161/0001-22,Está funcionando com carga horária reduzida,2 vezes por semana,Habilitada,"Mulheres, Jovens, Crianças, Idosos, População LGBTQIA+, Agricultores Familiares e Campesinos, Trabalhadores informais diversos (Motoristas de aplicativos, motoboys, serventes ou outros), Pessoas em situação de rua, Famílias beneﬁciárias do Programa Bolsa Família e famílias inscritas no Cadastro Único , Povos e comunidades tradicionais (indígenas, quilombolas, ribeirinhos, etc.), Pessoas e famílias atingidas por situações de emergência ou calamidade pública, Imigrantes, Assentados da Reforma Agrária, Grupo específico vinculado a determinada localidade, atividade, serviço ou movimento, Outros grupos de pessoas em situação de vulnerabilidade social",410,600,-9.3243632,-40.2894707
CS022936,COZINHA COMUNIDADE QUE CUIDA,"Rua José Rubem Nunes, 8680/A",Tabajaras,64067-200,TERESINA,2211001,PI,contato@amigosdacomunidade.org.br,27.787.666/0001-98,"Sim, está funcionando normalmente",5 vezes por semana,Habilitada,"Mulheres, Jovens, Crianças, Idosos, População LGBTQIA+, Trabalhadores informais diversos (Motoristas de aplicativos, motoboys, serventes ou outros), Pessoas em situação de rua, Famílias beneﬁciárias do Programa Bolsa Família e famílias inscritas no Cadastro Único , Outros grupos de pessoas em situação de vulnerabilidade social",38,50,-5.0054718,-42.7752336
CS023715,MULHERES EMPREENDEDORAS DO CONDE,"Fazenda Engenho Velho: Vila do Conde, S/N",VILA DO CONDE,48300-000,CONDE,2908606,BA,zuldoconde@gmail.com,,Está funcionando com carga horária reduzida,2 vezes por semana,Habilitada,"Mulheres, Jovens, Crianças, Idosos, Famílias beneﬁciárias do Programa Bolsa Família e famílias inscritas no Cadastro Único , Povos e comunidades tradicionais (indígenas, quilombolas, ribeirinhos, etc.)",340,450,-11.8014679,-37.6188051
CS023694,COZINHA SOLIDÁRIA AMAZÔNIA SEM FOME,"Passagem Elcione Barbalho, 22 B ALTOS",Águas Lindas,67020-115,ANANINDEUA,1500800,PA,amazoniasemfome@gmail.com,,Está funcionando com carga horária reduzida,Quinzenalmente,Habilitada,"Mulheres, Jovens, Idosos, População LGBTQIA+, Agricultores Familiares e Campesinos, Pessoas em situação de rua, Famílias beneﬁciárias do Programa Bolsa Família e famílias inscritas no Cadastro Único , Povos e comunidades tradicionais (indígenas, quilombolas, ribeirinhos, etc.), Outros grupos de pessoas em situação de vulnerabilidade social",120,100,-1.3817474,-48.3899503
CS023714,COZINHA PATER NOSTER,"Rua Maranhão, 2733",Vila Nova,15501-217,VOTUPORANGA,3557105,SP,paternoster.pao@gmail.com,42.951.977/0001-34,"Sim, está funcionando normalmente",2 vezes por semana,Habilitada,"Mulheres, Jovens, Crianças, Trabalhadores informais diversos (Motoristas de aplicativos, motoboys, serventes ou outros), Famílias beneﬁciárias do Programa Bolsa Família e famílias inscritas no Cadastro Único , Imigrantes",23,70,-20.4308355,-49.9795090
CS023649,COZINHA DAS MANAS,"Alameda Cinco, 04",Atalaia,67013-865,ANANINDEUA,1500800,PA,furtadoedvananogueira@gmail.com,,Está funcionando com carga horária reduzida,3 vezes por semana,Habilitada,"Mulheres, Crianças, Idosos, Pessoas em situação de rua, Famílias beneﬁciárias do Programa Bolsa Família e famílias inscritas no Cadastro Único , Imigrantes",53,133,-1.3652394,-48.3769490
CS023648,LAR DO AMPARO MENINO JESUS,"Beco Vinte e Três, 0",Bela Vista,65637-581,TIMON,2112209,MA,superlardoamparo@gmail.com,28.605.971/0001-84,"Sim, está funcionando normalmente",3 vezes por semana,Habilitada,"Mulheres, Jovens, Crianças, Idosos, Pessoas em situação de rua, Famílias beneﬁciárias do Programa Bolsa Família e famílias inscritas no Cadastro Único , Outros grupos de pessoas em situação de vulnerabilidade social",95,200,-5.0922427,-42.8535064
CS023748,COMIDINHA DA VOVÓ,"Rodovia DF-130 km 5, 2",Planaltina,73370-991,BRASÍLIA,5300108,DF,culturamuvida@gmail.com,41.649.282/0001-30,"Sim, está funcionando normalmente",2 vezes por semana,Habilitada,"Mulheres, Jovens, Crianças, Idosos, População LGBTQIA+, Agricultores Familiares e Campesinos, Trabalhadores informais diversos (Motoristas de aplicativos, motoboys, serventes ou outros), Pessoas em situação de rua, Famílias beneﬁciárias do Programa Bolsa Família e famílias inscritas no Cadastro Único , Povos e comunidades tradicionais (indígenas, quilombolas, ribeirinhos, etc.), Pessoas e famílias atingidas por situações de emergência ou calamidade pública, Imigrantes, Assentados da Reforma Agrária, Grupo específico vinculado a determinada localidade, atividade, serviço ou movimento, Outros grupos de pessoas em situação de vulnerabilidade social",70,150,-15.7698970,-47.6528619
CS023656,COZINHA BETESDA,"Área Rural, 07 - Gameleira, Área Rural de Timon",Área Rural de Timon,65638-899,TIMON,2112209,MA,idmctbetesda@gmail.com,05.509.579/0002-17,"Sim, está funcionando normalmente",7 vezes por semana,Habilitada,Pessoas em situação de rua,500,500,-5.0438389,-42.8622747
CS023561,COZINHA SOLIDARIA TERRA JUSTA REGIONAL NORTE,"Rua santa isabel, 915",alto do cruzeiro,48914-068,JUAZEIRO,2918407,BA,cozinhasolidarianorteba13@gmail.com,19.886.396/0001-44,"Sim, está funcionando normalmente",3 vezes por semana,Habilitada,"Mulheres, Jovens, Crianças, Idosos, População LGBTQIA+, Agricultores Familiares e Campesinos, Pessoas em situação de rua, Famílias beneﬁciárias do Programa Bolsa Família e famílias inscritas no Cadastro Único , Assentados da Reforma Agrária",295,200,-9.4300230,-40.4946290
CS023668,COZINHA ESPERANÇA,"Rua das Azaleias,, 2045",SETOR COMERCIAL,78550-176,SINOP,5107909,MT,jsocialsinop@gmail.com,05.163.719/0001-67,"Sim, está funcionando normalmente",7 vezes por semana,Habilitada,"Trabalhadores informais diversos (Motoristas de aplicativos, motoboys, serventes ou outros), Pessoas em situação de rua, Famílias beneﬁciárias do Programa Bolsa Família e famílias inscritas no Cadastro Único ",60,80,-11.8514855,-55.5080906
CS022932,COZINHA PÃO & AFETO,"Rodovia Deputado Milton Brandão, 8092",Catarina,64023-800,TERESINA,2211001,PI,ongnovajerusalem@gmail.com,24.758.913/0001-30,"Sim, está funcionando normalmente",7 vezes por semana,Habilitada,"Jovens, Pessoas em situação de rua",70,70,-5.1158979,-42.7798230
CS023675,COZINHA SOLIDÁRIA FONTE DE LUZ,"Avenida André Antônio Maggi, 5536",Jardim das Violetas,78552-271,SINOP,5107909,MT,jsocialsinop@gmail.com,05.740.952/0001-65,"Sim, está funcionando normalmente",1 vez por semana,Habilitada,"Mulheres, Jovens, Crianças, Idosos",0,150,-11.8355606,-55.5163911
CS023707,REFEIÇAO DO AMOR,"Rua Cleopatra, 56",Jardim Santo Antônio,03563-290,SÃO PAULO,3550308,SP,jaquisongabriel8422@gmail.com,,"Sim, está funcionando normalmente",5 vezes por semana,Habilitada,"Mulheres, Jovens, Crianças, Idosos, População LGBTQIA+, Trabalhadores informais diversos (Motoristas de aplicativos, motoboys, serventes ou outros), Pessoas em situação de rua, Famílias beneﬁciárias do Programa Bolsa Família e famílias inscritas no Cadastro Único , Pessoas e famílias atingidas por situações de emergência ou calamidade pública, Imigrantes, Grupo específico vinculado a determinada localidade, atividade, serviço ou movimento, Outros grupos de pessoas em situação de vulnerabilidade social",310,200,-23.5509949,-46.4938183
CS019607,COZINHA  PÃO DA VIDA,"BR 343 KM 327, KM 327",Gurupi,64091-120,TERESINA,2211001,PI,fernando.bemvindo@gmail.com,16.828.878/0001-50,"Sim, está funcionando normalmente",7 vezes por semana,Habilitada,Pessoas em situação de rua,100,100,-5.0777630,-42.7432161
CS023418,COZINHA NOVO LAR,"Rua Itaquaquecetuba, 546 C",Jardim São Luiz,08528-000,FERRAZ DE VASCONCELOS,3515707,SP,jananunes1316@gmail.com,,Está funcionando com carga horária reduzida,5 vezes por semana,Habilitada,"Mulheres, Jovens, Crianças, Idosos, População LGBTQIA+, Trabalhadores informais diversos (Motoristas de aplicativos, motoboys, serventes ou outros), Pessoas em situação de rua, Famílias beneﬁciárias do Programa Bolsa Família e famílias inscritas no Cadastro Único , Grupo específico vinculado a determinada localidade, atividade, serviço ou movimento",90,300,-23.5571145,-46.3740564
CS023632,COZINHA SOLIDÁRIA CONTRA A FOME - TIA NASTÁCIA,"Rua Uberaba, 211",Jardim Guanabara,74675-790,GOIÂNIA,5208707,GO,lajg@lajg.org,03.874.963/0001-02,Está funcionando com carga horária reduzida,2 vezes por semana,Habilitada,"Mulheres, Idosos, Trabalhadores informais diversos (Motoristas de aplicativos, motoboys, serventes ou outros), Pessoas em situação de rua, Famílias beneﬁciárias do Programa Bolsa Família e famílias inscritas no Cadastro Único , Povos e comunidades tradicionais (indígenas, quilombolas, ribeirinhos, etc.), Pessoas e famílias atingidas por situações de emergência ou calamidade pública, Grupo específico vinculado a determinada localidade, atividade, serviço ou movimento, Outros grupos de pessoas em situação de vulnerabilidade social",140,90,-16.6261945,-49.2217582
CS023770,COZINHA SOLIDARIA DO PONTO DE CULTURA CINE & ROCK,"Estrada de Jacarepaguá, 3502",Jacarepaguá,22753-212,RIO DE JANEIRO,3304557,RJ,cineerock@gmail.com,10.933.963/0001-00,"Sim, está funcionando normalmente",6 vezes por semana,Habilitada,"Jovens, Crianças, População LGBTQIA+, Pessoas em situação de rua",100,150,-22.9717377,-43.3329487
CS023678,CANTINHO JAREDE VIANA,"Rua Padre Cícero, 224",Ouro Preto,57045-815,MACEIÓ,2704302,AL,ifjaredeviana@gmail.com,,Está funcionando com carga horária reduzida,3 vezes por semana,Habilitada,"Mulheres, Jovens, Idosos, População LGBTQIA+, Pessoas em situação de rua, Pessoas e famílias atingidas por situações de emergência ou calamidade pública, Outros grupos de pessoas em situação de vulnerabilidade social",75,120,-9.6040472,-35.7314457
CS022076,ONG VÓ MARIA,"Rua São João, 26",Vila São José,91520-211,PORTO ALEGRE,4314902,RS,luceliabueno1978@gmail.com,,"Sim, está funcionando normalmente",3 vezes por semana,Habilitada,"Mulheres, Jovens, Crianças, Idosos, Pessoas em situação de rua, Famílias beneﬁciárias do Programa Bolsa Família e famílias inscritas no Cadastro Único , Povos e comunidades tradicionais (indígenas, quilombolas, ribeirinhos, etc.), Pessoas e famílias atingidas por situações de emergência ou calamidade pública",690,220,-30.0738034,-51.1685298
CS023791,SALVANDO VIDAS,"Avenida Leonel Euzebio de Assunção, 277",Esperança,45550-000,UBATÃ,2932309,BA,cozinha12salvandovidas@hotmail.com,,"Sim, está funcionando normalmente",5 vezes por semana,Habilitada,"Mulheres, Jovens, Crianças, Idosos, População LGBTQIA+, Agricultores Familiares e Campesinos, Pessoas em situação de rua, Famílias beneﬁciárias do Programa Bolsa Família e famílias inscritas no Cadastro Único , Pessoas e famílias atingidas por situações de emergência ou calamidade pública, Assentados da Reforma Agrária, Outros grupos de pessoas em situação de vulnerabilidade social",55,80,-14.2156116,-39.5251558
CS021000,COZINHA SOLIDÁRIA SÃO FRANCISCO,"Rua Raul Seixas, 260",Parque Ipiranga,94110-616,GRAVATAÍ,4309209,RS,administrativo@ajeumbo.coop.br,,Está funcionando com carga horária reduzida,1 vez por semana,Habilitada,"Mulheres, Jovens, Crianças, Idosos",0,100,-29.9017259,-51.0573736
CS015046,COZINHA LEGAL,"Sítio São José, S/N",Povoado de são José,58125-000,ALAGOA NOVA,2500403,PB,adhumabpb@gmail.com,,"Sim, está funcionando normalmente",6 vezes por semana,Habilitada,"Mulheres, Jovens, Crianças, Idosos, População LGBTQIA+, Agricultores Familiares e Campesinos, Trabalhadores informais diversos (Motoristas de aplicativos, motoboys, serventes ou outros), Pessoas em situação de rua, Famílias beneﬁciárias do Programa Bolsa Família e famílias inscritas no Cadastro Único , Povos e comunidades tradicionais (indígenas, quilombolas, ribeirinhos, etc.), Grupo específico vinculado a determinada localidade, atividade, serviço ou movimento, Outros grupos de pessoas em situação de vulnerabilidade social",205,3700,-7.0634470,-35.7625241
CS023782,COZINHA POPULAR SOLIDÁRIA MARGARIDA ALVES,"Rua Prefeito Joaquim Nery da Silva, 22",Vila Nova,58387-000,JUAREZ TÁVORA,2507606,PB,luciapessoa916@gmail.com,,"Sim, está funcionando normalmente",5 vezes por semana,Habilitada,"Mulheres, Jovens, Crianças, Idosos, População LGBTQIA+, Agricultores Familiares e Campesinos, Trabalhadores informais diversos (Motoristas de aplicativos, motoboys, serventes ou outros), Famílias beneﬁciárias do Programa Bolsa Família e famílias inscritas no Cadastro Único , Povos e comunidades tradicionais (indígenas, quilombolas, ribeirinhos, etc.), Assentados da Reforma Agrária, Grupo específico vinculado a determinada localidade, atividade, serviço ou movimento, Outros grupos de pessoas em situação de vulnerabilidade social",160,1400,-7.1809958,-35.5894218
CS023813,COZINHA SOLIDÁRIA CORA CORALINA,"Rua Joaquim Vitório torres, 163",Freitas,58398-000,REMÍGIO,2512705,PB,medeirosariana33@gmail.com,,"Sim, está funcionando normalmente",3 vezes por semana,Habilitada,"Mulheres, Jovens, Crianças, Idosos, População LGBTQIA+, Agricultores Familiares e Campesinos, Trabalhadores informais diversos (Motoristas de aplicativos, motoboys, serventes ou outros), Pessoas em situação de rua, Famílias beneﬁciárias do Programa Bolsa Família e famílias inscritas no Cadastro Único , Povos e comunidades tradicionais (indígenas, quilombolas, ribeirinhos, etc.), Assentados da Reforma Agrária, Grupo específico vinculado a determinada localidade, atividade, serviço ou movimento, Outros grupos de pessoas em situação de vulnerabilidade social",143,1000,-6.9674177,-35.7895822
CS021673,COZINHA SOLIDARIA MARIA DA PENHA,"Rua Ovídia Ezidro de Oliveira, 10A",Portal do Poço,58106-069,CABEDELO,2503209,PB,cozinha134nmorada@gmail.com,,"Sim, está funcionando normalmente",3 vezes por semana,Habilitada,"Mulheres, Jovens, Crianças, Idosos, População LGBTQIA+, Trabalhadores informais diversos (Motoristas de aplicativos, motoboys, serventes ou outros), Famílias beneﬁciárias do Programa Bolsa Família e famílias inscritas no Cadastro Único , Povos e comunidades tradicionais (indígenas, quilombolas, ribeirinhos, etc.), Grupo específico vinculado a determinada localidade, atividade, serviço ou movimento, Outros grupos de pessoas em situação de vulnerabilidade social",105,850,-7.0290078,-34.8437085
CS018470,COZINHA SOLIDÁRIO MÃOS UNIDAS MORRO DA REAÇÃO,"RUA JOÃO BENEVIDES MARQUES, Nº 157 - casa nº 09",18 DO FORTE/SANTOS DUMONT,49072-380,ARACAJU,2800308,SE,instituto.reacao2018@gmail.com,,Está funcionando com carga horária reduzida,3 vezes por semana,Habilitada,"Mulheres, Jovens, Crianças, Idosos, População LGBTQIA+, Trabalhadores informais diversos (Motoristas de aplicativos, motoboys, serventes ou outros), Pessoas em situação de rua, Famílias beneﬁciárias do Programa Bolsa Família e famílias inscritas no Cadastro Único , Pessoas e famílias atingidas por situações de emergência ou calamidade pública, Imigrantes, Grupo específico vinculado a determinada localidade, atividade, serviço ou movimento, Outros grupos de pessoas em situação de vulnerabilidade social",545,212,-10.8979230,-37.0764640
CS023434,COZINHA ASSOCIACAO CULTURAL MUQUEM,"RODOVIA DA FE, Q GO 237,, L KM  45 S/N, SANTUARIO DIOCESANO ,- DE NOSSA SENHORA DA ABADIA DO MUQUEM",Zona Rural MUQUEM- POV,76420-000,NIQUELÂNDIA,5214606,GO,contato@associacaomuquem.com.br,11.885.049/0001-95,"Sim, está funcionando normalmente",1 vez por semana,Habilitada,"Mulheres, Jovens, Crianças, Idosos, População LGBTQIA+, Agricultores Familiares e Campesinos, Trabalhadores informais diversos (Motoristas de aplicativos, motoboys, serventes ou outros), Pessoas em situação de rua, Famílias beneﬁciárias do Programa Bolsa Família e famílias inscritas no Cadastro Único , Povos e comunidades tradicionais (indígenas, quilombolas, ribeirinhos, etc.), Pessoas e famílias atingidas por situações de emergência ou calamidade pública, Imigrantes, Assentados da Reforma Agrária, Grupo específico vinculado a determinada localidade, atividade, serviço ou movimento, Outros grupos de pessoas em situação de vulnerabilidade social",800,1500,-14.4710658,-48.4601862
CS022393,ARCA DA VIRORIA,"Rua Cumai, 92",Vila Esperança,03649-040,SÃO PAULO,3550308,SP,arcadavitoriareis@yahoo.com.br,05.195.291/0001-34,Está funcionando com carga horária reduzida,3 vezes por semana,Habilitada,"Mulheres, Jovens, Crianças, Idosos, População LGBTQIA+, Trabalhadores informais diversos (Motoristas de aplicativos, motoboys, serventes ou outros), Pessoas em situação de rua, Outros grupos de pessoas em situação de vulnerabilidade social",25,150,-23.5300152,-46.5268241
CS023853,COZINHA SOLIDÁRIA ÍLE AIRA MODÉ,"Comunidade Coqueiro Alto - Zona Rural, s/nº",Trancoso,45810-000,PORTO SEGURO,2925303,BA,institutoayramode.projetos@gmail.com,52.902.200/0001-33,"Sim, está funcionando normalmente",4 vezes por semana,Habilitada,"Mulheres, Jovens, Crianças, Idosos, População LGBTQIA+, Agricultores Familiares e Campesinos, Trabalhadores informais diversos (Motoristas de aplicativos, motoboys, serventes ou outros), Famílias beneﬁciárias do Programa Bolsa Família e famílias inscritas no Cadastro Único ",50,250,-16.5574961,-39.1586258
CS022188,COZINHA CAMPEIRA SOLIDÁRIA,"Rua Lagoa Mangueira, 76",Santo Onofre,94445-745,VIAMÃO,4323002,RS,barbosajacqueline478@gmail.com.br,,"Sim, está funcionando normalmente",4 vezes por semana,Habilitada,"Mulheres, Jovens, Crianças, Idosos, População LGBTQIA+, Trabalhadores informais diversos (Motoristas de aplicativos, motoboys, serventes ou outros), Pessoas em situação de rua, Famílias beneﬁciárias do Programa Bolsa Família e famílias inscritas no Cadastro Único ",140,150,-30.1009459,-51.0548760
CS023885,CAÇA FOME,"Rua dos Lírios, 112",Cidade Antônio Estevão de Carvalho,08220-152,SÃO PAULO,3550308,SP,temcontabilidade2023@gmail.com,,"Sim, está funcionando normalmente",6 vezes por semana,Habilitada,"Mulheres, Jovens, Crianças, Idosos, População LGBTQIA+, Trabalhadores informais diversos (Motoristas de aplicativos, motoboys, serventes ou outros), Pessoas em situação de rua, Famílias beneﬁciárias do Programa Bolsa Família e famílias inscritas no Cadastro Único , Pessoas e famílias atingidas por situações de emergência ou calamidade pública, Outros grupos de pessoas em situação de vulnerabilidade social",500,600,-23.5385673,-46.4686097
CS023443,COZINHA SOLIDÁRIA OFICINA DE SONHOS,"Av Presidente Bandeira, 1275",Lagoa Seca,59032-200,NATAL,2408102,RN,ong.oficinadesonhos@gmail.com,35.302.348/0001-18,"Sim, está funcionando normalmente",5 vezes por semana,Habilitada,"Mulheres, Jovens, Crianças, Famílias beneﬁciárias do Programa Bolsa Família e famílias inscritas no Cadastro Único , Outros grupos de pessoas em situação de vulnerabilidade social",45,30,-5.8081905,-35.2118684
CS016242,COZINHA SOLIDÁRIA 20 DE NOVEMBRO,"Avenida Professor Valter Alencar, 762",São Pedro,64019-625,TERESINA,2211001,PI,movimentopelapaznaperiferia@gmail.com,07.019.692/0001-69,"Sim, está funcionando normalmente",5 vezes por semana,Habilitada,"Pessoas em situação de rua, Outros grupos de pessoas em situação de vulnerabilidade social",400,200,-5.1149272,-42.8074661
CS022069,ASSOCIAÇÃO DOS PRODUTORES RURAIS DE GONGOGI - PA SÃO JERÔNIMO,"Fazenda São Jerônimo, 30",ZONA RURAL,45540-000,GONGOGI,2911501,BA,pasaojeronimo@gmail.com,03.321.963/0001-85,Está funcionando com carga horária reduzida,1 vez por semana,Habilitada,"Mulheres, Jovens, Crianças, Idosos, População LGBTQIA+, Pessoas em situação de rua, Famílias beneﬁciárias do Programa Bolsa Família e famílias inscritas no Cadastro Único , Outros grupos de pessoas em situação de vulnerabilidade social",530,100,-14.3255400,-39.4671620
CS015701,COZINHA SOLIDARIA DO JARDIM VENEZA,"Rua Manoel Tertuliano Soares de Avellar, 35",Jardim Veneza,58084-184,JOÃO PESSOA,2507507,PB,fabianoosilvaa777@gmail.com,,"Sim, está funcionando normalmente",2 vezes por semana,Habilitada,"Mulheres, Jovens, Crianças, Idosos, População LGBTQIA+, Trabalhadores informais diversos (Motoristas de aplicativos, motoboys, serventes ou outros), Pessoas em situação de rua, Famílias beneﬁciárias do Programa Bolsa Família e famílias inscritas no Cadastro Único , Povos e comunidades tradicionais (indígenas, quilombolas, ribeirinhos, etc.), Grupo específico vinculado a determinada localidade, atividade, serviço ou movimento, Outros grupos de pessoas em situação de vulnerabilidade social",186,1000,-7.1679185,-34.9157207
CS023783,COZINHA POPULAR SOLIDÁRIA NOVO CANUDOS,"Rua Novo Milênio, S/N",Comercial Norte,58112-640,BAYEUX,2501807,PB,andreaaylla2025@gmail.com,,"Sim, está funcionando normalmente",3 vezes por semana,Habilitada,"Mulheres, Jovens, Crianças, Idosos, População LGBTQIA+, Trabalhadores informais diversos (Motoristas de aplicativos, motoboys, serventes ou outros), Famílias beneﬁciárias do Programa Bolsa Família e famílias inscritas no Cadastro Único , Povos e comunidades tradicionais (indígenas, quilombolas, ribeirinhos, etc.), Grupo específico vinculado a determinada localidade, atividade, serviço ou movimento, Outros grupos de pessoas em situação de vulnerabilidade social",127,876,-7.1532773,-34.9233134
CS023798,COZINHA POPULAR SOLIDÁRIA DA COMUNIDADE METROPOLITANA DE CABEDELO,"Rua Antônio Moreira Cardoso, 177",Ponta de Matos,58100-722,CABEDELO,2503209,PB,pr.willamsssps@gmail.com,,"Sim, está funcionando normalmente",2 vezes por semana,Habilitada,"Mulheres, Jovens, Crianças, Idosos, População LGBTQIA+, Trabalhadores informais diversos (Motoristas de aplicativos, motoboys, serventes ou outros), Pessoas em situação de rua, Famílias beneﬁciárias do Programa Bolsa Família e famílias inscritas no Cadastro Único , Povos e comunidades tradicionais (indígenas, quilombolas, ribeirinhos, etc.), Grupo específico vinculado a determinada localidade, atividade, serviço ou movimento, Outros grupos de pessoas em situação de vulnerabilidade social",145,1000,-6.9725106,-34.8308220
CS023893,COZINHA POPULAR SOLIDÁRIA FRUTOS DA FÉ,"Rua Monte Horebe, S/N",Gramame,58067-237,JOÃO PESSOA,2507507,PB,tavaresluciana742@gmail.com,,"Sim, está funcionando normalmente",2 vezes por semana,Habilitada,"Mulheres, Jovens, Crianças, Idosos, População LGBTQIA+, Trabalhadores informais diversos (Motoristas de aplicativos, motoboys, serventes ou outros), Famílias beneﬁciárias do Programa Bolsa Família e famílias inscritas no Cadastro Único , Povos e comunidades tradicionais (indígenas, quilombolas, ribeirinhos, etc.), Grupo específico vinculado a determinada localidade, atividade, serviço ou movimento, Outros grupos de pessoas em situação de vulnerabilidade social",135,800,-7.2119648,-34.8510720
CS022231,COZINHA SOLIDÁRIA ODEART,"Rua Gregório Santos, 34",Barreiras,41195-280,SALVADOR,2927408,BA,odeart.artecultura@gmail.com,,"Sim, está funcionando normalmente",4 vezes por semana,Habilitada,"Mulheres, Jovens, Crianças, Idosos, População LGBTQIA+, Trabalhadores informais diversos (Motoristas de aplicativos, motoboys, serventes ou outros), Pessoas em situação de rua, Famílias beneﬁciárias do Programa Bolsa Família e famílias inscritas no Cadastro Único , Pessoas e famílias atingidas por situações de emergência ou calamidade pública, Outros grupos de pessoas em situação de vulnerabilidade social",460,300,-12.9413634,-38.4553874
CS021870,COZINHA SOLIDÁRIA CSI – UNIDADE ALTO DA BELA VISTA,"Rua Nova América, 100",Alto da Bela Vista,51240-380,RECIFE,2611606,PE,contato@centroeducacionalcsi.org.br,51.527.250/0001-15,Está funcionando com carga horária reduzida,2 vezes por semana,Habilitada,"Mulheres, Jovens, Crianças, Idosos",0,100,-8.1240627,-34.9426150
CS023921,COZINHA QUAL O VALOR DE UMA ALMA,"Rua Joaquim Luiz, 123-B",Nossa Senhora da Apresentação,59114-166,NATAL,2408102,RN,tiagoarruda242@gmail.com,,"Sim, está funcionando normalmente",2 vezes por semana,Habilitada,"Crianças, Outros grupos de pessoas em situação de vulnerabilidade social",60,100,-5.7388708,-35.2772203
CS023892,COZINHA SOLIDÁRIA ANJOS EDUCATIVOS,"RUA JONATHAS FERREIRA TAVARES, SN",CENTRO,58600-000,SANTA LUZIA,2513406,PB,ananias.anjosdoasfalto@gmail.com,40.155.476/0001-16,Está funcionando com carga horária reduzida,2 vezes por semana,Habilitada,"Mulheres, Jovens, Crianças, Famílias beneﬁciárias do Programa Bolsa Família e famílias inscritas no Cadastro Único ",107,215,-6.8722475,-36.9251989
CS023079,COZINHA SOLIDÁRIA MÃOS SOLIDÁRIAS,"Rua 26, 311",Santos Dumont,93113-112,SÃO LEOPOLDO,4318705,RS,vilmardosanjos66@gmail.com,,"Sim, está funcionando normalmente",1 vez por semana,Habilitada,"Mulheres, Jovens, Crianças, Idosos, População LGBTQIA+, Trabalhadores informais diversos (Motoristas de aplicativos, motoboys, serventes ou outros), Pessoas em situação de rua, Famílias beneﬁciárias do Programa Bolsa Família e famílias inscritas no Cadastro Único , Pessoas e famílias atingidas por situações de emergência ou calamidade pública, Imigrantes",610,400,-29.7473478,-51.1340594
CS023886,COZINHA SOLIDÁRIA DIACONISA ISABEL DE BARROS DIAS,"Rua Luz Divina, 32",Vale do Amanhecer,36048-756,JUIZ DE FORA,3136702,MG,taniaalvesjf@gmail.com,21.818.748/0001-76,"Sim, está funcionando normalmente",1 vez por semana,Habilitada,"Crianças, Idosos, Pessoas em situação de rua",300,370,-21.7115534,-43.3309859
CS023923,COZINHA ASSOCIAÇÃO MULHERES EM CONQUISTA DE JARDIM PROGRESSO,"Rua da Independência, 61",Nossa Senhora da Apresentação -  Jardim Progresso,59114-116,NATAL,2408102,RN,jardimprogresso935@gmail.com,,"Sim, está funcionando normalmente",Quinzenalmente,Habilitada,"Mulheres, Jovens, Crianças, Idosos, Trabalhadores informais diversos (Motoristas de aplicativos, motoboys, serventes ou outros), Famílias beneﬁciárias do Programa Bolsa Família e famílias inscritas no Cadastro Único , Outros grupos de pessoas em situação de vulnerabilidade social",640,350,-5.7328087,-35.2763887
CS023946,COZINHA SOLIDÁRIA WANDERLEY CAIXE,"Rua: Gasparino Ribeiro, 151",Centro,58328-000,PEDRAS DE FOGO,2511202,PB,damianabarbosadesousa@gmail.com,,"Sim, está funcionando normalmente",1 vez por semana,Habilitada,"Mulheres, Jovens, Crianças, Idosos, Pessoas em situação de rua, Famílias beneﬁciárias do Programa Bolsa Família e famílias inscritas no Cadastro Único , Outros grupos de pessoas em situação de vulnerabilidade social",750,600,-7.4009815,-35.1121144
CS021989,COZINHA SOLIDÁRIA E COMUNITÁRIA DA ASCOPEB,"PO MORRO DO MAMOTE 125 GP-1251, 125",ZONA RURAL,48895-000,SÃO DOMINGOS,2928950,BA,ascopeb.20@gmail.com,03.955.901/0001-25,Está funcionando com carga horária reduzida,3 vezes por semana,Habilitada,"Mulheres, Jovens, Crianças, Idosos, População LGBTQIA+, Agricultores Familiares e Campesinos, Trabalhadores informais diversos (Motoristas de aplicativos, motoboys, serventes ou outros), Pessoas em situação de rua, Famílias beneﬁciárias do Programa Bolsa Família e famílias inscritas no Cadastro Único , Povos e comunidades tradicionais (indígenas, quilombolas, ribeirinhos, etc.), Pessoas e famílias atingidas por situações de emergência ou calamidade pública, Grupo específico vinculado a determinada localidade, atividade, serviço ou movimento, Outros grupos de pessoas em situação de vulnerabilidade social",546,400,-11.4934678,-39.6203028
