"nr_caf";"categoria_renda";"ds_tipo_renda";"ds_produto";"vl_renda_auferida";"vl_renda_estimada"
6;RENDA DO ESTABELECIMENTO AGROPECUÁRIO;Lavouras Permanentes;Outras Frutas Lavoura Permanente;5500.00;5500.00
6;RENDA DO ESTABELECIMENTO AGROPECUÁRIO;Lavouras Temporárias;Produtos Olericolas em Geral;26000.00;26000.00
6;RENDA FORA DO ESTABALECIMENTO AGROPECUÁRIO;Rendas fora do estabelecimento;Aposentadoria Rural;18356.00;18356.00
8;RENDA DO ESTABELECIMENTO AGROPECUÁRIO;Lavouras Temporárias;Produtos Olericolas em Geral;60000.00;60000.00
9;RENDA DO ESTABELECIMENTO AGROPECUÁRIO;Lavouras Temporárias;Produtos Olericolas em Geral;90000.00;90000.00
9;RENDA FORA DO ESTABALECIMENTO AGROPECUÁRIO;Rendas fora do estabelecimento;Programa Bolsa Família;7200.00;7200.00
10;RENDA DO ESTABELECIMENTO AGROPECUÁRIO;Lavouras Permanentes;Outras Frutas Lavoura Permanente;7000.00;7000.00
10;RENDA FORA DO ESTABALECIMENTO AGROPECUÁRIO;Rendas fora do estabelecimento;Programa Bolsa Família;7200.00;7200.00
14;RENDA DO ESTABELECIMENTO AGROPECUÁRIO;Lavouras Temporárias;Milho;27000.00;27000.00
14;RENDA DO ESTABELECIMENTO AGROPECUÁRIO;Produção Animal;Bovinos - Corte;34000.00;34000.00
14;RENDA DO ESTABELECIMENTO AGROPECUÁRIO;Produção Animal;Bovinos - Leite;104750.00;104750.00
14;RENDA FORA DO ESTABALECIMENTO AGROPECUÁRIO;Rendas fora do estabelecimento;Aposentadoria Rural;40456.00;40456.00
14;RENDA FORA DO ESTABALECIMENTO AGROPECUÁRIO;Rendas fora do estabelecimento;Emprego temporário no meio urbano;28600.00;28600.00
15;RENDA DO ESTABELECIMENTO AGROPECUÁRIO;Lavouras Permanentes;Banana - Kg;7200.00;7200.00
15;RENDA DO ESTABELECIMENTO AGROPECUÁRIO;Lavouras Temporárias;Batata-Doce - Kg;14400.00;14400.00
15;RENDA DO ESTABELECIMENTO AGROPECUÁRIO;Lavouras Temporárias;Feijão Verde - Kg;3600.00;3600.00
15;RENDA DO ESTABELECIMENTO AGROPECUÁRIO;Lavouras Temporárias;Mandioca (Aipim, Macaxeira) - Kg;21600.00;21600.00
17;RENDA DO ESTABELECIMENTO AGROPECUÁRIO;Autoconsumo UFPA;Feijão;540.00;540.00
17;RENDA DO ESTABELECIMENTO AGROPECUÁRIO;Lavouras Temporárias;Mandioca;600.00;600.00
17;RENDA DO ESTABELECIMENTO AGROPECUÁRIO;Produção Animal;Avicultura não integrada Corte;1600.00;1600.00
17;RENDA FORA DO ESTABALECIMENTO AGROPECUÁRIO;Rendas fora do estabelecimento;Programa Bolsa Família;2208.00;2208.00
18;RENDA DO ESTABELECIMENTO AGROPECUÁRIO;Produção Animal;Bovinos - Corte;9000.00;9000.00
18;RENDA DO ESTABELECIMENTO AGROPECUÁRIO;Produção Animal;Caprinos;2400.00;2400.00
18;RENDA DO ESTABELECIMENTO AGROPECUÁRIO;Produção Animal;Ovinos;3500.00;3500.00
18;RENDA DO ESTABELECIMENTO AGROPECUÁRIO;Produção Animal;Suinocultura Não Integrada - Carne;2400.00;2400.00
18;RENDA FORA DO ESTABALECIMENTO AGROPECUÁRIO;Rendas fora do estabelecimento;Emprego temporário no meio urbano;60125.00;22805.00
20;RENDA DO ESTABELECIMENTO AGROPECUÁRIO;Pecuária;Bovinos - Corte;10000.00;10000.00
20;RENDA FORA DO ESTABALECIMENTO AGROPECUÁRIO;Rendas fora do estabelecimento;Programa Bolsa Família;7800.00;7800.00
23;RENDA DO ESTABELECIMENTO AGROPECUÁRIO;Autoconsumo UFPA;Feijão;500.00;500.00
23;RENDA DO ESTABELECIMENTO AGROPECUÁRIO;Autoconsumo UFPA;Milho;1000.00;1000.00
23;RENDA DO ESTABELECIMENTO AGROPECUÁRIO;Autoconsumo UFPA;Outras Lavouras Temporarias;500.00;500.00
23;RENDA DO ESTABELECIMENTO AGROPECUÁRIO;Autoconsumo UFPA;Produtos Olericolas em Geral;300.00;300.00
23;RENDA DO ESTABELECIMENTO AGROPECUÁRIO;Produção Animal;Bovinos - Leite;4000.00;4000.00
23;RENDA FORA DO ESTABALECIMENTO AGROPECUÁRIO;Rendas fora do estabelecimento;Programa Bolsa Família;7200.00;7200.00
24;RENDA DO ESTABELECIMENTO AGROPECUÁRIO;Produção Animal;Bovinos - Leite;329092.80;329092.80
24;RENDA FORA DO ESTABALECIMENTO AGROPECUÁRIO;Rendas fora do estabelecimento;Emprego temporário no meio urbano;42000.00;42000.00
27;RENDA DO ESTABELECIMENTO AGROPECUÁRIO;Autoconsumo UFPA;Avicultura não integrada Corte;500.00;500.00
27;RENDA DO ESTABELECIMENTO AGROPECUÁRIO;Autoconsumo UFPA;Banana;250.00;250.00
27;RENDA DO ESTABELECIMENTO AGROPECUÁRIO;Autoconsumo UFPA;Búfalos (bubalinos) Leite;350.00;350.00
27;RENDA DO ESTABELECIMENTO AGROPECUÁRIO;Autoconsumo UFPA;Feijão;400.00;400.00
27;RENDA DO ESTABELECIMENTO AGROPECUÁRIO;Autoconsumo UFPA;Mandioca;750.00;750.00
27;RENDA DO ESTABELECIMENTO AGROPECUÁRIO;Avicultura;Ovos;350.00;350.00
27;RENDA DO ESTABELECIMENTO AGROPECUÁRIO;Lavouras Permanentes;Banana - Kg;1150.00;1150.00
27;RENDA DO ESTABELECIMENTO AGROPECUÁRIO;Lavouras Permanentes;Cacau (Amêndoa) - Kg;8900.00;8900.00
27;RENDA DO ESTABELECIMENTO AGROPECUÁRIO;Lavouras Temporárias;Abacaxi ou Ananas - Fruto;200.00;200.00
27;RENDA DO ESTABELECIMENTO AGROPECUÁRIO;Pecuária;Bovinos - Corte;7600.00;7600.00
27;RENDA DO ESTABELECIMENTO AGROPECUÁRIO;Pecuária;Bovinos - Leite;9100.00;9100.00
27;RENDA FORA DO ESTABALECIMENTO AGROPECUÁRIO;Rendas fora do estabelecimento;Emprego permanente no meio urbano;12672.00;12672.00
29;RENDA DO ESTABELECIMENTO AGROPECUÁRIO;Autoconsumo UFPA;Cana-de-açúcar;200.00;200.00
29;RENDA DO ESTABELECIMENTO AGROPECUÁRIO;Autoconsumo UFPA;Mandioca;200.00;200.00
29;RENDA DO ESTABELECIMENTO AGROPECUÁRIO;Autoconsumo UFPA;Outras Frutas Lavoura Permanente;1000.00;1000.00
29;RENDA DO ESTABELECIMENTO AGROPECUÁRIO;Autoconsumo UFPA;Produtos Olericolas em Geral;2080.00;2080.00
29;RENDA FORA DO ESTABALECIMENTO AGROPECUÁRIO;Rendas fora do estabelecimento;Programa Bolsa Família;3040.00;3040.00
30;RENDA DO ESTABELECIMENTO AGROPECUÁRIO;Lavouras Temporárias;Outras Culturas;40000.00;40000.00
30;RENDA DO ESTABELECIMENTO AGROPECUÁRIO;Produção Animal;Bovinos - Corte;12600.00;12600.00
30;RENDA DO ESTABELECIMENTO AGROPECUÁRIO;Sementes e Mudas;Mudas - Frutiferas;30000.00;30000.00
30;RENDA FORA DO ESTABALECIMENTO AGROPECUÁRIO;Rendas fora do estabelecimento;Aposentadoria ou pensão INSS;68960.64;68960.64
32;RENDA DO ESTABELECIMENTO AGROPECUÁRIO;Autoconsumo UFPA;Milho;1820.00;1820.00
32;RENDA DO ESTABELECIMENTO AGROPECUÁRIO;Autoconsumo UFPA;Ovos;2600.00;2600.00
32;RENDA DO ESTABELECIMENTO AGROPECUÁRIO;Produção Animal;Bovinos - Leite;2190.00;2190.00
32;RENDA FORA DO ESTABALECIMENTO AGROPECUÁRIO;Rendas fora do estabelecimento;APOSENTADORIA POR IDADE - RURAL;19734.00;19734.00
34;RENDA DO ESTABELECIMENTO AGROPECUÁRIO;Produção Animal;Bovinos - Corte;485000.00;485000.00
34;RENDA FORA DO ESTABALECIMENTO AGROPECUÁRIO;Rendas fora do estabelecimento;Aposentadoria ou pensão INSS;14544.00;14544.00
39;RENDA DO ESTABELECIMENTO AGROPECUÁRIO;Lavouras Permanentes;Outras Frutas Lavoura Permanente;20000.00;20000.00
39;RENDA DO ESTABELECIMENTO AGROPECUÁRIO;Lavouras Temporárias;Produtos Olericolas em Geral;10000.00;10000.00
41;RENDA DO ESTABELECIMENTO AGROPECUÁRIO;Produção Animal;Bovinos - Corte;145000.00;145000.00
41;RENDA FORA DO ESTABALECIMENTO AGROPECUÁRIO;Rendas fora do estabelecimento;Aposentadoria Rural;65000.00;65000.00
42;RENDA DO ESTABELECIMENTO AGROPECUÁRIO;Produção Animal;Bovinos - Leite;225000.00;225000.00
43;RENDA DO ESTABELECIMENTO AGROPECUÁRIO;Autoconsumo UFPA;Outras Lavouras Temporarias;1050.00;1050.00
43;RENDA FORA DO ESTABALECIMENTO AGROPECUÁRIO;Rendas fora do estabelecimento;Programa Bolsa Família;1950.00;1950.00
45;RENDA DO ESTABELECIMENTO AGROPECUÁRIO;Autoconsumo UFPA;Avicultura não integrada Carne;2880.00;2880.00
45;RENDA DO ESTABELECIMENTO AGROPECUÁRIO;Autoconsumo UFPA;Outras Lavouras Temporarias;2600.00;2600.00
45;RENDA FORA DO ESTABALECIMENTO AGROPECUÁRIO;Rendas fora do estabelecimento;Programa Bolsa Família;4080.00;4080.00
46;RENDA DO ESTABELECIMENTO AGROPECUÁRIO;Autoconsumo UFPA;Feijão;900.00;900.00
46;RENDA DO ESTABELECIMENTO AGROPECUÁRIO;Autoconsumo UFPA;Produtos Olericolas em Geral;1000.00;1000.00
46;RENDA DO ESTABELECIMENTO AGROPECUÁRIO;Lavouras Temporárias;Mandioca;2000.00;2000.00
46;RENDA DO ESTABELECIMENTO AGROPECUÁRIO;Lavouras Temporárias;Milho;3000.00;3000.00
47;RENDA DO ESTABELECIMENTO AGROPECUÁRIO;Lavouras Temporárias;Produtos Olericolas em Geral;360000.00;360000.00
49;RENDA DO ESTABELECIMENTO AGROPECUÁRIO;Autoconsumo UFPA;Outras frutas Lavoura Temporaria;300.00;300.00
49;RENDA DO ESTABELECIMENTO AGROPECUÁRIO;Autoconsumo UFPA;Outras Lavouras Temporarias;900.00;900.00
49;RENDA DO ESTABELECIMENTO AGROPECUÁRIO;Lavouras Temporárias;Mandioca;4500.00;4500.00
49;RENDA DO ESTABELECIMENTO AGROPECUÁRIO;Produção Animal;Avicultura não integrada Corte;500.00;500.00
49;RENDA DO ESTABELECIMENTO AGROPECUÁRIO;Produção Animal;Suinocultura Não Integrada - Carne;2000.00;2000.00
49;RENDA FORA DO ESTABALECIMENTO AGROPECUÁRIO;Rendas fora do estabelecimento;Outros Benefícios Sociais;3600.00;3600.00
50;RENDA DO ESTABELECIMENTO AGROPECUÁRIO;Autoconsumo UFPA;Avicultura não integrada Carne;200.00;200.00
50;RENDA DO ESTABELECIMENTO AGROPECUÁRIO;Autoconsumo UFPA;Ovos;200.00;200.00
50;RENDA DO ESTABELECIMENTO AGROPECUÁRIO;Lavouras Permanentes;Outras Lavouras Permanentes;500.00;500.00
50;RENDA DO ESTABELECIMENTO AGROPECUÁRIO;Lavouras Temporárias;Feijão;600.00;600.00
50;RENDA DO ESTABELECIMENTO AGROPECUÁRIO;Lavouras Temporárias;Mandioca;2000.00;2000.00
50;RENDA DO ESTABELECIMENTO AGROPECUÁRIO;Lavouras Temporárias;Milho;500.00;500.00
50;RENDA DO ESTABELECIMENTO AGROPECUÁRIO;Lavouras Temporárias;Outras Lavouras Temporarias;300.00;300.00
50;RENDA DO ESTABELECIMENTO AGROPECUÁRIO;Produção Animal;Avicultura Integrada Corte;400.00;400.00
50;RENDA DO ESTABELECIMENTO AGROPECUÁRIO;Produção Animal;Suinocultura Integrada Carne;2000.00;2000.00
52;RENDA DO ESTABELECIMENTO AGROPECUÁRIO;Autoconsumo UFPA;Produtos Olericolas em Geral;2600.00;2600.00
52;RENDA DO ESTABELECIMENTO AGROPECUÁRIO;Lavouras Permanentes;Outras Frutas Lavoura Permanente;3000.00;3000.00
52;RENDA DO ESTABELECIMENTO AGROPECUÁRIO;Lavouras Temporárias;Mandioca;1200.00;1200.00
52;RENDA DO ESTABELECIMENTO AGROPECUÁRIO;Produção Animal;Bovinos - Leite;5000.00;5000.00
52;RENDA FORA DO ESTABALECIMENTO AGROPECUÁRIO;Rendas fora do estabelecimento;Aposentadoria Rural;35608.00;35608.00
53;RENDA DO ESTABELECIMENTO AGROPECUÁRIO;Lavouras Temporárias;Produtos Olericolas em Geral;2400.00;2400.00
53;RENDA FORA DO ESTABALECIMENTO AGROPECUÁRIO;Rendas fora do estabelecimento;Emprego temporário no meio urbano;1800.00;1800.00
53;RENDA FORA DO ESTABALECIMENTO AGROPECUÁRIO;Rendas fora do estabelecimento;Programa Bolsa Família;7000.00;7000.00
54;RENDA DO ESTABELECIMENTO AGROPECUÁRIO;Autoconsumo UFPA;Feijão;1000.00;1000.00
54;RENDA DO ESTABELECIMENTO AGROPECUÁRIO;Autoconsumo UFPA;Mandioca;1200.00;1200.00
54;RENDA DO ESTABELECIMENTO AGROPECUÁRIO;Autoconsumo UFPA;Milho;200.00;200.00
54;RENDA DO ESTABELECIMENTO AGROPECUÁRIO;Autoconsumo UFPA;Produtos Olericolas em Geral;1200.00;1200.00
56;RENDA DO ESTABELECIMENTO AGROPECUÁRIO;Produção Animal;Bovinos - Leite;207000.00;207000.00
1062;RENDA DO ESTABELECIMENTO AGROPECUÁRIO;Autoconsumo UFPA;Feijão;1000.00;1000.00
1062;RENDA DO ESTABELECIMENTO AGROPECUÁRIO;Autoconsumo UFPA;Suinocultura Não Integrada - Carne;3000.00;3000.00
1062;RENDA DO ESTABELECIMENTO AGROPECUÁRIO;Lavouras Permanentes;Outras Frutas Lavoura Permanente;6000.00;6000.00
1062;RENDA FORA DO ESTABALECIMENTO AGROPECUÁRIO;Rendas fora do estabelecimento;APOSENTADORIA POR IDADE - RURAL;36920.00;20306.00
1063;RENDA DO ESTABELECIMENTO AGROPECUÁRIO;Lavouras Permanentes;Acerola ou Cereja-Das-Antilhas - Kg;2000.00;2000.00
1063;RENDA DO ESTABELECIMENTO AGROPECUÁRIO;Lavouras Temporárias;Mandioca (Aipim, Macaxeira) - Kg;3000.00;3000.00
1063;RENDA FORA DO ESTABALECIMENTO AGROPECUÁRIO;Rendas fora do estabelecimento;Emprego permanente no meio urbano;5000.00;5000.00
1070;RENDA DO ESTABELECIMENTO AGROPECUÁRIO;Lavouras Permanentes;Outras Frutas Lavoura Permanente;176000.00;176000.00
1070;RENDA FORA DO ESTABALECIMENTO AGROPECUÁRIO;Rendas fora do estabelecimento;Aposentadoria ou pensão INSS;16250.00;16250.00
1076;RENDA DO ESTABELECIMENTO AGROPECUÁRIO;Produção Animal;Bovinos - Leite;15000.00;15000.00
1076;RENDA FORA DO ESTABALECIMENTO AGROPECUÁRIO;Rendas fora do estabelecimento;Aluguel de Benfeitorias e Instalações;10000.00;10000.00
1079;RENDA DO ESTABELECIMENTO AGROPECUÁRIO;Lavouras Permanentes;Outras Lavouras Permanentes;2000.00;2000.00
1079;RENDA DO ESTABELECIMENTO AGROPECUÁRIO;Lavouras Temporárias;Feijão;1200.00;1200.00
1079;RENDA DO ESTABELECIMENTO AGROPECUÁRIO;Lavouras Temporárias;Milho;600.00;600.00
1079;RENDA DO ESTABELECIMENTO AGROPECUÁRIO;Lavouras Temporárias;Outras Culturas;2000.00;2000.00
1079;RENDA DO ESTABELECIMENTO AGROPECUÁRIO;Produção Animal;Avicultura Integrada Corte;1000.00;1000.00
1079;RENDA DO ESTABELECIMENTO AGROPECUÁRIO;Produção Animal;Suinocultura Integrada Carne;1500.00;1500.00
1079;RENDA FORA DO ESTABALECIMENTO AGROPECUÁRIO;Rendas fora do estabelecimento;Programa Bolsa Família;4800.00;4800.00
1082;RENDA DO ESTABELECIMENTO AGROPECUÁRIO;Lavouras Temporárias;Flores Lavoura Temporaria;48000.00;48000.00
1084;RENDA DO ESTABELECIMENTO AGROPECUÁRIO;Lavouras Temporárias;Produtos Olericolas em Geral;8000.00;8000.00
1084;RENDA DO ESTABELECIMENTO AGROPECUÁRIO;Lavouras Temporárias;Tomate;1500.00;1500.00
1085;RENDA DO ESTABELECIMENTO AGROPECUÁRIO;Autoconsumo UFPA;Feijão;860.00;860.00
1085;RENDA DO ESTABELECIMENTO AGROPECUÁRIO;Autoconsumo UFPA;Mandioca;750.00;750.00
1085;RENDA DO ESTABELECIMENTO AGROPECUÁRIO;Autoconsumo UFPA;Milho;200.00;200.00
1085;RENDA FORA DO ESTABALECIMENTO AGROPECUÁRIO;Rendas fora do estabelecimento;APOSENTADORIA POR IDADE - RURAL;19734.00;19734.00
1086;RENDA DO ESTABELECIMENTO AGROPECUÁRIO;Produção Animal;Bovinos - Corte;37000.00;37000.00
1086;RENDA FORA DO ESTABALECIMENTO AGROPECUÁRIO;Rendas fora do estabelecimento;Aposentadoria Rural;39960.00;39960.00
2084;RENDA DO ESTABELECIMENTO AGROPECUÁRIO;Lavouras Temporárias;Milho;92400.21;92400.21
2084;RENDA DO ESTABELECIMENTO AGROPECUÁRIO;Lavouras Temporárias;Outras Lavouras Temporarias;1897.56;1897.56
2084;RENDA DO ESTABELECIMENTO AGROPECUÁRIO;Produção Animal;Bovinos - Corte;13884.00;13884.00
2085;RENDA DO ESTABELECIMENTO AGROPECUÁRIO;Autoconsumo UFPA;Feijão;600.00;600.00
2085;RENDA DO ESTABELECIMENTO AGROPECUÁRIO;Autoconsumo UFPA;Outras Lavouras Permanentes;1000.00;1000.00
2085;RENDA DO ESTABELECIMENTO AGROPECUÁRIO;Autoconsumo UFPA;Produtos Olericolas em Geral;600.00;600.00
2085;RENDA DO ESTABELECIMENTO AGROPECUÁRIO;Autoconsumo UFPA;Suinocultura Não Integrada - Carne;1500.00;1500.00
2085;RENDA FORA DO ESTABALECIMENTO AGROPECUÁRIO;Rendas fora do estabelecimento;Programa Bolsa Família;841.00;841.00
2087;RENDA DO ESTABELECIMENTO AGROPECUÁRIO;Autoconsumo UFPA;Café;100.00;100.00
2087;RENDA DO ESTABELECIMENTO AGROPECUÁRIO;Autoconsumo UFPA;Feijão;600.00;600.00
2087;RENDA DO ESTABELECIMENTO AGROPECUÁRIO;Autoconsumo UFPA;Mandioca;500.00;500.00
2087;RENDA DO ESTABELECIMENTO AGROPECUÁRIO;Autoconsumo UFPA;Milho;100.00;100.00
2087;RENDA DO ESTABELECIMENTO AGROPECUÁRIO;Autoconsumo UFPA;Outras Frutas Lavoura Permanente;100.00;100.00
2087;RENDA FORA DO ESTABALECIMENTO AGROPECUÁRIO;Rendas fora do estabelecimento;Programa Bolsa Família;4800.00;4800.00
2095;RENDA DO ESTABELECIMENTO AGROPECUÁRIO;Autoconsumo UFPA;Feijão;1000.00;1000.00
2095;RENDA DO ESTABELECIMENTO AGROPECUÁRIO;Autoconsumo UFPA;Mandioca;300.00;300.00
2095;RENDA DO ESTABELECIMENTO AGROPECUÁRIO;Autoconsumo UFPA;Produtos Olericolas em Geral;2600.00;2600.00
2095;RENDA FORA DO ESTABALECIMENTO AGROPECUÁRIO;Rendas fora do estabelecimento;Programa Bolsa Família;10200.00;10200.00
2096;RENDA DO ESTABELECIMENTO AGROPECUÁRIO;Autoconsumo UFPA;Avicultura não integrada Carne;2000.00;2000.00
2096;RENDA DO ESTABELECIMENTO AGROPECUÁRIO;Autoconsumo UFPA;Feijão;1800.00;1800.00
2096;RENDA DO ESTABELECIMENTO AGROPECUÁRIO;Autoconsumo UFPA;Milho;3000.00;3000.00
2096;RENDA DO ESTABELECIMENTO AGROPECUÁRIO;Autoconsumo UFPA;Outras Lavouras Temporarias;550.00;550.00
2096;RENDA DO ESTABELECIMENTO AGROPECUÁRIO;Autoconsumo UFPA;Ovos;900.00;900.00
2096;RENDA DO ESTABELECIMENTO AGROPECUÁRIO;Autoconsumo UFPA;Suinocultura Não Integrada - Carne;2500.00;2500.00
2096;RENDA DO ESTABELECIMENTO AGROPECUÁRIO;Lavouras Temporárias;Feijão;2000.00;2000.00
2096;RENDA DO ESTABELECIMENTO AGROPECUÁRIO;Lavouras Temporárias;Milho;3000.00;3000.00
2096;RENDA DO ESTABELECIMENTO AGROPECUÁRIO;Lavouras Temporárias;Outras Lavouras Temporarias;650.00;650.00
2096;RENDA DO ESTABELECIMENTO AGROPECUÁRIO;Produção Animal;Avicultura não integrada Corte;2100.00;2100.00
2096;RENDA DO ESTABELECIMENTO AGROPECUÁRIO;Produção Animal;Suinocultura Não Integrada - Carne;2500.00;2500.00
2096;RENDA FORA DO ESTABALECIMENTO AGROPECUÁRIO;Rendas fora do estabelecimento;APOSENTADORIA POR IDADE;16944.00;16944.00
2096;RENDA FORA DO ESTABALECIMENTO AGROPECUÁRIO;Rendas fora do estabelecimento;Programa Bolsa Família;3600.00;3600.00
2098;RENDA DO ESTABELECIMENTO AGROPECUÁRIO;Autoconsumo UFPA;Abacaxi;400.00;400.00
2098;RENDA DO ESTABELECIMENTO AGROPECUÁRIO;Autoconsumo UFPA;Banana;100.00;100.00
2098;RENDA DO ESTABELECIMENTO AGROPECUÁRIO;Autoconsumo UFPA;Feijão;200.00;200.00
2098;RENDA DO ESTABELECIMENTO AGROPECUÁRIO;Autoconsumo UFPA;Laranja;400.00;400.00
2098;RENDA DO ESTABELECIMENTO AGROPECUÁRIO;Autoconsumo UFPA;Mandioca;100.00;100.00
2098;RENDA DO ESTABELECIMENTO AGROPECUÁRIO;Lavouras Permanentes;Café;37982.74;37982.74
2098;RENDA FORA DO ESTABALECIMENTO AGROPECUÁRIO;Rendas fora do estabelecimento;Aposentadoria Rural;29088.00;29088.00
2098;RENDA FORA DO ESTABALECIMENTO AGROPECUÁRIO;Rendas fora do estabelecimento;Outros Benefícios Sociais;14544.00;14544.00
2099;RENDA DO ESTABELECIMENTO AGROPECUÁRIO;Autoconsumo UFPA;Bovinos Carne;2300.00;3000.00
2099;RENDA DO ESTABELECIMENTO AGROPECUÁRIO;Autoconsumo UFPA;Mandioca;6000.00;7000.00
2099;RENDA FORA DO ESTABALECIMENTO AGROPECUÁRIO;Rendas fora do estabelecimento;AUXILIO P/INCAPACIDADE TEMPORARIA PREVID;16944.00;16944.00
2101;RENDA DO ESTABELECIMENTO AGROPECUÁRIO;Produção Animal;Caprinos;6063.62;6063.62
2101;RENDA DO ESTABELECIMENTO AGROPECUÁRIO;Produção Animal;Ovinos;3000.00;3000.00
2101;RENDA FORA DO ESTABALECIMENTO AGROPECUÁRIO;Rendas fora do estabelecimento;Aposentadoria Rural;36712.00;36712.00
2102;RENDA DO ESTABELECIMENTO AGROPECUÁRIO;Avicultura;Galinhas/Frangos;200.00;200.00
2102;RENDA DO ESTABELECIMENTO AGROPECUÁRIO;Lavouras Temporárias;Feijão-Caupi, Fradinho, Corda, Moita, Macássar ou Macassa, Miúdo em Grão - Kg;600.00;600.00
2102;RENDA DO ESTABELECIMENTO AGROPECUÁRIO;Lavouras Temporárias;Mandioca (Aipim, Macaxeira) - Kg;2000.00;2000.00
2102;RENDA DO ESTABELECIMENTO AGROPECUÁRIO;Lavouras Temporárias;Milho em Grão - Kg;1200.00;1200.00
2102;RENDA FORA DO ESTABALECIMENTO AGROPECUÁRIO;Rendas fora do estabelecimento;AMP. SOCIAL PESSOA PORTADORA DEFICIENCIA;19204.00;19204.00
2103;RENDA DO ESTABELECIMENTO AGROPECUÁRIO;Autoconsumo UFPA;Banana;300.00;300.00
2103;RENDA DO ESTABELECIMENTO AGROPECUÁRIO;Autoconsumo UFPA;Laranja;300.00;300.00
2103;RENDA DO ESTABELECIMENTO AGROPECUÁRIO;Autoconsumo UFPA;Mandioca;300.00;300.00
2103;RENDA DO ESTABELECIMENTO AGROPECUÁRIO;Lavouras Permanentes;Café Arábica em Grão (Verde/Não-Torrado) - Kg;10000.00;10000.00
2103;RENDA FORA DO ESTABALECIMENTO AGROPECUÁRIO;Rendas fora do estabelecimento;Emprego permanente no meio urbano;20953.89;20953.89
2103;RENDA FORA DO ESTABALECIMENTO AGROPECUÁRIO;Rendas fora do estabelecimento;Outros seguros;3560.26;3560.26
2111;RENDA DO ESTABELECIMENTO AGROPECUÁRIO;Autoconsumo UFPA;Banana;200.00;200.00
2111;RENDA DO ESTABELECIMENTO AGROPECUÁRIO;Autoconsumo UFPA;Mandioca;200.00;200.00
2111;RENDA DO ESTABELECIMENTO AGROPECUÁRIO;Autoconsumo UFPA;Outras Frutas Lavoura Permanente;200.00;200.00
2111;RENDA DO ESTABELECIMENTO AGROPECUÁRIO;Lavouras Permanentes;Café;18000.00;18000.00
2111;RENDA FORA DO ESTABALECIMENTO AGROPECUÁRIO;Rendas fora do estabelecimento;Aposentadoria Rural;16668.00;16668.00
2112;RENDA DO ESTABELECIMENTO AGROPECUÁRIO;Autoconsumo UFPA;Milho;8000.00;8000.00
2112;RENDA DO ESTABELECIMENTO AGROPECUÁRIO;Lavouras Temporárias;Fumo em Folha Seca - Kg;211793.29;211793.29
2113;RENDA DO ESTABELECIMENTO AGROPECUÁRIO;Lavouras Permanentes;Café;18400.00;18400.00
2113;RENDA DO ESTABELECIMENTO AGROPECUÁRIO;Lavouras Temporárias;Milho;4500.00;4500.00
2114;RENDA DO ESTABELECIMENTO AGROPECUÁRIO;Lavouras Temporárias;Feijão;1000.00;1000.00
2114;RENDA DO ESTABELECIMENTO AGROPECUÁRIO;Lavouras Temporárias;Milho;500.00;500.00
2114;RENDA DO ESTABELECIMENTO AGROPECUÁRIO;Produção Animal;Bovinos - Leite;3000.00;3000.00
2114;RENDA DO ESTABELECIMENTO AGROPECUÁRIO;Produção Animal;Caprinos;3000.00;3000.00
2115;RENDA DO ESTABELECIMENTO AGROPECUÁRIO;Lavouras Permanentes;Banana;2500.00;2500.00
2115;RENDA DO ESTABELECIMENTO AGROPECUÁRIO;Lavouras Temporárias;Feijão;2400.00;2400.00
2115;RENDA DO ESTABELECIMENTO AGROPECUÁRIO;Lavouras Temporárias;Mandioca;2500.00;2500.00
2115;RENDA DO ESTABELECIMENTO AGROPECUÁRIO;Produção Animal;Avicultura não integrada Corte;1500.00;1500.00
2115;RENDA FORA DO ESTABALECIMENTO AGROPECUÁRIO;Rendas fora do estabelecimento;Aposentadoria ou pensão INSS;17456.00;17456.00
2116;RENDA DO ESTABELECIMENTO AGROPECUÁRIO;Lavouras Temporárias;Outras Lavouras Temporarias;5000.00;5000.00
2116;RENDA DO ESTABELECIMENTO AGROPECUÁRIO;Produção Animal;Avicultura não integrada Corte;10000.00;10000.00
2116;RENDA FORA DO ESTABALECIMENTO AGROPECUÁRIO;Rendas fora do estabelecimento;Emprego temporário no meio rural;14520.00;14520.00
2116;RENDA FORA DO ESTABALECIMENTO AGROPECUÁRIO;Rendas fora do estabelecimento;Outros Benefícios Sociais;17160.00;17160.00
2117;RENDA DO ESTABELECIMENTO AGROPECUÁRIO;Lavouras Temporárias;Feijão;2500.00;2500.00
2117;RENDA DO ESTABELECIMENTO AGROPECUÁRIO;Lavouras Temporárias;Milho;400.00;400.00
2117;RENDA DO ESTABELECIMENTO AGROPECUÁRIO;Produção Animal;Bovinos - Corte;10000.00;10000.00
2117;RENDA FORA DO ESTABALECIMENTO AGROPECUÁRIO;Rendas fora do estabelecimento;Aposentadoria Rural;32780.00;32780.00
2119;RENDA DO ESTABELECIMENTO AGROPECUÁRIO;Lavouras Temporárias;Outras Lavouras Temporarias;15533.00;15533.00
2119;RENDA DO ESTABELECIMENTO AGROPECUÁRIO;Produção Animal;Bovinos - Leite;8069.00;8069.00
2122;RENDA DO ESTABELECIMENTO AGROPECUÁRIO;Lavouras Permanentes;Café Arábica em Grão (Verde/Não-Torrado) - Kg;70000.00;70000.00
2122;RENDA FORA DO ESTABALECIMENTO AGROPECUÁRIO;Rendas fora do estabelecimento;APOSENTADORIA POR IDADE - RURAL;17686.00;17686.00
2124;RENDA DO ESTABELECIMENTO AGROPECUÁRIO;Lavouras Temporárias;Mandioca;3000.00;3000.00
2124;RENDA DO ESTABELECIMENTO AGROPECUÁRIO;Produção Animal;Avicultura não integrada Corte;5400.00;5400.00
2124;RENDA DO ESTABELECIMENTO AGROPECUÁRIO;Produção Animal;Bovinos - Corte;126600.00;126600.00
2124;RENDA DO ESTABELECIMENTO AGROPECUÁRIO;Produção Animal;Bovinos - Leite;26913.00;26913.00
2124;RENDA DO ESTABELECIMENTO AGROPECUÁRIO;Produção Animal;Suinocultura Não Integrada - Carne;4000.00;4000.00
2124;RENDA FORA DO ESTABALECIMENTO AGROPECUÁRIO;Rendas fora do estabelecimento;APOSENT. TEMPO DE SERVICO DE PROFESSOR;60000.00;60000.00
2125;RENDA DO ESTABELECIMENTO AGROPECUÁRIO;Lavouras Temporárias;Feijão Preto em Grão - Kg;27384.00;27384.00
2125;RENDA DO ESTABELECIMENTO AGROPECUÁRIO;Lavouras Temporárias;Soja em Grão - Kg;122503.28;122503.28
2125;RENDA FORA DO ESTABALECIMENTO AGROPECUÁRIO;Rendas fora do estabelecimento;APOSENTADORIA POR IDADE - RURAL;39256.00;39256.00
2126;RENDA DO ESTABELECIMENTO AGROPECUÁRIO;Produção Animal;Avicultura Integrada Corte;381522.00;381522.00
2126;RENDA FORA DO ESTABALECIMENTO AGROPECUÁRIO;Rendas fora do estabelecimento;Aposentadoria ou pensão INSS;90129.67;90129.67
2128;RENDA DO ESTABELECIMENTO AGROPECUÁRIO;Pecuária;Bovinos - Corte;250000.00;250000.00
2129;RENDA DO ESTABELECIMENTO AGROPECUÁRIO;Autoconsumo UFPA;Avicultura não integrada Carne;400.00;400.00
2129;RENDA DO ESTABELECIMENTO AGROPECUÁRIO;Autoconsumo UFPA;Banana;300.00;300.00
2129;RENDA DO ESTABELECIMENTO AGROPECUÁRIO;Autoconsumo UFPA;Feijão;500.00;500.00
2129;RENDA DO ESTABELECIMENTO AGROPECUÁRIO;Autoconsumo UFPA;Laranja;300.00;300.00
2129;RENDA DO ESTABELECIMENTO AGROPECUÁRIO;Autoconsumo UFPA;Mandioca;300.00;300.00
2129;RENDA DO ESTABELECIMENTO AGROPECUÁRIO;Autoconsumo UFPA;Ovos;200.00;200.00
2129;RENDA DO ESTABELECIMENTO AGROPECUÁRIO;Lavouras Permanentes;Café Arábica em Grão (Verde/Não-Torrado) - Kg;6000.00;6000.00
2129;RENDA DO ESTABELECIMENTO AGROPECUÁRIO;Lavouras Permanentes;Tangerina, Bergamota, Mexerica, Ponkan, etc - Kg;2000.00;2000.00
2129;RENDA FORA DO ESTABALECIMENTO AGROPECUÁRIO;Rendas fora do estabelecimento;AMP. SOCIAL PESSOA PORTADORA DEFICIENCIA;17792.00;17792.00
2129;RENDA FORA DO ESTABALECIMENTO AGROPECUÁRIO;Rendas fora do estabelecimento;APOSENTADORIA POR IDADE - RURAL;35584.00;35584.00
2131;RENDA DO ESTABELECIMENTO AGROPECUÁRIO;Avicultura;Galinhas/Frangos;1800.00;1800.00
2131;RENDA DO ESTABELECIMENTO AGROPECUÁRIO;Lavouras Temporárias;Feijão-Caupi, Fradinho, Corda, Moita, Macássar ou Macassa, Miúdo em Grão - Kg;1000.00;1000.00
2131;RENDA DO ESTABELECIMENTO AGROPECUÁRIO;Ovinocaprinocultura;Ovinocaprinocultura - Corte;4000.00;4000.00
2131;RENDA DO ESTABELECIMENTO AGROPECUÁRIO;Suinocultura;Suínos;4000.00;4000.00
2132;RENDA DO ESTABELECIMENTO AGROPECUÁRIO;Autoconsumo UFPA;Avicultura não integrada Carne;600.00;600.00
2132;RENDA DO ESTABELECIMENTO AGROPECUÁRIO;Autoconsumo UFPA;Feijão;500.00;500.00
2134;RENDA DO ESTABELECIMENTO AGROPECUÁRIO;Lavouras Permanentes;Café;222100.40;222100.40
2135;RENDA DO ESTABELECIMENTO AGROPECUÁRIO;Autoconsumo UFPA;Feijão;220.00;220.00
2135;RENDA DO ESTABELECIMENTO AGROPECUÁRIO;Lavouras Temporárias;Milho;1650.00;1650.00
2135;RENDA FORA DO ESTABALECIMENTO AGROPECUÁRIO;Rendas fora do estabelecimento;Serviços eventuais;2900.00;2900.00
2136;RENDA DO ESTABELECIMENTO AGROPECUÁRIO;Autoconsumo UFPA;Milho;100.00;100.00
2136;RENDA DO ESTABELECIMENTO AGROPECUÁRIO;Lavouras Permanentes;Banana;5000.00;5000.00
2136;RENDA DO ESTABELECIMENTO AGROPECUÁRIO;Lavouras Temporárias;Feijão;594.00;594.00
2137;RENDA DO ESTABELECIMENTO AGROPECUÁRIO;Lavouras Permanentes;Uva (Vinho, Suco ou Passas) - Kg;75000.00;80000.00
2137;RENDA FORA DO ESTABALECIMENTO AGROPECUÁRIO;Rendas fora do estabelecimento;Aposentadoria ou pensão INSS;18356.00;19734.00
2137;RENDA FORA DO ESTABALECIMENTO AGROPECUÁRIO;Rendas fora do estabelecimento;APOSENT. POR IDADE - EMPREGADOR RURAL;19734.00;19734.00
2138;RENDA DO ESTABELECIMENTO AGROPECUÁRIO;Lavouras Temporárias;Milho;8116.93;8116.93
2139;RENDA DO ESTABELECIMENTO AGROPECUÁRIO;Lavouras Temporárias;Soja;38931.47;38931.47
2139;RENDA DO ESTABELECIMENTO AGROPECUÁRIO;Produção Animal;Bovinos - Corte;30500.00;30500.00
2139;RENDA DO ESTABELECIMENTO AGROPECUÁRIO;Produção Animal;Bovinos - Leite;62157.23;62157.23
2142;RENDA DO ESTABELECIMENTO AGROPECUÁRIO;Lavouras Permanentes;Banana;1260.00;1260.00
2142;RENDA DO ESTABELECIMENTO AGROPECUÁRIO;Produção Animal;Avicultura não integrada Corte;2400.00;2400.00
2142;RENDA DO ESTABELECIMENTO AGROPECUÁRIO;Produção Animal;Bovinos - Leite;167934.00;167934.00
2142;RENDA DO ESTABELECIMENTO AGROPECUÁRIO;Produção Animal;Suinocultura Não Integrada - Carne;3000.00;3000.00
2143;RENDA DO ESTABELECIMENTO AGROPECUÁRIO;Produção Animal;Ovinos;1200.00;1200.00
2143;RENDA FORA DO ESTABALECIMENTO AGROPECUÁRIO;Rendas fora do estabelecimento;Emprego temporário no meio urbano;3056.59;3056.59
2145;RENDA DO ESTABELECIMENTO AGROPECUÁRIO;Lavouras Temporárias;Feijão;5500.00;5500.00
2145;RENDA DO ESTABELECIMENTO AGROPECUÁRIO;Lavouras Temporárias;Milho;3700.00;3700.00
2145;RENDA DO ESTABELECIMENTO AGROPECUÁRIO;Produção Animal;Bovinos - Corte;19800.00;19800.00
2145;RENDA DO ESTABELECIMENTO AGROPECUÁRIO;Produção Animal;Bovinos - Leite;18500.00;18500.00
2145;RENDA FORA DO ESTABALECIMENTO AGROPECUÁRIO;Rendas fora do estabelecimento;Aposentadoria Rural;36240.00;36240.00
2146;RENDA DO ESTABELECIMENTO AGROPECUÁRIO;Autoconsumo UFPA;Bovinos Carne;7500.00;7500.00
2146;RENDA DO ESTABELECIMENTO AGROPECUÁRIO;Autoconsumo UFPA;Milho;5000.00;5000.00
2146;RENDA DO ESTABELECIMENTO AGROPECUÁRIO;Autoconsumo UFPA;Outras frutas Lavoura Temporaria;6000.00;6000.00
2146;RENDA DO ESTABELECIMENTO AGROPECUÁRIO;Autoconsumo UFPA;Outras Lavouras Temporarias;6000.00;6000.00
2146;RENDA DO ESTABELECIMENTO AGROPECUÁRIO;Autoconsumo UFPA;Ovinos;9000.00;9000.00
2147;RENDA DO ESTABELECIMENTO AGROPECUÁRIO;Autoconsumo UFPA;Banana;200.00;200.00
2147;RENDA DO ESTABELECIMENTO AGROPECUÁRIO;Autoconsumo UFPA;Feijão;400.00;400.00
2147;RENDA DO ESTABELECIMENTO AGROPECUÁRIO;Autoconsumo UFPA;Laranja;200.00;200.00
2147;RENDA DO ESTABELECIMENTO AGROPECUÁRIO;Autoconsumo UFPA;Mandioca;200.00;200.00
2147;RENDA DO ESTABELECIMENTO AGROPECUÁRIO;Autoconsumo UFPA;Outras Frutas Lavoura Permanente;200.00;200.00
2147;RENDA DO ESTABELECIMENTO AGROPECUÁRIO;Autoconsumo UFPA;Outras Lavouras Temporarias;200.00;200.00
2147;RENDA DO ESTABELECIMENTO AGROPECUÁRIO;Lavouras Permanentes;Café;8000.00;8000.00
2147;RENDA FORA DO ESTABALECIMENTO AGROPECUÁRIO;Rendas fora do estabelecimento;Programa Bolsa Família;8400.00;8400.00
2149;RENDA DO ESTABELECIMENTO AGROPECUÁRIO;Avicultura;Galinhas/Frangos;900.00;900.00
2149;RENDA DO ESTABELECIMENTO AGROPECUÁRIO;Lavouras Permanentes;Outros Produtos;500.00;500.00
2149;RENDA DO ESTABELECIMENTO AGROPECUÁRIO;Lavouras Temporárias;Mandioca (Aipim, Macaxeira) - Kg;500.00;500.00
2149;RENDA DO ESTABELECIMENTO AGROPECUÁRIO;Lavouras Temporárias;Milho em Grão - Kg;300.00;300.00
2149;RENDA DO ESTABELECIMENTO AGROPECUÁRIO;Ovinocaprinocultura;Ovinocaprinocultura - Corte;4000.00;4000.00
2149;RENDA DO ESTABELECIMENTO AGROPECUÁRIO;Pecuária;Bovinos - Corte;20000.00;20000.00
2149;RENDA DO ESTABELECIMENTO AGROPECUÁRIO;Suinocultura;Suínos;4500.00;4500.00
2151;RENDA DO ESTABELECIMENTO AGROPECUÁRIO;Lavouras Temporárias;Arroz;2000.00;2000.00
2151;RENDA DO ESTABELECIMENTO AGROPECUÁRIO;Lavouras Temporárias;Milho;23000.00;23000.00
2151;RENDA DO ESTABELECIMENTO AGROPECUÁRIO;Produção Animal;Bovinos - Corte;55200.00;55200.00
2151;RENDA FORA DO ESTABALECIMENTO AGROPECUÁRIO;Rendas fora do estabelecimento;APOSENTADORIA POR IDADE - RURAL;18000.00;18000.00
2152;RENDA DO ESTABELECIMENTO AGROPECUÁRIO;Lavouras Temporárias;Milho;350000.00;350000.00
2152;RENDA DO ESTABELECIMENTO AGROPECUÁRIO;Lavouras Temporárias;Soja;500000.00;500000.00
2152;RENDA FORA DO ESTABALECIMENTO AGROPECUÁRIO;Rendas fora do estabelecimento;Emprego permanente no meio urbano;90000.00;90000.00
2153;RENDA DO ESTABELECIMENTO AGROPECUÁRIO;Lavouras Temporárias;Feijão;1000.00;1000.00
2154;RENDA DO ESTABELECIMENTO AGROPECUÁRIO;Lavouras Permanentes;Outras Frutas Lavoura Permanente;71089.54;71089.54
2154;RENDA DO ESTABELECIMENTO AGROPECUÁRIO;Lavouras Temporárias;Fumo;24594.82;24594.82
2154;RENDA FORA DO ESTABALECIMENTO AGROPECUÁRIO;Rendas fora do estabelecimento;Emprego permanente no meio urbano;79920.00;79920.00
2156;RENDA DO ESTABELECIMENTO AGROPECUÁRIO;Lavouras Permanentes;Coco-da-Baía - Fruto;4600.00;4600.00
2156;RENDA DO ESTABELECIMENTO AGROPECUÁRIO;Lavouras Permanentes;Laranja (Lima, Pêra, da Terra, etc) - Kg;5000.00;5000.00
2156;RENDA DO ESTABELECIMENTO AGROPECUÁRIO;Lavouras Temporárias;Amendoim;3600.00;3600.00
2156;RENDA DO ESTABELECIMENTO AGROPECUÁRIO;Lavouras Temporárias;Feijão;4000.00;4000.00
2156;RENDA DO ESTABELECIMENTO AGROPECUÁRIO;Lavouras Temporárias;Milho;500.00;500.00
2156;RENDA FORA DO ESTABALECIMENTO AGROPECUÁRIO;Rendas fora do estabelecimento;Emprego temporário no meio urbano;9884.00;9884.00
2156;RENDA FORA DO ESTABALECIMENTO AGROPECUÁRIO;Rendas fora do estabelecimento;Programa Bolsa Família;7200.00;7200.00
2159;RENDA DO ESTABELECIMENTO AGROPECUÁRIO;Lavouras Temporárias;Milho em Grão - Kg;300.00;300.00
2159;RENDA DO ESTABELECIMENTO AGROPECUÁRIO;Pecuária;Bovinos - Corte;900.00;900.00
2159;RENDA FORA DO ESTABALECIMENTO AGROPECUÁRIO;Rendas fora do estabelecimento;Programa Bolsa Família;7200.00;7200.00
2162;RENDA DO ESTABELECIMENTO AGROPECUÁRIO;Lavouras Permanentes;Banana;6000.00;6000.00
2162;RENDA DO ESTABELECIMENTO AGROPECUÁRIO;Lavouras Temporárias;Feijão;700.00;700.00
2162;RENDA DO ESTABELECIMENTO AGROPECUÁRIO;Lavouras Temporárias;Milho;500.00;500.00
2162;RENDA FORA DO ESTABALECIMENTO AGROPECUÁRIO;Rendas fora do estabelecimento;Programa Bolsa Família;4030.00;4030.00
2163;RENDA DO ESTABELECIMENTO AGROPECUÁRIO;Autoconsumo UFPA;Avicultura não integrada Carne;7300.00;7300.00
2163;RENDA DO ESTABELECIMENTO AGROPECUÁRIO;Lavouras Permanentes;Outras Frutas Lavoura Permanente;1600.00;1600.00
2163;RENDA DO ESTABELECIMENTO AGROPECUÁRIO;Lavouras Temporárias;Feijão;7800.00;7800.00
2163;RENDA DO ESTABELECIMENTO AGROPECUÁRIO;Lavouras Temporárias;Milho;4200.00;4200.00
2163;RENDA DO ESTABELECIMENTO AGROPECUÁRIO;Pesca Artesanal;Outros Produtos da Pesca;2500.00;2500.00
2163;RENDA FORA DO ESTABALECIMENTO AGROPECUÁRIO;Rendas fora do estabelecimento;Aposentadoria ou pensão INSS;31854.94;31854.94
2166;RENDA DO ESTABELECIMENTO AGROPECUÁRIO;Lavouras Permanentes;Banana;1800.00;1800.00
2166;RENDA DO ESTABELECIMENTO AGROPECUÁRIO;Lavouras Temporárias;Feijão;700.00;700.00
2166;RENDA DO ESTABELECIMENTO AGROPECUÁRIO;Lavouras Temporárias;Milho;800.00;800.00
2166;RENDA FORA DO ESTABALECIMENTO AGROPECUÁRIO;Rendas fora do estabelecimento;Aposentadoria Rural;13600.00;13600.00
2167;RENDA DO ESTABELECIMENTO AGROPECUÁRIO;Lavouras Permanentes;Café;145526.10;145526.10
2167;RENDA FORA DO ESTABALECIMENTO AGROPECUÁRIO;Rendas fora do estabelecimento;Aposentadoria Rural;35408.00;35408.00
2168;RENDA DO ESTABELECIMENTO AGROPECUÁRIO;Autoconsumo UFPA;Avicultura não integrada Carne;450.00;450.00
2168;RENDA DO ESTABELECIMENTO AGROPECUÁRIO;Autoconsumo UFPA;Suinocultura Não Integrada - Carne;500.00;500.00
2168;RENDA DO ESTABELECIMENTO AGROPECUÁRIO;Produção Animal;Caprinos;3000.00;3000.00
2168;RENDA FORA DO ESTABALECIMENTO AGROPECUÁRIO;Rendas fora do estabelecimento;Programa Bolsa Família;3180.00;3180.00
2170;RENDA DO ESTABELECIMENTO AGROPECUÁRIO;Lavouras Permanentes;Café;180000.00;180000.00
2171;RENDA DO ESTABELECIMENTO AGROPECUÁRIO;Lavouras Temporárias;Soja;132629.40;132629.40
2171;RENDA FORA DO ESTABALECIMENTO AGROPECUÁRIO;Rendas fora do estabelecimento;AMPARO PREVIDENC. IDADE - TRAB. RURAL;17474.00;17474.00
2171;RENDA FORA DO ESTABALECIMENTO AGROPECUÁRIO;Rendas fora do estabelecimento;APOSENTADORIA POR IDADE - RURAL;1747.00;1747.00
2172;RENDA DO ESTABELECIMENTO AGROPECUÁRIO;Lavouras Temporárias;Produtos Olericolas em Geral;207180.00;207180.00
2172;RENDA FORA DO ESTABALECIMENTO AGROPECUÁRIO;Rendas fora do estabelecimento;Lucro de atividade de pessoa jurídica não agrícola;90000.00;90000.00
2173;RENDA DO ESTABELECIMENTO AGROPECUÁRIO;Lavouras Permanentes;Café;104200.00;104200.00
2175;RENDA DO ESTABELECIMENTO AGROPECUÁRIO;Autoconsumo UFPA;Avicultura não integrada Carne;500.00;500.00
2175;RENDA DO ESTABELECIMENTO AGROPECUÁRIO;Lavouras Permanentes;Outras Frutas Lavoura Permanente;50.00;50.00
2175;RENDA DO ESTABELECIMENTO AGROPECUÁRIO;Lavouras Permanentes;Outras Lavouras Permanentes;300.00;300.00
2175;RENDA DO ESTABELECIMENTO AGROPECUÁRIO;Lavouras Temporárias;Feijão;300.00;300.00
2175;RENDA DO ESTABELECIMENTO AGROPECUÁRIO;Lavouras Temporárias;Mandioca;200.00;200.00
2175;RENDA FORA DO ESTABALECIMENTO AGROPECUÁRIO;Rendas fora do estabelecimento;APOSENTADORIA POR IDADE - RURAL;39468.00;39468.00
2175;RENDA FORA DO ESTABALECIMENTO AGROPECUÁRIO;Rendas fora do estabelecimento;PENSAO POR MORTE PREVIDENCIARIA;19734.00;19734.00
2177;RENDA DO ESTABELECIMENTO AGROPECUÁRIO;Autoconsumo UFPA;Feijão;350.00;350.00
2177;RENDA DO ESTABELECIMENTO AGROPECUÁRIO;Autoconsumo UFPA;Milho;140.00;140.00
2177;RENDA DO ESTABELECIMENTO AGROPECUÁRIO;Produção Animal;Bovinos - Corte;3000.00;3000.00
2177;RENDA DO ESTABELECIMENTO AGROPECUÁRIO;Produção Animal;Suinocultura Não Integrada - Carne;800.00;800.00
2177;RENDA FORA DO ESTABALECIMENTO AGROPECUÁRIO;Rendas fora do estabelecimento;Programa Bolsa Família;7200.00;7200.00
2178;RENDA DO ESTABELECIMENTO AGROPECUÁRIO;Lavouras Temporárias;Milho em Grão - Kg;50000.00;50000.00
2178;RENDA DO ESTABELECIMENTO AGROPECUÁRIO;Lavouras Temporárias;Soja em Grão - Kg;213943.57;213943.57
2178;RENDA DO ESTABELECIMENTO AGROPECUÁRIO;Lavouras Temporárias;Trigo em Grão - Kg;50000.00;50000.00
2178;RENDA FORA DO ESTABALECIMENTO AGROPECUÁRIO;Rendas fora do estabelecimento;Aposentadoria Rural;36712.00;36712.00
2179;RENDA DO ESTABELECIMENTO AGROPECUÁRIO;Autoconsumo UFPA;Avicultura não integrada Carne;75.00;75.00
2179;RENDA DO ESTABELECIMENTO AGROPECUÁRIO;Autoconsumo UFPA;Outras Lavouras Temporarias;300.00;300.00
2179;RENDA DO ESTABELECIMENTO AGROPECUÁRIO;Autoconsumo UFPA;Ovos;688.00;688.00
2179;RENDA DO ESTABELECIMENTO AGROPECUÁRIO;Lavouras Permanentes;Outras Frutas Lavoura Permanente;72.00;72.00
2179;RENDA DO ESTABELECIMENTO AGROPECUÁRIO;Lavouras Temporárias;Feijão;600.00;600.00
2179;RENDA DO ESTABELECIMENTO AGROPECUÁRIO;Lavouras Temporárias;Milho;770.00;770.00
2179;RENDA DO ESTABELECIMENTO AGROPECUÁRIO;Produção Animal;Suinocultura Não Integrada - Carne;400.00;400.00
2179;RENDA FORA DO ESTABALECIMENTO AGROPECUÁRIO;Rendas fora do estabelecimento;Programa Bolsa Família;3380.00;3380.00
2182;RENDA DO ESTABELECIMENTO AGROPECUÁRIO;Lavouras Temporárias;Feijão;1200.00;1200.00
2182;RENDA DO ESTABELECIMENTO AGROPECUÁRIO;Lavouras Temporárias;Milho;800.00;800.00
2182;RENDA FORA DO ESTABALECIMENTO AGROPECUÁRIO;Rendas fora do estabelecimento;Aposentadoria Rural;18000.00;18000.00
2183;RENDA DO ESTABELECIMENTO AGROPECUÁRIO;Lavouras Temporárias;Soja;37581.00;37581.00
2184;RENDA DO ESTABELECIMENTO AGROPECUÁRIO;Lavouras Permanentes;Outras Frutas Lavoura Permanente;25000.00;25000.00
2184;RENDA DO ESTABELECIMENTO AGROPECUÁRIO;Lavouras Temporárias;Outras Lavouras Temporarias;20000.00;20000.00
2184;RENDA DO ESTABELECIMENTO AGROPECUÁRIO;Maricultura e Aquicultura;Piscicultura;1000.00;1000.00
2184;RENDA FORA DO ESTABALECIMENTO AGROPECUÁRIO;Rendas fora do estabelecimento;Aposentadoria ou pensão servidor público;14300.00;14300.00
2184;RENDA FORA DO ESTABALECIMENTO AGROPECUÁRIO;Rendas fora do estabelecimento;Aposentadoria Rural;14300.00;14300.00
2186;RENDA DO ESTABELECIMENTO AGROPECUÁRIO;Lavouras Temporárias;Outras Lavouras Temporarias;785871.45;785871.45
2188;RENDA DO ESTABELECIMENTO AGROPECUÁRIO;Lavouras Permanentes;Café;397500.00;397500.00
2190;RENDA DO ESTABELECIMENTO AGROPECUÁRIO;Autoconsumo UFPA;Milho;12000.00;12000.00
2190;RENDA DO ESTABELECIMENTO AGROPECUÁRIO;Lavouras Temporárias;Fumo em Folha Seca - Kg;101659.15;101659.15
2190;RENDA FORA DO ESTABALECIMENTO AGROPECUÁRIO;Rendas fora do estabelecimento;APOSENTADORIA POR TEMPO DE CONTRIBUICAO;41703.00;41703.00
2190;RENDA FORA DO ESTABALECIMENTO AGROPECUÁRIO;Rendas fora do estabelecimento;Emprego temporário no meio urbano;31700.00;50952.86
2191;RENDA DO ESTABELECIMENTO AGROPECUÁRIO;Produção Animal;Outros Animais Corte;7000.00;7000.00
2193;RENDA DO ESTABELECIMENTO AGROPECUÁRIO;Lavouras Temporárias;Produtos Olericolas em Geral;144000.00;144000.00
2193;RENDA FORA DO ESTABALECIMENTO AGROPECUÁRIO;Rendas fora do estabelecimento;Aposentadoria Rural;36712.00;36712.00
2195;RENDA DO ESTABELECIMENTO AGROPECUÁRIO;Autoconsumo UFPA;Avicultura não integrada Carne;600.00;600.00
2195;RENDA DO ESTABELECIMENTO AGROPECUÁRIO;Autoconsumo UFPA;Feijão;1200.00;1200.00
2195;RENDA DO ESTABELECIMENTO AGROPECUÁRIO;Autoconsumo UFPA;Milho;400.00;400.00
2195;RENDA DO ESTABELECIMENTO AGROPECUÁRIO;Produção Animal;Bovinos - Corte;2500.00;2500.00
2195;RENDA FORA DO ESTABALECIMENTO AGROPECUÁRIO;Rendas fora do estabelecimento;Programa Bolsa Família;7200.00;7200.00
2196;RENDA DO ESTABELECIMENTO AGROPECUÁRIO;Produção Animal;Bovinos - Leite;55800.00;55800.00
2197;RENDA DO ESTABELECIMENTO AGROPECUÁRIO;Lavouras Temporárias;Fumo em Folha Seca - Kg;126294.47;126294.47
2197;RENDA DO ESTABELECIMENTO AGROPECUÁRIO;Lavouras Temporárias;Milho em Grão - Kg;25258.89;25258.89
2198;RENDA DO ESTABELECIMENTO AGROPECUÁRIO;Autoconsumo UFPA;Avicultura não integrada Carne;1000.00;1000.00
2198;RENDA DO ESTABELECIMENTO AGROPECUÁRIO;Autoconsumo UFPA;Feijão;600.00;600.00
2198;RENDA DO ESTABELECIMENTO AGROPECUÁRIO;Autoconsumo UFPA;Outras Lavouras Temporarias;500.00;500.00
2198;RENDA DO ESTABELECIMENTO AGROPECUÁRIO;Autoconsumo UFPA;Produtos Olericolas em Geral;1000.00;1000.00
2199;RENDA DO ESTABELECIMENTO AGROPECUÁRIO;Lavouras Temporárias;Milho em Grão - Kg;9000.00;9000.00
2199;RENDA DO ESTABELECIMENTO AGROPECUÁRIO;Lavouras Temporárias;Soja em Grão - Kg;210648.00;210648.00
2199;RENDA FORA DO ESTABALECIMENTO AGROPECUÁRIO;Rendas fora do estabelecimento;APOSENTADORIA POR IDADE - RURAL;24000.00;19734.00
2201;RENDA DO ESTABELECIMENTO AGROPECUÁRIO;Agroindústria;Derivados da Cana-de-açucar (exceto cachaça);20000.00;20000.00
2201;RENDA DO ESTABELECIMENTO AGROPECUÁRIO;Lavouras Temporárias;Soja;6100.00;6100.00
2201;RENDA DO ESTABELECIMENTO AGROPECUÁRIO;Produção Animal;Bovinos - Corte;25000.00;25000.00
2203;RENDA DO ESTABELECIMENTO AGROPECUÁRIO;Autoconsumo UFPA;Avicultura não integrada Carne;500.00;500.00
2203;RENDA DO ESTABELECIMENTO AGROPECUÁRIO;Autoconsumo UFPA;Bovinos Carne;10400.00;10400.00
2203;RENDA DO ESTABELECIMENTO AGROPECUÁRIO;Autoconsumo UFPA;Feijão;800.00;800.00
2203;RENDA DO ESTABELECIMENTO AGROPECUÁRIO;Autoconsumo UFPA;Milho;210.00;210.00
2203;RENDA FORA DO ESTABALECIMENTO AGROPECUÁRIO;Rendas fora do estabelecimento;Emprego permanente no meio urbano;21276.00;21276.00
2204;RENDA DO ESTABELECIMENTO AGROPECUÁRIO;Autoconsumo UFPA;Avicultura não integrada Carne;2000.00;2000.00
2204;RENDA DO ESTABELECIMENTO AGROPECUÁRIO;Autoconsumo UFPA;Feijão;180.00;180.00
2204;RENDA DO ESTABELECIMENTO AGROPECUÁRIO;Autoconsumo UFPA;Milho;720.00;720.00
2204;RENDA FORA DO ESTABALECIMENTO AGROPECUÁRIO;Rendas fora do estabelecimento;Emprego temporário no meio urbano;500.00;500.00
2204;RENDA FORA DO ESTABALECIMENTO AGROPECUÁRIO;Rendas fora do estabelecimento;Programa Bolsa Família;2400.00;2400.00
3194;RENDA DO ESTABELECIMENTO AGROPECUÁRIO;Produção Animal;Avicultura não integrada Corte;73194.75;73194.75
3194;RENDA DO ESTABELECIMENTO AGROPECUÁRIO;Produção Animal;Bovinos - Corte;24000.00;24000.00
3194;RENDA DO ESTABELECIMENTO AGROPECUÁRIO;Produção Animal;Bovinos - Leite;68400.00;68400.00
3195;RENDA DO ESTABELECIMENTO AGROPECUÁRIO;Autoconsumo UFPA;Avicultura não integrada Corte;525.00;525.00
3195;RENDA DO ESTABELECIMENTO AGROPECUÁRIO;Autoconsumo UFPA;Feijão;400.00;400.00
3195;RENDA DO ESTABELECIMENTO AGROPECUÁRIO;Autoconsumo UFPA;Milho;500.00;500.00
3195;RENDA DO ESTABELECIMENTO AGROPECUÁRIO;Autoconsumo UFPA;Ovos;2668.00;2668.00
3195;RENDA FORA DO ESTABALECIMENTO AGROPECUÁRIO;Rendas fora do estabelecimento;Programa Bolsa Família;7200.00;7200.00
3196;RENDA DO ESTABELECIMENTO AGROPECUÁRIO;Produção Animal;Bovinos - Corte;50000.00;50000.00
3196;RENDA DO ESTABELECIMENTO AGROPECUÁRIO;Produção Animal;Bovinos - Leite;60000.00;60000.00
3196;RENDA FORA DO ESTABALECIMENTO AGROPECUÁRIO;Rendas fora do estabelecimento;APOSENTADORIA POR IDADE - RURAL;18400.00;18400.00
3196;RENDA FORA DO ESTABALECIMENTO AGROPECUÁRIO;Rendas fora do estabelecimento;Emprego permanente no meio rural;48500.00;20993.59
3197;RENDA DO ESTABELECIMENTO AGROPECUÁRIO;Lavouras Temporárias;Milho;125585.00;125585.00
3197;RENDA DO ESTABELECIMENTO AGROPECUÁRIO;Lavouras Temporárias;Soja;70998.00;70998.00
3197;RENDA DO ESTABELECIMENTO AGROPECUÁRIO;Lavouras Temporárias;Trigo;22714.00;22714.00
3198;RENDA DO ESTABELECIMENTO AGROPECUÁRIO;Lavouras Permanentes;Outras Frutas Lavoura Permanente;7200.00;7200.00
3200;RENDA DO ESTABELECIMENTO AGROPECUÁRIO;Lavouras Permanentes;Uva (Vinho, Suco ou Passas) - Kg;472218.00;480000.00
3200;RENDA FORA DO ESTABALECIMENTO AGROPECUÁRIO;Rendas fora do estabelecimento;Emprego permanente no meio urbano;75000.00;75000.00
3201;RENDA DO ESTABELECIMENTO AGROPECUÁRIO;Lavouras Temporárias;Milho;1500.00;1500.00
3201;RENDA DO ESTABELECIMENTO AGROPECUÁRIO;Lavouras Temporárias;Outras Culturas;1500.00;1500.00
3201;RENDA DO ESTABELECIMENTO AGROPECUÁRIO;Produção Animal;Avicultura não integrada Corte;1200.00;1200.00
3201;RENDA DO ESTABELECIMENTO AGROPECUÁRIO;Produção Animal;Suinocultura Não Integrada - Carne;3500.00;3500.00
3202;RENDA DO ESTABELECIMENTO AGROPECUÁRIO;Lavouras Temporárias;Fumo;205031.00;205031.00
3202;RENDA DO ESTABELECIMENTO AGROPECUÁRIO;Lavouras Temporárias;Milho;25000.00;25000.00
3202;RENDA FORA DO ESTABALECIMENTO AGROPECUÁRIO;Rendas fora do estabelecimento;Outros Benefícios Sociais;18356.00;18356.00
3203;RENDA DO ESTABELECIMENTO AGROPECUÁRIO;Lavouras Temporárias;Arroz;320000.00;320000.00
3203;RENDA DO ESTABELECIMENTO AGROPECUÁRIO;Lavouras Temporárias;Soja;28000.00;28000.00
3209;RENDA DO ESTABELECIMENTO AGROPECUÁRIO;Produção Animal;Bovinos - Leite;22833.95;22833.95
3209;RENDA FORA DO ESTABALECIMENTO AGROPECUÁRIO;Rendas fora do estabelecimento;PENSAO POR MORTE PREVIDENCIARIA;12430.77;12430.77
3211;RENDA DO ESTABELECIMENTO AGROPECUÁRIO;Lavouras Temporárias;Fumo;75447.00;75447.00
3211;RENDA DO ESTABELECIMENTO AGROPECUÁRIO;Lavouras Temporárias;Milho;10000.00;10000.00
3211;RENDA DO ESTABELECIMENTO AGROPECUÁRIO;Produção Animal;Bovinos - Corte;55500.00;55500.00
3213;RENDA DO ESTABELECIMENTO AGROPECUÁRIO;Lavouras Temporárias;Produtos Olericolas em Geral;84204.00;84204.00
3213;RENDA FORA DO ESTABALECIMENTO AGROPECUÁRIO;Rendas fora do estabelecimento;Aposentadoria Rural;15756.00;15756.00
3216;RENDA DO ESTABELECIMENTO AGROPECUÁRIO;Agroindústria;Produtos da Apicultura Processados;50000.00;50000.00
4196;RENDA DO ESTABELECIMENTO AGROPECUÁRIO;Lavouras Permanentes;Café Canephora, Robusta ou Conilon  em Grão (Verde/Não-Torrado) - Kg;139452.00;139452.00
4196;RENDA FORA DO ESTABALECIMENTO AGROPECUÁRIO;Rendas fora do estabelecimento;APOSENTADORIA POR IDADE - RURAL;18852.00;18852.00
4196;RENDA FORA DO ESTABALECIMENTO AGROPECUÁRIO;Rendas fora do estabelecimento;Emprego temporário no meio urbano;38445.00;32297.00
4197;RENDA DO ESTABELECIMENTO AGROPECUÁRIO;Produção Animal;Bovinos - Corte;19900.00;19900.00
4198;RENDA DO ESTABELECIMENTO AGROPECUÁRIO;Lavouras Permanentes;Banana;2800.00;2800.00
4198;RENDA DO ESTABELECIMENTO AGROPECUÁRIO;Lavouras Temporárias;Mandioca;600.00;600.00
4198;RENDA DO ESTABELECIMENTO AGROPECUÁRIO;Lavouras Temporárias;Soja;66000.00;66000.00
4198;RENDA DO ESTABELECIMENTO AGROPECUÁRIO;Produção Animal;Avicultura não integrada Corte;1500.00;1500.00
4198;RENDA DO ESTABELECIMENTO AGROPECUÁRIO;Produção Animal;Bovinos - Corte;72700.00;72700.00
4199;RENDA DO ESTABELECIMENTO AGROPECUÁRIO;Lavouras Permanentes;Outras Frutas Lavoura Permanente;2970.10;2970.10
4199;RENDA FORA DO ESTABALECIMENTO AGROPECUÁRIO;Rendas fora do estabelecimento;Emprego temporário no meio rural;2500.00;2500.00
4200;RENDA DO ESTABELECIMENTO AGROPECUÁRIO;Lavouras Temporárias;Milho;42476.42;42476.42
4200;RENDA DO ESTABELECIMENTO AGROPECUÁRIO;Lavouras Temporárias;Soja;151083.98;151083.98
4200;RENDA DO ESTABELECIMENTO AGROPECUÁRIO;Lavouras Temporárias;Trigo;39401.72;39401.72
4201;RENDA DO ESTABELECIMENTO AGROPECUÁRIO;Lavouras Permanentes;Banana - Kg;150.00;150.00
4201;RENDA DO ESTABELECIMENTO AGROPECUÁRIO;Lavouras Temporárias;Feijão Preto em Grão - Kg;150.00;150.00
4201;RENDA DO ESTABELECIMENTO AGROPECUÁRIO;Lavouras Temporárias;Milho em Grão - Kg;70.00;70.00
4201;RENDA FORA DO ESTABALECIMENTO AGROPECUÁRIO;Rendas fora do estabelecimento;Programa Bolsa Família;7200.00;2384.00
4202;RENDA DO ESTABELECIMENTO AGROPECUÁRIO;Lavouras Temporárias;Soja;12900.00;12900.00
4202;RENDA DO ESTABELECIMENTO AGROPECUÁRIO;Lavouras Temporárias;Trigo;41239.71;41239.71
4202;RENDA DO ESTABELECIMENTO AGROPECUÁRIO;Produção Animal;Bovinos - Corte;1300.00;1300.00
4202;RENDA DO ESTABELECIMENTO AGROPECUÁRIO;Produção Animal;Bovinos - Leite;11586.15;11586.15
4202;RENDA FORA DO ESTABALECIMENTO AGROPECUÁRIO;Rendas fora do estabelecimento;Emprego permanente no meio urbano;28644.46;28644.46
4205;RENDA DO ESTABELECIMENTO AGROPECUÁRIO;Lavouras Temporárias;Soja;37069.65;37069.65
4205;RENDA DO ESTABELECIMENTO AGROPECUÁRIO;Lavouras Temporárias;Trigo;27669.52;27669.52
4205;RENDA FORA DO ESTABALECIMENTO AGROPECUÁRIO;Rendas fora do estabelecimento;Emprego temporário no meio urbano;31385.38;31385.38
4209;RENDA DO ESTABELECIMENTO AGROPECUÁRIO;Autoconsumo UFPA;Outras Lavouras Temporarias;4500.00;4500.00
4209;RENDA DO ESTABELECIMENTO AGROPECUÁRIO;Autoconsumo UFPA;Outros Animais - Carne;5500.00;5500.00
4209;RENDA DO ESTABELECIMENTO AGROPECUÁRIO;Lavouras Temporárias;Fumo em Folha Seca - Kg;113266.88;113266.88
4209;RENDA FORA DO ESTABALECIMENTO AGROPECUÁRIO;Rendas fora do estabelecimento;APOSENTADORIA POR IDADE - RURAL;41004.00;41004.00
4210;RENDA DO ESTABELECIMENTO AGROPECUÁRIO;Lavouras Temporárias;Outras Lavouras Temporarias;10074.80;10074.80
4210;RENDA DO ESTABELECIMENTO AGROPECUÁRIO;Lavouras Temporárias;Soja;200500.00;200500.00
4210;RENDA DO ESTABELECIMENTO AGROPECUÁRIO;Lavouras Temporárias;Trigo;3619.58;3619.58
4212;RENDA DO ESTABELECIMENTO AGROPECUÁRIO;Autoconsumo UFPA;Avicultura não integrada Carne;420.00;420.00
4212;RENDA DO ESTABELECIMENTO AGROPECUÁRIO;Autoconsumo UFPA;Feijão;100.00;100.00
4212;RENDA DO ESTABELECIMENTO AGROPECUÁRIO;Autoconsumo UFPA;Milho;150.00;150.00
4212;RENDA DO ESTABELECIMENTO AGROPECUÁRIO;Autoconsumo UFPA;Ovinos;600.00;600.00
4212;RENDA DO ESTABELECIMENTO AGROPECUÁRIO;Autoconsumo UFPA;Ovos;240.00;240.00
4212;RENDA DO ESTABELECIMENTO AGROPECUÁRIO;Autoconsumo UFPA;Produtos Olericolas em Geral;50.00;50.00
4212;RENDA FORA DO ESTABALECIMENTO AGROPECUÁRIO;Rendas fora do estabelecimento;Programa Bolsa Família;7200.00;7200.00
4213;RENDA DO ESTABELECIMENTO AGROPECUÁRIO;Lavouras Temporárias;Feijão;1000.00;1000.00
4213;RENDA DO ESTABELECIMENTO AGROPECUÁRIO;Lavouras Temporárias;Milho;1000.00;1000.00
4213;RENDA DO ESTABELECIMENTO AGROPECUÁRIO;Produção Animal;Suinocultura Não Integrada - Carne;600.00;600.00
4214;RENDA DO ESTABELECIMENTO AGROPECUÁRIO;Lavouras Permanentes;Café;24350.00;24350.00
4216;RENDA DO ESTABELECIMENTO AGROPECUÁRIO;Lavouras Temporárias;Feijão;2500.00;2500.00
4216;RENDA DO ESTABELECIMENTO AGROPECUÁRIO;Lavouras Temporárias;Milho;3500.00;3500.00
4216;RENDA FORA DO ESTABALECIMENTO AGROPECUÁRIO;Rendas fora do estabelecimento;Aposentadoria ou pensão INSS;15756.00;15756.00
4217;RENDA DO ESTABELECIMENTO AGROPECUÁRIO;Lavouras Temporárias;Soja;69982.71;69982.71
4222;RENDA DO ESTABELECIMENTO AGROPECUÁRIO;Horticultura;Tomate (Estaqueado) - Kg;33000.00;33000.00
4222;RENDA FORA DO ESTABALECIMENTO AGROPECUÁRIO;Rendas fora do estabelecimento;Emprego permanente no meio urbano;17000.00;17000.00
4225;RENDA DO ESTABELECIMENTO AGROPECUÁRIO;Lavouras Temporárias;Milho;19037.70;19037.70
4225;RENDA DO ESTABELECIMENTO AGROPECUÁRIO;Lavouras Temporárias;Soja;10015.88;10015.88
4226;RENDA DO ESTABELECIMENTO AGROPECUÁRIO;Lavouras Temporárias;Produtos Olericolas em Geral;24000.00;24000.00
4226;RENDA FORA DO ESTABALECIMENTO AGROPECUÁRIO;Rendas fora do estabelecimento;Emprego permanente no meio rural;24000.00;24000.00
4227;RENDA DO ESTABELECIMENTO AGROPECUÁRIO;Lavouras Temporárias;Produtos Olericolas em Geral;60000.00;60000.00
4227;RENDA FORA DO ESTABALECIMENTO AGROPECUÁRIO;Rendas fora do estabelecimento;Aluguel de Benfeitorias e Instalações;54592.00;54592.00
4228;RENDA DO ESTABELECIMENTO AGROPECUÁRIO;Lavouras Temporárias;Soja;14307.94;14307.94
4228;RENDA DO ESTABELECIMENTO AGROPECUÁRIO;Produção Animal;Bovinos - Leite;203540.98;203540.98
4230;RENDA DO ESTABELECIMENTO AGROPECUÁRIO;Lavouras Permanentes;Laranja;5000.00;5000.00
4230;RENDA DO ESTABELECIMENTO AGROPECUÁRIO;Lavouras Permanentes;Outras Frutas Lavoura Permanente;10000.00;10000.00
4230;RENDA DO ESTABELECIMENTO AGROPECUÁRIO;Lavouras Temporárias;Mandioca;1000.00;1000.00
4230;RENDA DO ESTABELECIMENTO AGROPECUÁRIO;Maricultura e Aquicultura;Piscicultura;40000.00;40000.00
4230;RENDA DO ESTABELECIMENTO AGROPECUÁRIO;Produção Animal;Avicultura não integrada Corte;4500.00;4500.00
4230;RENDA DO ESTABELECIMENTO AGROPECUÁRIO;Produção Animal;Bovinos - Corte;4000.00;4000.00
4231;RENDA DO ESTABELECIMENTO AGROPECUÁRIO;Autoconsumo UFPA;Milho;4275.00;4275.00
4231;RENDA DO ESTABELECIMENTO AGROPECUÁRIO;Lavouras Temporárias;Milho;8075.00;8075.00
4231;RENDA DO ESTABELECIMENTO AGROPECUÁRIO;Produção Animal;Bovinos - Leite;100000.00;100000.00
4231;RENDA DO ESTABELECIMENTO AGROPECUÁRIO;Produção Animal;Suinocultura Não Integrada - Carne;6050.00;6050.00
4231;RENDA FORA DO ESTABALECIMENTO AGROPECUÁRIO;Rendas fora do estabelecimento;Aposentadoria Rural;17270.00;17270.00
4232;RENDA DO ESTABELECIMENTO AGROPECUÁRIO;Lavouras Temporárias;Outras frutas Lavoura Temporaria;3000.00;3000.00
4232;RENDA DO ESTABELECIMENTO AGROPECUÁRIO;Lavouras Temporárias;Produtos Olericolas em Geral;6000.00;6000.00
4232;RENDA DO ESTABELECIMENTO AGROPECUÁRIO;Lavouras Temporárias;Soja;6270.00;6270.00
4234;RENDA DO ESTABELECIMENTO AGROPECUÁRIO;Lavouras Temporárias;Soja em Grão - Kg;42389.10;42389.10
4234;RENDA FORA DO ESTABALECIMENTO AGROPECUÁRIO;Rendas fora do estabelecimento;AMP. SOCIAL PESSOA PORTADORA DEFICIENCIA;18992.00;18992.00
4235;RENDA DO ESTABELECIMENTO AGROPECUÁRIO;Lavouras Permanentes;Café Arábica em Grão (Verde/Não-Torrado) - Kg;249070.00;249070.00
4235;RENDA FORA DO ESTABALECIMENTO AGROPECUÁRIO;Rendas fora do estabelecimento;PENSAO POR MORTE PREVIDENCIARIA;18216.00;18216.00
4236;RENDA DO ESTABELECIMENTO AGROPECUÁRIO;Lavouras Temporárias;Aveia;19849.00;19849.00
4236;RENDA DO ESTABELECIMENTO AGROPECUÁRIO;Lavouras Temporárias;Milho;27650.00;27650.00
4236;RENDA DO ESTABELECIMENTO AGROPECUÁRIO;Lavouras Temporárias;Soja;182000.76;182000.76
4236;RENDA DO ESTABELECIMENTO AGROPECUÁRIO;Produção Animal;Bovinos - Corte;2562.20;2562.20
4236;RENDA FORA DO ESTABALECIMENTO AGROPECUÁRIO;Rendas fora do estabelecimento;Aposentadoria Rural;36712.00;36712.00
4237;RENDA DO ESTABELECIMENTO AGROPECUÁRIO;Lavouras Temporárias;Produtos Olericolas em Geral;6000.00;6000.00
4237;RENDA DO ESTABELECIMENTO AGROPECUÁRIO;Lavouras Temporárias;Soja;9500.00;9500.00
4238;RENDA DO ESTABELECIMENTO AGROPECUÁRIO;Autoconsumo UFPA;Feijão;100.00;100.00
4238;RENDA DO ESTABELECIMENTO AGROPECUÁRIO;Autoconsumo UFPA;Milho;80.00;80.00
4238;RENDA DO ESTABELECIMENTO AGROPECUÁRIO;Produção Animal;Avicultura não integrada Corte;500.00;500.00
4238;RENDA DO ESTABELECIMENTO AGROPECUÁRIO;Produção Animal;Ovinos;1850.00;1850.00
4238;RENDA DO ESTABELECIMENTO AGROPECUÁRIO;Turismo e Artesanato;Outras Rendas de Artesanato;550.00;550.00
4238;RENDA FORA DO ESTABALECIMENTO AGROPECUÁRIO;Rendas fora do estabelecimento;Emprego temporário no meio urbano;4500.00;4500.00
4238;RENDA FORA DO ESTABALECIMENTO AGROPECUÁRIO;Rendas fora do estabelecimento;Programa Bolsa Família;7200.00;4800.00
4239;RENDA DO ESTABELECIMENTO AGROPECUÁRIO;Lavouras Temporárias;Soja;84897.74;84897.74
4239;RENDA FORA DO ESTABALECIMENTO AGROPECUÁRIO;Rendas fora do estabelecimento;Aposentadoria Rural;17160.00;17160.00
4240;RENDA DO ESTABELECIMENTO AGROPECUÁRIO;Produção Animal;Bovinos - Leite;9600.00;9600.00
4240;RENDA DO ESTABELECIMENTO AGROPECUÁRIO;Silvicultura e Extrativismo;Outros Produtos da Silvicultura e Extrativismo;1920.00;1920.00
4240;RENDA FORA DO ESTABALECIMENTO AGROPECUÁRIO;Rendas fora do estabelecimento;Programa Bolsa Família;4800.00;4800.00
4241;RENDA DO ESTABELECIMENTO AGROPECUÁRIO;Lavouras Temporárias;Feijão;500.00;500.00
4241;RENDA DO ESTABELECIMENTO AGROPECUÁRIO;Lavouras Temporárias;Milho;300.00;300.00
4241;RENDA DO ESTABELECIMENTO AGROPECUÁRIO;Produção Animal;Bovinos - Corte;2700.00;2700.00
4241;RENDA FORA DO ESTABALECIMENTO AGROPECUÁRIO;Rendas fora do estabelecimento;Programa Bolsa Família;3424.00;3424.00
4242;RENDA DO ESTABELECIMENTO AGROPECUÁRIO;Lavouras Permanentes;Banana;2000.00;2000.00
4242;RENDA DO ESTABELECIMENTO AGROPECUÁRIO;Lavouras Permanentes;Outras Lavouras Permanentes;500.00;500.00
4242;RENDA DO ESTABELECIMENTO AGROPECUÁRIO;Lavouras Temporárias;Mandioca;2500.00;2500.00
4242;RENDA DO ESTABELECIMENTO AGROPECUÁRIO;Lavouras Temporárias;Outras frutas Lavoura Temporaria;2000.00;2000.00
4242;RENDA DO ESTABELECIMENTO AGROPECUÁRIO;Silvicultura e Extrativismo;Açaí;8000.00;8000.00
5195;RENDA DO ESTABELECIMENTO AGROPECUÁRIO;Lavouras Permanentes;Outras Frutas Lavoura Permanente;30000.00;30000.00
5195;RENDA DO ESTABELECIMENTO AGROPECUÁRIO;Lavouras Temporárias;Produtos Olericolas em Geral;5040.00;5040.00
5195;RENDA DO ESTABELECIMENTO AGROPECUÁRIO;Produção Animal;Avicultura não integrada Corte;8400.00;8400.00
5195;RENDA DO ESTABELECIMENTO AGROPECUÁRIO;Produção Animal;Bovinos - Corte;63094.00;63094.00
5198;RENDA DO ESTABELECIMENTO AGROPECUÁRIO;Agroindústria;Queijos;1200.00;1200.00
5198;RENDA DO ESTABELECIMENTO AGROPECUÁRIO;Lavouras Temporárias;Feijão;1500.00;1500.00
5198;RENDA DO ESTABELECIMENTO AGROPECUÁRIO;Lavouras Temporárias;Milho;2000.00;2000.00
5198;RENDA DO ESTABELECIMENTO AGROPECUÁRIO;Produção Animal;Bovinos - Corte;4000.00;4000.00
5198;RENDA FORA DO ESTABALECIMENTO AGROPECUÁRIO;Rendas fora do estabelecimento;Aposentadoria Rural;17712.00;17712.00
5201;RENDA DO ESTABELECIMENTO AGROPECUÁRIO;Lavouras Permanentes;Banana;70000.00;70000.00
5201;RENDA DO ESTABELECIMENTO AGROPECUÁRIO;Lavouras Temporárias;Inhame e Cara;70000.00;70000.00
5202;RENDA DO ESTABELECIMENTO AGROPECUÁRIO;Produção Animal;Avicultura não integrada Corte;450.00;450.00
5202;RENDA DO ESTABELECIMENTO AGROPECUÁRIO;Produção Animal;Suinocultura Não Integrada - Carne;9000.00;9000.00
5202;RENDA DO ESTABELECIMENTO AGROPECUÁRIO;Turismo e Artesanato;Outras Rendas de Artesanato;3360.00;3360.00
5202;RENDA FORA DO ESTABALECIMENTO AGROPECUÁRIO;Rendas fora do estabelecimento;Programa Bolsa Família;4800.00;4800.00
5203;RENDA DO ESTABELECIMENTO AGROPECUÁRIO;Lavouras Permanentes;Outras Lavouras Permanentes;18720.00;18720.00
5203;RENDA DO ESTABELECIMENTO AGROPECUÁRIO;Lavouras Temporárias;Inhame e Cara;3700.00;3700.00
5203;RENDA DO ESTABELECIMENTO AGROPECUÁRIO;Lavouras Temporárias;Mandioca;5600.00;5600.00
5203;RENDA DO ESTABELECIMENTO AGROPECUÁRIO;Lavouras Temporárias;Outras Lavouras Temporarias;2500.00;2500.00
5204;RENDA DO ESTABELECIMENTO AGROPECUÁRIO;Autoconsumo UFPA;Avicultura não integrada Carne;1000.00;1000.00
5204;RENDA DO ESTABELECIMENTO AGROPECUÁRIO;Autoconsumo UFPA;Feijão;700.00;700.00
5204;RENDA DO ESTABELECIMENTO AGROPECUÁRIO;Autoconsumo UFPA;Outras Lavouras Temporarias;800.00;800.00
5204;RENDA DO ESTABELECIMENTO AGROPECUÁRIO;Autoconsumo UFPA;Produtos Olericolas em Geral;1500.00;1500.00
5204;RENDA FORA DO ESTABALECIMENTO AGROPECUÁRIO;Rendas fora do estabelecimento;Programa Bolsa Família;3800.00;3800.00
5205;RENDA DO ESTABELECIMENTO AGROPECUÁRIO;Avicultura;Avicultura Integrada;331024.00;331024.00
5205;RENDA FORA DO ESTABALECIMENTO AGROPECUÁRIO;Rendas fora do estabelecimento;Emprego permanente no meio urbano;52626.00;52626.00
5206;RENDA DO ESTABELECIMENTO AGROPECUÁRIO;Lavouras Temporárias;Milho;42516.84;42516.84
5206;RENDA DO ESTABELECIMENTO AGROPECUÁRIO;Lavouras Temporárias;Soja;226167.69;226167.69
5206;RENDA DO ESTABELECIMENTO AGROPECUÁRIO;Lavouras Temporárias;Trigo;39775.72;39775.72
5207;RENDA DO ESTABELECIMENTO AGROPECUÁRIO;Autoconsumo UFPA;Outras Lavouras Temporarias;1230.00;1230.00
5207;RENDA DO ESTABELECIMENTO AGROPECUÁRIO;Autoconsumo UFPA;Ovos;960.00;960.00
5210;RENDA DO ESTABELECIMENTO AGROPECUÁRIO;Lavouras Permanentes;Outras Frutas Lavoura Permanente;115500.00;115500.00
5210;RENDA FORA DO ESTABALECIMENTO AGROPECUÁRIO;Rendas fora do estabelecimento;Lucro de atividade de pessoa jurídica não agrícola;56100.16;56100.16
5211;RENDA DO ESTABELECIMENTO AGROPECUÁRIO;Lavouras Permanentes;Outras Lavouras Permanentes;3000.00;3000.00
5211;RENDA DO ESTABELECIMENTO AGROPECUÁRIO;Lavouras Temporárias;Outras Lavouras Temporarias;8000.00;8000.00
5211;RENDA DO ESTABELECIMENTO AGROPECUÁRIO;Produção Animal;Ovinos;3000.00;3000.00
5212;RENDA DO ESTABELECIMENTO AGROPECUÁRIO;Autoconsumo UFPA;Feijão;1200.00;1300.00
5212;RENDA DO ESTABELECIMENTO AGROPECUÁRIO;Autoconsumo UFPA;Milho;750.00;800.00
5212;RENDA DO ESTABELECIMENTO AGROPECUÁRIO;Lavouras Permanentes;Banana - Kg;14000.00;14500.00
5212;RENDA DO ESTABELECIMENTO AGROPECUÁRIO;Lavouras Temporárias;Batata-Doce - Kg;28800.00;28800.00
5212;RENDA DO ESTABELECIMENTO AGROPECUÁRIO;Pecuária;Bovinos - Corte;32700.00;32700.00
5212;RENDA FORA DO ESTABALECIMENTO AGROPECUÁRIO;Rendas fora do estabelecimento;APOSENT. TEMPO DE SERVICO DE PROFESSOR;71500.00;61673.12
5212;RENDA FORA DO ESTABALECIMENTO AGROPECUÁRIO;Rendas fora do estabelecimento;AUXILIO ACIDENTE;8400.00;8400.00
5214;RENDA DO ESTABELECIMENTO AGROPECUÁRIO;Autoconsumo UFPA;Caprinos;1500.00;1500.00
5214;RENDA DO ESTABELECIMENTO AGROPECUÁRIO;Autoconsumo UFPA;Feijão;420.00;420.00
5214;RENDA DO ESTABELECIMENTO AGROPECUÁRIO;Autoconsumo UFPA;Milho;180.00;180.00
5214;RENDA FORA DO ESTABALECIMENTO AGROPECUÁRIO;Rendas fora do estabelecimento;PENSAO POR MORTE PREVIDENCIARIA;17816.00;17816.00
5216;RENDA DO ESTABELECIMENTO AGROPECUÁRIO;Lavouras Temporárias;Fumo;185000.00;185000.00
5216;RENDA DO ESTABELECIMENTO AGROPECUÁRIO;Lavouras Temporárias;Milho;20000.00;20000.00
5217;RENDA DO ESTABELECIMENTO AGROPECUÁRIO;Lavouras Permanentes;Café;450000.00;450000.00
5218;RENDA DO ESTABELECIMENTO AGROPECUÁRIO;Lavouras Permanentes;Outras Lavouras Permanentes;21000.00;21000.00
5218;RENDA DO ESTABELECIMENTO AGROPECUÁRIO;Lavouras Temporárias;Outras Culturas;75000.00;75000.00
5218;RENDA FORA DO ESTABALECIMENTO AGROPECUÁRIO;Rendas fora do estabelecimento;Emprego permanente no meio rural;37579.49;37579.49
5218;RENDA FORA DO ESTABALECIMENTO AGROPECUÁRIO;Rendas fora do estabelecimento;Emprego permanente no meio urbano;53443.26;53443.26
5219;RENDA DO ESTABELECIMENTO AGROPECUÁRIO;Lavouras Temporárias;Milho;130920.00;130920.00
5219;RENDA DO ESTABELECIMENTO AGROPECUÁRIO;Produção Animal;Bovinos - Corte;26128.00;26128.00
5219;RENDA FORA DO ESTABALECIMENTO AGROPECUÁRIO;Rendas fora do estabelecimento;Aposentadoria ou pensão INSS;112606.00;112606.00
5220;RENDA DO ESTABELECIMENTO AGROPECUÁRIO;Autoconsumo UFPA;Avicultura não integrada Carne;150.00;150.00
5220;RENDA DO ESTABELECIMENTO AGROPECUÁRIO;Lavouras Temporárias;Feijão;240.00;240.00
5220;RENDA DO ESTABELECIMENTO AGROPECUÁRIO;Lavouras Temporárias;Milho;500.00;500.00
5220;RENDA DO ESTABELECIMENTO AGROPECUÁRIO;Produção Animal;Bovinos - Corte;5000.00;5000.00
5220;RENDA FORA DO ESTABALECIMENTO AGROPECUÁRIO;Rendas fora do estabelecimento;Programa Bolsa Família;9000.00;9000.00
5221;RENDA DO ESTABELECIMENTO AGROPECUÁRIO;Lavouras Temporárias;Soja;351560.00;351560.00
5222;RENDA DO ESTABELECIMENTO AGROPECUÁRIO;Produção Animal;Caprinos;3000.00;3000.00
5222;RENDA DO ESTABELECIMENTO AGROPECUÁRIO;Produção Animal;Outras Aves Corte;300.00;300.00
5222;RENDA FORA DO ESTABALECIMENTO AGROPECUÁRIO;Rendas fora do estabelecimento;Emprego temporário no meio rural;16720.00;16720.00
5222;RENDA FORA DO ESTABALECIMENTO AGROPECUÁRIO;Rendas fora do estabelecimento;Programa Bolsa Família;3625.00;3625.00
5223;RENDA DO ESTABELECIMENTO AGROPECUÁRIO;Lavouras Temporárias;Feijão;400.00;400.00
5223;RENDA DO ESTABELECIMENTO AGROPECUÁRIO;Lavouras Temporárias;Milho;400.00;400.00
5223;RENDA FORA DO ESTABALECIMENTO AGROPECUÁRIO;Rendas fora do estabelecimento;Programa Bolsa Família;4800.00;4800.00
5224;RENDA DO ESTABELECIMENTO AGROPECUÁRIO;Lavouras Permanentes;Café;450000.00;450000.00
5225;RENDA DO ESTABELECIMENTO AGROPECUÁRIO;Produção Animal;Bovinos - Corte;52000.00;52000.00
5225;RENDA DO ESTABELECIMENTO AGROPECUÁRIO;Produção Animal;Caprinos;22000.00;22000.00
5225;RENDA DO ESTABELECIMENTO AGROPECUÁRIO;Produção Animal;Ovinos;16500.00;16500.00
5225;RENDA FORA DO ESTABALECIMENTO AGROPECUÁRIO;Rendas fora do estabelecimento;Aposentadoria Rural;33440.00;33440.00
5226;RENDA DO ESTABELECIMENTO AGROPECUÁRIO;Autoconsumo UFPA;Avicultura não integrada Carne;3000.00;3000.00
5226;RENDA DO ESTABELECIMENTO AGROPECUÁRIO;Autoconsumo UFPA;Bovinos Carne;20000.00;20000.00
5226;RENDA DO ESTABELECIMENTO AGROPECUÁRIO;Autoconsumo UFPA;Feijão;5000.00;5000.00
5226;RENDA DO ESTABELECIMENTO AGROPECUÁRIO;Autoconsumo UFPA;Milho;10000.00;10000.00
5226;RENDA DO ESTABELECIMENTO AGROPECUÁRIO;Autoconsumo UFPA;Ovos;2000.00;2000.00
5226;RENDA DO ESTABELECIMENTO AGROPECUÁRIO;Pecuária;Bovinos - Leite;15000.00;15000.00
5226;RENDA FORA DO ESTABALECIMENTO AGROPECUÁRIO;Rendas fora do estabelecimento;Programa Bolsa Família;7200.00;7200.00
5228;RENDA DO ESTABELECIMENTO AGROPECUÁRIO;Avicultura;Galinhas/Frangos;500.00;500.00
5228;RENDA DO ESTABELECIMENTO AGROPECUÁRIO;Lavouras Temporárias;Feijão-Caupi, Fradinho, Corda, Moita, Macássar ou Macassa, Miúdo em Grão - Kg;200.00;200.00
5228;RENDA DO ESTABELECIMENTO AGROPECUÁRIO;Lavouras Temporárias;Milho em Grão - Kg;1200.00;1200.00
5228;RENDA DO ESTABELECIMENTO AGROPECUÁRIO;Suinocultura;Suínos;600.00;600.00
5228;RENDA FORA DO ESTABALECIMENTO AGROPECUÁRIO;Rendas fora do estabelecimento;Programa Bolsa Família;7200.00;7200.00
5230;RENDA DO ESTABELECIMENTO AGROPECUÁRIO;Autoconsumo UFPA;Milho;2000.00;2000.00
5230;RENDA DO ESTABELECIMENTO AGROPECUÁRIO;Pecuária;Bovinos - Corte;6000.00;6000.00
5230;RENDA FORA DO ESTABALECIMENTO AGROPECUÁRIO;Rendas fora do estabelecimento;Programa Bolsa Família;7200.00;7200.00
5231;RENDA DO ESTABELECIMENTO AGROPECUÁRIO;Lavouras Temporárias;Feijão;600.00;600.00
5231;RENDA DO ESTABELECIMENTO AGROPECUÁRIO;Produção Animal;Bovinos - Corte;1000.00;1000.00
5232;RENDA DO ESTABELECIMENTO AGROPECUÁRIO;Lavouras Permanentes;Café;13500.00;13500.00
5233;RENDA DO ESTABELECIMENTO AGROPECUÁRIO;Lavouras Temporárias;Soja;155894.71;155894.71
5235;RENDA DO ESTABELECIMENTO AGROPECUÁRIO;Produção Animal;Avicultura não integrada Corte;80.00;80.00
5235;RENDA FORA DO ESTABALECIMENTO AGROPECUÁRIO;Rendas fora do estabelecimento;Programa Bolsa Família;4800.00;4800.00
5236;RENDA DO ESTABELECIMENTO AGROPECUÁRIO;Lavouras Temporárias;Feijão-Caupi, Fradinho, Corda, Moita, Macássar ou Macassa, Miúdo em Grão - Kg;10000.00;10000.00
5236;RENDA DO ESTABELECIMENTO AGROPECUÁRIO;Lavouras Temporárias;Milho Forrageiro - Kg;5000.00;5000.00
5236;RENDA FORA DO ESTABALECIMENTO AGROPECUÁRIO;Rendas fora do estabelecimento;Programa Bolsa Família;7200.00;400.00
5237;RENDA DO ESTABELECIMENTO AGROPECUÁRIO;Lavouras Temporárias;Feijão;450.00;450.00
5237;RENDA DO ESTABELECIMENTO AGROPECUÁRIO;Lavouras Temporárias;Milho;300.00;300.00
5237;RENDA DO ESTABELECIMENTO AGROPECUÁRIO;Produção Animal;Bovinos - Corte;1000.00;1000.00
5237;RENDA FORA DO ESTABALECIMENTO AGROPECUÁRIO;Rendas fora do estabelecimento;Emprego temporário no meio rural;1500.00;1500.00
5238;RENDA DO ESTABELECIMENTO AGROPECUÁRIO;Lavouras Temporárias;Feijão;1350.00;1350.00
5238;RENDA DO ESTABELECIMENTO AGROPECUÁRIO;Lavouras Temporárias;Milho;400.00;400.00
5239;RENDA DO ESTABELECIMENTO AGROPECUÁRIO;Pecuária;Bovinos - Corte;35000.00;35000.00
5239;RENDA DO ESTABELECIMENTO AGROPECUÁRIO;Pecuária;Bovinos - Leite;15600.00;15600.00
5239;RENDA FORA DO ESTABALECIMENTO AGROPECUÁRIO;Rendas fora do estabelecimento;Aposentadoria ou pensão servidor público;14300.00;14300.00
5239;RENDA FORA DO ESTABALECIMENTO AGROPECUÁRIO;Rendas fora do estabelecimento;APOSENTADORIA POR IDADE - RURAL;14300.00;14300.00
5240;RENDA DO ESTABELECIMENTO AGROPECUÁRIO;Lavouras Permanentes;Uva (Vinho, Suco ou Passas) - Kg;72665.00;100000.00
5240;RENDA FORA DO ESTABALECIMENTO AGROPECUÁRIO;Rendas fora do estabelecimento;APOSENTADORIA POR IDADE - RURAL;18886.00;18886.00
5240;RENDA FORA DO ESTABALECIMENTO AGROPECUÁRIO;Rendas fora do estabelecimento;APOSENT.P/INCAPACIDADE PERMANENTE PREVID;18886.00;18886.00
5241;RENDA DO ESTABELECIMENTO AGROPECUÁRIO;Autoconsumo UFPA;Avicultura não integrada Carne;600.00;600.00
5241;RENDA DO ESTABELECIMENTO AGROPECUÁRIO;Autoconsumo UFPA;Feijão;480.00;480.00
5241;RENDA DO ESTABELECIMENTO AGROPECUÁRIO;Autoconsumo UFPA;Milho;180.00;180.00
5241;RENDA DO ESTABELECIMENTO AGROPECUÁRIO;Autoconsumo UFPA;Ovos;200.00;200.00
5241;RENDA FORA DO ESTABALECIMENTO AGROPECUÁRIO;Rendas fora do estabelecimento;Programa Bolsa Família;4480.00;6000.00
5243;RENDA DO ESTABELECIMENTO AGROPECUÁRIO;Autoconsumo UFPA;Feijão;900.00;900.00
5243;RENDA DO ESTABELECIMENTO AGROPECUÁRIO;Autoconsumo UFPA;Milho;200.00;200.00
5243;RENDA DO ESTABELECIMENTO AGROPECUÁRIO;Produção Animal;Outros Animais Corte;6220.00;6220.00
5243;RENDA DO ESTABELECIMENTO AGROPECUÁRIO;Produção Animal;Ovinos;8750.00;8750.00
5243;RENDA FORA DO ESTABALECIMENTO AGROPECUÁRIO;Rendas fora do estabelecimento;Aposentadoria Rural;13200.00;13200.00
5244;RENDA DO ESTABELECIMENTO AGROPECUÁRIO;Agroindústria;Outros Produtos da Agroindustria Familiar;300000.00;300000.00
5245;RENDA DO ESTABELECIMENTO AGROPECUÁRIO;Autoconsumo UFPA;Feijão;440.00;440.00
5245;RENDA DO ESTABELECIMENTO AGROPECUÁRIO;Lavouras Temporárias;Milho;1980.00;1980.00
5245;RENDA DO ESTABELECIMENTO AGROPECUÁRIO;Produção Animal;Bovinos - Corte;3600.00;3600.00
5245;RENDA FORA DO ESTABALECIMENTO AGROPECUÁRIO;Rendas fora do estabelecimento;Programa Bolsa Família;7200.00;7200.00
5245;RENDA FORA DO ESTABALECIMENTO AGROPECUÁRIO;Rendas fora do estabelecimento;Serviços eventuais;7200.00;7200.00
5246;RENDA DO ESTABELECIMENTO AGROPECUÁRIO;Lavouras Temporárias;Feijão;500.00;500.00
5246;RENDA DO ESTABELECIMENTO AGROPECUÁRIO;Lavouras Temporárias;Milho;1650.00;1650.00
5246;RENDA DO ESTABELECIMENTO AGROPECUÁRIO;Produção Animal;Avicultura não integrada Corte;1000.00;1000.00
5246;RENDA DO ESTABELECIMENTO AGROPECUÁRIO;Produção Animal;Caprinos;750.00;750.00
5246;RENDA FORA DO ESTABALECIMENTO AGROPECUÁRIO;Rendas fora do estabelecimento;Programa Bolsa Família;7200.00;7200.00
5246;RENDA FORA DO ESTABALECIMENTO AGROPECUÁRIO;Rendas fora do estabelecimento;Serviços eventuais;3600.00;3600.00
6226;RENDA DO ESTABELECIMENTO AGROPECUÁRIO;Lavouras Temporárias;Soja;16974.00;16974.00
6226;RENDA DO ESTABELECIMENTO AGROPECUÁRIO;Lavouras Temporárias;Trigo;6961.52;6961.52
6226;RENDA FORA DO ESTABALECIMENTO AGROPECUÁRIO;Rendas fora do estabelecimento;Aposentadoria Rural;34320.00;34320.00
6227;RENDA DO ESTABELECIMENTO AGROPECUÁRIO;Lavouras Temporárias;Soja;168642.25;168642.25
7226;RENDA DO ESTABELECIMENTO AGROPECUÁRIO;Lavouras Temporárias;Mandioca;1200.00;1200.00
7226;RENDA DO ESTABELECIMENTO AGROPECUÁRIO;Lavouras Temporárias;Outras Lavouras Temporarias;5000.00;5000.00
7226;RENDA DO ESTABELECIMENTO AGROPECUÁRIO;Produção Animal;Bovinos - Leite;8460.00;8460.00
7228;RENDA DO ESTABELECIMENTO AGROPECUÁRIO;Autoconsumo UFPA;Feijão;7500.00;7500.00
7228;RENDA DO ESTABELECIMENTO AGROPECUÁRIO;Autoconsumo UFPA;Mandioca;4000.00;4000.00
7228;RENDA DO ESTABELECIMENTO AGROPECUÁRIO;Autoconsumo UFPA;Milho;10000.00;10000.00
7228;RENDA DO ESTABELECIMENTO AGROPECUÁRIO;Autoconsumo UFPA;Outras Lavouras Temporarias;15000.00;15000.00
7228;RENDA DO ESTABELECIMENTO AGROPECUÁRIO;Lavouras Temporárias;Fumo;368780.18;368780.18
7228;RENDA FORA DO ESTABALECIMENTO AGROPECUÁRIO;Rendas fora do estabelecimento;Emprego permanente no meio urbano;62535.34;62535.34
7229;RENDA DO ESTABELECIMENTO AGROPECUÁRIO;Produção Animal;Avicultura Integrada Corte;110000.00;110000.00
7232;RENDA DO ESTABELECIMENTO AGROPECUÁRIO;Lavouras Temporárias;Milho;96479.98;96479.98
7232;RENDA DO ESTABELECIMENTO AGROPECUÁRIO;Lavouras Temporárias;Soja;213079.06;213079.06
7232;RENDA DO ESTABELECIMENTO AGROPECUÁRIO;Produção Animal;Avicultura Integrada Corte;36271.08;36271.08
7232;RENDA FORA DO ESTABALECIMENTO AGROPECUÁRIO;Rendas fora do estabelecimento;Aposentadoria Rural;17186.00;17186.00
7234;RENDA DO ESTABELECIMENTO AGROPECUÁRIO;Lavouras Permanentes;Outros Produtos;650.00;700.00
7234;RENDA DO ESTABELECIMENTO AGROPECUÁRIO;Lavouras Temporárias;Feijão de Cor em Grão (Exclusive Preto) - Kg;550.00;600.00
7234;RENDA DO ESTABELECIMENTO AGROPECUÁRIO;Lavouras Temporárias;Milho em Grão - Kg;500.00;600.00
7234;RENDA FORA DO ESTABALECIMENTO AGROPECUÁRIO;Rendas fora do estabelecimento;APOSENTADORIA POR IDADE - RURAL;18886.00;18886.00
7234;RENDA FORA DO ESTABALECIMENTO AGROPECUÁRIO;Rendas fora do estabelecimento;Programa Bolsa Família;4200.00;4200.00
7235;RENDA DO ESTABELECIMENTO AGROPECUÁRIO;Autoconsumo UFPA;Avicultura não integrada Carne;1200.00;1200.00
7235;RENDA DO ESTABELECIMENTO AGROPECUÁRIO;Autoconsumo UFPA;Feijão;2100.00;2100.00
7235;RENDA DO ESTABELECIMENTO AGROPECUÁRIO;Autoconsumo UFPA;Milho;1200.00;1200.00
7235;RENDA DO ESTABELECIMENTO AGROPECUÁRIO;Autoconsumo UFPA;Outras frutas Lavoura Temporaria;4180.00;4180.00
7235;RENDA DO ESTABELECIMENTO AGROPECUÁRIO;Autoconsumo UFPA;Ovos;500.00;500.00
7235;RENDA FORA DO ESTABALECIMENTO AGROPECUÁRIO;Rendas fora do estabelecimento;Aposentadoria Rural;18356.00;18356.00
7236;RENDA DO ESTABELECIMENTO AGROPECUÁRIO;Produção Animal;Outras Aves Corte;1320.00;1320.00
7236;RENDA FORA DO ESTABALECIMENTO AGROPECUÁRIO;Rendas fora do estabelecimento;Programa Bolsa Família;6200.00;6200.00
7237;RENDA DO ESTABELECIMENTO AGROPECUÁRIO;Autoconsumo UFPA;Outras Lavouras Temporarias;1400.00;1400.00
7237;RENDA FORA DO ESTABALECIMENTO AGROPECUÁRIO;Rendas fora do estabelecimento;Programa Bolsa Família;4800.00;4800.00
7240;RENDA DO ESTABELECIMENTO AGROPECUÁRIO;Lavouras Temporárias;Feijão;200.00;200.00
7240;RENDA DO ESTABELECIMENTO AGROPECUÁRIO;Lavouras Temporárias;Milho;200.00;200.00
7240;RENDA FORA DO ESTABALECIMENTO AGROPECUÁRIO;Rendas fora do estabelecimento;Programa Bolsa Família;7200.00;7200.00
8226;RENDA DO ESTABELECIMENTO AGROPECUÁRIO;Lavouras Temporárias;Fumo;105383.94;105383.94
8227;RENDA DO ESTABELECIMENTO AGROPECUÁRIO;Pecuária;Bovinos - Corte;10100.00;10100.00
8227;RENDA FORA DO ESTABALECIMENTO AGROPECUÁRIO;Rendas fora do estabelecimento;APOSENTADORIA POR IDADE - RURAL;19656.00;19656.00
8229;RENDA DO ESTABELECIMENTO AGROPECUÁRIO;Autoconsumo UFPA;Avicultura não integrada Carne;600.00;600.00
8229;RENDA DO ESTABELECIMENTO AGROPECUÁRIO;Autoconsumo UFPA;Feijão;800.00;800.00
8229;RENDA DO ESTABELECIMENTO AGROPECUÁRIO;Autoconsumo UFPA;Milho;900.00;900.00
8229;RENDA FORA DO ESTABALECIMENTO AGROPECUÁRIO;Rendas fora do estabelecimento;Programa Bolsa Família;9600.00;9600.00
8230;RENDA DO ESTABELECIMENTO AGROPECUÁRIO;Lavouras Temporárias;Feijão;500.00;500.00
8230;RENDA DO ESTABELECIMENTO AGROPECUÁRIO;Lavouras Temporárias;Mandioca;3000.00;3000.00
8230;RENDA DO ESTABELECIMENTO AGROPECUÁRIO;Lavouras Temporárias;Milho;500.00;500.00
8230;RENDA FORA DO ESTABALECIMENTO AGROPECUÁRIO;Rendas fora do estabelecimento;Programa Bolsa Família;7200.00;7200.00
8231;RENDA DO ESTABELECIMENTO AGROPECUÁRIO;Autoconsumo UFPA;Avicultura não integrada Carne;150.00;150.00
8231;RENDA DO ESTABELECIMENTO AGROPECUÁRIO;Autoconsumo UFPA;Feijão;1000.00;1000.00
8231;RENDA DO ESTABELECIMENTO AGROPECUÁRIO;Autoconsumo UFPA;Milho;300.00;300.00
8231;RENDA FORA DO ESTABALECIMENTO AGROPECUÁRIO;Rendas fora do estabelecimento;Programa Bolsa Família;9000.00;9000.00
8233;RENDA DO ESTABELECIMENTO AGROPECUÁRIO;Autoconsumo UFPA;Avicultura não integrada Carne;700.00;700.00
8233;RENDA DO ESTABELECIMENTO AGROPECUÁRIO;Autoconsumo UFPA;Feijão;200.00;200.00
8233;RENDA DO ESTABELECIMENTO AGROPECUÁRIO;Lavouras Temporárias;Milho;380.00;380.00
8233;RENDA DO ESTABELECIMENTO AGROPECUÁRIO;Produção Animal;Bovinos - Corte;3000.00;3000.00
8233;RENDA FORA DO ESTABALECIMENTO AGROPECUÁRIO;Rendas fora do estabelecimento;Programa Bolsa Família;8400.00;8400.00
8234;RENDA DO ESTABELECIMENTO AGROPECUÁRIO;Lavouras Temporárias;Outras Lavouras Temporarias;2600.00;2600.00
8234;RENDA DO ESTABELECIMENTO AGROPECUÁRIO;Produção Animal;Bovinos - Corte;38000.00;38000.00
8234;RENDA DO ESTABELECIMENTO AGROPECUÁRIO;Produção Animal;Bovinos - Leite;4000.00;4000.00
8234;RENDA DO ESTABELECIMENTO AGROPECUÁRIO;Produção Animal;Suinocultura Não Integrada - Carne;3500.00;3500.00
8235;RENDA DO ESTABELECIMENTO AGROPECUÁRIO;Lavouras Temporárias;Feijão;350.00;350.00
8235;RENDA DO ESTABELECIMENTO AGROPECUÁRIO;Lavouras Temporárias;Milho;1000.00;1000.00
8236;RENDA DO ESTABELECIMENTO AGROPECUÁRIO;Lavouras Permanentes;Café Canephora, Robusta ou Conilon  em Grão (Verde/Não-Torrado) - Kg;26000.00;30000.00
8236;RENDA FORA DO ESTABALECIMENTO AGROPECUÁRIO;Rendas fora do estabelecimento;Emprego permanente no meio rural;19500.00;19500.00
8237;RENDA DO ESTABELECIMENTO AGROPECUÁRIO;Autoconsumo UFPA;Feijão;180.00;180.00
8237;RENDA DO ESTABELECIMENTO AGROPECUÁRIO;Autoconsumo UFPA;Mandioca;200.00;200.00
8237;RENDA DO ESTABELECIMENTO AGROPECUÁRIO;Autoconsumo UFPA;Milho;50.00;50.00
8237;RENDA DO ESTABELECIMENTO AGROPECUÁRIO;Autoconsumo UFPA;Outras frutas Lavoura Temporaria;100.00;100.00
8237;RENDA DO ESTABELECIMENTO AGROPECUÁRIO;Lavouras Permanentes;Café;3500.00;3500.00
8237;RENDA FORA DO ESTABALECIMENTO AGROPECUÁRIO;Rendas fora do estabelecimento;Aposentadoria Rural;36920.00;36920.00
8238;RENDA DO ESTABELECIMENTO AGROPECUÁRIO;Lavouras Temporárias;Feijão;10000.00;10000.00
8238;RENDA DO ESTABELECIMENTO AGROPECUÁRIO;Lavouras Temporárias;Milho;4000.00;4000.00
8238;RENDA DO ESTABELECIMENTO AGROPECUÁRIO;Lavouras Temporárias;Tomate;60000.00;60000.00
8238;RENDA DO ESTABELECIMENTO AGROPECUÁRIO;Produção Animal;Avicultura não integrada Corte;9000.00;9000.00
8238;RENDA DO ESTABELECIMENTO AGROPECUÁRIO;Produção Animal;Bovinos - Corte;10000.00;10000.00
8238;RENDA DO ESTABELECIMENTO AGROPECUÁRIO;Produção Animal;Bovinos - Leite;15750.00;15750.00
8238;RENDA DO ESTABELECIMENTO AGROPECUÁRIO;Produção Animal;Ovinos;9000.00;9000.00
8238;RENDA DO ESTABELECIMENTO AGROPECUÁRIO;Produção Animal;Ovos;42048.00;42048.00
8238;RENDA FORA DO ESTABALECIMENTO AGROPECUÁRIO;Rendas fora do estabelecimento;Outros Benefícios Sociais;612.00;612.00
8238;RENDA FORA DO ESTABALECIMENTO AGROPECUÁRIO;Rendas fora do estabelecimento;Programa Bolsa Família;7200.00;7200.00
8243;RENDA DO ESTABELECIMENTO AGROPECUÁRIO;Autoconsumo UFPA;Milho;40100.00;40100.00
8243;RENDA DO ESTABELECIMENTO AGROPECUÁRIO;Lavouras Temporárias;Fumo em Folha Seca - Kg;58900.00;58900.00
8244;RENDA DO ESTABELECIMENTO AGROPECUÁRIO;Lavouras Temporárias;Fumo;79530.00;79530.00
8244;RENDA DO ESTABELECIMENTO AGROPECUÁRIO;Lavouras Temporárias;Milho;4700.00;4700.00
8245;RENDA DO ESTABELECIMENTO AGROPECUÁRIO;Lavouras Permanentes;Café;42000.00;42000.00
8245;RENDA FORA DO ESTABALECIMENTO AGROPECUÁRIO;Rendas fora do estabelecimento;Emprego permanente no meio urbano;27600.00;27600.00
8247;RENDA DO ESTABELECIMENTO AGROPECUÁRIO;Produção Animal;Bovinos - Corte;61337.00;61337.00
8247;RENDA DO ESTABELECIMENTO AGROPECUÁRIO;Produção Animal;Bovinos - Leite;197813.78;197813.78
8248;RENDA DO ESTABELECIMENTO AGROPECUÁRIO;Lavouras Temporárias;Milho;30000.00;30000.00
8248;RENDA DO ESTABELECIMENTO AGROPECUÁRIO;Lavouras Temporárias;Soja;61417.60;61417.60
8249;RENDA DO ESTABELECIMENTO AGROPECUÁRIO;Lavouras Temporárias;Outras Lavouras Temporarias;4300.00;4300.00
8249;RENDA FORA DO ESTABALECIMENTO AGROPECUÁRIO;Rendas fora do estabelecimento;Emprego permanente no meio urbano;18356.00;18356.00
8250;RENDA DO ESTABELECIMENTO AGROPECUÁRIO;Autoconsumo UFPA;Avicultura não integrada Carne;600.00;600.00
8250;RENDA DO ESTABELECIMENTO AGROPECUÁRIO;Autoconsumo UFPA;Feijão;240.00;240.00
8250;RENDA DO ESTABELECIMENTO AGROPECUÁRIO;Autoconsumo UFPA;Milho;300.00;300.00
8250;RENDA FORA DO ESTABALECIMENTO AGROPECUÁRIO;Rendas fora do estabelecimento;Programa Bolsa Família;7200.00;7200.00
8251;RENDA DO ESTABELECIMENTO AGROPECUÁRIO;Avicultura;Galinhas/Frangos;6800.00;6800.00
8251;RENDA DO ESTABELECIMENTO AGROPECUÁRIO;Lavouras Temporárias;Milho em Grão - Kg;12643.49;12643.49
8251;RENDA DO ESTABELECIMENTO AGROPECUÁRIO;Lavouras Temporárias;Soja em Grão - Kg;22279.11;22279.11
8251;RENDA FORA DO ESTABALECIMENTO AGROPECUÁRIO;Rendas fora do estabelecimento;Emprego temporário no meio rural;8236.66;8236.66
8251;RENDA FORA DO ESTABALECIMENTO AGROPECUÁRIO;Rendas fora do estabelecimento;Programa Bolsa Família;1600.00;1600.00
8252;RENDA DO ESTABELECIMENTO AGROPECUÁRIO;Lavouras Temporárias;Mandioca;5000.00;5000.00
8252;RENDA DO ESTABELECIMENTO AGROPECUÁRIO;Lavouras Temporárias;Produtos Olericolas em Geral;5000.00;5000.00
8252;RENDA DO ESTABELECIMENTO AGROPECUÁRIO;Lavouras Temporárias;Tomate;10000.00;10000.00
8252;RENDA DO ESTABELECIMENTO AGROPECUÁRIO;Produção Animal;Bovinos - Leite;10000.00;10000.00
8254;RENDA DO ESTABELECIMENTO AGROPECUÁRIO;Lavouras Temporárias;Produtos Olericolas em Geral;21649.28;21649.28
8254;RENDA DO ESTABELECIMENTO AGROPECUÁRIO;Produção Animal;Bovinos - Leite;4142.28;4142.28
8255;RENDA DO ESTABELECIMENTO AGROPECUÁRIO;Produção Animal;Bovinos - Leite;165820.00;165820.00
8257;RENDA DO ESTABELECIMENTO AGROPECUÁRIO;Produção Animal;Bovinos - Corte;164715.91;164715.91
8257;RENDA DO ESTABELECIMENTO AGROPECUÁRIO;Produção Animal;Bovinos - Leite;29125.72;29125.72
8257;RENDA FORA DO ESTABALECIMENTO AGROPECUÁRIO;Rendas fora do estabelecimento;APOSENTADORIA POR IDADE - RURAL;39468.00;39468.00
8258;RENDA DO ESTABELECIMENTO AGROPECUÁRIO;Pecuária;Bovinos - Corte;92252.74;92252.74
8258;RENDA DO ESTABELECIMENTO AGROPECUÁRIO;Pecuária;Bovinos - Leite;212993.35;212993.35
8258;RENDA FORA DO ESTABALECIMENTO AGROPECUÁRIO;Rendas fora do estabelecimento;APOSENTADORIA POR IDADE - RURAL;40455.30;40455.30
8260;RENDA DO ESTABELECIMENTO AGROPECUÁRIO;Lavouras Temporárias;Milho;223770.02;223770.02
8260;RENDA DO ESTABELECIMENTO AGROPECUÁRIO;Lavouras Temporárias;Soja;97500.00;97500.00
8262;RENDA DO ESTABELECIMENTO AGROPECUÁRIO;Pecuária;Bovinos - Corte;59304.77;59304.77
8262;RENDA FORA DO ESTABALECIMENTO AGROPECUÁRIO;Rendas fora do estabelecimento;APOSENTADORIA POR IDADE - RURAL;37000.00;37000.00
8263;RENDA DO ESTABELECIMENTO AGROPECUÁRIO;Produção Animal;Bovinos - Leite;192276.33;192276.33
8263;RENDA FORA DO ESTABALECIMENTO AGROPECUÁRIO;Rendas fora do estabelecimento;Aposentadoria Rural;36712.00;36712.00
8265;RENDA DO ESTABELECIMENTO AGROPECUÁRIO;Produção Animal;Bovinos - Corte;18569.15;18569.15
8265;RENDA DO ESTABELECIMENTO AGROPECUÁRIO;Produção Animal;Bovinos - Leite;116499.48;116499.48
8267;RENDA DO ESTABELECIMENTO AGROPECUÁRIO;Lavouras Temporárias;Produtos Olericolas em Geral;27600.00;27600.00
8267;RENDA DO ESTABELECIMENTO AGROPECUÁRIO;Produção Animal;Avicultura não integrada Corte;60000.00;60000.00
8267;RENDA DO ESTABELECIMENTO AGROPECUÁRIO;Produção Animal;Ovos;12000.00;12000.00
8267;RENDA FORA DO ESTABALECIMENTO AGROPECUÁRIO;Rendas fora do estabelecimento;Emprego temporário no meio urbano;34666.00;34666.00
8268;RENDA DO ESTABELECIMENTO AGROPECUÁRIO;Agroindústria;Queijo ou Requeijão - Kg;360.00;360.00
8268;RENDA DO ESTABELECIMENTO AGROPECUÁRIO;Apicultura;Mel;3000.00;3000.00
8268;RENDA DO ESTABELECIMENTO AGROPECUÁRIO;Autoconsumo UFPA;Avicultura não integrada Carne;2400.00;2400.00
8268;RENDA DO ESTABELECIMENTO AGROPECUÁRIO;Autoconsumo UFPA;Bovinos Carne;2400.00;2400.00
8268;RENDA DO ESTABELECIMENTO AGROPECUÁRIO;Autoconsumo UFPA;Mel;360.00;360.00
8268;RENDA DO ESTABELECIMENTO AGROPECUÁRIO;Autoconsumo UFPA;Outras Lavouras Temporarias;444.00;444.00
8268;RENDA DO ESTABELECIMENTO AGROPECUÁRIO;Autoconsumo UFPA;Outros Laticinios;1200.00;1200.00
8268;RENDA DO ESTABELECIMENTO AGROPECUÁRIO;Autoconsumo UFPA;Ovinos;600.00;600.00
8268;RENDA DO ESTABELECIMENTO AGROPECUÁRIO;Autoconsumo UFPA;Ovos;192.00;192.00
8268;RENDA DO ESTABELECIMENTO AGROPECUÁRIO;Autoconsumo UFPA;Produtos Olericolas em Geral;696.00;696.00
8268;RENDA DO ESTABELECIMENTO AGROPECUÁRIO;Autoconsumo UFPA;Suinocultura Não Integrada - Carne;700.00;700.00
8268;RENDA DO ESTABELECIMENTO AGROPECUÁRIO;Autoconsumo UFPA;Tomate;192.00;192.00
8268;RENDA DO ESTABELECIMENTO AGROPECUÁRIO;Avicultura;Avicultura Integrada Corte;2400.00;2400.00
8268;RENDA DO ESTABELECIMENTO AGROPECUÁRIO;Avicultura;Ovos;800.00;800.00
8268;RENDA DO ESTABELECIMENTO AGROPECUÁRIO;Horticultura;Alface - Kg;1800.00;1800.00
8268;RENDA DO ESTABELECIMENTO AGROPECUÁRIO;Horticultura;Pepino - Kg;60.00;60.00
8268;RENDA DO ESTABELECIMENTO AGROPECUÁRIO;Horticultura;Tomate (Estaqueado) - Kg;960.00;960.00
8268;RENDA DO ESTABELECIMENTO AGROPECUÁRIO;Lavouras Temporárias;Outros Produtos;300.00;300.00
8268;RENDA DO ESTABELECIMENTO AGROPECUÁRIO;Ovinocaprinocultura;Ovinocaprinocultura - Corte;600.00;600.00
8268;RENDA DO ESTABELECIMENTO AGROPECUÁRIO;Pecuária;Bovinos - Corte;26012.88;26012.88
8268;RENDA DO ESTABELECIMENTO AGROPECUÁRIO;Pecuária;Bovinos - Leite;1200.00;1200.00
8268;RENDA DO ESTABELECIMENTO AGROPECUÁRIO;Suinocultura;Suínos;700.00;700.00
8268;RENDA FORA DO ESTABALECIMENTO AGROPECUÁRIO;Rendas fora do estabelecimento;Programa Bolsa Família;9000.00;9000.00
8270;RENDA DO ESTABELECIMENTO AGROPECUÁRIO;Produção Animal;Avicultura não integrada Corte;8353.00;8353.00
8270;RENDA DO ESTABELECIMENTO AGROPECUÁRIO;Produção Animal;Bovinos - Leite;31475.00;31475.00
8270;RENDA FORA DO ESTABALECIMENTO AGROPECUÁRIO;Rendas fora do estabelecimento;Aposentadoria Rural;34320.00;34320.00
8271;RENDA DO ESTABELECIMENTO AGROPECUÁRIO;Lavouras Temporárias;Mandioca (Aipim, Macaxeira) - Kg;30720.00;30720.00
8271;RENDA DO ESTABELECIMENTO AGROPECUÁRIO;Pecuária;Bovinos - Corte;22991.07;22991.07
8271;RENDA DO ESTABELECIMENTO AGROPECUÁRIO;Pecuária;Bovinos - Leite;75600.00;75600.00
8271;RENDA FORA DO ESTABALECIMENTO AGROPECUÁRIO;Rendas fora do estabelecimento;APOSENTADORIA POR IDADE - RURAL;17474.00;17474.00
8272;RENDA DO ESTABELECIMENTO AGROPECUÁRIO;Agroindústria;Panificados, massas e biscoitos;75483.50;75483.50
8272;RENDA DO ESTABELECIMENTO AGROPECUÁRIO;Lavouras Permanentes;Banana;5500.00;5500.00
8272;RENDA DO ESTABELECIMENTO AGROPECUÁRIO;Lavouras Permanentes;Outras Frutas Lavoura Permanente;3943.00;3943.00
8272;RENDA DO ESTABELECIMENTO AGROPECUÁRIO;Lavouras Temporárias;Mandioca;760.50;760.50
8272;RENDA DO ESTABELECIMENTO AGROPECUÁRIO;Lavouras Temporárias;Produtos Olericolas em Geral;13426.50;13426.50
8272;RENDA DO ESTABELECIMENTO AGROPECUÁRIO;Produção Animal;Bovinos - Corte;33083.09;33083.09
8272;RENDA DO ESTABELECIMENTO AGROPECUÁRIO;Produção Animal;Bovinos - Leite;89325.69;89325.69
8274;RENDA DO ESTABELECIMENTO AGROPECUÁRIO;Agroindústria;Outros Produtos da Agroindustria Familiar;32297.91;32297.91
8274;RENDA DO ESTABELECIMENTO AGROPECUÁRIO;Lavouras Temporárias;Arroz;133504.76;133504.76
8274;RENDA DO ESTABELECIMENTO AGROPECUÁRIO;Lavouras Temporárias;Milho;60269.00;60269.00
8274;RENDA DO ESTABELECIMENTO AGROPECUÁRIO;Lavouras Temporárias;Soja;164428.00;164428.00
8274;RENDA FORA DO ESTABALECIMENTO AGROPECUÁRIO;Rendas fora do estabelecimento;Emprego permanente no meio rural;26000.00;26000.00
8275;RENDA DO ESTABELECIMENTO AGROPECUÁRIO;Lavouras Temporárias;Milho;41957.83;41957.83
8275;RENDA DO ESTABELECIMENTO AGROPECUÁRIO;Lavouras Temporárias;Soja;276088.50;276088.50
8275;RENDA DO ESTABELECIMENTO AGROPECUÁRIO;Lavouras Temporárias;Trigo;30735.20;30735.20
8277;RENDA DO ESTABELECIMENTO AGROPECUÁRIO;Autoconsumo UFPA;Avicultura não integrada Carne;500.00;500.00
8277;RENDA DO ESTABELECIMENTO AGROPECUÁRIO;Autoconsumo UFPA;Milho;2000.00;2000.00
8277;RENDA DO ESTABELECIMENTO AGROPECUÁRIO;Lavouras Temporárias;Milho;3875.00;3875.00
8277;RENDA DO ESTABELECIMENTO AGROPECUÁRIO;Produção Animal;Bovinos - Corte;10740.00;10740.00
8278;RENDA DO ESTABELECIMENTO AGROPECUÁRIO;Lavouras Temporárias;Feijão;510.00;510.00
8278;RENDA DO ESTABELECIMENTO AGROPECUÁRIO;Lavouras Temporárias;Milho;420.00;420.00
8278;RENDA DO ESTABELECIMENTO AGROPECUÁRIO;Produção Animal;Bovinos - Corte;5000.00;5000.00
8278;RENDA DO ESTABELECIMENTO AGROPECUÁRIO;Produção Animal;Outras Aves Corte;3000.00;3000.00
8278;RENDA DO ESTABELECIMENTO AGROPECUÁRIO;Produção Animal;Ovos;500.00;500.00
8278;RENDA DO ESTABELECIMENTO AGROPECUÁRIO;Produção Animal;Suinocultura Não Integrada - Carne;1200.00;1200.00
8279;RENDA DO ESTABELECIMENTO AGROPECUÁRIO;Autoconsumo UFPA;Banana;100.00;100.00
8279;RENDA DO ESTABELECIMENTO AGROPECUÁRIO;Autoconsumo UFPA;Laranja;100.00;100.00
8279;RENDA DO ESTABELECIMENTO AGROPECUÁRIO;Autoconsumo UFPA;Mandioca;100.00;100.00
8279;RENDA DO ESTABELECIMENTO AGROPECUÁRIO;Autoconsumo UFPA;Outras Lavouras Temporarias;100.00;100.00
8279;RENDA DO ESTABELECIMENTO AGROPECUÁRIO;Lavouras Permanentes;Café;86294.37;86294.37
8279;RENDA DO ESTABELECIMENTO AGROPECUÁRIO;Lavouras Temporárias;Outras frutas Lavoura Temporaria;2000.00;2000.00
8280;RENDA DO ESTABELECIMENTO AGROPECUÁRIO;Autoconsumo UFPA;Milho;1500.00;1500.00
8280;RENDA DO ESTABELECIMENTO AGROPECUÁRIO;Produção Animal;Avicultura não integrada Corte;2500.00;2500.00
8280;RENDA DO ESTABELECIMENTO AGROPECUÁRIO;Produção Animal;Bovinos - Corte;6000.00;6000.00
8280;RENDA DO ESTABELECIMENTO AGROPECUÁRIO;Produção Animal;Ovinos;6000.00;6000.00
8281;RENDA DO ESTABELECIMENTO AGROPECUÁRIO;Lavouras Permanentes;Outras Lavouras Permanentes;3500.00;3500.00
8281;RENDA DO ESTABELECIMENTO AGROPECUÁRIO;Lavouras Temporárias;Outras Lavouras Temporarias;5000.00;5000.00
8281;RENDA DO ESTABELECIMENTO AGROPECUÁRIO;Produção Animal;Avicultura Integrada Corte;2000.00;2000.00
8281;RENDA DO ESTABELECIMENTO AGROPECUÁRIO;Produção Animal;Bovinos - Corte;12000.00;12000.00
8281;RENDA DO ESTABELECIMENTO AGROPECUÁRIO;Produção Animal;Bovinos - Leite;4000.00;4000.00
8281;RENDA FORA DO ESTABALECIMENTO AGROPECUÁRIO;Rendas fora do estabelecimento;Programa Bolsa Família;4800.00;4800.00
8285;RENDA DO ESTABELECIMENTO AGROPECUÁRIO;Autoconsumo UFPA;Banana;2610.00;2610.00
8285;RENDA DO ESTABELECIMENTO AGROPECUÁRIO;Lavouras Temporárias;Soja;49040.84;49040.84
8285;RENDA DO ESTABELECIMENTO AGROPECUÁRIO;Produção Animal;Bovinos - Corte;6000.00;6000.00
8285;RENDA DO ESTABELECIMENTO AGROPECUÁRIO;Produção Animal;Bovinos - Leite;1500.00;1500.00
8285;RENDA DO ESTABELECIMENTO AGROPECUÁRIO;Produção Animal;Outros Animais Corte;2000.00;2000.00
8285;RENDA FORA DO ESTABALECIMENTO AGROPECUÁRIO;Rendas fora do estabelecimento;Emprego temporário no meio rural;37610.43;37610.43
8286;RENDA DO ESTABELECIMENTO AGROPECUÁRIO;Lavouras Temporárias;Milho;2000.00;2000.00
8286;RENDA DO ESTABELECIMENTO AGROPECUÁRIO;Lavouras Temporárias;Outras Lavouras Temporarias;1100.00;1100.00
8286;RENDA DO ESTABELECIMENTO AGROPECUÁRIO;Produção Animal;Avicultura não integrada Corte;1230.00;1230.00
8286;RENDA DO ESTABELECIMENTO AGROPECUÁRIO;Produção Animal;Suinocultura Não Integrada - Carne;3000.00;3000.00
8286;RENDA FORA DO ESTABALECIMENTO AGROPECUÁRIO;Rendas fora do estabelecimento;Aposentadoria ou pensão INSS;12660.00;12660.00
8287;RENDA DO ESTABELECIMENTO AGROPECUÁRIO;Lavouras Temporárias;Feijão;600.00;600.00
8287;RENDA DO ESTABELECIMENTO AGROPECUÁRIO;Lavouras Temporárias;Milho;2520.00;2520.00
8287;RENDA DO ESTABELECIMENTO AGROPECUÁRIO;Produção Animal;Avicultura não integrada Corte;1700.00;1700.00
8287;RENDA DO ESTABELECIMENTO AGROPECUÁRIO;Produção Animal;Bovinos - Corte;20000.00;20000.00
8287;RENDA DO ESTABELECIMENTO AGROPECUÁRIO;Produção Animal;Bovinos - Leite;9000.00;9000.00
8287;RENDA DO ESTABELECIMENTO AGROPECUÁRIO;Produção Animal;Ovinos;4550.00;4550.00
8287;RENDA DO ESTABELECIMENTO AGROPECUÁRIO;Produção Animal;Suinocultura Não Integrada - Carne;800.00;800.00
8288;RENDA DO ESTABELECIMENTO AGROPECUÁRIO;Produção Animal;Bovinos - Leite;27850.00;27850.00
8290;RENDA DO ESTABELECIMENTO AGROPECUÁRIO;Pecuária;Bovinos - Leite;190929.40;190929.40
8290;RENDA FORA DO ESTABALECIMENTO AGROPECUÁRIO;Rendas fora do estabelecimento;Emprego permanente no meio urbano;52713.78;52713.78
8291;RENDA DO ESTABELECIMENTO AGROPECUÁRIO;Lavouras Temporárias;Soja;115400.00;115400.00
8291;RENDA DO ESTABELECIMENTO AGROPECUÁRIO;Lavouras Temporárias;Trigo;103000.00;103000.00
8291;RENDA DO ESTABELECIMENTO AGROPECUÁRIO;Produção Animal;Bovinos - Corte;25400.00;25400.00
8291;RENDA FORA DO ESTABALECIMENTO AGROPECUÁRIO;Rendas fora do estabelecimento;Emprego permanente no meio urbano;38125.72;38125.72
8292;RENDA DO ESTABELECIMENTO AGROPECUÁRIO;Autoconsumo UFPA;Bovinos - Leite;2000.00;2000.00
8292;RENDA DO ESTABELECIMENTO AGROPECUÁRIO;Autoconsumo UFPA;Feijão;900.00;900.00
8292;RENDA DO ESTABELECIMENTO AGROPECUÁRIO;Autoconsumo UFPA;Milho;600.00;600.00
8292;RENDA FORA DO ESTABALECIMENTO AGROPECUÁRIO;Rendas fora do estabelecimento;Programa Bolsa Família;7200.00;7200.00
8293;RENDA DO ESTABELECIMENTO AGROPECUÁRIO;Horticultura;Cenoura - Kg;230000.00;230000.00
8294;RENDA DO ESTABELECIMENTO AGROPECUÁRIO;Lavouras Temporárias;Milho;68027.20;68027.20
8294;RENDA DO ESTABELECIMENTO AGROPECUÁRIO;Lavouras Temporárias;Soja;122746.11;122746.11
8294;RENDA DO ESTABELECIMENTO AGROPECUÁRIO;Lavouras Temporárias;Trigo;42132.50;42132.50
8295;RENDA DO ESTABELECIMENTO AGROPECUÁRIO;Lavouras Permanentes;Café;200000.00;200000.00
8295;RENDA FORA DO ESTABALECIMENTO AGROPECUÁRIO;Rendas fora do estabelecimento;Lucro de atividade de pessoa jurídica não agrícola;20000.00;20000.00
8296;RENDA DO ESTABELECIMENTO AGROPECUÁRIO;Lavouras Temporárias;Feijão;360.00;360.00
8296;RENDA DO ESTABELECIMENTO AGROPECUÁRIO;Lavouras Temporárias;Milho;100.00;100.00
8296;RENDA DO ESTABELECIMENTO AGROPECUÁRIO;Produção Animal;Avicultura não integrada Corte;125.00;125.00
8296;RENDA DO ESTABELECIMENTO AGROPECUÁRIO;Produção Animal;Caprinos;500.00;500.00
8296;RENDA DO ESTABELECIMENTO AGROPECUÁRIO;Produção Animal;Ovinos;250.00;250.00
8296;RENDA FORA DO ESTABALECIMENTO AGROPECUÁRIO;Rendas fora do estabelecimento;Programa Bolsa Família;2400.00;2400.00
8297;RENDA DO ESTABELECIMENTO AGROPECUÁRIO;Produção Animal;Bovinos - Leite;61009.60;61009.60
8298;RENDA DO ESTABELECIMENTO AGROPECUÁRIO;Lavouras Permanentes;Café;30000.00;30000.00
8299;RENDA DO ESTABELECIMENTO AGROPECUÁRIO;Lavouras Temporárias;Fumo;66234.00;66234.00
8299;RENDA FORA DO ESTABALECIMENTO AGROPECUÁRIO;Rendas fora do estabelecimento;Emprego temporário no meio urbano;6764.00;6764.00
8300;RENDA DO ESTABELECIMENTO AGROPECUÁRIO;Autoconsumo UFPA;Avicultura não integrada Carne;1000.00;1000.00
8300;RENDA DO ESTABELECIMENTO AGROPECUÁRIO;Autoconsumo UFPA;Milho;2500.00;2500.00
8300;RENDA DO ESTABELECIMENTO AGROPECUÁRIO;Autoconsumo UFPA;Ovos;1000.00;1000.00
8300;RENDA DO ESTABELECIMENTO AGROPECUÁRIO;Autoconsumo UFPA;Produtos Olericolas em Geral;1000.00;1000.00
8300;RENDA DO ESTABELECIMENTO AGROPECUÁRIO;Autoconsumo UFPA;Suinocultura Não Integrada - Carne;2000.00;2000.00
8300;RENDA DO ESTABELECIMENTO AGROPECUÁRIO;Lavouras Temporárias;Milho em Grão - Kg;500.00;500.00
8300;RENDA DO ESTABELECIMENTO AGROPECUÁRIO;Lavouras Temporárias;Soja em Grão - Kg;36675.00;36675.00
8300;RENDA FORA DO ESTABALECIMENTO AGROPECUÁRIO;Rendas fora do estabelecimento;APOSENTADORIA POR IDADE - RURAL;39468.00;39468.00
8303;RENDA DO ESTABELECIMENTO AGROPECUÁRIO;Lavouras Permanentes;Uva;173646.52;173646.52
8303;RENDA DO ESTABELECIMENTO AGROPECUÁRIO;Produção Animal;Bovinos - Leite;99154.71;99154.71
8303;RENDA FORA DO ESTABALECIMENTO AGROPECUÁRIO;Rendas fora do estabelecimento;Aposentadoria Rural;36712.00;36712.00
8304;RENDA DO ESTABELECIMENTO AGROPECUÁRIO;Lavouras Permanentes;Outras Lavouras Permanentes;40000.00;40000.00
8306;RENDA DO ESTABELECIMENTO AGROPECUÁRIO;Lavouras Permanentes;Uva;105217.93;105217.93
8307;RENDA DO ESTABELECIMENTO AGROPECUÁRIO;Lavouras Temporárias;Milho;8100.00;8100.00
8307;RENDA DO ESTABELECIMENTO AGROPECUÁRIO;Lavouras Temporárias;Soja;89637.22;89637.22
8307;RENDA DO ESTABELECIMENTO AGROPECUÁRIO;Lavouras Temporárias;Trigo;17838.64;17838.64
8307;RENDA FORA DO ESTABALECIMENTO AGROPECUÁRIO;Rendas fora do estabelecimento;Aposentadoria Rural;36712.00;36712.00
9309;RENDA DO ESTABELECIMENTO AGROPECUÁRIO;Autoconsumo UFPA;Avicultura não integrada Carne;600.00;600.00
9309;RENDA DO ESTABELECIMENTO AGROPECUÁRIO;Autoconsumo UFPA;Feijão;600.00;600.00
9309;RENDA DO ESTABELECIMENTO AGROPECUÁRIO;Autoconsumo UFPA;Milho;1000.00;1000.00
9309;RENDA DO ESTABELECIMENTO AGROPECUÁRIO;Autoconsumo UFPA;Outros Animais - Carne;7200.00;7200.00
9309;RENDA DO ESTABELECIMENTO AGROPECUÁRIO;Autoconsumo UFPA;Suinocultura Não Integrada - Carne;800.00;800.00
9309;RENDA FORA DO ESTABALECIMENTO AGROPECUÁRIO;Rendas fora do estabelecimento;Programa Bolsa Família;4490.00;4490.00
9310;RENDA DO ESTABELECIMENTO AGROPECUÁRIO;Lavouras Temporárias;Arroz;1000.00;1000.00
9310;RENDA DO ESTABELECIMENTO AGROPECUÁRIO;Lavouras Temporárias;Feijão;5000.00;5000.00
9310;RENDA DO ESTABELECIMENTO AGROPECUÁRIO;Lavouras Temporárias;Milho;4000.00;4000.00
9310;RENDA FORA DO ESTABALECIMENTO AGROPECUÁRIO;Rendas fora do estabelecimento;Programa Bolsa Família;4800.00;4800.00
9311;RENDA DO ESTABELECIMENTO AGROPECUÁRIO;Lavouras Permanentes;Cacau (Amêndoa) - Kg;65641.22;80000.00
9311;RENDA DO ESTABELECIMENTO AGROPECUÁRIO;Lavouras Permanentes;Pimenta-do-Reino - Kg;24311.00;40000.00
9313;RENDA DO ESTABELECIMENTO AGROPECUÁRIO;Lavouras Temporárias;Produtos Olericolas em Geral;3600.00;3600.00
9313;RENDA FORA DO ESTABALECIMENTO AGROPECUÁRIO;Rendas fora do estabelecimento;Aposentadoria Rural;6094.66;6094.66
9314;RENDA DO ESTABELECIMENTO AGROPECUÁRIO;Produção Animal;Bovinos - Corte;160627.60;160627.60
9315;RENDA DO ESTABELECIMENTO AGROPECUÁRIO;Lavouras Temporárias;Milho;5000.00;5000.00
9315;RENDA DO ESTABELECIMENTO AGROPECUÁRIO;Produção Animal;Bovinos - Leite;21000.00;21000.00
9315;RENDA FORA DO ESTABALECIMENTO AGROPECUÁRIO;Rendas fora do estabelecimento;APOSENTADORIA POR IDADE - RURAL;36288.00;36288.00
9317;RENDA DO ESTABELECIMENTO AGROPECUÁRIO;Autoconsumo UFPA;Avicultura não integrada Carne;650.00;900.00
9317;RENDA DO ESTABELECIMENTO AGROPECUÁRIO;Autoconsumo UFPA;Feijão;700.00;1200.00
9317;RENDA DO ESTABELECIMENTO AGROPECUÁRIO;Autoconsumo UFPA;Milho;800.00;1600.00
9317;RENDA DO ESTABELECIMENTO AGROPECUÁRIO;Suinocultura;Suínos;1200.00;3200.00
9317;RENDA FORA DO ESTABALECIMENTO AGROPECUÁRIO;Rendas fora do estabelecimento;Programa Bolsa Família;7200.00;4800.00
9318;RENDA DO ESTABELECIMENTO AGROPECUÁRIO;Autoconsumo UFPA;Feijão;100.00;240.00
9318;RENDA DO ESTABELECIMENTO AGROPECUÁRIO;Autoconsumo UFPA;Milho;400.00;600.00
9318;RENDA DO ESTABELECIMENTO AGROPECUÁRIO;Ovinocaprinocultura;Ovinocaprinocultura - Corte;2600.00;2600.00
9318;RENDA FORA DO ESTABALECIMENTO AGROPECUÁRIO;Rendas fora do estabelecimento;Programa Bolsa Família;7200.00;7200.00
9319;RENDA DO ESTABELECIMENTO AGROPECUÁRIO;Lavouras Temporárias;Soja;74058.16;74058.16
9319;RENDA DO ESTABELECIMENTO AGROPECUÁRIO;Lavouras Temporárias;Trigo;31799.28;31799.28
9319;RENDA FORA DO ESTABALECIMENTO AGROPECUÁRIO;Rendas fora do estabelecimento;Lucro de atividade de pessoa jurídica não agrícola;69939.00;69939.00
9320;RENDA DO ESTABELECIMENTO AGROPECUÁRIO;Lavouras Permanentes;Banana;4320.00;4320.00
9320;RENDA DO ESTABELECIMENTO AGROPECUÁRIO;Lavouras Permanentes;Café;2400.00;2400.00
9320;RENDA DO ESTABELECIMENTO AGROPECUÁRIO;Lavouras Temporárias;Feijão;500.00;500.00
9320;RENDA DO ESTABELECIMENTO AGROPECUÁRIO;Lavouras Temporárias;Milho;280.00;280.00
9321;RENDA DO ESTABELECIMENTO AGROPECUÁRIO;Lavouras Temporárias;Soja;46765.06;46765.06
9321;RENDA DO ESTABELECIMENTO AGROPECUÁRIO;Produção Animal;Bovinos - Leite;144235.29;144235.29
9322;RENDA DO ESTABELECIMENTO AGROPECUÁRIO;Lavouras Permanentes;Café;231741.86;231741.86
9322;RENDA FORA DO ESTABALECIMENTO AGROPECUÁRIO;Rendas fora do estabelecimento;Aposentadoria ou pensão INSS;59421.44;59421.44
9322;RENDA FORA DO ESTABALECIMENTO AGROPECUÁRIO;Rendas fora do estabelecimento;Aposentadoria Rural;17896.00;17896.00
9323;RENDA DO ESTABELECIMENTO AGROPECUÁRIO;Lavouras Permanentes;Café;449625.00;449625.00
9323;RENDA FORA DO ESTABALECIMENTO AGROPECUÁRIO;Rendas fora do estabelecimento;Aposentadoria Rural;33888.00;33888.00
9324;RENDA DO ESTABELECIMENTO AGROPECUÁRIO;Lavouras Permanentes;Uva (Vinho, Suco ou Passas) - Kg;201467.00;205000.00
9325;RENDA DO ESTABELECIMENTO AGROPECUÁRIO;Agroindústria;Outros Produtos;7800.00;7800.00
9325;RENDA DO ESTABELECIMENTO AGROPECUÁRIO;Agroindústria;Pães, Bolos e Biscoitos - Kg;600.00;600.00
9325;RENDA DO ESTABELECIMENTO AGROPECUÁRIO;Avicultura;Galinhas/Frangos;1400.00;1400.00
9325;RENDA DO ESTABELECIMENTO AGROPECUÁRIO;Floricultura;Mudas de Plantas Ornamentais;1840.00;1840.00
9325;RENDA DO ESTABELECIMENTO AGROPECUÁRIO;Lavouras Permanentes;Acerola ou Cereja-Das-Antilhas - Kg;600.00;600.00
9325;RENDA FORA DO ESTABALECIMENTO AGROPECUÁRIO;Rendas fora do estabelecimento;Outros Benefícios Sociais;26720.00;26720.00
9325;RENDA FORA DO ESTABALECIMENTO AGROPECUÁRIO;Rendas fora do estabelecimento;Programa Bolsa Família;3900.00;3900.00
9326;RENDA DO ESTABELECIMENTO AGROPECUÁRIO;Lavouras Temporárias;Produtos Olericolas em Geral;12000.00;12000.00
9327;RENDA DO ESTABELECIMENTO AGROPECUÁRIO;Lavouras Temporárias;Cebola;15000.00;15000.00
9327;RENDA DO ESTABELECIMENTO AGROPECUÁRIO;Lavouras Temporárias;Milho;2700.00;2700.00
9327;RENDA DO ESTABELECIMENTO AGROPECUÁRIO;Lavouras Temporárias;Produtos Olericolas em Geral;30000.00;30000.00
9327;RENDA FORA DO ESTABALECIMENTO AGROPECUÁRIO;Rendas fora do estabelecimento;Aposentadoria Rural;12000.00;12000.00
9328;RENDA DO ESTABELECIMENTO AGROPECUÁRIO;Autoconsumo UFPA;Produtos Olericolas em Geral;1014.00;1014.00
9330;RENDA DO ESTABELECIMENTO AGROPECUÁRIO;Lavouras Temporárias;Feijão;1400.00;1400.00
9330;RENDA DO ESTABELECIMENTO AGROPECUÁRIO;Lavouras Temporárias;Milho;400.00;400.00
